[0.285s] DEBUG:colcon:Command line arguments: ['/usr/bin/colcon', 'build', '--packages-select', 'bumperbot_cpp_examples']
[0.286s] DEBUG:colcon:Parsed command line arguments: Namespace(log_base=None, log_level=None, verb_name='build', build_base='build', install_base='install', merge_install=False, symlink_install=False, test_result_base=None, continue_on_error=False, executor='parallel', parallel_workers=6, event_handlers=None, ignore_user_meta=False, metas=['./colcon.meta'], base_paths=['.'], packages_ignore=None, packages_ignore_regex=None, paths=None, packages_up_to=None, packages_up_to_regex=None, packages_above=None, packages_above_and_dependencies=None, packages_above_depth=None, packages_select_by_dep=None, packages_skip_by_dep=None, packages_skip_up_to=None, packages_select_build_failed=False, packages_skip_build_finished=False, packages_select_test_failures=False, packages_skip_test_passed=False, packages_select=['bumperbot_cpp_examples'], packages_skip=None, packages_select_regex=None, packages_skip_regex=None, packages_start=None, packages_end=None, allow_overriding=[], cmake_args=None, cmake_target=None, cmake_target_skip_unavailable=False, cmake_clean_cache=False, cmake_clean_first=False, cmake_force_configure=False, ament_cmake_args=None, catkin_cmake_args=None, catkin_skip_building_tests=False, mixin_files=None, mixin=None, verb_parser=<colcon_mixin.mixin.mixin_argument.MixinArgumentDecorator object at 0x7b541a5a48c0>, verb_extension=<colcon_core.verb.build.BuildVerb object at 0x7b541a5a4620>, main=<bound method BuildVerb.main of <colcon_core.verb.build.BuildVerb object at 0x7b541a5a4620>>, mixin_verb=('build',))
[0.399s] Level 1:colcon.colcon_core.package_discovery:discover_packages(colcon_meta) check parameters
[0.399s] Level 1:colcon.colcon_core.package_discovery:discover_packages(recursive) check parameters
[0.400s] Level 1:colcon.colcon_core.package_discovery:discover_packages(ignore) check parameters
[0.400s] Level 1:colcon.colcon_core.package_discovery:discover_packages(path) check parameters
[0.400s] Level 1:colcon.colcon_core.package_discovery:discover_packages(colcon_meta) discover
[0.400s] Level 1:colcon.colcon_core.package_discovery:discover_packages(recursive) discover
[0.400s] INFO:colcon.colcon_core.package_discovery:Crawling recursively for packages in '/home/vboxuser/bumperbot_ws'
[0.400s] Level 1:colcon.colcon_core.package_identification:_identify(.) by extensions ['ignore', 'ignore_ament_install']
[0.400s] Level 1:colcon.colcon_core.package_identification:_identify(.) by extension 'ignore'
[0.400s] Level 1:colcon.colcon_core.package_identification:_identify(.) by extension 'ignore_ament_install'
[0.400s] Level 1:colcon.colcon_core.package_identification:_identify(.) by extensions ['colcon_pkg']
[0.400s] Level 1:colcon.colcon_core.package_identification:_identify(.) by extension 'colcon_pkg'
[0.400s] Level 1:colcon.colcon_core.package_identification:_identify(.) by extensions ['colcon_meta']
[0.400s] Level 1:colcon.colcon_core.package_identification:_identify(.) by extension 'colcon_meta'
[0.400s] Level 1:colcon.colcon_core.package_identification:_identify(.) by extensions ['ros']
[0.400s] Level 1:colcon.colcon_core.package_identification:_identify(.) by extension 'ros'
[0.465s] Level 1:colcon.colcon_core.package_identification:_identify(.) by extensions ['cmake', 'python']
[0.465s] Level 1:colcon.colcon_core.package_identification:_identify(.) by extension 'cmake'
[0.465s] Level 1:colcon.colcon_core.package_identification:_identify(.) by extension 'python'
[0.465s] Level 1:colcon.colcon_core.package_identification:_identify(.) by extensions ['python_setup_py']
[0.465s] Level 1:colcon.colcon_core.package_identification:_identify(.) by extension 'python_setup_py'
[0.466s] Level 1:colcon.colcon_core.package_identification:_identify(build) by extensions ['ignore', 'ignore_ament_install']
[0.466s] Level 1:colcon.colcon_core.package_identification:_identify(build) by extension 'ignore'
[0.466s] Level 1:colcon.colcon_core.package_identification:_identify(build) ignored
[0.467s] Level 1:colcon.colcon_core.package_identification:_identify(install) by extensions ['ignore', 'ignore_ament_install']
[0.467s] Level 1:colcon.colcon_core.package_identification:_identify(install) by extension 'ignore'
[0.467s] Level 1:colcon.colcon_core.package_identification:_identify(install) ignored
[0.467s] Level 1:colcon.colcon_core.package_identification:_identify(log) by extensions ['ignore', 'ignore_ament_install']
[0.467s] Level 1:colcon.colcon_core.package_identification:_identify(log) by extension 'ignore'
[0.467s] Level 1:colcon.colcon_core.package_identification:_identify(log) ignored
[0.467s] Level 1:colcon.colcon_core.package_identification:_identify(src) by extensions ['ignore', 'ignore_ament_install']
[0.467s] Level 1:colcon.colcon_core.package_identification:_identify(src) by extension 'ignore'
[0.467s] Level 1:colcon.colcon_core.package_identification:_identify(src) by extension 'ignore_ament_install'
[0.467s] Level 1:colcon.colcon_core.package_identification:_identify(src) by extensions ['colcon_pkg']
[0.467s] Level 1:colcon.colcon_core.package_identification:_identify(src) by extension 'colcon_pkg'
[0.467s] Level 1:colcon.colcon_core.package_identification:_identify(src) by extensions ['colcon_meta']
[0.467s] Level 1:colcon.colcon_core.package_identification:_identify(src) by extension 'colcon_meta'
[0.467s] Level 1:colcon.colcon_core.package_identification:_identify(src) by extensions ['ros']
[0.467s] Level 1:colcon.colcon_core.package_identification:_identify(src) by extension 'ros'
[0.468s] Level 1:colcon.colcon_core.package_identification:_identify(src) by extensions ['cmake', 'python']
[0.468s] Level 1:colcon.colcon_core.package_identification:_identify(src) by extension 'cmake'
[0.468s] Level 1:colcon.colcon_core.package_identification:_identify(src) by extension 'python'
[0.468s] Level 1:colcon.colcon_core.package_identification:_identify(src) by extensions ['python_setup_py']
[0.468s] Level 1:colcon.colcon_core.package_identification:_identify(src) by extension 'python_setup_py'
[0.468s] Level 1:colcon.colcon_core.package_identification:_identify(src/Self-Driving-and-ROS-2-Learn-by-Doing-Plan-Navigation) by extensions ['ignore', 'ignore_ament_install']
[0.468s] Level 1:colcon.colcon_core.package_identification:_identify(src/Self-Driving-and-ROS-2-Learn-by-Doing-Plan-Navigation) by extension 'ignore'
[0.468s] Level 1:colcon.colcon_core.package_identification:_identify(src/Self-Driving-and-ROS-2-Learn-by-Doing-Plan-Navigation) by extension 'ignore_ament_install'
[0.468s] Level 1:colcon.colcon_core.package_identification:_identify(src/Self-Driving-and-ROS-2-Learn-by-Doing-Plan-Navigation) by extensions ['colcon_pkg']
[0.468s] Level 1:colcon.colcon_core.package_identification:_identify(src/Self-Driving-and-ROS-2-Learn-by-Doing-Plan-Navigation) by extension 'colcon_pkg'
[0.468s] Level 1:colcon.colcon_core.package_identification:_identify(src/Self-Driving-and-ROS-2-Learn-by-Doing-Plan-Navigation) by extensions ['colcon_meta']
[0.468s] Level 1:colcon.colcon_core.package_identification:_identify(src/Self-Driving-and-ROS-2-Learn-by-Doing-Plan-Navigation) by extension 'colcon_meta'
[0.468s] Level 1:colcon.colcon_core.package_identification:_identify(src/Self-Driving-and-ROS-2-Learn-by-Doing-Plan-Navigation) by extensions ['ros']
[0.468s] Level 1:colcon.colcon_core.package_identification:_identify(src/Self-Driving-and-ROS-2-Learn-by-Doing-Plan-Navigation) by extension 'ros'
[0.468s] Level 1:colcon.colcon_core.package_identification:_identify(src/Self-Driving-and-ROS-2-Learn-by-Doing-Plan-Navigation) by extensions ['cmake', 'python']
[0.468s] Level 1:colcon.colcon_core.package_identification:_identify(src/Self-Driving-and-ROS-2-Learn-by-Doing-Plan-Navigation) by extension 'cmake'
[0.468s] Level 1:colcon.colcon_core.package_identification:_identify(src/Self-Driving-and-ROS-2-Learn-by-Doing-Plan-Navigation) by extension 'python'
[0.468s] Level 1:colcon.colcon_core.package_identification:_identify(src/Self-Driving-and-ROS-2-Learn-by-Doing-Plan-Navigation) by extensions ['python_setup_py']
[0.468s] Level 1:colcon.colcon_core.package_identification:_identify(src/Self-Driving-and-ROS-2-Learn-by-Doing-Plan-Navigation) by extension 'python_setup_py'
[0.468s] Level 1:colcon.colcon_core.package_identification:_identify(src/Self-Driving-and-ROS-2-Learn-by-Doing-Plan-Navigation/Section2_Setup) by extensions ['ignore', 'ignore_ament_install']
[0.468s] Level 1:colcon.colcon_core.package_identification:_identify(src/Self-Driving-and-ROS-2-Learn-by-Doing-Plan-Navigation/Section2_Setup) by extension 'ignore'
[0.468s] Level 1:colcon.colcon_core.package_identification:_identify(src/Self-Driving-and-ROS-2-Learn-by-Doing-Plan-Navigation/Section2_Setup) by extension 'ignore_ament_install'
[0.468s] Level 1:colcon.colcon_core.package_identification:_identify(src/Self-Driving-and-ROS-2-Learn-by-Doing-Plan-Navigation/Section2_Setup) by extensions ['colcon_pkg']
[0.468s] Level 1:colcon.colcon_core.package_identification:_identify(src/Self-Driving-and-ROS-2-Learn-by-Doing-Plan-Navigation/Section2_Setup) by extension 'colcon_pkg'
[0.468s] Level 1:colcon.colcon_core.package_identification:_identify(src/Self-Driving-and-ROS-2-Learn-by-Doing-Plan-Navigation/Section2_Setup) by extensions ['colcon_meta']
[0.468s] Level 1:colcon.colcon_core.package_identification:_identify(src/Self-Driving-and-ROS-2-Learn-by-Doing-Plan-Navigation/Section2_Setup) by extension 'colcon_meta'
[0.468s] Level 1:colcon.colcon_core.package_identification:_identify(src/Self-Driving-and-ROS-2-Learn-by-Doing-Plan-Navigation/Section2_Setup) by extensions ['ros']
[0.468s] Level 1:colcon.colcon_core.package_identification:_identify(src/Self-Driving-and-ROS-2-Learn-by-Doing-Plan-Navigation/Section2_Setup) by extension 'ros'
[0.468s] Level 1:colcon.colcon_core.package_identification:_identify(src/Self-Driving-and-ROS-2-Learn-by-Doing-Plan-Navigation/Section2_Setup) by extensions ['cmake', 'python']
[0.468s] Level 1:colcon.colcon_core.package_identification:_identify(src/Self-Driving-and-ROS-2-Learn-by-Doing-Plan-Navigation/Section2_Setup) by extension 'cmake'
[0.468s] Level 1:colcon.colcon_core.package_identification:_identify(src/Self-Driving-and-ROS-2-Learn-by-Doing-Plan-Navigation/Section2_Setup) by extension 'python'
[0.468s] Level 1:colcon.colcon_core.package_identification:_identify(src/Self-Driving-and-ROS-2-Learn-by-Doing-Plan-Navigation/Section2_Setup) by extensions ['python_setup_py']
[0.468s] Level 1:colcon.colcon_core.package_identification:_identify(src/Self-Driving-and-ROS-2-Learn-by-Doing-Plan-Navigation/Section2_Setup) by extension 'python_setup_py'
[0.468s] Level 1:colcon.colcon_core.package_identification:_identify(src/Self-Driving-and-ROS-2-Learn-by-Doing-Plan-Navigation/Section2_Setup/bumperbot_ws) by extensions ['ignore', 'ignore_ament_install']
[0.469s] Level 1:colcon.colcon_core.package_identification:_identify(src/Self-Driving-and-ROS-2-Learn-by-Doing-Plan-Navigation/Section2_Setup/bumperbot_ws) by extension 'ignore'
[0.469s] Level 1:colcon.colcon_core.package_identification:_identify(src/Self-Driving-and-ROS-2-Learn-by-Doing-Plan-Navigation/Section2_Setup/bumperbot_ws) by extension 'ignore_ament_install'
[0.469s] Level 1:colcon.colcon_core.package_identification:_identify(src/Self-Driving-and-ROS-2-Learn-by-Doing-Plan-Navigation/Section2_Setup/bumperbot_ws) by extensions ['colcon_pkg']
[0.469s] Level 1:colcon.colcon_core.package_identification:_identify(src/Self-Driving-and-ROS-2-Learn-by-Doing-Plan-Navigation/Section2_Setup/bumperbot_ws) by extension 'colcon_pkg'
[0.469s] Level 1:colcon.colcon_core.package_identification:_identify(src/Self-Driving-and-ROS-2-Learn-by-Doing-Plan-Navigation/Section2_Setup/bumperbot_ws) by extensions ['colcon_meta']
[0.469s] Level 1:colcon.colcon_core.package_identification:_identify(src/Self-Driving-and-ROS-2-Learn-by-Doing-Plan-Navigation/Section2_Setup/bumperbot_ws) by extension 'colcon_meta'
[0.469s] Level 1:colcon.colcon_core.package_identification:_identify(src/Self-Driving-and-ROS-2-Learn-by-Doing-Plan-Navigation/Section2_Setup/bumperbot_ws) by extensions ['ros']
[0.469s] Level 1:colcon.colcon_core.package_identification:_identify(src/Self-Driving-and-ROS-2-Learn-by-Doing-Plan-Navigation/Section2_Setup/bumperbot_ws) by extension 'ros'
[0.469s] Level 1:colcon.colcon_core.package_identification:_identify(src/Self-Driving-and-ROS-2-Learn-by-Doing-Plan-Navigation/Section2_Setup/bumperbot_ws) by extensions ['cmake', 'python']
[0.469s] Level 1:colcon.colcon_core.package_identification:_identify(src/Self-Driving-and-ROS-2-Learn-by-Doing-Plan-Navigation/Section2_Setup/bumperbot_ws) by extension 'cmake'
[0.469s] Level 1:colcon.colcon_core.package_identification:_identify(src/Self-Driving-and-ROS-2-Learn-by-Doing-Plan-Navigation/Section2_Setup/bumperbot_ws) by extension 'python'
[0.469s] Level 1:colcon.colcon_core.package_identification:_identify(src/Self-Driving-and-ROS-2-Learn-by-Doing-Plan-Navigation/Section2_Setup/bumperbot_ws) by extensions ['python_setup_py']
[0.469s] Level 1:colcon.colcon_core.package_identification:_identify(src/Self-Driving-and-ROS-2-Learn-by-Doing-Plan-Navigation/Section2_Setup/bumperbot_ws) by extension 'python_setup_py'
[0.469s] Level 1:colcon.colcon_core.package_identification:_identify(src/Self-Driving-and-ROS-2-Learn-by-Doing-Plan-Navigation/Section2_Setup/bumperbot_ws/src) by extensions ['ignore', 'ignore_ament_install']
[0.469s] Level 1:colcon.colcon_core.package_identification:_identify(src/Self-Driving-and-ROS-2-Learn-by-Doing-Plan-Navigation/Section2_Setup/bumperbot_ws/src) by extension 'ignore'
[0.469s] Level 1:colcon.colcon_core.package_identification:_identify(src/Self-Driving-and-ROS-2-Learn-by-Doing-Plan-Navigation/Section2_Setup/bumperbot_ws/src) by extension 'ignore_ament_install'
[0.469s] Level 1:colcon.colcon_core.package_identification:_identify(src/Self-Driving-and-ROS-2-Learn-by-Doing-Plan-Navigation/Section2_Setup/bumperbot_ws/src) by extensions ['colcon_pkg']
[0.469s] Level 1:colcon.colcon_core.package_identification:_identify(src/Self-Driving-and-ROS-2-Learn-by-Doing-Plan-Navigation/Section2_Setup/bumperbot_ws/src) by extension 'colcon_pkg'
[0.469s] Level 1:colcon.colcon_core.package_identification:_identify(src/Self-Driving-and-ROS-2-Learn-by-Doing-Plan-Navigation/Section2_Setup/bumperbot_ws/src) by extensions ['colcon_meta']
[0.469s] Level 1:colcon.colcon_core.package_identification:_identify(src/Self-Driving-and-ROS-2-Learn-by-Doing-Plan-Navigation/Section2_Setup/bumperbot_ws/src) by extension 'colcon_meta'
[0.469s] Level 1:colcon.colcon_core.package_identification:_identify(src/Self-Driving-and-ROS-2-Learn-by-Doing-Plan-Navigation/Section2_Setup/bumperbot_ws/src) by extensions ['ros']
[0.469s] Level 1:colcon.colcon_core.package_identification:_identify(src/Self-Driving-and-ROS-2-Learn-by-Doing-Plan-Navigation/Section2_Setup/bumperbot_ws/src) by extension 'ros'
[0.469s] Level 1:colcon.colcon_core.package_identification:_identify(src/Self-Driving-and-ROS-2-Learn-by-Doing-Plan-Navigation/Section2_Setup/bumperbot_ws/src) by extensions ['cmake', 'python']
[0.469s] Level 1:colcon.colcon_core.package_identification:_identify(src/Self-Driving-and-ROS-2-Learn-by-Doing-Plan-Navigation/Section2_Setup/bumperbot_ws/src) by extension 'cmake'
[0.469s] Level 1:colcon.colcon_core.package_identification:_identify(src/Self-Driving-and-ROS-2-Learn-by-Doing-Plan-Navigation/Section2_Setup/bumperbot_ws/src) by extension 'python'
[0.469s] Level 1:colcon.colcon_core.package_identification:_identify(src/Self-Driving-and-ROS-2-Learn-by-Doing-Plan-Navigation/Section2_Setup/bumperbot_ws/src) by extensions ['python_setup_py']
[0.469s] Level 1:colcon.colcon_core.package_identification:_identify(src/Self-Driving-and-ROS-2-Learn-by-Doing-Plan-Navigation/Section2_Setup/bumperbot_ws/src) by extension 'python_setup_py'
[0.469s] Level 1:colcon.colcon_core.package_identification:_identify(src/Self-Driving-and-ROS-2-Learn-by-Doing-Plan-Navigation/Section2_Setup/bumperbot_ws/src/bumperbot_bringup) by extensions ['ignore', 'ignore_ament_install']
[0.469s] Level 1:colcon.colcon_core.package_identification:_identify(src/Self-Driving-and-ROS-2-Learn-by-Doing-Plan-Navigation/Section2_Setup/bumperbot_ws/src/bumperbot_bringup) by extension 'ignore'
[0.469s] Level 1:colcon.colcon_core.package_identification:_identify(src/Self-Driving-and-ROS-2-Learn-by-Doing-Plan-Navigation/Section2_Setup/bumperbot_ws/src/bumperbot_bringup) by extension 'ignore_ament_install'
[0.469s] Level 1:colcon.colcon_core.package_identification:_identify(src/Self-Driving-and-ROS-2-Learn-by-Doing-Plan-Navigation/Section2_Setup/bumperbot_ws/src/bumperbot_bringup) by extensions ['colcon_pkg']
[0.469s] Level 1:colcon.colcon_core.package_identification:_identify(src/Self-Driving-and-ROS-2-Learn-by-Doing-Plan-Navigation/Section2_Setup/bumperbot_ws/src/bumperbot_bringup) by extension 'colcon_pkg'
[0.469s] Level 1:colcon.colcon_core.package_identification:_identify(src/Self-Driving-and-ROS-2-Learn-by-Doing-Plan-Navigation/Section2_Setup/bumperbot_ws/src/bumperbot_bringup) by extensions ['colcon_meta']
[0.469s] Level 1:colcon.colcon_core.package_identification:_identify(src/Self-Driving-and-ROS-2-Learn-by-Doing-Plan-Navigation/Section2_Setup/bumperbot_ws/src/bumperbot_bringup) by extension 'colcon_meta'
[0.470s] Level 1:colcon.colcon_core.package_identification:_identify(src/Self-Driving-and-ROS-2-Learn-by-Doing-Plan-Navigation/Section2_Setup/bumperbot_ws/src/bumperbot_bringup) by extensions ['ros']
[0.470s] Level 1:colcon.colcon_core.package_identification:_identify(src/Self-Driving-and-ROS-2-Learn-by-Doing-Plan-Navigation/Section2_Setup/bumperbot_ws/src/bumperbot_bringup) by extension 'ros'
[0.475s] DEBUG:colcon.colcon_core.package_identification:Package 'src/Self-Driving-and-ROS-2-Learn-by-Doing-Plan-Navigation/Section2_Setup/bumperbot_ws/src/bumperbot_bringup' with type 'ros.ament_cmake' and name 'bumperbot_bringup'
[0.475s] Level 1:colcon.colcon_core.package_identification:_identify(src/Self-Driving-and-ROS-2-Learn-by-Doing-Plan-Navigation/Section2_Setup/bumperbot_ws/src/bumperbot_controller) by extensions ['ignore', 'ignore_ament_install']
[0.475s] Level 1:colcon.colcon_core.package_identification:_identify(src/Self-Driving-and-ROS-2-Learn-by-Doing-Plan-Navigation/Section2_Setup/bumperbot_ws/src/bumperbot_controller) by extension 'ignore'
[0.475s] Level 1:colcon.colcon_core.package_identification:_identify(src/Self-Driving-and-ROS-2-Learn-by-Doing-Plan-Navigation/Section2_Setup/bumperbot_ws/src/bumperbot_controller) by extension 'ignore_ament_install'
[0.476s] Level 1:colcon.colcon_core.package_identification:_identify(src/Self-Driving-and-ROS-2-Learn-by-Doing-Plan-Navigation/Section2_Setup/bumperbot_ws/src/bumperbot_controller) by extensions ['colcon_pkg']
[0.476s] Level 1:colcon.colcon_core.package_identification:_identify(src/Self-Driving-and-ROS-2-Learn-by-Doing-Plan-Navigation/Section2_Setup/bumperbot_ws/src/bumperbot_controller) by extension 'colcon_pkg'
[0.476s] Level 1:colcon.colcon_core.package_identification:_identify(src/Self-Driving-and-ROS-2-Learn-by-Doing-Plan-Navigation/Section2_Setup/bumperbot_ws/src/bumperbot_controller) by extensions ['colcon_meta']
[0.476s] Level 1:colcon.colcon_core.package_identification:_identify(src/Self-Driving-and-ROS-2-Learn-by-Doing-Plan-Navigation/Section2_Setup/bumperbot_ws/src/bumperbot_controller) by extension 'colcon_meta'
[0.476s] Level 1:colcon.colcon_core.package_identification:_identify(src/Self-Driving-and-ROS-2-Learn-by-Doing-Plan-Navigation/Section2_Setup/bumperbot_ws/src/bumperbot_controller) by extensions ['ros']
[0.476s] Level 1:colcon.colcon_core.package_identification:_identify(src/Self-Driving-and-ROS-2-Learn-by-Doing-Plan-Navigation/Section2_Setup/bumperbot_ws/src/bumperbot_controller) by extension 'ros'
[0.477s] DEBUG:colcon.colcon_core.package_identification:Package 'src/Self-Driving-and-ROS-2-Learn-by-Doing-Plan-Navigation/Section2_Setup/bumperbot_ws/src/bumperbot_controller' with type 'ros.ament_cmake' and name 'bumperbot_controller'
[0.477s] Level 1:colcon.colcon_core.package_identification:_identify(src/Self-Driving-and-ROS-2-Learn-by-Doing-Plan-Navigation/Section2_Setup/bumperbot_ws/src/bumperbot_cpp_examples) by extensions ['ignore', 'ignore_ament_install']
[0.477s] Level 1:colcon.colcon_core.package_identification:_identify(src/Self-Driving-and-ROS-2-Learn-by-Doing-Plan-Navigation/Section2_Setup/bumperbot_ws/src/bumperbot_cpp_examples) by extension 'ignore'
[0.477s] Level 1:colcon.colcon_core.package_identification:_identify(src/Self-Driving-and-ROS-2-Learn-by-Doing-Plan-Navigation/Section2_Setup/bumperbot_ws/src/bumperbot_cpp_examples) by extension 'ignore_ament_install'
[0.477s] Level 1:colcon.colcon_core.package_identification:_identify(src/Self-Driving-and-ROS-2-Learn-by-Doing-Plan-Navigation/Section2_Setup/bumperbot_ws/src/bumperbot_cpp_examples) by extensions ['colcon_pkg']
[0.477s] Level 1:colcon.colcon_core.package_identification:_identify(src/Self-Driving-and-ROS-2-Learn-by-Doing-Plan-Navigation/Section2_Setup/bumperbot_ws/src/bumperbot_cpp_examples) by extension 'colcon_pkg'
[0.477s] Level 1:colcon.colcon_core.package_identification:_identify(src/Self-Driving-and-ROS-2-Learn-by-Doing-Plan-Navigation/Section2_Setup/bumperbot_ws/src/bumperbot_cpp_examples) by extensions ['colcon_meta']
[0.477s] Level 1:colcon.colcon_core.package_identification:_identify(src/Self-Driving-and-ROS-2-Learn-by-Doing-Plan-Navigation/Section2_Setup/bumperbot_ws/src/bumperbot_cpp_examples) by extension 'colcon_meta'
[0.477s] Level 1:colcon.colcon_core.package_identification:_identify(src/Self-Driving-and-ROS-2-Learn-by-Doing-Plan-Navigation/Section2_Setup/bumperbot_ws/src/bumperbot_cpp_examples) by extensions ['ros']
[0.477s] Level 1:colcon.colcon_core.package_identification:_identify(src/Self-Driving-and-ROS-2-Learn-by-Doing-Plan-Navigation/Section2_Setup/bumperbot_ws/src/bumperbot_cpp_examples) by extension 'ros'
[0.479s] DEBUG:colcon.colcon_core.package_identification:Package 'src/Self-Driving-and-ROS-2-Learn-by-Doing-Plan-Navigation/Section2_Setup/bumperbot_ws/src/bumperbot_cpp_examples' with type 'ros.ament_cmake' and name 'bumperbot_cpp_examples'
[0.479s] Level 1:colcon.colcon_core.package_identification:_identify(src/Self-Driving-and-ROS-2-Learn-by-Doing-Plan-Navigation/Section2_Setup/bumperbot_ws/src/bumperbot_description) by extensions ['ignore', 'ignore_ament_install']
[0.479s] Level 1:colcon.colcon_core.package_identification:_identify(src/Self-Driving-and-ROS-2-Learn-by-Doing-Plan-Navigation/Section2_Setup/bumperbot_ws/src/bumperbot_description) by extension 'ignore'
[0.479s] Level 1:colcon.colcon_core.package_identification:_identify(src/Self-Driving-and-ROS-2-Learn-by-Doing-Plan-Navigation/Section2_Setup/bumperbot_ws/src/bumperbot_description) by extension 'ignore_ament_install'
[0.479s] Level 1:colcon.colcon_core.package_identification:_identify(src/Self-Driving-and-ROS-2-Learn-by-Doing-Plan-Navigation/Section2_Setup/bumperbot_ws/src/bumperbot_description) by extensions ['colcon_pkg']
[0.479s] Level 1:colcon.colcon_core.package_identification:_identify(src/Self-Driving-and-ROS-2-Learn-by-Doing-Plan-Navigation/Section2_Setup/bumperbot_ws/src/bumperbot_description) by extension 'colcon_pkg'
[0.479s] Level 1:colcon.colcon_core.package_identification:_identify(src/Self-Driving-and-ROS-2-Learn-by-Doing-Plan-Navigation/Section2_Setup/bumperbot_ws/src/bumperbot_description) by extensions ['colcon_meta']
[0.479s] Level 1:colcon.colcon_core.package_identification:_identify(src/Self-Driving-and-ROS-2-Learn-by-Doing-Plan-Navigation/Section2_Setup/bumperbot_ws/src/bumperbot_description) by extension 'colcon_meta'
[0.479s] Level 1:colcon.colcon_core.package_identification:_identify(src/Self-Driving-and-ROS-2-Learn-by-Doing-Plan-Navigation/Section2_Setup/bumperbot_ws/src/bumperbot_description) by extensions ['ros']
[0.479s] Level 1:colcon.colcon_core.package_identification:_identify(src/Self-Driving-and-ROS-2-Learn-by-Doing-Plan-Navigation/Section2_Setup/bumperbot_ws/src/bumperbot_description) by extension 'ros'
[0.483s] DEBUG:colcon.colcon_core.package_identification:Package 'src/Self-Driving-and-ROS-2-Learn-by-Doing-Plan-Navigation/Section2_Setup/bumperbot_ws/src/bumperbot_description' with type 'ros.ament_cmake' and name 'bumperbot_description'
[0.483s] Level 1:colcon.colcon_core.package_identification:_identify(src/Self-Driving-and-ROS-2-Learn-by-Doing-Plan-Navigation/Section2_Setup/bumperbot_ws/src/bumperbot_firmware) by extensions ['ignore', 'ignore_ament_install']
[0.483s] Level 1:colcon.colcon_core.package_identification:_identify(src/Self-Driving-and-ROS-2-Learn-by-Doing-Plan-Navigation/Section2_Setup/bumperbot_ws/src/bumperbot_firmware) by extension 'ignore'
[0.483s] Level 1:colcon.colcon_core.package_identification:_identify(src/Self-Driving-and-ROS-2-Learn-by-Doing-Plan-Navigation/Section2_Setup/bumperbot_ws/src/bumperbot_firmware) by extension 'ignore_ament_install'
[0.483s] Level 1:colcon.colcon_core.package_identification:_identify(src/Self-Driving-and-ROS-2-Learn-by-Doing-Plan-Navigation/Section2_Setup/bumperbot_ws/src/bumperbot_firmware) by extensions ['colcon_pkg']
[0.483s] Level 1:colcon.colcon_core.package_identification:_identify(src/Self-Driving-and-ROS-2-Learn-by-Doing-Plan-Navigation/Section2_Setup/bumperbot_ws/src/bumperbot_firmware) by extension 'colcon_pkg'
[0.483s] Level 1:colcon.colcon_core.package_identification:_identify(src/Self-Driving-and-ROS-2-Learn-by-Doing-Plan-Navigation/Section2_Setup/bumperbot_ws/src/bumperbot_firmware) by extensions ['colcon_meta']
[0.483s] Level 1:colcon.colcon_core.package_identification:_identify(src/Self-Driving-and-ROS-2-Learn-by-Doing-Plan-Navigation/Section2_Setup/bumperbot_ws/src/bumperbot_firmware) by extension 'colcon_meta'
[0.484s] Level 1:colcon.colcon_core.package_identification:_identify(src/Self-Driving-and-ROS-2-Learn-by-Doing-Plan-Navigation/Section2_Setup/bumperbot_ws/src/bumperbot_firmware) by extensions ['ros']
[0.484s] Level 1:colcon.colcon_core.package_identification:_identify(src/Self-Driving-and-ROS-2-Learn-by-Doing-Plan-Navigation/Section2_Setup/bumperbot_ws/src/bumperbot_firmware) by extension 'ros'
[0.485s] DEBUG:colcon.colcon_core.package_identification:Package 'src/Self-Driving-and-ROS-2-Learn-by-Doing-Plan-Navigation/Section2_Setup/bumperbot_ws/src/bumperbot_firmware' with type 'ros.ament_cmake' and name 'bumperbot_firmware'
[0.485s] Level 1:colcon.colcon_core.package_identification:_identify(src/Self-Driving-and-ROS-2-Learn-by-Doing-Plan-Navigation/Section2_Setup/bumperbot_ws/src/bumperbot_localization) by extensions ['ignore', 'ignore_ament_install']
[0.485s] Level 1:colcon.colcon_core.package_identification:_identify(src/Self-Driving-and-ROS-2-Learn-by-Doing-Plan-Navigation/Section2_Setup/bumperbot_ws/src/bumperbot_localization) by extension 'ignore'
[0.485s] Level 1:colcon.colcon_core.package_identification:_identify(src/Self-Driving-and-ROS-2-Learn-by-Doing-Plan-Navigation/Section2_Setup/bumperbot_ws/src/bumperbot_localization) by extension 'ignore_ament_install'
[0.485s] Level 1:colcon.colcon_core.package_identification:_identify(src/Self-Driving-and-ROS-2-Learn-by-Doing-Plan-Navigation/Section2_Setup/bumperbot_ws/src/bumperbot_localization) by extensions ['colcon_pkg']
[0.485s] Level 1:colcon.colcon_core.package_identification:_identify(src/Self-Driving-and-ROS-2-Learn-by-Doing-Plan-Navigation/Section2_Setup/bumperbot_ws/src/bumperbot_localization) by extension 'colcon_pkg'
[0.485s] Level 1:colcon.colcon_core.package_identification:_identify(src/Self-Driving-and-ROS-2-Learn-by-Doing-Plan-Navigation/Section2_Setup/bumperbot_ws/src/bumperbot_localization) by extensions ['colcon_meta']
[0.485s] Level 1:colcon.colcon_core.package_identification:_identify(src/Self-Driving-and-ROS-2-Learn-by-Doing-Plan-Navigation/Section2_Setup/bumperbot_ws/src/bumperbot_localization) by extension 'colcon_meta'
[0.485s] Level 1:colcon.colcon_core.package_identification:_identify(src/Self-Driving-and-ROS-2-Learn-by-Doing-Plan-Navigation/Section2_Setup/bumperbot_ws/src/bumperbot_localization) by extensions ['ros']
[0.485s] Level 1:colcon.colcon_core.package_identification:_identify(src/Self-Driving-and-ROS-2-Learn-by-Doing-Plan-Navigation/Section2_Setup/bumperbot_ws/src/bumperbot_localization) by extension 'ros'
[0.486s] DEBUG:colcon.colcon_core.package_identification:Package 'src/Self-Driving-and-ROS-2-Learn-by-Doing-Plan-Navigation/Section2_Setup/bumperbot_ws/src/bumperbot_localization' with type 'ros.ament_cmake' and name 'bumperbot_localization'
[0.486s] Level 1:colcon.colcon_core.package_identification:_identify(src/Self-Driving-and-ROS-2-Learn-by-Doing-Plan-Navigation/Section2_Setup/bumperbot_ws/src/bumperbot_mapping) by extensions ['ignore', 'ignore_ament_install']
[0.487s] Level 1:colcon.colcon_core.package_identification:_identify(src/Self-Driving-and-ROS-2-Learn-by-Doing-Plan-Navigation/Section2_Setup/bumperbot_ws/src/bumperbot_mapping) by extension 'ignore'
[0.487s] Level 1:colcon.colcon_core.package_identification:_identify(src/Self-Driving-and-ROS-2-Learn-by-Doing-Plan-Navigation/Section2_Setup/bumperbot_ws/src/bumperbot_mapping) by extension 'ignore_ament_install'
[0.487s] Level 1:colcon.colcon_core.package_identification:_identify(src/Self-Driving-and-ROS-2-Learn-by-Doing-Plan-Navigation/Section2_Setup/bumperbot_ws/src/bumperbot_mapping) by extensions ['colcon_pkg']
[0.487s] Level 1:colcon.colcon_core.package_identification:_identify(src/Self-Driving-and-ROS-2-Learn-by-Doing-Plan-Navigation/Section2_Setup/bumperbot_ws/src/bumperbot_mapping) by extension 'colcon_pkg'
[0.487s] Level 1:colcon.colcon_core.package_identification:_identify(src/Self-Driving-and-ROS-2-Learn-by-Doing-Plan-Navigation/Section2_Setup/bumperbot_ws/src/bumperbot_mapping) by extensions ['colcon_meta']
[0.487s] Level 1:colcon.colcon_core.package_identification:_identify(src/Self-Driving-and-ROS-2-Learn-by-Doing-Plan-Navigation/Section2_Setup/bumperbot_ws/src/bumperbot_mapping) by extension 'colcon_meta'
[0.487s] Level 1:colcon.colcon_core.package_identification:_identify(src/Self-Driving-and-ROS-2-Learn-by-Doing-Plan-Navigation/Section2_Setup/bumperbot_ws/src/bumperbot_mapping) by extensions ['ros']
[0.487s] Level 1:colcon.colcon_core.package_identification:_identify(src/Self-Driving-and-ROS-2-Learn-by-Doing-Plan-Navigation/Section2_Setup/bumperbot_ws/src/bumperbot_mapping) by extension 'ros'
[0.490s] DEBUG:colcon.colcon_core.package_identification:Package 'src/Self-Driving-and-ROS-2-Learn-by-Doing-Plan-Navigation/Section2_Setup/bumperbot_ws/src/bumperbot_mapping' with type 'ros.ament_cmake' and name 'bumperbot_mapping'
[0.490s] Level 1:colcon.colcon_core.package_identification:_identify(src/Self-Driving-and-ROS-2-Learn-by-Doing-Plan-Navigation/Section2_Setup/bumperbot_ws/src/bumperbot_msgs) by extensions ['ignore', 'ignore_ament_install']
[0.490s] Level 1:colcon.colcon_core.package_identification:_identify(src/Self-Driving-and-ROS-2-Learn-by-Doing-Plan-Navigation/Section2_Setup/bumperbot_ws/src/bumperbot_msgs) by extension 'ignore'
[0.490s] Level 1:colcon.colcon_core.package_identification:_identify(src/Self-Driving-and-ROS-2-Learn-by-Doing-Plan-Navigation/Section2_Setup/bumperbot_ws/src/bumperbot_msgs) by extension 'ignore_ament_install'
[0.490s] Level 1:colcon.colcon_core.package_identification:_identify(src/Self-Driving-and-ROS-2-Learn-by-Doing-Plan-Navigation/Section2_Setup/bumperbot_ws/src/bumperbot_msgs) by extensions ['colcon_pkg']
[0.490s] Level 1:colcon.colcon_core.package_identification:_identify(src/Self-Driving-and-ROS-2-Learn-by-Doing-Plan-Navigation/Section2_Setup/bumperbot_ws/src/bumperbot_msgs) by extension 'colcon_pkg'
[0.490s] Level 1:colcon.colcon_core.package_identification:_identify(src/Self-Driving-and-ROS-2-Learn-by-Doing-Plan-Navigation/Section2_Setup/bumperbot_ws/src/bumperbot_msgs) by extensions ['colcon_meta']
[0.490s] Level 1:colcon.colcon_core.package_identification:_identify(src/Self-Driving-and-ROS-2-Learn-by-Doing-Plan-Navigation/Section2_Setup/bumperbot_ws/src/bumperbot_msgs) by extension 'colcon_meta'
[0.490s] Level 1:colcon.colcon_core.package_identification:_identify(src/Self-Driving-and-ROS-2-Learn-by-Doing-Plan-Navigation/Section2_Setup/bumperbot_ws/src/bumperbot_msgs) by extensions ['ros']
[0.490s] Level 1:colcon.colcon_core.package_identification:_identify(src/Self-Driving-and-ROS-2-Learn-by-Doing-Plan-Navigation/Section2_Setup/bumperbot_ws/src/bumperbot_msgs) by extension 'ros'
[0.491s] DEBUG:colcon.colcon_core.package_identification:Package 'src/Self-Driving-and-ROS-2-Learn-by-Doing-Plan-Navigation/Section2_Setup/bumperbot_ws/src/bumperbot_msgs' with type 'ros.ament_cmake' and name 'bumperbot_msgs'
[0.491s] Level 1:colcon.colcon_core.package_identification:_identify(src/Self-Driving-and-ROS-2-Learn-by-Doing-Plan-Navigation/Section2_Setup/bumperbot_ws/src/bumperbot_py_examples) by extensions ['ignore', 'ignore_ament_install']
[0.491s] Level 1:colcon.colcon_core.package_identification:_identify(src/Self-Driving-and-ROS-2-Learn-by-Doing-Plan-Navigation/Section2_Setup/bumperbot_ws/src/bumperbot_py_examples) by extension 'ignore'
[0.492s] Level 1:colcon.colcon_core.package_identification:_identify(src/Self-Driving-and-ROS-2-Learn-by-Doing-Plan-Navigation/Section2_Setup/bumperbot_ws/src/bumperbot_py_examples) by extension 'ignore_ament_install'
[0.492s] Level 1:colcon.colcon_core.package_identification:_identify(src/Self-Driving-and-ROS-2-Learn-by-Doing-Plan-Navigation/Section2_Setup/bumperbot_ws/src/bumperbot_py_examples) by extensions ['colcon_pkg']
[0.492s] Level 1:colcon.colcon_core.package_identification:_identify(src/Self-Driving-and-ROS-2-Learn-by-Doing-Plan-Navigation/Section2_Setup/bumperbot_ws/src/bumperbot_py_examples) by extension 'colcon_pkg'
[0.492s] Level 1:colcon.colcon_core.package_identification:_identify(src/Self-Driving-and-ROS-2-Learn-by-Doing-Plan-Navigation/Section2_Setup/bumperbot_ws/src/bumperbot_py_examples) by extensions ['colcon_meta']
[0.492s] Level 1:colcon.colcon_core.package_identification:_identify(src/Self-Driving-and-ROS-2-Learn-by-Doing-Plan-Navigation/Section2_Setup/bumperbot_ws/src/bumperbot_py_examples) by extension 'colcon_meta'
[0.492s] Level 1:colcon.colcon_core.package_identification:_identify(src/Self-Driving-and-ROS-2-Learn-by-Doing-Plan-Navigation/Section2_Setup/bumperbot_ws/src/bumperbot_py_examples) by extensions ['ros']
[0.492s] Level 1:colcon.colcon_core.package_identification:_identify(src/Self-Driving-and-ROS-2-Learn-by-Doing-Plan-Navigation/Section2_Setup/bumperbot_ws/src/bumperbot_py_examples) by extension 'ros'
[0.493s] DEBUG:colcon.colcon_core.package_identification:Package 'src/Self-Driving-and-ROS-2-Learn-by-Doing-Plan-Navigation/Section2_Setup/bumperbot_ws/src/bumperbot_py_examples' with type 'ros.ament_python' and name 'bumperbot_py_examples'
[0.494s] Level 1:colcon.colcon_core.package_identification:_identify(src/Self-Driving-and-ROS-2-Learn-by-Doing-Plan-Navigation/Section2_Setup/bumperbot_ws/src/bumperbot_utils) by extensions ['ignore', 'ignore_ament_install']
[0.494s] Level 1:colcon.colcon_core.package_identification:_identify(src/Self-Driving-and-ROS-2-Learn-by-Doing-Plan-Navigation/Section2_Setup/bumperbot_ws/src/bumperbot_utils) by extension 'ignore'
[0.494s] Level 1:colcon.colcon_core.package_identification:_identify(src/Self-Driving-and-ROS-2-Learn-by-Doing-Plan-Navigation/Section2_Setup/bumperbot_ws/src/bumperbot_utils) by extension 'ignore_ament_install'
[0.494s] Level 1:colcon.colcon_core.package_identification:_identify(src/Self-Driving-and-ROS-2-Learn-by-Doing-Plan-Navigation/Section2_Setup/bumperbot_ws/src/bumperbot_utils) by extensions ['colcon_pkg']
[0.494s] Level 1:colcon.colcon_core.package_identification:_identify(src/Self-Driving-and-ROS-2-Learn-by-Doing-Plan-Navigation/Section2_Setup/bumperbot_ws/src/bumperbot_utils) by extension 'colcon_pkg'
[0.494s] Level 1:colcon.colcon_core.package_identification:_identify(src/Self-Driving-and-ROS-2-Learn-by-Doing-Plan-Navigation/Section2_Setup/bumperbot_ws/src/bumperbot_utils) by extensions ['colcon_meta']
[0.494s] Level 1:colcon.colcon_core.package_identification:_identify(src/Self-Driving-and-ROS-2-Learn-by-Doing-Plan-Navigation/Section2_Setup/bumperbot_ws/src/bumperbot_utils) by extension 'colcon_meta'
[0.494s] Level 1:colcon.colcon_core.package_identification:_identify(src/Self-Driving-and-ROS-2-Learn-by-Doing-Plan-Navigation/Section2_Setup/bumperbot_ws/src/bumperbot_utils) by extensions ['ros']
[0.494s] Level 1:colcon.colcon_core.package_identification:_identify(src/Self-Driving-and-ROS-2-Learn-by-Doing-Plan-Navigation/Section2_Setup/bumperbot_ws/src/bumperbot_utils) by extension 'ros'
[0.495s] DEBUG:colcon.colcon_core.package_identification:Package 'src/Self-Driving-and-ROS-2-Learn-by-Doing-Plan-Navigation/Section2_Setup/bumperbot_ws/src/bumperbot_utils' with type 'ros.ament_cmake' and name 'bumperbot_utils'
[0.495s] Level 1:colcon.colcon_core.package_identification:_identify(src/Self-Driving-and-ROS-2-Learn-by-Doing-Plan-Navigation/Section3_Introduction_to_ROS_2) by extensions ['ignore', 'ignore_ament_install']
[0.495s] Level 1:colcon.colcon_core.package_identification:_identify(src/Self-Driving-and-ROS-2-Learn-by-Doing-Plan-Navigation/Section3_Introduction_to_ROS_2) by extension 'ignore'
[0.495s] Level 1:colcon.colcon_core.package_identification:_identify(src/Self-Driving-and-ROS-2-Learn-by-Doing-Plan-Navigation/Section3_Introduction_to_ROS_2) by extension 'ignore_ament_install'
[0.495s] Level 1:colcon.colcon_core.package_identification:_identify(src/Self-Driving-and-ROS-2-Learn-by-Doing-Plan-Navigation/Section3_Introduction_to_ROS_2) by extensions ['colcon_pkg']
[0.495s] Level 1:colcon.colcon_core.package_identification:_identify(src/Self-Driving-and-ROS-2-Learn-by-Doing-Plan-Navigation/Section3_Introduction_to_ROS_2) by extension 'colcon_pkg'
[0.495s] Level 1:colcon.colcon_core.package_identification:_identify(src/Self-Driving-and-ROS-2-Learn-by-Doing-Plan-Navigation/Section3_Introduction_to_ROS_2) by extensions ['colcon_meta']
[0.495s] Level 1:colcon.colcon_core.package_identification:_identify(src/Self-Driving-and-ROS-2-Learn-by-Doing-Plan-Navigation/Section3_Introduction_to_ROS_2) by extension 'colcon_meta'
[0.495s] Level 1:colcon.colcon_core.package_identification:_identify(src/Self-Driving-and-ROS-2-Learn-by-Doing-Plan-Navigation/Section3_Introduction_to_ROS_2) by extensions ['ros']
[0.495s] Level 1:colcon.colcon_core.package_identification:_identify(src/Self-Driving-and-ROS-2-Learn-by-Doing-Plan-Navigation/Section3_Introduction_to_ROS_2) by extension 'ros'
[0.495s] Level 1:colcon.colcon_core.package_identification:_identify(src/Self-Driving-and-ROS-2-Learn-by-Doing-Plan-Navigation/Section3_Introduction_to_ROS_2) by extensions ['cmake', 'python']
[0.495s] Level 1:colcon.colcon_core.package_identification:_identify(src/Self-Driving-and-ROS-2-Learn-by-Doing-Plan-Navigation/Section3_Introduction_to_ROS_2) by extension 'cmake'
[0.495s] Level 1:colcon.colcon_core.package_identification:_identify(src/Self-Driving-and-ROS-2-Learn-by-Doing-Plan-Navigation/Section3_Introduction_to_ROS_2) by extension 'python'
[0.495s] Level 1:colcon.colcon_core.package_identification:_identify(src/Self-Driving-and-ROS-2-Learn-by-Doing-Plan-Navigation/Section3_Introduction_to_ROS_2) by extensions ['python_setup_py']
[0.496s] Level 1:colcon.colcon_core.package_identification:_identify(src/Self-Driving-and-ROS-2-Learn-by-Doing-Plan-Navigation/Section3_Introduction_to_ROS_2) by extension 'python_setup_py'
[0.496s] Level 1:colcon.colcon_core.package_identification:_identify(src/Self-Driving-and-ROS-2-Learn-by-Doing-Plan-Navigation/Section3_Introduction_to_ROS_2/bumperbot_ws) by extensions ['ignore', 'ignore_ament_install']
[0.496s] Level 1:colcon.colcon_core.package_identification:_identify(src/Self-Driving-and-ROS-2-Learn-by-Doing-Plan-Navigation/Section3_Introduction_to_ROS_2/bumperbot_ws) by extension 'ignore'
[0.496s] Level 1:colcon.colcon_core.package_identification:_identify(src/Self-Driving-and-ROS-2-Learn-by-Doing-Plan-Navigation/Section3_Introduction_to_ROS_2/bumperbot_ws) by extension 'ignore_ament_install'
[0.496s] Level 1:colcon.colcon_core.package_identification:_identify(src/Self-Driving-and-ROS-2-Learn-by-Doing-Plan-Navigation/Section3_Introduction_to_ROS_2/bumperbot_ws) by extensions ['colcon_pkg']
[0.496s] Level 1:colcon.colcon_core.package_identification:_identify(src/Self-Driving-and-ROS-2-Learn-by-Doing-Plan-Navigation/Section3_Introduction_to_ROS_2/bumperbot_ws) by extension 'colcon_pkg'
[0.496s] Level 1:colcon.colcon_core.package_identification:_identify(src/Self-Driving-and-ROS-2-Learn-by-Doing-Plan-Navigation/Section3_Introduction_to_ROS_2/bumperbot_ws) by extensions ['colcon_meta']
[0.496s] Level 1:colcon.colcon_core.package_identification:_identify(src/Self-Driving-and-ROS-2-Learn-by-Doing-Plan-Navigation/Section3_Introduction_to_ROS_2/bumperbot_ws) by extension 'colcon_meta'
[0.496s] Level 1:colcon.colcon_core.package_identification:_identify(src/Self-Driving-and-ROS-2-Learn-by-Doing-Plan-Navigation/Section3_Introduction_to_ROS_2/bumperbot_ws) by extensions ['ros']
[0.496s] Level 1:colcon.colcon_core.package_identification:_identify(src/Self-Driving-and-ROS-2-Learn-by-Doing-Plan-Navigation/Section3_Introduction_to_ROS_2/bumperbot_ws) by extension 'ros'
[0.496s] Level 1:colcon.colcon_core.package_identification:_identify(src/Self-Driving-and-ROS-2-Learn-by-Doing-Plan-Navigation/Section3_Introduction_to_ROS_2/bumperbot_ws) by extensions ['cmake', 'python']
[0.496s] Level 1:colcon.colcon_core.package_identification:_identify(src/Self-Driving-and-ROS-2-Learn-by-Doing-Plan-Navigation/Section3_Introduction_to_ROS_2/bumperbot_ws) by extension 'cmake'
[0.496s] Level 1:colcon.colcon_core.package_identification:_identify(src/Self-Driving-and-ROS-2-Learn-by-Doing-Plan-Navigation/Section3_Introduction_to_ROS_2/bumperbot_ws) by extension 'python'
[0.496s] Level 1:colcon.colcon_core.package_identification:_identify(src/Self-Driving-and-ROS-2-Learn-by-Doing-Plan-Navigation/Section3_Introduction_to_ROS_2/bumperbot_ws) by extensions ['python_setup_py']
[0.496s] Level 1:colcon.colcon_core.package_identification:_identify(src/Self-Driving-and-ROS-2-Learn-by-Doing-Plan-Navigation/Section3_Introduction_to_ROS_2/bumperbot_ws) by extension 'python_setup_py'
[0.496s] Level 1:colcon.colcon_core.package_identification:_identify(src/Self-Driving-and-ROS-2-Learn-by-Doing-Plan-Navigation/Section3_Introduction_to_ROS_2/bumperbot_ws/src) by extensions ['ignore', 'ignore_ament_install']
[0.496s] Level 1:colcon.colcon_core.package_identification:_identify(src/Self-Driving-and-ROS-2-Learn-by-Doing-Plan-Navigation/Section3_Introduction_to_ROS_2/bumperbot_ws/src) by extension 'ignore'
[0.496s] Level 1:colcon.colcon_core.package_identification:_identify(src/Self-Driving-and-ROS-2-Learn-by-Doing-Plan-Navigation/Section3_Introduction_to_ROS_2/bumperbot_ws/src) by extension 'ignore_ament_install'
[0.496s] Level 1:colcon.colcon_core.package_identification:_identify(src/Self-Driving-and-ROS-2-Learn-by-Doing-Plan-Navigation/Section3_Introduction_to_ROS_2/bumperbot_ws/src) by extensions ['colcon_pkg']
[0.496s] Level 1:colcon.colcon_core.package_identification:_identify(src/Self-Driving-and-ROS-2-Learn-by-Doing-Plan-Navigation/Section3_Introduction_to_ROS_2/bumperbot_ws/src) by extension 'colcon_pkg'
[0.496s] Level 1:colcon.colcon_core.package_identification:_identify(src/Self-Driving-and-ROS-2-Learn-by-Doing-Plan-Navigation/Section3_Introduction_to_ROS_2/bumperbot_ws/src) by extensions ['colcon_meta']
[0.496s] Level 1:colcon.colcon_core.package_identification:_identify(src/Self-Driving-and-ROS-2-Learn-by-Doing-Plan-Navigation/Section3_Introduction_to_ROS_2/bumperbot_ws/src) by extension 'colcon_meta'
[0.497s] Level 1:colcon.colcon_core.package_identification:_identify(src/Self-Driving-and-ROS-2-Learn-by-Doing-Plan-Navigation/Section3_Introduction_to_ROS_2/bumperbot_ws/src) by extensions ['ros']
[0.497s] Level 1:colcon.colcon_core.package_identification:_identify(src/Self-Driving-and-ROS-2-Learn-by-Doing-Plan-Navigation/Section3_Introduction_to_ROS_2/bumperbot_ws/src) by extension 'ros'
[0.497s] Level 1:colcon.colcon_core.package_identification:_identify(src/Self-Driving-and-ROS-2-Learn-by-Doing-Plan-Navigation/Section3_Introduction_to_ROS_2/bumperbot_ws/src) by extensions ['cmake', 'python']
[0.497s] Level 1:colcon.colcon_core.package_identification:_identify(src/Self-Driving-and-ROS-2-Learn-by-Doing-Plan-Navigation/Section3_Introduction_to_ROS_2/bumperbot_ws/src) by extension 'cmake'
[0.497s] Level 1:colcon.colcon_core.package_identification:_identify(src/Self-Driving-and-ROS-2-Learn-by-Doing-Plan-Navigation/Section3_Introduction_to_ROS_2/bumperbot_ws/src) by extension 'python'
[0.497s] Level 1:colcon.colcon_core.package_identification:_identify(src/Self-Driving-and-ROS-2-Learn-by-Doing-Plan-Navigation/Section3_Introduction_to_ROS_2/bumperbot_ws/src) by extensions ['python_setup_py']
[0.497s] Level 1:colcon.colcon_core.package_identification:_identify(src/Self-Driving-and-ROS-2-Learn-by-Doing-Plan-Navigation/Section3_Introduction_to_ROS_2/bumperbot_ws/src) by extension 'python_setup_py'
[0.497s] Level 1:colcon.colcon_core.package_identification:_identify(src/Self-Driving-and-ROS-2-Learn-by-Doing-Plan-Navigation/Section3_Introduction_to_ROS_2/bumperbot_ws/src/bumperbot_bringup) by extensions ['ignore', 'ignore_ament_install']
[0.497s] Level 1:colcon.colcon_core.package_identification:_identify(src/Self-Driving-and-ROS-2-Learn-by-Doing-Plan-Navigation/Section3_Introduction_to_ROS_2/bumperbot_ws/src/bumperbot_bringup) by extension 'ignore'
[0.497s] Level 1:colcon.colcon_core.package_identification:_identify(src/Self-Driving-and-ROS-2-Learn-by-Doing-Plan-Navigation/Section3_Introduction_to_ROS_2/bumperbot_ws/src/bumperbot_bringup) by extension 'ignore_ament_install'
[0.497s] Level 1:colcon.colcon_core.package_identification:_identify(src/Self-Driving-and-ROS-2-Learn-by-Doing-Plan-Navigation/Section3_Introduction_to_ROS_2/bumperbot_ws/src/bumperbot_bringup) by extensions ['colcon_pkg']
[0.497s] Level 1:colcon.colcon_core.package_identification:_identify(src/Self-Driving-and-ROS-2-Learn-by-Doing-Plan-Navigation/Section3_Introduction_to_ROS_2/bumperbot_ws/src/bumperbot_bringup) by extension 'colcon_pkg'
[0.497s] Level 1:colcon.colcon_core.package_identification:_identify(src/Self-Driving-and-ROS-2-Learn-by-Doing-Plan-Navigation/Section3_Introduction_to_ROS_2/bumperbot_ws/src/bumperbot_bringup) by extensions ['colcon_meta']
[0.497s] Level 1:colcon.colcon_core.package_identification:_identify(src/Self-Driving-and-ROS-2-Learn-by-Doing-Plan-Navigation/Section3_Introduction_to_ROS_2/bumperbot_ws/src/bumperbot_bringup) by extension 'colcon_meta'
[0.497s] Level 1:colcon.colcon_core.package_identification:_identify(src/Self-Driving-and-ROS-2-Learn-by-Doing-Plan-Navigation/Section3_Introduction_to_ROS_2/bumperbot_ws/src/bumperbot_bringup) by extensions ['ros']
[0.497s] Level 1:colcon.colcon_core.package_identification:_identify(src/Self-Driving-and-ROS-2-Learn-by-Doing-Plan-Navigation/Section3_Introduction_to_ROS_2/bumperbot_ws/src/bumperbot_bringup) by extension 'ros'
[0.499s] DEBUG:colcon.colcon_core.package_identification:Package 'src/Self-Driving-and-ROS-2-Learn-by-Doing-Plan-Navigation/Section3_Introduction_to_ROS_2/bumperbot_ws/src/bumperbot_bringup' with type 'ros.ament_cmake' and name 'bumperbot_bringup'
[0.499s] Level 1:colcon.colcon_core.package_identification:_identify(src/Self-Driving-and-ROS-2-Learn-by-Doing-Plan-Navigation/Section3_Introduction_to_ROS_2/bumperbot_ws/src/bumperbot_controller) by extensions ['ignore', 'ignore_ament_install']
[0.499s] Level 1:colcon.colcon_core.package_identification:_identify(src/Self-Driving-and-ROS-2-Learn-by-Doing-Plan-Navigation/Section3_Introduction_to_ROS_2/bumperbot_ws/src/bumperbot_controller) by extension 'ignore'
[0.499s] Level 1:colcon.colcon_core.package_identification:_identify(src/Self-Driving-and-ROS-2-Learn-by-Doing-Plan-Navigation/Section3_Introduction_to_ROS_2/bumperbot_ws/src/bumperbot_controller) by extension 'ignore_ament_install'
[0.499s] Level 1:colcon.colcon_core.package_identification:_identify(src/Self-Driving-and-ROS-2-Learn-by-Doing-Plan-Navigation/Section3_Introduction_to_ROS_2/bumperbot_ws/src/bumperbot_controller) by extensions ['colcon_pkg']
[0.499s] Level 1:colcon.colcon_core.package_identification:_identify(src/Self-Driving-and-ROS-2-Learn-by-Doing-Plan-Navigation/Section3_Introduction_to_ROS_2/bumperbot_ws/src/bumperbot_controller) by extension 'colcon_pkg'
[0.499s] Level 1:colcon.colcon_core.package_identification:_identify(src/Self-Driving-and-ROS-2-Learn-by-Doing-Plan-Navigation/Section3_Introduction_to_ROS_2/bumperbot_ws/src/bumperbot_controller) by extensions ['colcon_meta']
[0.499s] Level 1:colcon.colcon_core.package_identification:_identify(src/Self-Driving-and-ROS-2-Learn-by-Doing-Plan-Navigation/Section3_Introduction_to_ROS_2/bumperbot_ws/src/bumperbot_controller) by extension 'colcon_meta'
[0.499s] Level 1:colcon.colcon_core.package_identification:_identify(src/Self-Driving-and-ROS-2-Learn-by-Doing-Plan-Navigation/Section3_Introduction_to_ROS_2/bumperbot_ws/src/bumperbot_controller) by extensions ['ros']
[0.499s] Level 1:colcon.colcon_core.package_identification:_identify(src/Self-Driving-and-ROS-2-Learn-by-Doing-Plan-Navigation/Section3_Introduction_to_ROS_2/bumperbot_ws/src/bumperbot_controller) by extension 'ros'
[0.501s] DEBUG:colcon.colcon_core.package_identification:Package 'src/Self-Driving-and-ROS-2-Learn-by-Doing-Plan-Navigation/Section3_Introduction_to_ROS_2/bumperbot_ws/src/bumperbot_controller' with type 'ros.ament_cmake' and name 'bumperbot_controller'
[0.501s] Level 1:colcon.colcon_core.package_identification:_identify(src/Self-Driving-and-ROS-2-Learn-by-Doing-Plan-Navigation/Section3_Introduction_to_ROS_2/bumperbot_ws/src/bumperbot_cpp_examples) by extensions ['ignore', 'ignore_ament_install']
[0.501s] Level 1:colcon.colcon_core.package_identification:_identify(src/Self-Driving-and-ROS-2-Learn-by-Doing-Plan-Navigation/Section3_Introduction_to_ROS_2/bumperbot_ws/src/bumperbot_cpp_examples) by extension 'ignore'
[0.501s] Level 1:colcon.colcon_core.package_identification:_identify(src/Self-Driving-and-ROS-2-Learn-by-Doing-Plan-Navigation/Section3_Introduction_to_ROS_2/bumperbot_ws/src/bumperbot_cpp_examples) by extension 'ignore_ament_install'
[0.502s] Level 1:colcon.colcon_core.package_identification:_identify(src/Self-Driving-and-ROS-2-Learn-by-Doing-Plan-Navigation/Section3_Introduction_to_ROS_2/bumperbot_ws/src/bumperbot_cpp_examples) by extensions ['colcon_pkg']
[0.502s] Level 1:colcon.colcon_core.package_identification:_identify(src/Self-Driving-and-ROS-2-Learn-by-Doing-Plan-Navigation/Section3_Introduction_to_ROS_2/bumperbot_ws/src/bumperbot_cpp_examples) by extension 'colcon_pkg'
[0.502s] Level 1:colcon.colcon_core.package_identification:_identify(src/Self-Driving-and-ROS-2-Learn-by-Doing-Plan-Navigation/Section3_Introduction_to_ROS_2/bumperbot_ws/src/bumperbot_cpp_examples) by extensions ['colcon_meta']
[0.502s] Level 1:colcon.colcon_core.package_identification:_identify(src/Self-Driving-and-ROS-2-Learn-by-Doing-Plan-Navigation/Section3_Introduction_to_ROS_2/bumperbot_ws/src/bumperbot_cpp_examples) by extension 'colcon_meta'
[0.502s] Level 1:colcon.colcon_core.package_identification:_identify(src/Self-Driving-and-ROS-2-Learn-by-Doing-Plan-Navigation/Section3_Introduction_to_ROS_2/bumperbot_ws/src/bumperbot_cpp_examples) by extensions ['ros']
[0.502s] Level 1:colcon.colcon_core.package_identification:_identify(src/Self-Driving-and-ROS-2-Learn-by-Doing-Plan-Navigation/Section3_Introduction_to_ROS_2/bumperbot_ws/src/bumperbot_cpp_examples) by extension 'ros'
[0.504s] DEBUG:colcon.colcon_core.package_identification:Package 'src/Self-Driving-and-ROS-2-Learn-by-Doing-Plan-Navigation/Section3_Introduction_to_ROS_2/bumperbot_ws/src/bumperbot_cpp_examples' with type 'ros.ament_cmake' and name 'bumperbot_cpp_examples'
[0.504s] Level 1:colcon.colcon_core.package_identification:_identify(src/Self-Driving-and-ROS-2-Learn-by-Doing-Plan-Navigation/Section3_Introduction_to_ROS_2/bumperbot_ws/src/bumperbot_description) by extensions ['ignore', 'ignore_ament_install']
[0.504s] Level 1:colcon.colcon_core.package_identification:_identify(src/Self-Driving-and-ROS-2-Learn-by-Doing-Plan-Navigation/Section3_Introduction_to_ROS_2/bumperbot_ws/src/bumperbot_description) by extension 'ignore'
[0.504s] Level 1:colcon.colcon_core.package_identification:_identify(src/Self-Driving-and-ROS-2-Learn-by-Doing-Plan-Navigation/Section3_Introduction_to_ROS_2/bumperbot_ws/src/bumperbot_description) by extension 'ignore_ament_install'
[0.504s] Level 1:colcon.colcon_core.package_identification:_identify(src/Self-Driving-and-ROS-2-Learn-by-Doing-Plan-Navigation/Section3_Introduction_to_ROS_2/bumperbot_ws/src/bumperbot_description) by extensions ['colcon_pkg']
[0.504s] Level 1:colcon.colcon_core.package_identification:_identify(src/Self-Driving-and-ROS-2-Learn-by-Doing-Plan-Navigation/Section3_Introduction_to_ROS_2/bumperbot_ws/src/bumperbot_description) by extension 'colcon_pkg'
[0.504s] Level 1:colcon.colcon_core.package_identification:_identify(src/Self-Driving-and-ROS-2-Learn-by-Doing-Plan-Navigation/Section3_Introduction_to_ROS_2/bumperbot_ws/src/bumperbot_description) by extensions ['colcon_meta']
[0.504s] Level 1:colcon.colcon_core.package_identification:_identify(src/Self-Driving-and-ROS-2-Learn-by-Doing-Plan-Navigation/Section3_Introduction_to_ROS_2/bumperbot_ws/src/bumperbot_description) by extension 'colcon_meta'
[0.504s] Level 1:colcon.colcon_core.package_identification:_identify(src/Self-Driving-and-ROS-2-Learn-by-Doing-Plan-Navigation/Section3_Introduction_to_ROS_2/bumperbot_ws/src/bumperbot_description) by extensions ['ros']
[0.504s] Level 1:colcon.colcon_core.package_identification:_identify(src/Self-Driving-and-ROS-2-Learn-by-Doing-Plan-Navigation/Section3_Introduction_to_ROS_2/bumperbot_ws/src/bumperbot_description) by extension 'ros'
[0.507s] DEBUG:colcon.colcon_core.package_identification:Package 'src/Self-Driving-and-ROS-2-Learn-by-Doing-Plan-Navigation/Section3_Introduction_to_ROS_2/bumperbot_ws/src/bumperbot_description' with type 'ros.ament_cmake' and name 'bumperbot_description'
[0.507s] Level 1:colcon.colcon_core.package_identification:_identify(src/Self-Driving-and-ROS-2-Learn-by-Doing-Plan-Navigation/Section3_Introduction_to_ROS_2/bumperbot_ws/src/bumperbot_firmware) by extensions ['ignore', 'ignore_ament_install']
[0.508s] Level 1:colcon.colcon_core.package_identification:_identify(src/Self-Driving-and-ROS-2-Learn-by-Doing-Plan-Navigation/Section3_Introduction_to_ROS_2/bumperbot_ws/src/bumperbot_firmware) by extension 'ignore'
[0.508s] Level 1:colcon.colcon_core.package_identification:_identify(src/Self-Driving-and-ROS-2-Learn-by-Doing-Plan-Navigation/Section3_Introduction_to_ROS_2/bumperbot_ws/src/bumperbot_firmware) by extension 'ignore_ament_install'
[0.508s] Level 1:colcon.colcon_core.package_identification:_identify(src/Self-Driving-and-ROS-2-Learn-by-Doing-Plan-Navigation/Section3_Introduction_to_ROS_2/bumperbot_ws/src/bumperbot_firmware) by extensions ['colcon_pkg']
[0.508s] Level 1:colcon.colcon_core.package_identification:_identify(src/Self-Driving-and-ROS-2-Learn-by-Doing-Plan-Navigation/Section3_Introduction_to_ROS_2/bumperbot_ws/src/bumperbot_firmware) by extension 'colcon_pkg'
[0.508s] Level 1:colcon.colcon_core.package_identification:_identify(src/Self-Driving-and-ROS-2-Learn-by-Doing-Plan-Navigation/Section3_Introduction_to_ROS_2/bumperbot_ws/src/bumperbot_firmware) by extensions ['colcon_meta']
[0.508s] Level 1:colcon.colcon_core.package_identification:_identify(src/Self-Driving-and-ROS-2-Learn-by-Doing-Plan-Navigation/Section3_Introduction_to_ROS_2/bumperbot_ws/src/bumperbot_firmware) by extension 'colcon_meta'
[0.508s] Level 1:colcon.colcon_core.package_identification:_identify(src/Self-Driving-and-ROS-2-Learn-by-Doing-Plan-Navigation/Section3_Introduction_to_ROS_2/bumperbot_ws/src/bumperbot_firmware) by extensions ['ros']
[0.508s] Level 1:colcon.colcon_core.package_identification:_identify(src/Self-Driving-and-ROS-2-Learn-by-Doing-Plan-Navigation/Section3_Introduction_to_ROS_2/bumperbot_ws/src/bumperbot_firmware) by extension 'ros'
[0.510s] DEBUG:colcon.colcon_core.package_identification:Package 'src/Self-Driving-and-ROS-2-Learn-by-Doing-Plan-Navigation/Section3_Introduction_to_ROS_2/bumperbot_ws/src/bumperbot_firmware' with type 'ros.ament_cmake' and name 'bumperbot_firmware'
[0.510s] Level 1:colcon.colcon_core.package_identification:_identify(src/Self-Driving-and-ROS-2-Learn-by-Doing-Plan-Navigation/Section3_Introduction_to_ROS_2/bumperbot_ws/src/bumperbot_localization) by extensions ['ignore', 'ignore_ament_install']
[0.510s] Level 1:colcon.colcon_core.package_identification:_identify(src/Self-Driving-and-ROS-2-Learn-by-Doing-Plan-Navigation/Section3_Introduction_to_ROS_2/bumperbot_ws/src/bumperbot_localization) by extension 'ignore'
[0.510s] Level 1:colcon.colcon_core.package_identification:_identify(src/Self-Driving-and-ROS-2-Learn-by-Doing-Plan-Navigation/Section3_Introduction_to_ROS_2/bumperbot_ws/src/bumperbot_localization) by extension 'ignore_ament_install'
[0.510s] Level 1:colcon.colcon_core.package_identification:_identify(src/Self-Driving-and-ROS-2-Learn-by-Doing-Plan-Navigation/Section3_Introduction_to_ROS_2/bumperbot_ws/src/bumperbot_localization) by extensions ['colcon_pkg']
[0.510s] Level 1:colcon.colcon_core.package_identification:_identify(src/Self-Driving-and-ROS-2-Learn-by-Doing-Plan-Navigation/Section3_Introduction_to_ROS_2/bumperbot_ws/src/bumperbot_localization) by extension 'colcon_pkg'
[0.510s] Level 1:colcon.colcon_core.package_identification:_identify(src/Self-Driving-and-ROS-2-Learn-by-Doing-Plan-Navigation/Section3_Introduction_to_ROS_2/bumperbot_ws/src/bumperbot_localization) by extensions ['colcon_meta']
[0.510s] Level 1:colcon.colcon_core.package_identification:_identify(src/Self-Driving-and-ROS-2-Learn-by-Doing-Plan-Navigation/Section3_Introduction_to_ROS_2/bumperbot_ws/src/bumperbot_localization) by extension 'colcon_meta'
[0.510s] Level 1:colcon.colcon_core.package_identification:_identify(src/Self-Driving-and-ROS-2-Learn-by-Doing-Plan-Navigation/Section3_Introduction_to_ROS_2/bumperbot_ws/src/bumperbot_localization) by extensions ['ros']
[0.510s] Level 1:colcon.colcon_core.package_identification:_identify(src/Self-Driving-and-ROS-2-Learn-by-Doing-Plan-Navigation/Section3_Introduction_to_ROS_2/bumperbot_ws/src/bumperbot_localization) by extension 'ros'
[0.512s] DEBUG:colcon.colcon_core.package_identification:Package 'src/Self-Driving-and-ROS-2-Learn-by-Doing-Plan-Navigation/Section3_Introduction_to_ROS_2/bumperbot_ws/src/bumperbot_localization' with type 'ros.ament_cmake' and name 'bumperbot_localization'
[0.512s] Level 1:colcon.colcon_core.package_identification:_identify(src/Self-Driving-and-ROS-2-Learn-by-Doing-Plan-Navigation/Section3_Introduction_to_ROS_2/bumperbot_ws/src/bumperbot_mapping) by extensions ['ignore', 'ignore_ament_install']
[0.512s] Level 1:colcon.colcon_core.package_identification:_identify(src/Self-Driving-and-ROS-2-Learn-by-Doing-Plan-Navigation/Section3_Introduction_to_ROS_2/bumperbot_ws/src/bumperbot_mapping) by extension 'ignore'
[0.512s] Level 1:colcon.colcon_core.package_identification:_identify(src/Self-Driving-and-ROS-2-Learn-by-Doing-Plan-Navigation/Section3_Introduction_to_ROS_2/bumperbot_ws/src/bumperbot_mapping) by extension 'ignore_ament_install'
[0.512s] Level 1:colcon.colcon_core.package_identification:_identify(src/Self-Driving-and-ROS-2-Learn-by-Doing-Plan-Navigation/Section3_Introduction_to_ROS_2/bumperbot_ws/src/bumperbot_mapping) by extensions ['colcon_pkg']
[0.512s] Level 1:colcon.colcon_core.package_identification:_identify(src/Self-Driving-and-ROS-2-Learn-by-Doing-Plan-Navigation/Section3_Introduction_to_ROS_2/bumperbot_ws/src/bumperbot_mapping) by extension 'colcon_pkg'
[0.512s] Level 1:colcon.colcon_core.package_identification:_identify(src/Self-Driving-and-ROS-2-Learn-by-Doing-Plan-Navigation/Section3_Introduction_to_ROS_2/bumperbot_ws/src/bumperbot_mapping) by extensions ['colcon_meta']
[0.512s] Level 1:colcon.colcon_core.package_identification:_identify(src/Self-Driving-and-ROS-2-Learn-by-Doing-Plan-Navigation/Section3_Introduction_to_ROS_2/bumperbot_ws/src/bumperbot_mapping) by extension 'colcon_meta'
[0.513s] Level 1:colcon.colcon_core.package_identification:_identify(src/Self-Driving-and-ROS-2-Learn-by-Doing-Plan-Navigation/Section3_Introduction_to_ROS_2/bumperbot_ws/src/bumperbot_mapping) by extensions ['ros']
[0.513s] Level 1:colcon.colcon_core.package_identification:_identify(src/Self-Driving-and-ROS-2-Learn-by-Doing-Plan-Navigation/Section3_Introduction_to_ROS_2/bumperbot_ws/src/bumperbot_mapping) by extension 'ros'
[0.514s] DEBUG:colcon.colcon_core.package_identification:Package 'src/Self-Driving-and-ROS-2-Learn-by-Doing-Plan-Navigation/Section3_Introduction_to_ROS_2/bumperbot_ws/src/bumperbot_mapping' with type 'ros.ament_cmake' and name 'bumperbot_mapping'
[0.514s] Level 1:colcon.colcon_core.package_identification:_identify(src/Self-Driving-and-ROS-2-Learn-by-Doing-Plan-Navigation/Section3_Introduction_to_ROS_2/bumperbot_ws/src/bumperbot_msgs) by extensions ['ignore', 'ignore_ament_install']
[0.514s] Level 1:colcon.colcon_core.package_identification:_identify(src/Self-Driving-and-ROS-2-Learn-by-Doing-Plan-Navigation/Section3_Introduction_to_ROS_2/bumperbot_ws/src/bumperbot_msgs) by extension 'ignore'
[0.514s] Level 1:colcon.colcon_core.package_identification:_identify(src/Self-Driving-and-ROS-2-Learn-by-Doing-Plan-Navigation/Section3_Introduction_to_ROS_2/bumperbot_ws/src/bumperbot_msgs) by extension 'ignore_ament_install'
[0.514s] Level 1:colcon.colcon_core.package_identification:_identify(src/Self-Driving-and-ROS-2-Learn-by-Doing-Plan-Navigation/Section3_Introduction_to_ROS_2/bumperbot_ws/src/bumperbot_msgs) by extensions ['colcon_pkg']
[0.514s] Level 1:colcon.colcon_core.package_identification:_identify(src/Self-Driving-and-ROS-2-Learn-by-Doing-Plan-Navigation/Section3_Introduction_to_ROS_2/bumperbot_ws/src/bumperbot_msgs) by extension 'colcon_pkg'
[0.515s] Level 1:colcon.colcon_core.package_identification:_identify(src/Self-Driving-and-ROS-2-Learn-by-Doing-Plan-Navigation/Section3_Introduction_to_ROS_2/bumperbot_ws/src/bumperbot_msgs) by extensions ['colcon_meta']
[0.515s] Level 1:colcon.colcon_core.package_identification:_identify(src/Self-Driving-and-ROS-2-Learn-by-Doing-Plan-Navigation/Section3_Introduction_to_ROS_2/bumperbot_ws/src/bumperbot_msgs) by extension 'colcon_meta'
[0.515s] Level 1:colcon.colcon_core.package_identification:_identify(src/Self-Driving-and-ROS-2-Learn-by-Doing-Plan-Navigation/Section3_Introduction_to_ROS_2/bumperbot_ws/src/bumperbot_msgs) by extensions ['ros']
[0.515s] Level 1:colcon.colcon_core.package_identification:_identify(src/Self-Driving-and-ROS-2-Learn-by-Doing-Plan-Navigation/Section3_Introduction_to_ROS_2/bumperbot_ws/src/bumperbot_msgs) by extension 'ros'
[0.517s] DEBUG:colcon.colcon_core.package_identification:Package 'src/Self-Driving-and-ROS-2-Learn-by-Doing-Plan-Navigation/Section3_Introduction_to_ROS_2/bumperbot_ws/src/bumperbot_msgs' with type 'ros.ament_cmake' and name 'bumperbot_msgs'
[0.518s] Level 1:colcon.colcon_core.package_identification:_identify(src/Self-Driving-and-ROS-2-Learn-by-Doing-Plan-Navigation/Section3_Introduction_to_ROS_2/bumperbot_ws/src/bumperbot_py_examples) by extensions ['ignore', 'ignore_ament_install']
[0.518s] Level 1:colcon.colcon_core.package_identification:_identify(src/Self-Driving-and-ROS-2-Learn-by-Doing-Plan-Navigation/Section3_Introduction_to_ROS_2/bumperbot_ws/src/bumperbot_py_examples) by extension 'ignore'
[0.518s] Level 1:colcon.colcon_core.package_identification:_identify(src/Self-Driving-and-ROS-2-Learn-by-Doing-Plan-Navigation/Section3_Introduction_to_ROS_2/bumperbot_ws/src/bumperbot_py_examples) by extension 'ignore_ament_install'
[0.518s] Level 1:colcon.colcon_core.package_identification:_identify(src/Self-Driving-and-ROS-2-Learn-by-Doing-Plan-Navigation/Section3_Introduction_to_ROS_2/bumperbot_ws/src/bumperbot_py_examples) by extensions ['colcon_pkg']
[0.518s] Level 1:colcon.colcon_core.package_identification:_identify(src/Self-Driving-and-ROS-2-Learn-by-Doing-Plan-Navigation/Section3_Introduction_to_ROS_2/bumperbot_ws/src/bumperbot_py_examples) by extension 'colcon_pkg'
[0.518s] Level 1:colcon.colcon_core.package_identification:_identify(src/Self-Driving-and-ROS-2-Learn-by-Doing-Plan-Navigation/Section3_Introduction_to_ROS_2/bumperbot_ws/src/bumperbot_py_examples) by extensions ['colcon_meta']
[0.518s] Level 1:colcon.colcon_core.package_identification:_identify(src/Self-Driving-and-ROS-2-Learn-by-Doing-Plan-Navigation/Section3_Introduction_to_ROS_2/bumperbot_ws/src/bumperbot_py_examples) by extension 'colcon_meta'
[0.518s] Level 1:colcon.colcon_core.package_identification:_identify(src/Self-Driving-and-ROS-2-Learn-by-Doing-Plan-Navigation/Section3_Introduction_to_ROS_2/bumperbot_ws/src/bumperbot_py_examples) by extensions ['ros']
[0.518s] Level 1:colcon.colcon_core.package_identification:_identify(src/Self-Driving-and-ROS-2-Learn-by-Doing-Plan-Navigation/Section3_Introduction_to_ROS_2/bumperbot_ws/src/bumperbot_py_examples) by extension 'ros'
[0.520s] DEBUG:colcon.colcon_core.package_identification:Package 'src/Self-Driving-and-ROS-2-Learn-by-Doing-Plan-Navigation/Section3_Introduction_to_ROS_2/bumperbot_ws/src/bumperbot_py_examples' with type 'ros.ament_python' and name 'bumperbot_py_examples'
[0.521s] Level 1:colcon.colcon_core.package_identification:_identify(src/Self-Driving-and-ROS-2-Learn-by-Doing-Plan-Navigation/Section3_Introduction_to_ROS_2/bumperbot_ws/src/bumperbot_utils) by extensions ['ignore', 'ignore_ament_install']
[0.521s] Level 1:colcon.colcon_core.package_identification:_identify(src/Self-Driving-and-ROS-2-Learn-by-Doing-Plan-Navigation/Section3_Introduction_to_ROS_2/bumperbot_ws/src/bumperbot_utils) by extension 'ignore'
[0.521s] Level 1:colcon.colcon_core.package_identification:_identify(src/Self-Driving-and-ROS-2-Learn-by-Doing-Plan-Navigation/Section3_Introduction_to_ROS_2/bumperbot_ws/src/bumperbot_utils) by extension 'ignore_ament_install'
[0.521s] Level 1:colcon.colcon_core.package_identification:_identify(src/Self-Driving-and-ROS-2-Learn-by-Doing-Plan-Navigation/Section3_Introduction_to_ROS_2/bumperbot_ws/src/bumperbot_utils) by extensions ['colcon_pkg']
[0.521s] Level 1:colcon.colcon_core.package_identification:_identify(src/Self-Driving-and-ROS-2-Learn-by-Doing-Plan-Navigation/Section3_Introduction_to_ROS_2/bumperbot_ws/src/bumperbot_utils) by extension 'colcon_pkg'
[0.521s] Level 1:colcon.colcon_core.package_identification:_identify(src/Self-Driving-and-ROS-2-Learn-by-Doing-Plan-Navigation/Section3_Introduction_to_ROS_2/bumperbot_ws/src/bumperbot_utils) by extensions ['colcon_meta']
[0.521s] Level 1:colcon.colcon_core.package_identification:_identify(src/Self-Driving-and-ROS-2-Learn-by-Doing-Plan-Navigation/Section3_Introduction_to_ROS_2/bumperbot_ws/src/bumperbot_utils) by extension 'colcon_meta'
[0.521s] Level 1:colcon.colcon_core.package_identification:_identify(src/Self-Driving-and-ROS-2-Learn-by-Doing-Plan-Navigation/Section3_Introduction_to_ROS_2/bumperbot_ws/src/bumperbot_utils) by extensions ['ros']
[0.521s] Level 1:colcon.colcon_core.package_identification:_identify(src/Self-Driving-and-ROS-2-Learn-by-Doing-Plan-Navigation/Section3_Introduction_to_ROS_2/bumperbot_ws/src/bumperbot_utils) by extension 'ros'
[0.522s] DEBUG:colcon.colcon_core.package_identification:Package 'src/Self-Driving-and-ROS-2-Learn-by-Doing-Plan-Navigation/Section3_Introduction_to_ROS_2/bumperbot_ws/src/bumperbot_utils' with type 'ros.ament_cmake' and name 'bumperbot_utils'
[0.523s] Level 1:colcon.colcon_core.package_identification:_identify(src/Self-Driving-and-ROS-2-Learn-by-Doing-Plan-Navigation/Section4_Path_Planning) by extensions ['ignore', 'ignore_ament_install']
[0.523s] Level 1:colcon.colcon_core.package_identification:_identify(src/Self-Driving-and-ROS-2-Learn-by-Doing-Plan-Navigation/Section4_Path_Planning) by extension 'ignore'
[0.523s] Level 1:colcon.colcon_core.package_identification:_identify(src/Self-Driving-and-ROS-2-Learn-by-Doing-Plan-Navigation/Section4_Path_Planning) by extension 'ignore_ament_install'
[0.523s] Level 1:colcon.colcon_core.package_identification:_identify(src/Self-Driving-and-ROS-2-Learn-by-Doing-Plan-Navigation/Section4_Path_Planning) by extensions ['colcon_pkg']
[0.523s] Level 1:colcon.colcon_core.package_identification:_identify(src/Self-Driving-and-ROS-2-Learn-by-Doing-Plan-Navigation/Section4_Path_Planning) by extension 'colcon_pkg'
[0.523s] Level 1:colcon.colcon_core.package_identification:_identify(src/Self-Driving-and-ROS-2-Learn-by-Doing-Plan-Navigation/Section4_Path_Planning) by extensions ['colcon_meta']
[0.523s] Level 1:colcon.colcon_core.package_identification:_identify(src/Self-Driving-and-ROS-2-Learn-by-Doing-Plan-Navigation/Section4_Path_Planning) by extension 'colcon_meta'
[0.523s] Level 1:colcon.colcon_core.package_identification:_identify(src/Self-Driving-and-ROS-2-Learn-by-Doing-Plan-Navigation/Section4_Path_Planning) by extensions ['ros']
[0.523s] Level 1:colcon.colcon_core.package_identification:_identify(src/Self-Driving-and-ROS-2-Learn-by-Doing-Plan-Navigation/Section4_Path_Planning) by extension 'ros'
[0.523s] Level 1:colcon.colcon_core.package_identification:_identify(src/Self-Driving-and-ROS-2-Learn-by-Doing-Plan-Navigation/Section4_Path_Planning) by extensions ['cmake', 'python']
[0.523s] Level 1:colcon.colcon_core.package_identification:_identify(src/Self-Driving-and-ROS-2-Learn-by-Doing-Plan-Navigation/Section4_Path_Planning) by extension 'cmake'
[0.523s] Level 1:colcon.colcon_core.package_identification:_identify(src/Self-Driving-and-ROS-2-Learn-by-Doing-Plan-Navigation/Section4_Path_Planning) by extension 'python'
[0.523s] Level 1:colcon.colcon_core.package_identification:_identify(src/Self-Driving-and-ROS-2-Learn-by-Doing-Plan-Navigation/Section4_Path_Planning) by extensions ['python_setup_py']
[0.523s] Level 1:colcon.colcon_core.package_identification:_identify(src/Self-Driving-and-ROS-2-Learn-by-Doing-Plan-Navigation/Section4_Path_Planning) by extension 'python_setup_py'
[0.523s] Level 1:colcon.colcon_core.package_identification:_identify(src/Self-Driving-and-ROS-2-Learn-by-Doing-Plan-Navigation/Section4_Path_Planning/bumperbot_ws) by extensions ['ignore', 'ignore_ament_install']
[0.523s] Level 1:colcon.colcon_core.package_identification:_identify(src/Self-Driving-and-ROS-2-Learn-by-Doing-Plan-Navigation/Section4_Path_Planning/bumperbot_ws) by extension 'ignore'
[0.523s] Level 1:colcon.colcon_core.package_identification:_identify(src/Self-Driving-and-ROS-2-Learn-by-Doing-Plan-Navigation/Section4_Path_Planning/bumperbot_ws) by extension 'ignore_ament_install'
[0.523s] Level 1:colcon.colcon_core.package_identification:_identify(src/Self-Driving-and-ROS-2-Learn-by-Doing-Plan-Navigation/Section4_Path_Planning/bumperbot_ws) by extensions ['colcon_pkg']
[0.523s] Level 1:colcon.colcon_core.package_identification:_identify(src/Self-Driving-and-ROS-2-Learn-by-Doing-Plan-Navigation/Section4_Path_Planning/bumperbot_ws) by extension 'colcon_pkg'
[0.523s] Level 1:colcon.colcon_core.package_identification:_identify(src/Self-Driving-and-ROS-2-Learn-by-Doing-Plan-Navigation/Section4_Path_Planning/bumperbot_ws) by extensions ['colcon_meta']
[0.523s] Level 1:colcon.colcon_core.package_identification:_identify(src/Self-Driving-and-ROS-2-Learn-by-Doing-Plan-Navigation/Section4_Path_Planning/bumperbot_ws) by extension 'colcon_meta'
[0.523s] Level 1:colcon.colcon_core.package_identification:_identify(src/Self-Driving-and-ROS-2-Learn-by-Doing-Plan-Navigation/Section4_Path_Planning/bumperbot_ws) by extensions ['ros']
[0.523s] Level 1:colcon.colcon_core.package_identification:_identify(src/Self-Driving-and-ROS-2-Learn-by-Doing-Plan-Navigation/Section4_Path_Planning/bumperbot_ws) by extension 'ros'
[0.524s] Level 1:colcon.colcon_core.package_identification:_identify(src/Self-Driving-and-ROS-2-Learn-by-Doing-Plan-Navigation/Section4_Path_Planning/bumperbot_ws) by extensions ['cmake', 'python']
[0.524s] Level 1:colcon.colcon_core.package_identification:_identify(src/Self-Driving-and-ROS-2-Learn-by-Doing-Plan-Navigation/Section4_Path_Planning/bumperbot_ws) by extension 'cmake'
[0.524s] Level 1:colcon.colcon_core.package_identification:_identify(src/Self-Driving-and-ROS-2-Learn-by-Doing-Plan-Navigation/Section4_Path_Planning/bumperbot_ws) by extension 'python'
[0.524s] Level 1:colcon.colcon_core.package_identification:_identify(src/Self-Driving-and-ROS-2-Learn-by-Doing-Plan-Navigation/Section4_Path_Planning/bumperbot_ws) by extensions ['python_setup_py']
[0.524s] Level 1:colcon.colcon_core.package_identification:_identify(src/Self-Driving-and-ROS-2-Learn-by-Doing-Plan-Navigation/Section4_Path_Planning/bumperbot_ws) by extension 'python_setup_py'
[0.524s] Level 1:colcon.colcon_core.package_identification:_identify(src/Self-Driving-and-ROS-2-Learn-by-Doing-Plan-Navigation/Section4_Path_Planning/bumperbot_ws/src) by extensions ['ignore', 'ignore_ament_install']
[0.524s] Level 1:colcon.colcon_core.package_identification:_identify(src/Self-Driving-and-ROS-2-Learn-by-Doing-Plan-Navigation/Section4_Path_Planning/bumperbot_ws/src) by extension 'ignore'
[0.524s] Level 1:colcon.colcon_core.package_identification:_identify(src/Self-Driving-and-ROS-2-Learn-by-Doing-Plan-Navigation/Section4_Path_Planning/bumperbot_ws/src) by extension 'ignore_ament_install'
[0.524s] Level 1:colcon.colcon_core.package_identification:_identify(src/Self-Driving-and-ROS-2-Learn-by-Doing-Plan-Navigation/Section4_Path_Planning/bumperbot_ws/src) by extensions ['colcon_pkg']
[0.524s] Level 1:colcon.colcon_core.package_identification:_identify(src/Self-Driving-and-ROS-2-Learn-by-Doing-Plan-Navigation/Section4_Path_Planning/bumperbot_ws/src) by extension 'colcon_pkg'
[0.524s] Level 1:colcon.colcon_core.package_identification:_identify(src/Self-Driving-and-ROS-2-Learn-by-Doing-Plan-Navigation/Section4_Path_Planning/bumperbot_ws/src) by extensions ['colcon_meta']
[0.524s] Level 1:colcon.colcon_core.package_identification:_identify(src/Self-Driving-and-ROS-2-Learn-by-Doing-Plan-Navigation/Section4_Path_Planning/bumperbot_ws/src) by extension 'colcon_meta'
[0.524s] Level 1:colcon.colcon_core.package_identification:_identify(src/Self-Driving-and-ROS-2-Learn-by-Doing-Plan-Navigation/Section4_Path_Planning/bumperbot_ws/src) by extensions ['ros']
[0.524s] Level 1:colcon.colcon_core.package_identification:_identify(src/Self-Driving-and-ROS-2-Learn-by-Doing-Plan-Navigation/Section4_Path_Planning/bumperbot_ws/src) by extension 'ros'
[0.524s] Level 1:colcon.colcon_core.package_identification:_identify(src/Self-Driving-and-ROS-2-Learn-by-Doing-Plan-Navigation/Section4_Path_Planning/bumperbot_ws/src) by extensions ['cmake', 'python']
[0.524s] Level 1:colcon.colcon_core.package_identification:_identify(src/Self-Driving-and-ROS-2-Learn-by-Doing-Plan-Navigation/Section4_Path_Planning/bumperbot_ws/src) by extension 'cmake'
[0.524s] Level 1:colcon.colcon_core.package_identification:_identify(src/Self-Driving-and-ROS-2-Learn-by-Doing-Plan-Navigation/Section4_Path_Planning/bumperbot_ws/src) by extension 'python'
[0.524s] Level 1:colcon.colcon_core.package_identification:_identify(src/Self-Driving-and-ROS-2-Learn-by-Doing-Plan-Navigation/Section4_Path_Planning/bumperbot_ws/src) by extensions ['python_setup_py']
[0.524s] Level 1:colcon.colcon_core.package_identification:_identify(src/Self-Driving-and-ROS-2-Learn-by-Doing-Plan-Navigation/Section4_Path_Planning/bumperbot_ws/src) by extension 'python_setup_py'
[0.524s] Level 1:colcon.colcon_core.package_identification:_identify(src/Self-Driving-and-ROS-2-Learn-by-Doing-Plan-Navigation/Section4_Path_Planning/bumperbot_ws/src/bumperbot_bringup) by extensions ['ignore', 'ignore_ament_install']
[0.524s] Level 1:colcon.colcon_core.package_identification:_identify(src/Self-Driving-and-ROS-2-Learn-by-Doing-Plan-Navigation/Section4_Path_Planning/bumperbot_ws/src/bumperbot_bringup) by extension 'ignore'
[0.524s] Level 1:colcon.colcon_core.package_identification:_identify(src/Self-Driving-and-ROS-2-Learn-by-Doing-Plan-Navigation/Section4_Path_Planning/bumperbot_ws/src/bumperbot_bringup) by extension 'ignore_ament_install'
[0.524s] Level 1:colcon.colcon_core.package_identification:_identify(src/Self-Driving-and-ROS-2-Learn-by-Doing-Plan-Navigation/Section4_Path_Planning/bumperbot_ws/src/bumperbot_bringup) by extensions ['colcon_pkg']
[0.524s] Level 1:colcon.colcon_core.package_identification:_identify(src/Self-Driving-and-ROS-2-Learn-by-Doing-Plan-Navigation/Section4_Path_Planning/bumperbot_ws/src/bumperbot_bringup) by extension 'colcon_pkg'
[0.524s] Level 1:colcon.colcon_core.package_identification:_identify(src/Self-Driving-and-ROS-2-Learn-by-Doing-Plan-Navigation/Section4_Path_Planning/bumperbot_ws/src/bumperbot_bringup) by extensions ['colcon_meta']
[0.524s] Level 1:colcon.colcon_core.package_identification:_identify(src/Self-Driving-and-ROS-2-Learn-by-Doing-Plan-Navigation/Section4_Path_Planning/bumperbot_ws/src/bumperbot_bringup) by extension 'colcon_meta'
[0.525s] Level 1:colcon.colcon_core.package_identification:_identify(src/Self-Driving-and-ROS-2-Learn-by-Doing-Plan-Navigation/Section4_Path_Planning/bumperbot_ws/src/bumperbot_bringup) by extensions ['ros']
[0.525s] Level 1:colcon.colcon_core.package_identification:_identify(src/Self-Driving-and-ROS-2-Learn-by-Doing-Plan-Navigation/Section4_Path_Planning/bumperbot_ws/src/bumperbot_bringup) by extension 'ros'
[0.526s] DEBUG:colcon.colcon_core.package_identification:Package 'src/Self-Driving-and-ROS-2-Learn-by-Doing-Plan-Navigation/Section4_Path_Planning/bumperbot_ws/src/bumperbot_bringup' with type 'ros.ament_cmake' and name 'bumperbot_bringup'
[0.526s] Level 1:colcon.colcon_core.package_identification:_identify(src/Self-Driving-and-ROS-2-Learn-by-Doing-Plan-Navigation/Section4_Path_Planning/bumperbot_ws/src/bumperbot_controller) by extensions ['ignore', 'ignore_ament_install']
[0.526s] Level 1:colcon.colcon_core.package_identification:_identify(src/Self-Driving-and-ROS-2-Learn-by-Doing-Plan-Navigation/Section4_Path_Planning/bumperbot_ws/src/bumperbot_controller) by extension 'ignore'
[0.526s] Level 1:colcon.colcon_core.package_identification:_identify(src/Self-Driving-and-ROS-2-Learn-by-Doing-Plan-Navigation/Section4_Path_Planning/bumperbot_ws/src/bumperbot_controller) by extension 'ignore_ament_install'
[0.526s] Level 1:colcon.colcon_core.package_identification:_identify(src/Self-Driving-and-ROS-2-Learn-by-Doing-Plan-Navigation/Section4_Path_Planning/bumperbot_ws/src/bumperbot_controller) by extensions ['colcon_pkg']
[0.526s] Level 1:colcon.colcon_core.package_identification:_identify(src/Self-Driving-and-ROS-2-Learn-by-Doing-Plan-Navigation/Section4_Path_Planning/bumperbot_ws/src/bumperbot_controller) by extension 'colcon_pkg'
[0.526s] Level 1:colcon.colcon_core.package_identification:_identify(src/Self-Driving-and-ROS-2-Learn-by-Doing-Plan-Navigation/Section4_Path_Planning/bumperbot_ws/src/bumperbot_controller) by extensions ['colcon_meta']
[0.526s] Level 1:colcon.colcon_core.package_identification:_identify(src/Self-Driving-and-ROS-2-Learn-by-Doing-Plan-Navigation/Section4_Path_Planning/bumperbot_ws/src/bumperbot_controller) by extension 'colcon_meta'
[0.526s] Level 1:colcon.colcon_core.package_identification:_identify(src/Self-Driving-and-ROS-2-Learn-by-Doing-Plan-Navigation/Section4_Path_Planning/bumperbot_ws/src/bumperbot_controller) by extensions ['ros']
[0.526s] Level 1:colcon.colcon_core.package_identification:_identify(src/Self-Driving-and-ROS-2-Learn-by-Doing-Plan-Navigation/Section4_Path_Planning/bumperbot_ws/src/bumperbot_controller) by extension 'ros'
[0.527s] DEBUG:colcon.colcon_core.package_identification:Package 'src/Self-Driving-and-ROS-2-Learn-by-Doing-Plan-Navigation/Section4_Path_Planning/bumperbot_ws/src/bumperbot_controller' with type 'ros.ament_cmake' and name 'bumperbot_controller'
[0.528s] Level 1:colcon.colcon_core.package_identification:_identify(src/Self-Driving-and-ROS-2-Learn-by-Doing-Plan-Navigation/Section4_Path_Planning/bumperbot_ws/src/bumperbot_cpp_examples) by extensions ['ignore', 'ignore_ament_install']
[0.528s] Level 1:colcon.colcon_core.package_identification:_identify(src/Self-Driving-and-ROS-2-Learn-by-Doing-Plan-Navigation/Section4_Path_Planning/bumperbot_ws/src/bumperbot_cpp_examples) by extension 'ignore'
[0.528s] Level 1:colcon.colcon_core.package_identification:_identify(src/Self-Driving-and-ROS-2-Learn-by-Doing-Plan-Navigation/Section4_Path_Planning/bumperbot_ws/src/bumperbot_cpp_examples) by extension 'ignore_ament_install'
[0.528s] Level 1:colcon.colcon_core.package_identification:_identify(src/Self-Driving-and-ROS-2-Learn-by-Doing-Plan-Navigation/Section4_Path_Planning/bumperbot_ws/src/bumperbot_cpp_examples) by extensions ['colcon_pkg']
[0.528s] Level 1:colcon.colcon_core.package_identification:_identify(src/Self-Driving-and-ROS-2-Learn-by-Doing-Plan-Navigation/Section4_Path_Planning/bumperbot_ws/src/bumperbot_cpp_examples) by extension 'colcon_pkg'
[0.528s] Level 1:colcon.colcon_core.package_identification:_identify(src/Self-Driving-and-ROS-2-Learn-by-Doing-Plan-Navigation/Section4_Path_Planning/bumperbot_ws/src/bumperbot_cpp_examples) by extensions ['colcon_meta']
[0.528s] Level 1:colcon.colcon_core.package_identification:_identify(src/Self-Driving-and-ROS-2-Learn-by-Doing-Plan-Navigation/Section4_Path_Planning/bumperbot_ws/src/bumperbot_cpp_examples) by extension 'colcon_meta'
[0.528s] Level 1:colcon.colcon_core.package_identification:_identify(src/Self-Driving-and-ROS-2-Learn-by-Doing-Plan-Navigation/Section4_Path_Planning/bumperbot_ws/src/bumperbot_cpp_examples) by extensions ['ros']
[0.528s] Level 1:colcon.colcon_core.package_identification:_identify(src/Self-Driving-and-ROS-2-Learn-by-Doing-Plan-Navigation/Section4_Path_Planning/bumperbot_ws/src/bumperbot_cpp_examples) by extension 'ros'
[0.530s] DEBUG:colcon.colcon_core.package_identification:Package 'src/Self-Driving-and-ROS-2-Learn-by-Doing-Plan-Navigation/Section4_Path_Planning/bumperbot_ws/src/bumperbot_cpp_examples' with type 'ros.ament_cmake' and name 'bumperbot_cpp_examples'
[0.530s] Level 1:colcon.colcon_core.package_identification:_identify(src/Self-Driving-and-ROS-2-Learn-by-Doing-Plan-Navigation/Section4_Path_Planning/bumperbot_ws/src/bumperbot_description) by extensions ['ignore', 'ignore_ament_install']
[0.530s] Level 1:colcon.colcon_core.package_identification:_identify(src/Self-Driving-and-ROS-2-Learn-by-Doing-Plan-Navigation/Section4_Path_Planning/bumperbot_ws/src/bumperbot_description) by extension 'ignore'
[0.530s] Level 1:colcon.colcon_core.package_identification:_identify(src/Self-Driving-and-ROS-2-Learn-by-Doing-Plan-Navigation/Section4_Path_Planning/bumperbot_ws/src/bumperbot_description) by extension 'ignore_ament_install'
[0.530s] Level 1:colcon.colcon_core.package_identification:_identify(src/Self-Driving-and-ROS-2-Learn-by-Doing-Plan-Navigation/Section4_Path_Planning/bumperbot_ws/src/bumperbot_description) by extensions ['colcon_pkg']
[0.530s] Level 1:colcon.colcon_core.package_identification:_identify(src/Self-Driving-and-ROS-2-Learn-by-Doing-Plan-Navigation/Section4_Path_Planning/bumperbot_ws/src/bumperbot_description) by extension 'colcon_pkg'
[0.530s] Level 1:colcon.colcon_core.package_identification:_identify(src/Self-Driving-and-ROS-2-Learn-by-Doing-Plan-Navigation/Section4_Path_Planning/bumperbot_ws/src/bumperbot_description) by extensions ['colcon_meta']
[0.530s] Level 1:colcon.colcon_core.package_identification:_identify(src/Self-Driving-and-ROS-2-Learn-by-Doing-Plan-Navigation/Section4_Path_Planning/bumperbot_ws/src/bumperbot_description) by extension 'colcon_meta'
[0.530s] Level 1:colcon.colcon_core.package_identification:_identify(src/Self-Driving-and-ROS-2-Learn-by-Doing-Plan-Navigation/Section4_Path_Planning/bumperbot_ws/src/bumperbot_description) by extensions ['ros']
[0.530s] Level 1:colcon.colcon_core.package_identification:_identify(src/Self-Driving-and-ROS-2-Learn-by-Doing-Plan-Navigation/Section4_Path_Planning/bumperbot_ws/src/bumperbot_description) by extension 'ros'
[0.532s] DEBUG:colcon.colcon_core.package_identification:Package 'src/Self-Driving-and-ROS-2-Learn-by-Doing-Plan-Navigation/Section4_Path_Planning/bumperbot_ws/src/bumperbot_description' with type 'ros.ament_cmake' and name 'bumperbot_description'
[0.532s] Level 1:colcon.colcon_core.package_identification:_identify(src/Self-Driving-and-ROS-2-Learn-by-Doing-Plan-Navigation/Section4_Path_Planning/bumperbot_ws/src/bumperbot_firmware) by extensions ['ignore', 'ignore_ament_install']
[0.532s] Level 1:colcon.colcon_core.package_identification:_identify(src/Self-Driving-and-ROS-2-Learn-by-Doing-Plan-Navigation/Section4_Path_Planning/bumperbot_ws/src/bumperbot_firmware) by extension 'ignore'
[0.532s] Level 1:colcon.colcon_core.package_identification:_identify(src/Self-Driving-and-ROS-2-Learn-by-Doing-Plan-Navigation/Section4_Path_Planning/bumperbot_ws/src/bumperbot_firmware) by extension 'ignore_ament_install'
[0.532s] Level 1:colcon.colcon_core.package_identification:_identify(src/Self-Driving-and-ROS-2-Learn-by-Doing-Plan-Navigation/Section4_Path_Planning/bumperbot_ws/src/bumperbot_firmware) by extensions ['colcon_pkg']
[0.532s] Level 1:colcon.colcon_core.package_identification:_identify(src/Self-Driving-and-ROS-2-Learn-by-Doing-Plan-Navigation/Section4_Path_Planning/bumperbot_ws/src/bumperbot_firmware) by extension 'colcon_pkg'
[0.532s] Level 1:colcon.colcon_core.package_identification:_identify(src/Self-Driving-and-ROS-2-Learn-by-Doing-Plan-Navigation/Section4_Path_Planning/bumperbot_ws/src/bumperbot_firmware) by extensions ['colcon_meta']
[0.532s] Level 1:colcon.colcon_core.package_identification:_identify(src/Self-Driving-and-ROS-2-Learn-by-Doing-Plan-Navigation/Section4_Path_Planning/bumperbot_ws/src/bumperbot_firmware) by extension 'colcon_meta'
[0.532s] Level 1:colcon.colcon_core.package_identification:_identify(src/Self-Driving-and-ROS-2-Learn-by-Doing-Plan-Navigation/Section4_Path_Planning/bumperbot_ws/src/bumperbot_firmware) by extensions ['ros']
[0.532s] Level 1:colcon.colcon_core.package_identification:_identify(src/Self-Driving-and-ROS-2-Learn-by-Doing-Plan-Navigation/Section4_Path_Planning/bumperbot_ws/src/bumperbot_firmware) by extension 'ros'
[0.534s] DEBUG:colcon.colcon_core.package_identification:Package 'src/Self-Driving-and-ROS-2-Learn-by-Doing-Plan-Navigation/Section4_Path_Planning/bumperbot_ws/src/bumperbot_firmware' with type 'ros.ament_cmake' and name 'bumperbot_firmware'
[0.534s] Level 1:colcon.colcon_core.package_identification:_identify(src/Self-Driving-and-ROS-2-Learn-by-Doing-Plan-Navigation/Section4_Path_Planning/bumperbot_ws/src/bumperbot_localization) by extensions ['ignore', 'ignore_ament_install']
[0.534s] Level 1:colcon.colcon_core.package_identification:_identify(src/Self-Driving-and-ROS-2-Learn-by-Doing-Plan-Navigation/Section4_Path_Planning/bumperbot_ws/src/bumperbot_localization) by extension 'ignore'
[0.534s] Level 1:colcon.colcon_core.package_identification:_identify(src/Self-Driving-and-ROS-2-Learn-by-Doing-Plan-Navigation/Section4_Path_Planning/bumperbot_ws/src/bumperbot_localization) by extension 'ignore_ament_install'
[0.535s] Level 1:colcon.colcon_core.package_identification:_identify(src/Self-Driving-and-ROS-2-Learn-by-Doing-Plan-Navigation/Section4_Path_Planning/bumperbot_ws/src/bumperbot_localization) by extensions ['colcon_pkg']
[0.535s] Level 1:colcon.colcon_core.package_identification:_identify(src/Self-Driving-and-ROS-2-Learn-by-Doing-Plan-Navigation/Section4_Path_Planning/bumperbot_ws/src/bumperbot_localization) by extension 'colcon_pkg'
[0.535s] Level 1:colcon.colcon_core.package_identification:_identify(src/Self-Driving-and-ROS-2-Learn-by-Doing-Plan-Navigation/Section4_Path_Planning/bumperbot_ws/src/bumperbot_localization) by extensions ['colcon_meta']
[0.535s] Level 1:colcon.colcon_core.package_identification:_identify(src/Self-Driving-and-ROS-2-Learn-by-Doing-Plan-Navigation/Section4_Path_Planning/bumperbot_ws/src/bumperbot_localization) by extension 'colcon_meta'
[0.535s] Level 1:colcon.colcon_core.package_identification:_identify(src/Self-Driving-and-ROS-2-Learn-by-Doing-Plan-Navigation/Section4_Path_Planning/bumperbot_ws/src/bumperbot_localization) by extensions ['ros']
[0.535s] Level 1:colcon.colcon_core.package_identification:_identify(src/Self-Driving-and-ROS-2-Learn-by-Doing-Plan-Navigation/Section4_Path_Planning/bumperbot_ws/src/bumperbot_localization) by extension 'ros'
[0.537s] DEBUG:colcon.colcon_core.package_identification:Package 'src/Self-Driving-and-ROS-2-Learn-by-Doing-Plan-Navigation/Section4_Path_Planning/bumperbot_ws/src/bumperbot_localization' with type 'ros.ament_cmake' and name 'bumperbot_localization'
[0.537s] Level 1:colcon.colcon_core.package_identification:_identify(src/Self-Driving-and-ROS-2-Learn-by-Doing-Plan-Navigation/Section4_Path_Planning/bumperbot_ws/src/bumperbot_mapping) by extensions ['ignore', 'ignore_ament_install']
[0.537s] Level 1:colcon.colcon_core.package_identification:_identify(src/Self-Driving-and-ROS-2-Learn-by-Doing-Plan-Navigation/Section4_Path_Planning/bumperbot_ws/src/bumperbot_mapping) by extension 'ignore'
[0.537s] Level 1:colcon.colcon_core.package_identification:_identify(src/Self-Driving-and-ROS-2-Learn-by-Doing-Plan-Navigation/Section4_Path_Planning/bumperbot_ws/src/bumperbot_mapping) by extension 'ignore_ament_install'
[0.537s] Level 1:colcon.colcon_core.package_identification:_identify(src/Self-Driving-and-ROS-2-Learn-by-Doing-Plan-Navigation/Section4_Path_Planning/bumperbot_ws/src/bumperbot_mapping) by extensions ['colcon_pkg']
[0.537s] Level 1:colcon.colcon_core.package_identification:_identify(src/Self-Driving-and-ROS-2-Learn-by-Doing-Plan-Navigation/Section4_Path_Planning/bumperbot_ws/src/bumperbot_mapping) by extension 'colcon_pkg'
[0.537s] Level 1:colcon.colcon_core.package_identification:_identify(src/Self-Driving-and-ROS-2-Learn-by-Doing-Plan-Navigation/Section4_Path_Planning/bumperbot_ws/src/bumperbot_mapping) by extensions ['colcon_meta']
[0.537s] Level 1:colcon.colcon_core.package_identification:_identify(src/Self-Driving-and-ROS-2-Learn-by-Doing-Plan-Navigation/Section4_Path_Planning/bumperbot_ws/src/bumperbot_mapping) by extension 'colcon_meta'
[0.537s] Level 1:colcon.colcon_core.package_identification:_identify(src/Self-Driving-and-ROS-2-Learn-by-Doing-Plan-Navigation/Section4_Path_Planning/bumperbot_ws/src/bumperbot_mapping) by extensions ['ros']
[0.537s] Level 1:colcon.colcon_core.package_identification:_identify(src/Self-Driving-and-ROS-2-Learn-by-Doing-Plan-Navigation/Section4_Path_Planning/bumperbot_ws/src/bumperbot_mapping) by extension 'ros'
[0.539s] DEBUG:colcon.colcon_core.package_identification:Package 'src/Self-Driving-and-ROS-2-Learn-by-Doing-Plan-Navigation/Section4_Path_Planning/bumperbot_ws/src/bumperbot_mapping' with type 'ros.ament_cmake' and name 'bumperbot_mapping'
[0.539s] Level 1:colcon.colcon_core.package_identification:_identify(src/Self-Driving-and-ROS-2-Learn-by-Doing-Plan-Navigation/Section4_Path_Planning/bumperbot_ws/src/bumperbot_msgs) by extensions ['ignore', 'ignore_ament_install']
[0.539s] Level 1:colcon.colcon_core.package_identification:_identify(src/Self-Driving-and-ROS-2-Learn-by-Doing-Plan-Navigation/Section4_Path_Planning/bumperbot_ws/src/bumperbot_msgs) by extension 'ignore'
[0.539s] Level 1:colcon.colcon_core.package_identification:_identify(src/Self-Driving-and-ROS-2-Learn-by-Doing-Plan-Navigation/Section4_Path_Planning/bumperbot_ws/src/bumperbot_msgs) by extension 'ignore_ament_install'
[0.540s] Level 1:colcon.colcon_core.package_identification:_identify(src/Self-Driving-and-ROS-2-Learn-by-Doing-Plan-Navigation/Section4_Path_Planning/bumperbot_ws/src/bumperbot_msgs) by extensions ['colcon_pkg']
[0.540s] Level 1:colcon.colcon_core.package_identification:_identify(src/Self-Driving-and-ROS-2-Learn-by-Doing-Plan-Navigation/Section4_Path_Planning/bumperbot_ws/src/bumperbot_msgs) by extension 'colcon_pkg'
[0.540s] Level 1:colcon.colcon_core.package_identification:_identify(src/Self-Driving-and-ROS-2-Learn-by-Doing-Plan-Navigation/Section4_Path_Planning/bumperbot_ws/src/bumperbot_msgs) by extensions ['colcon_meta']
[0.540s] Level 1:colcon.colcon_core.package_identification:_identify(src/Self-Driving-and-ROS-2-Learn-by-Doing-Plan-Navigation/Section4_Path_Planning/bumperbot_ws/src/bumperbot_msgs) by extension 'colcon_meta'
[0.540s] Level 1:colcon.colcon_core.package_identification:_identify(src/Self-Driving-and-ROS-2-Learn-by-Doing-Plan-Navigation/Section4_Path_Planning/bumperbot_ws/src/bumperbot_msgs) by extensions ['ros']
[0.540s] Level 1:colcon.colcon_core.package_identification:_identify(src/Self-Driving-and-ROS-2-Learn-by-Doing-Plan-Navigation/Section4_Path_Planning/bumperbot_ws/src/bumperbot_msgs) by extension 'ros'
[0.541s] DEBUG:colcon.colcon_core.package_identification:Package 'src/Self-Driving-and-ROS-2-Learn-by-Doing-Plan-Navigation/Section4_Path_Planning/bumperbot_ws/src/bumperbot_msgs' with type 'ros.ament_cmake' and name 'bumperbot_msgs'
[0.541s] Level 1:colcon.colcon_core.package_identification:_identify(src/Self-Driving-and-ROS-2-Learn-by-Doing-Plan-Navigation/Section4_Path_Planning/bumperbot_ws/src/bumperbot_planning) by extensions ['ignore', 'ignore_ament_install']
[0.541s] Level 1:colcon.colcon_core.package_identification:_identify(src/Self-Driving-and-ROS-2-Learn-by-Doing-Plan-Navigation/Section4_Path_Planning/bumperbot_ws/src/bumperbot_planning) by extension 'ignore'
[0.541s] Level 1:colcon.colcon_core.package_identification:_identify(src/Self-Driving-and-ROS-2-Learn-by-Doing-Plan-Navigation/Section4_Path_Planning/bumperbot_ws/src/bumperbot_planning) by extension 'ignore_ament_install'
[0.541s] Level 1:colcon.colcon_core.package_identification:_identify(src/Self-Driving-and-ROS-2-Learn-by-Doing-Plan-Navigation/Section4_Path_Planning/bumperbot_ws/src/bumperbot_planning) by extensions ['colcon_pkg']
[0.541s] Level 1:colcon.colcon_core.package_identification:_identify(src/Self-Driving-and-ROS-2-Learn-by-Doing-Plan-Navigation/Section4_Path_Planning/bumperbot_ws/src/bumperbot_planning) by extension 'colcon_pkg'
[0.541s] Level 1:colcon.colcon_core.package_identification:_identify(src/Self-Driving-and-ROS-2-Learn-by-Doing-Plan-Navigation/Section4_Path_Planning/bumperbot_ws/src/bumperbot_planning) by extensions ['colcon_meta']
[0.541s] Level 1:colcon.colcon_core.package_identification:_identify(src/Self-Driving-and-ROS-2-Learn-by-Doing-Plan-Navigation/Section4_Path_Planning/bumperbot_ws/src/bumperbot_planning) by extension 'colcon_meta'
[0.541s] Level 1:colcon.colcon_core.package_identification:_identify(src/Self-Driving-and-ROS-2-Learn-by-Doing-Plan-Navigation/Section4_Path_Planning/bumperbot_ws/src/bumperbot_planning) by extensions ['ros']
[0.541s] Level 1:colcon.colcon_core.package_identification:_identify(src/Self-Driving-and-ROS-2-Learn-by-Doing-Plan-Navigation/Section4_Path_Planning/bumperbot_ws/src/bumperbot_planning) by extension 'ros'
[0.542s] DEBUG:colcon.colcon_core.package_identification:Package 'src/Self-Driving-and-ROS-2-Learn-by-Doing-Plan-Navigation/Section4_Path_Planning/bumperbot_ws/src/bumperbot_planning' with type 'ros.ament_cmake' and name 'bumperbot_planning'
[0.542s] Level 1:colcon.colcon_core.package_identification:_identify(src/Self-Driving-and-ROS-2-Learn-by-Doing-Plan-Navigation/Section4_Path_Planning/bumperbot_ws/src/bumperbot_py_examples) by extensions ['ignore', 'ignore_ament_install']
[0.542s] Level 1:colcon.colcon_core.package_identification:_identify(src/Self-Driving-and-ROS-2-Learn-by-Doing-Plan-Navigation/Section4_Path_Planning/bumperbot_ws/src/bumperbot_py_examples) by extension 'ignore'
[0.542s] Level 1:colcon.colcon_core.package_identification:_identify(src/Self-Driving-and-ROS-2-Learn-by-Doing-Plan-Navigation/Section4_Path_Planning/bumperbot_ws/src/bumperbot_py_examples) by extension 'ignore_ament_install'
[0.543s] Level 1:colcon.colcon_core.package_identification:_identify(src/Self-Driving-and-ROS-2-Learn-by-Doing-Plan-Navigation/Section4_Path_Planning/bumperbot_ws/src/bumperbot_py_examples) by extensions ['colcon_pkg']
[0.543s] Level 1:colcon.colcon_core.package_identification:_identify(src/Self-Driving-and-ROS-2-Learn-by-Doing-Plan-Navigation/Section4_Path_Planning/bumperbot_ws/src/bumperbot_py_examples) by extension 'colcon_pkg'
[0.543s] Level 1:colcon.colcon_core.package_identification:_identify(src/Self-Driving-and-ROS-2-Learn-by-Doing-Plan-Navigation/Section4_Path_Planning/bumperbot_ws/src/bumperbot_py_examples) by extensions ['colcon_meta']
[0.543s] Level 1:colcon.colcon_core.package_identification:_identify(src/Self-Driving-and-ROS-2-Learn-by-Doing-Plan-Navigation/Section4_Path_Planning/bumperbot_ws/src/bumperbot_py_examples) by extension 'colcon_meta'
[0.543s] Level 1:colcon.colcon_core.package_identification:_identify(src/Self-Driving-and-ROS-2-Learn-by-Doing-Plan-Navigation/Section4_Path_Planning/bumperbot_ws/src/bumperbot_py_examples) by extensions ['ros']
[0.543s] Level 1:colcon.colcon_core.package_identification:_identify(src/Self-Driving-and-ROS-2-Learn-by-Doing-Plan-Navigation/Section4_Path_Planning/bumperbot_ws/src/bumperbot_py_examples) by extension 'ros'
[0.545s] DEBUG:colcon.colcon_core.package_identification:Package 'src/Self-Driving-and-ROS-2-Learn-by-Doing-Plan-Navigation/Section4_Path_Planning/bumperbot_ws/src/bumperbot_py_examples' with type 'ros.ament_python' and name 'bumperbot_py_examples'
[0.545s] Level 1:colcon.colcon_core.package_identification:_identify(src/Self-Driving-and-ROS-2-Learn-by-Doing-Plan-Navigation/Section4_Path_Planning/bumperbot_ws/src/bumperbot_utils) by extensions ['ignore', 'ignore_ament_install']
[0.545s] Level 1:colcon.colcon_core.package_identification:_identify(src/Self-Driving-and-ROS-2-Learn-by-Doing-Plan-Navigation/Section4_Path_Planning/bumperbot_ws/src/bumperbot_utils) by extension 'ignore'
[0.545s] Level 1:colcon.colcon_core.package_identification:_identify(src/Self-Driving-and-ROS-2-Learn-by-Doing-Plan-Navigation/Section4_Path_Planning/bumperbot_ws/src/bumperbot_utils) by extension 'ignore_ament_install'
[0.545s] Level 1:colcon.colcon_core.package_identification:_identify(src/Self-Driving-and-ROS-2-Learn-by-Doing-Plan-Navigation/Section4_Path_Planning/bumperbot_ws/src/bumperbot_utils) by extensions ['colcon_pkg']
[0.545s] Level 1:colcon.colcon_core.package_identification:_identify(src/Self-Driving-and-ROS-2-Learn-by-Doing-Plan-Navigation/Section4_Path_Planning/bumperbot_ws/src/bumperbot_utils) by extension 'colcon_pkg'
[0.545s] Level 1:colcon.colcon_core.package_identification:_identify(src/Self-Driving-and-ROS-2-Learn-by-Doing-Plan-Navigation/Section4_Path_Planning/bumperbot_ws/src/bumperbot_utils) by extensions ['colcon_meta']
[0.545s] Level 1:colcon.colcon_core.package_identification:_identify(src/Self-Driving-and-ROS-2-Learn-by-Doing-Plan-Navigation/Section4_Path_Planning/bumperbot_ws/src/bumperbot_utils) by extension 'colcon_meta'
[0.546s] Level 1:colcon.colcon_core.package_identification:_identify(src/Self-Driving-and-ROS-2-Learn-by-Doing-Plan-Navigation/Section4_Path_Planning/bumperbot_ws/src/bumperbot_utils) by extensions ['ros']
[0.546s] Level 1:colcon.colcon_core.package_identification:_identify(src/Self-Driving-and-ROS-2-Learn-by-Doing-Plan-Navigation/Section4_Path_Planning/bumperbot_ws/src/bumperbot_utils) by extension 'ros'
[0.547s] DEBUG:colcon.colcon_core.package_identification:Package 'src/Self-Driving-and-ROS-2-Learn-by-Doing-Plan-Navigation/Section4_Path_Planning/bumperbot_ws/src/bumperbot_utils' with type 'ros.ament_cmake' and name 'bumperbot_utils'
[0.547s] Level 1:colcon.colcon_core.package_identification:_identify(src/Self-Driving-and-ROS-2-Learn-by-Doing-Plan-Navigation/Section5_Motion_Planning) by extensions ['ignore', 'ignore_ament_install']
[0.548s] Level 1:colcon.colcon_core.package_identification:_identify(src/Self-Driving-and-ROS-2-Learn-by-Doing-Plan-Navigation/Section5_Motion_Planning) by extension 'ignore'
[0.548s] Level 1:colcon.colcon_core.package_identification:_identify(src/Self-Driving-and-ROS-2-Learn-by-Doing-Plan-Navigation/Section5_Motion_Planning) by extension 'ignore_ament_install'
[0.548s] Level 1:colcon.colcon_core.package_identification:_identify(src/Self-Driving-and-ROS-2-Learn-by-Doing-Plan-Navigation/Section5_Motion_Planning) by extensions ['colcon_pkg']
[0.548s] Level 1:colcon.colcon_core.package_identification:_identify(src/Self-Driving-and-ROS-2-Learn-by-Doing-Plan-Navigation/Section5_Motion_Planning) by extension 'colcon_pkg'
[0.548s] Level 1:colcon.colcon_core.package_identification:_identify(src/Self-Driving-and-ROS-2-Learn-by-Doing-Plan-Navigation/Section5_Motion_Planning) by extensions ['colcon_meta']
[0.548s] Level 1:colcon.colcon_core.package_identification:_identify(src/Self-Driving-and-ROS-2-Learn-by-Doing-Plan-Navigation/Section5_Motion_Planning) by extension 'colcon_meta'
[0.548s] Level 1:colcon.colcon_core.package_identification:_identify(src/Self-Driving-and-ROS-2-Learn-by-Doing-Plan-Navigation/Section5_Motion_Planning) by extensions ['ros']
[0.548s] Level 1:colcon.colcon_core.package_identification:_identify(src/Self-Driving-and-ROS-2-Learn-by-Doing-Plan-Navigation/Section5_Motion_Planning) by extension 'ros'
[0.548s] Level 1:colcon.colcon_core.package_identification:_identify(src/Self-Driving-and-ROS-2-Learn-by-Doing-Plan-Navigation/Section5_Motion_Planning) by extensions ['cmake', 'python']
[0.548s] Level 1:colcon.colcon_core.package_identification:_identify(src/Self-Driving-and-ROS-2-Learn-by-Doing-Plan-Navigation/Section5_Motion_Planning) by extension 'cmake'
[0.548s] Level 1:colcon.colcon_core.package_identification:_identify(src/Self-Driving-and-ROS-2-Learn-by-Doing-Plan-Navigation/Section5_Motion_Planning) by extension 'python'
[0.548s] Level 1:colcon.colcon_core.package_identification:_identify(src/Self-Driving-and-ROS-2-Learn-by-Doing-Plan-Navigation/Section5_Motion_Planning) by extensions ['python_setup_py']
[0.548s] Level 1:colcon.colcon_core.package_identification:_identify(src/Self-Driving-and-ROS-2-Learn-by-Doing-Plan-Navigation/Section5_Motion_Planning) by extension 'python_setup_py'
[0.548s] Level 1:colcon.colcon_core.package_identification:_identify(src/Self-Driving-and-ROS-2-Learn-by-Doing-Plan-Navigation/Section5_Motion_Planning/bumperbot_ws) by extensions ['ignore', 'ignore_ament_install']
[0.548s] Level 1:colcon.colcon_core.package_identification:_identify(src/Self-Driving-and-ROS-2-Learn-by-Doing-Plan-Navigation/Section5_Motion_Planning/bumperbot_ws) by extension 'ignore'
[0.548s] Level 1:colcon.colcon_core.package_identification:_identify(src/Self-Driving-and-ROS-2-Learn-by-Doing-Plan-Navigation/Section5_Motion_Planning/bumperbot_ws) by extension 'ignore_ament_install'
[0.548s] Level 1:colcon.colcon_core.package_identification:_identify(src/Self-Driving-and-ROS-2-Learn-by-Doing-Plan-Navigation/Section5_Motion_Planning/bumperbot_ws) by extensions ['colcon_pkg']
[0.548s] Level 1:colcon.colcon_core.package_identification:_identify(src/Self-Driving-and-ROS-2-Learn-by-Doing-Plan-Navigation/Section5_Motion_Planning/bumperbot_ws) by extension 'colcon_pkg'
[0.548s] Level 1:colcon.colcon_core.package_identification:_identify(src/Self-Driving-and-ROS-2-Learn-by-Doing-Plan-Navigation/Section5_Motion_Planning/bumperbot_ws) by extensions ['colcon_meta']
[0.548s] Level 1:colcon.colcon_core.package_identification:_identify(src/Self-Driving-and-ROS-2-Learn-by-Doing-Plan-Navigation/Section5_Motion_Planning/bumperbot_ws) by extension 'colcon_meta'
[0.548s] Level 1:colcon.colcon_core.package_identification:_identify(src/Self-Driving-and-ROS-2-Learn-by-Doing-Plan-Navigation/Section5_Motion_Planning/bumperbot_ws) by extensions ['ros']
[0.548s] Level 1:colcon.colcon_core.package_identification:_identify(src/Self-Driving-and-ROS-2-Learn-by-Doing-Plan-Navigation/Section5_Motion_Planning/bumperbot_ws) by extension 'ros'
[0.548s] Level 1:colcon.colcon_core.package_identification:_identify(src/Self-Driving-and-ROS-2-Learn-by-Doing-Plan-Navigation/Section5_Motion_Planning/bumperbot_ws) by extensions ['cmake', 'python']
[0.548s] Level 1:colcon.colcon_core.package_identification:_identify(src/Self-Driving-and-ROS-2-Learn-by-Doing-Plan-Navigation/Section5_Motion_Planning/bumperbot_ws) by extension 'cmake'
[0.548s] Level 1:colcon.colcon_core.package_identification:_identify(src/Self-Driving-and-ROS-2-Learn-by-Doing-Plan-Navigation/Section5_Motion_Planning/bumperbot_ws) by extension 'python'
[0.548s] Level 1:colcon.colcon_core.package_identification:_identify(src/Self-Driving-and-ROS-2-Learn-by-Doing-Plan-Navigation/Section5_Motion_Planning/bumperbot_ws) by extensions ['python_setup_py']
[0.548s] Level 1:colcon.colcon_core.package_identification:_identify(src/Self-Driving-and-ROS-2-Learn-by-Doing-Plan-Navigation/Section5_Motion_Planning/bumperbot_ws) by extension 'python_setup_py'
[0.548s] Level 1:colcon.colcon_core.package_identification:_identify(src/Self-Driving-and-ROS-2-Learn-by-Doing-Plan-Navigation/Section5_Motion_Planning/bumperbot_ws/src) by extensions ['ignore', 'ignore_ament_install']
[0.548s] Level 1:colcon.colcon_core.package_identification:_identify(src/Self-Driving-and-ROS-2-Learn-by-Doing-Plan-Navigation/Section5_Motion_Planning/bumperbot_ws/src) by extension 'ignore'
[0.549s] Level 1:colcon.colcon_core.package_identification:_identify(src/Self-Driving-and-ROS-2-Learn-by-Doing-Plan-Navigation/Section5_Motion_Planning/bumperbot_ws/src) by extension 'ignore_ament_install'
[0.549s] Level 1:colcon.colcon_core.package_identification:_identify(src/Self-Driving-and-ROS-2-Learn-by-Doing-Plan-Navigation/Section5_Motion_Planning/bumperbot_ws/src) by extensions ['colcon_pkg']
[0.549s] Level 1:colcon.colcon_core.package_identification:_identify(src/Self-Driving-and-ROS-2-Learn-by-Doing-Plan-Navigation/Section5_Motion_Planning/bumperbot_ws/src) by extension 'colcon_pkg'
[0.549s] Level 1:colcon.colcon_core.package_identification:_identify(src/Self-Driving-and-ROS-2-Learn-by-Doing-Plan-Navigation/Section5_Motion_Planning/bumperbot_ws/src) by extensions ['colcon_meta']
[0.549s] Level 1:colcon.colcon_core.package_identification:_identify(src/Self-Driving-and-ROS-2-Learn-by-Doing-Plan-Navigation/Section5_Motion_Planning/bumperbot_ws/src) by extension 'colcon_meta'
[0.549s] Level 1:colcon.colcon_core.package_identification:_identify(src/Self-Driving-and-ROS-2-Learn-by-Doing-Plan-Navigation/Section5_Motion_Planning/bumperbot_ws/src) by extensions ['ros']
[0.549s] Level 1:colcon.colcon_core.package_identification:_identify(src/Self-Driving-and-ROS-2-Learn-by-Doing-Plan-Navigation/Section5_Motion_Planning/bumperbot_ws/src) by extension 'ros'
[0.549s] Level 1:colcon.colcon_core.package_identification:_identify(src/Self-Driving-and-ROS-2-Learn-by-Doing-Plan-Navigation/Section5_Motion_Planning/bumperbot_ws/src) by extensions ['cmake', 'python']
[0.549s] Level 1:colcon.colcon_core.package_identification:_identify(src/Self-Driving-and-ROS-2-Learn-by-Doing-Plan-Navigation/Section5_Motion_Planning/bumperbot_ws/src) by extension 'cmake'
[0.549s] Level 1:colcon.colcon_core.package_identification:_identify(src/Self-Driving-and-ROS-2-Learn-by-Doing-Plan-Navigation/Section5_Motion_Planning/bumperbot_ws/src) by extension 'python'
[0.549s] Level 1:colcon.colcon_core.package_identification:_identify(src/Self-Driving-and-ROS-2-Learn-by-Doing-Plan-Navigation/Section5_Motion_Planning/bumperbot_ws/src) by extensions ['python_setup_py']
[0.549s] Level 1:colcon.colcon_core.package_identification:_identify(src/Self-Driving-and-ROS-2-Learn-by-Doing-Plan-Navigation/Section5_Motion_Planning/bumperbot_ws/src) by extension 'python_setup_py'
[0.549s] Level 1:colcon.colcon_core.package_identification:_identify(src/Self-Driving-and-ROS-2-Learn-by-Doing-Plan-Navigation/Section5_Motion_Planning/bumperbot_ws/src/bumperbot_bringup) by extensions ['ignore', 'ignore_ament_install']
[0.550s] Level 1:colcon.colcon_core.package_identification:_identify(src/Self-Driving-and-ROS-2-Learn-by-Doing-Plan-Navigation/Section5_Motion_Planning/bumperbot_ws/src/bumperbot_bringup) by extension 'ignore'
[0.550s] Level 1:colcon.colcon_core.package_identification:_identify(src/Self-Driving-and-ROS-2-Learn-by-Doing-Plan-Navigation/Section5_Motion_Planning/bumperbot_ws/src/bumperbot_bringup) by extension 'ignore_ament_install'
[0.550s] Level 1:colcon.colcon_core.package_identification:_identify(src/Self-Driving-and-ROS-2-Learn-by-Doing-Plan-Navigation/Section5_Motion_Planning/bumperbot_ws/src/bumperbot_bringup) by extensions ['colcon_pkg']
[0.550s] Level 1:colcon.colcon_core.package_identification:_identify(src/Self-Driving-and-ROS-2-Learn-by-Doing-Plan-Navigation/Section5_Motion_Planning/bumperbot_ws/src/bumperbot_bringup) by extension 'colcon_pkg'
[0.550s] Level 1:colcon.colcon_core.package_identification:_identify(src/Self-Driving-and-ROS-2-Learn-by-Doing-Plan-Navigation/Section5_Motion_Planning/bumperbot_ws/src/bumperbot_bringup) by extensions ['colcon_meta']
[0.550s] Level 1:colcon.colcon_core.package_identification:_identify(src/Self-Driving-and-ROS-2-Learn-by-Doing-Plan-Navigation/Section5_Motion_Planning/bumperbot_ws/src/bumperbot_bringup) by extension 'colcon_meta'
[0.550s] Level 1:colcon.colcon_core.package_identification:_identify(src/Self-Driving-and-ROS-2-Learn-by-Doing-Plan-Navigation/Section5_Motion_Planning/bumperbot_ws/src/bumperbot_bringup) by extensions ['ros']
[0.550s] Level 1:colcon.colcon_core.package_identification:_identify(src/Self-Driving-and-ROS-2-Learn-by-Doing-Plan-Navigation/Section5_Motion_Planning/bumperbot_ws/src/bumperbot_bringup) by extension 'ros'
[0.551s] DEBUG:colcon.colcon_core.package_identification:Package 'src/Self-Driving-and-ROS-2-Learn-by-Doing-Plan-Navigation/Section5_Motion_Planning/bumperbot_ws/src/bumperbot_bringup' with type 'ros.ament_cmake' and name 'bumperbot_bringup'
[0.555s] Level 1:colcon.colcon_core.package_identification:_identify(src/Self-Driving-and-ROS-2-Learn-by-Doing-Plan-Navigation/Section5_Motion_Planning/bumperbot_ws/src/bumperbot_controller) by extensions ['ignore', 'ignore_ament_install']
[0.555s] Level 1:colcon.colcon_core.package_identification:_identify(src/Self-Driving-and-ROS-2-Learn-by-Doing-Plan-Navigation/Section5_Motion_Planning/bumperbot_ws/src/bumperbot_controller) by extension 'ignore'
[0.555s] Level 1:colcon.colcon_core.package_identification:_identify(src/Self-Driving-and-ROS-2-Learn-by-Doing-Plan-Navigation/Section5_Motion_Planning/bumperbot_ws/src/bumperbot_controller) by extension 'ignore_ament_install'
[0.555s] Level 1:colcon.colcon_core.package_identification:_identify(src/Self-Driving-and-ROS-2-Learn-by-Doing-Plan-Navigation/Section5_Motion_Planning/bumperbot_ws/src/bumperbot_controller) by extensions ['colcon_pkg']
[0.555s] Level 1:colcon.colcon_core.package_identification:_identify(src/Self-Driving-and-ROS-2-Learn-by-Doing-Plan-Navigation/Section5_Motion_Planning/bumperbot_ws/src/bumperbot_controller) by extension 'colcon_pkg'
[0.555s] Level 1:colcon.colcon_core.package_identification:_identify(src/Self-Driving-and-ROS-2-Learn-by-Doing-Plan-Navigation/Section5_Motion_Planning/bumperbot_ws/src/bumperbot_controller) by extensions ['colcon_meta']
[0.555s] Level 1:colcon.colcon_core.package_identification:_identify(src/Self-Driving-and-ROS-2-Learn-by-Doing-Plan-Navigation/Section5_Motion_Planning/bumperbot_ws/src/bumperbot_controller) by extension 'colcon_meta'
[0.555s] Level 1:colcon.colcon_core.package_identification:_identify(src/Self-Driving-and-ROS-2-Learn-by-Doing-Plan-Navigation/Section5_Motion_Planning/bumperbot_ws/src/bumperbot_controller) by extensions ['ros']
[0.555s] Level 1:colcon.colcon_core.package_identification:_identify(src/Self-Driving-and-ROS-2-Learn-by-Doing-Plan-Navigation/Section5_Motion_Planning/bumperbot_ws/src/bumperbot_controller) by extension 'ros'
[0.557s] DEBUG:colcon.colcon_core.package_identification:Package 'src/Self-Driving-and-ROS-2-Learn-by-Doing-Plan-Navigation/Section5_Motion_Planning/bumperbot_ws/src/bumperbot_controller' with type 'ros.ament_cmake' and name 'bumperbot_controller'
[0.557s] Level 1:colcon.colcon_core.package_identification:_identify(src/Self-Driving-and-ROS-2-Learn-by-Doing-Plan-Navigation/Section5_Motion_Planning/bumperbot_ws/src/bumperbot_cpp_examples) by extensions ['ignore', 'ignore_ament_install']
[0.557s] Level 1:colcon.colcon_core.package_identification:_identify(src/Self-Driving-and-ROS-2-Learn-by-Doing-Plan-Navigation/Section5_Motion_Planning/bumperbot_ws/src/bumperbot_cpp_examples) by extension 'ignore'
[0.557s] Level 1:colcon.colcon_core.package_identification:_identify(src/Self-Driving-and-ROS-2-Learn-by-Doing-Plan-Navigation/Section5_Motion_Planning/bumperbot_ws/src/bumperbot_cpp_examples) by extension 'ignore_ament_install'
[0.557s] Level 1:colcon.colcon_core.package_identification:_identify(src/Self-Driving-and-ROS-2-Learn-by-Doing-Plan-Navigation/Section5_Motion_Planning/bumperbot_ws/src/bumperbot_cpp_examples) by extensions ['colcon_pkg']
[0.557s] Level 1:colcon.colcon_core.package_identification:_identify(src/Self-Driving-and-ROS-2-Learn-by-Doing-Plan-Navigation/Section5_Motion_Planning/bumperbot_ws/src/bumperbot_cpp_examples) by extension 'colcon_pkg'
[0.557s] Level 1:colcon.colcon_core.package_identification:_identify(src/Self-Driving-and-ROS-2-Learn-by-Doing-Plan-Navigation/Section5_Motion_Planning/bumperbot_ws/src/bumperbot_cpp_examples) by extensions ['colcon_meta']
[0.557s] Level 1:colcon.colcon_core.package_identification:_identify(src/Self-Driving-and-ROS-2-Learn-by-Doing-Plan-Navigation/Section5_Motion_Planning/bumperbot_ws/src/bumperbot_cpp_examples) by extension 'colcon_meta'
[0.557s] Level 1:colcon.colcon_core.package_identification:_identify(src/Self-Driving-and-ROS-2-Learn-by-Doing-Plan-Navigation/Section5_Motion_Planning/bumperbot_ws/src/bumperbot_cpp_examples) by extensions ['ros']
[0.557s] Level 1:colcon.colcon_core.package_identification:_identify(src/Self-Driving-and-ROS-2-Learn-by-Doing-Plan-Navigation/Section5_Motion_Planning/bumperbot_ws/src/bumperbot_cpp_examples) by extension 'ros'
[0.559s] DEBUG:colcon.colcon_core.package_identification:Package 'src/Self-Driving-and-ROS-2-Learn-by-Doing-Plan-Navigation/Section5_Motion_Planning/bumperbot_ws/src/bumperbot_cpp_examples' with type 'ros.ament_cmake' and name 'bumperbot_cpp_examples'
[0.559s] Level 1:colcon.colcon_core.package_identification:_identify(src/Self-Driving-and-ROS-2-Learn-by-Doing-Plan-Navigation/Section5_Motion_Planning/bumperbot_ws/src/bumperbot_description) by extensions ['ignore', 'ignore_ament_install']
[0.560s] Level 1:colcon.colcon_core.package_identification:_identify(src/Self-Driving-and-ROS-2-Learn-by-Doing-Plan-Navigation/Section5_Motion_Planning/bumperbot_ws/src/bumperbot_description) by extension 'ignore'
[0.560s] Level 1:colcon.colcon_core.package_identification:_identify(src/Self-Driving-and-ROS-2-Learn-by-Doing-Plan-Navigation/Section5_Motion_Planning/bumperbot_ws/src/bumperbot_description) by extension 'ignore_ament_install'
[0.560s] Level 1:colcon.colcon_core.package_identification:_identify(src/Self-Driving-and-ROS-2-Learn-by-Doing-Plan-Navigation/Section5_Motion_Planning/bumperbot_ws/src/bumperbot_description) by extensions ['colcon_pkg']
[0.560s] Level 1:colcon.colcon_core.package_identification:_identify(src/Self-Driving-and-ROS-2-Learn-by-Doing-Plan-Navigation/Section5_Motion_Planning/bumperbot_ws/src/bumperbot_description) by extension 'colcon_pkg'
[0.560s] Level 1:colcon.colcon_core.package_identification:_identify(src/Self-Driving-and-ROS-2-Learn-by-Doing-Plan-Navigation/Section5_Motion_Planning/bumperbot_ws/src/bumperbot_description) by extensions ['colcon_meta']
[0.560s] Level 1:colcon.colcon_core.package_identification:_identify(src/Self-Driving-and-ROS-2-Learn-by-Doing-Plan-Navigation/Section5_Motion_Planning/bumperbot_ws/src/bumperbot_description) by extension 'colcon_meta'
[0.560s] Level 1:colcon.colcon_core.package_identification:_identify(src/Self-Driving-and-ROS-2-Learn-by-Doing-Plan-Navigation/Section5_Motion_Planning/bumperbot_ws/src/bumperbot_description) by extensions ['ros']
[0.560s] Level 1:colcon.colcon_core.package_identification:_identify(src/Self-Driving-and-ROS-2-Learn-by-Doing-Plan-Navigation/Section5_Motion_Planning/bumperbot_ws/src/bumperbot_description) by extension 'ros'
[0.562s] DEBUG:colcon.colcon_core.package_identification:Package 'src/Self-Driving-and-ROS-2-Learn-by-Doing-Plan-Navigation/Section5_Motion_Planning/bumperbot_ws/src/bumperbot_description' with type 'ros.ament_cmake' and name 'bumperbot_description'
[0.562s] Level 1:colcon.colcon_core.package_identification:_identify(src/Self-Driving-and-ROS-2-Learn-by-Doing-Plan-Navigation/Section5_Motion_Planning/bumperbot_ws/src/bumperbot_firmware) by extensions ['ignore', 'ignore_ament_install']
[0.562s] Level 1:colcon.colcon_core.package_identification:_identify(src/Self-Driving-and-ROS-2-Learn-by-Doing-Plan-Navigation/Section5_Motion_Planning/bumperbot_ws/src/bumperbot_firmware) by extension 'ignore'
[0.562s] Level 1:colcon.colcon_core.package_identification:_identify(src/Self-Driving-and-ROS-2-Learn-by-Doing-Plan-Navigation/Section5_Motion_Planning/bumperbot_ws/src/bumperbot_firmware) by extension 'ignore_ament_install'
[0.562s] Level 1:colcon.colcon_core.package_identification:_identify(src/Self-Driving-and-ROS-2-Learn-by-Doing-Plan-Navigation/Section5_Motion_Planning/bumperbot_ws/src/bumperbot_firmware) by extensions ['colcon_pkg']
[0.563s] Level 1:colcon.colcon_core.package_identification:_identify(src/Self-Driving-and-ROS-2-Learn-by-Doing-Plan-Navigation/Section5_Motion_Planning/bumperbot_ws/src/bumperbot_firmware) by extension 'colcon_pkg'
[0.563s] Level 1:colcon.colcon_core.package_identification:_identify(src/Self-Driving-and-ROS-2-Learn-by-Doing-Plan-Navigation/Section5_Motion_Planning/bumperbot_ws/src/bumperbot_firmware) by extensions ['colcon_meta']
[0.563s] Level 1:colcon.colcon_core.package_identification:_identify(src/Self-Driving-and-ROS-2-Learn-by-Doing-Plan-Navigation/Section5_Motion_Planning/bumperbot_ws/src/bumperbot_firmware) by extension 'colcon_meta'
[0.563s] Level 1:colcon.colcon_core.package_identification:_identify(src/Self-Driving-and-ROS-2-Learn-by-Doing-Plan-Navigation/Section5_Motion_Planning/bumperbot_ws/src/bumperbot_firmware) by extensions ['ros']
[0.563s] Level 1:colcon.colcon_core.package_identification:_identify(src/Self-Driving-and-ROS-2-Learn-by-Doing-Plan-Navigation/Section5_Motion_Planning/bumperbot_ws/src/bumperbot_firmware) by extension 'ros'
[0.564s] DEBUG:colcon.colcon_core.package_identification:Package 'src/Self-Driving-and-ROS-2-Learn-by-Doing-Plan-Navigation/Section5_Motion_Planning/bumperbot_ws/src/bumperbot_firmware' with type 'ros.ament_cmake' and name 'bumperbot_firmware'
[0.564s] Level 1:colcon.colcon_core.package_identification:_identify(src/Self-Driving-and-ROS-2-Learn-by-Doing-Plan-Navigation/Section5_Motion_Planning/bumperbot_ws/src/bumperbot_localization) by extensions ['ignore', 'ignore_ament_install']
[0.564s] Level 1:colcon.colcon_core.package_identification:_identify(src/Self-Driving-and-ROS-2-Learn-by-Doing-Plan-Navigation/Section5_Motion_Planning/bumperbot_ws/src/bumperbot_localization) by extension 'ignore'
[0.564s] Level 1:colcon.colcon_core.package_identification:_identify(src/Self-Driving-and-ROS-2-Learn-by-Doing-Plan-Navigation/Section5_Motion_Planning/bumperbot_ws/src/bumperbot_localization) by extension 'ignore_ament_install'
[0.564s] Level 1:colcon.colcon_core.package_identification:_identify(src/Self-Driving-and-ROS-2-Learn-by-Doing-Plan-Navigation/Section5_Motion_Planning/bumperbot_ws/src/bumperbot_localization) by extensions ['colcon_pkg']
[0.564s] Level 1:colcon.colcon_core.package_identification:_identify(src/Self-Driving-and-ROS-2-Learn-by-Doing-Plan-Navigation/Section5_Motion_Planning/bumperbot_ws/src/bumperbot_localization) by extension 'colcon_pkg'
[0.565s] Level 1:colcon.colcon_core.package_identification:_identify(src/Self-Driving-and-ROS-2-Learn-by-Doing-Plan-Navigation/Section5_Motion_Planning/bumperbot_ws/src/bumperbot_localization) by extensions ['colcon_meta']
[0.565s] Level 1:colcon.colcon_core.package_identification:_identify(src/Self-Driving-and-ROS-2-Learn-by-Doing-Plan-Navigation/Section5_Motion_Planning/bumperbot_ws/src/bumperbot_localization) by extension 'colcon_meta'
[0.565s] Level 1:colcon.colcon_core.package_identification:_identify(src/Self-Driving-and-ROS-2-Learn-by-Doing-Plan-Navigation/Section5_Motion_Planning/bumperbot_ws/src/bumperbot_localization) by extensions ['ros']
[0.565s] Level 1:colcon.colcon_core.package_identification:_identify(src/Self-Driving-and-ROS-2-Learn-by-Doing-Plan-Navigation/Section5_Motion_Planning/bumperbot_ws/src/bumperbot_localization) by extension 'ros'
[0.566s] DEBUG:colcon.colcon_core.package_identification:Package 'src/Self-Driving-and-ROS-2-Learn-by-Doing-Plan-Navigation/Section5_Motion_Planning/bumperbot_ws/src/bumperbot_localization' with type 'ros.ament_cmake' and name 'bumperbot_localization'
[0.567s] Level 1:colcon.colcon_core.package_identification:_identify(src/Self-Driving-and-ROS-2-Learn-by-Doing-Plan-Navigation/Section5_Motion_Planning/bumperbot_ws/src/bumperbot_mapping) by extensions ['ignore', 'ignore_ament_install']
[0.567s] Level 1:colcon.colcon_core.package_identification:_identify(src/Self-Driving-and-ROS-2-Learn-by-Doing-Plan-Navigation/Section5_Motion_Planning/bumperbot_ws/src/bumperbot_mapping) by extension 'ignore'
[0.567s] Level 1:colcon.colcon_core.package_identification:_identify(src/Self-Driving-and-ROS-2-Learn-by-Doing-Plan-Navigation/Section5_Motion_Planning/bumperbot_ws/src/bumperbot_mapping) by extension 'ignore_ament_install'
[0.567s] Level 1:colcon.colcon_core.package_identification:_identify(src/Self-Driving-and-ROS-2-Learn-by-Doing-Plan-Navigation/Section5_Motion_Planning/bumperbot_ws/src/bumperbot_mapping) by extensions ['colcon_pkg']
[0.567s] Level 1:colcon.colcon_core.package_identification:_identify(src/Self-Driving-and-ROS-2-Learn-by-Doing-Plan-Navigation/Section5_Motion_Planning/bumperbot_ws/src/bumperbot_mapping) by extension 'colcon_pkg'
[0.567s] Level 1:colcon.colcon_core.package_identification:_identify(src/Self-Driving-and-ROS-2-Learn-by-Doing-Plan-Navigation/Section5_Motion_Planning/bumperbot_ws/src/bumperbot_mapping) by extensions ['colcon_meta']
[0.567s] Level 1:colcon.colcon_core.package_identification:_identify(src/Self-Driving-and-ROS-2-Learn-by-Doing-Plan-Navigation/Section5_Motion_Planning/bumperbot_ws/src/bumperbot_mapping) by extension 'colcon_meta'
[0.567s] Level 1:colcon.colcon_core.package_identification:_identify(src/Self-Driving-and-ROS-2-Learn-by-Doing-Plan-Navigation/Section5_Motion_Planning/bumperbot_ws/src/bumperbot_mapping) by extensions ['ros']
[0.567s] Level 1:colcon.colcon_core.package_identification:_identify(src/Self-Driving-and-ROS-2-Learn-by-Doing-Plan-Navigation/Section5_Motion_Planning/bumperbot_ws/src/bumperbot_mapping) by extension 'ros'
[0.569s] DEBUG:colcon.colcon_core.package_identification:Package 'src/Self-Driving-and-ROS-2-Learn-by-Doing-Plan-Navigation/Section5_Motion_Planning/bumperbot_ws/src/bumperbot_mapping' with type 'ros.ament_cmake' and name 'bumperbot_mapping'
[0.569s] Level 1:colcon.colcon_core.package_identification:_identify(src/Self-Driving-and-ROS-2-Learn-by-Doing-Plan-Navigation/Section5_Motion_Planning/bumperbot_ws/src/bumperbot_motion) by extensions ['ignore', 'ignore_ament_install']
[0.570s] Level 1:colcon.colcon_core.package_identification:_identify(src/Self-Driving-and-ROS-2-Learn-by-Doing-Plan-Navigation/Section5_Motion_Planning/bumperbot_ws/src/bumperbot_motion) by extension 'ignore'
[0.570s] Level 1:colcon.colcon_core.package_identification:_identify(src/Self-Driving-and-ROS-2-Learn-by-Doing-Plan-Navigation/Section5_Motion_Planning/bumperbot_ws/src/bumperbot_motion) by extension 'ignore_ament_install'
[0.570s] Level 1:colcon.colcon_core.package_identification:_identify(src/Self-Driving-and-ROS-2-Learn-by-Doing-Plan-Navigation/Section5_Motion_Planning/bumperbot_ws/src/bumperbot_motion) by extensions ['colcon_pkg']
[0.570s] Level 1:colcon.colcon_core.package_identification:_identify(src/Self-Driving-and-ROS-2-Learn-by-Doing-Plan-Navigation/Section5_Motion_Planning/bumperbot_ws/src/bumperbot_motion) by extension 'colcon_pkg'
[0.570s] Level 1:colcon.colcon_core.package_identification:_identify(src/Self-Driving-and-ROS-2-Learn-by-Doing-Plan-Navigation/Section5_Motion_Planning/bumperbot_ws/src/bumperbot_motion) by extensions ['colcon_meta']
[0.570s] Level 1:colcon.colcon_core.package_identification:_identify(src/Self-Driving-and-ROS-2-Learn-by-Doing-Plan-Navigation/Section5_Motion_Planning/bumperbot_ws/src/bumperbot_motion) by extension 'colcon_meta'
[0.570s] Level 1:colcon.colcon_core.package_identification:_identify(src/Self-Driving-and-ROS-2-Learn-by-Doing-Plan-Navigation/Section5_Motion_Planning/bumperbot_ws/src/bumperbot_motion) by extensions ['ros']
[0.570s] Level 1:colcon.colcon_core.package_identification:_identify(src/Self-Driving-and-ROS-2-Learn-by-Doing-Plan-Navigation/Section5_Motion_Planning/bumperbot_ws/src/bumperbot_motion) by extension 'ros'
[0.574s] DEBUG:colcon.colcon_core.package_identification:Package 'src/Self-Driving-and-ROS-2-Learn-by-Doing-Plan-Navigation/Section5_Motion_Planning/bumperbot_ws/src/bumperbot_motion' with type 'ros.ament_cmake' and name 'bumperbot_motion'
[0.575s] Level 1:colcon.colcon_core.package_identification:_identify(src/Self-Driving-and-ROS-2-Learn-by-Doing-Plan-Navigation/Section5_Motion_Planning/bumperbot_ws/src/bumperbot_msgs) by extensions ['ignore', 'ignore_ament_install']
[0.575s] Level 1:colcon.colcon_core.package_identification:_identify(src/Self-Driving-and-ROS-2-Learn-by-Doing-Plan-Navigation/Section5_Motion_Planning/bumperbot_ws/src/bumperbot_msgs) by extension 'ignore'
[0.575s] Level 1:colcon.colcon_core.package_identification:_identify(src/Self-Driving-and-ROS-2-Learn-by-Doing-Plan-Navigation/Section5_Motion_Planning/bumperbot_ws/src/bumperbot_msgs) by extension 'ignore_ament_install'
[0.575s] Level 1:colcon.colcon_core.package_identification:_identify(src/Self-Driving-and-ROS-2-Learn-by-Doing-Plan-Navigation/Section5_Motion_Planning/bumperbot_ws/src/bumperbot_msgs) by extensions ['colcon_pkg']
[0.575s] Level 1:colcon.colcon_core.package_identification:_identify(src/Self-Driving-and-ROS-2-Learn-by-Doing-Plan-Navigation/Section5_Motion_Planning/bumperbot_ws/src/bumperbot_msgs) by extension 'colcon_pkg'
[0.575s] Level 1:colcon.colcon_core.package_identification:_identify(src/Self-Driving-and-ROS-2-Learn-by-Doing-Plan-Navigation/Section5_Motion_Planning/bumperbot_ws/src/bumperbot_msgs) by extensions ['colcon_meta']
[0.575s] Level 1:colcon.colcon_core.package_identification:_identify(src/Self-Driving-and-ROS-2-Learn-by-Doing-Plan-Navigation/Section5_Motion_Planning/bumperbot_ws/src/bumperbot_msgs) by extension 'colcon_meta'
[0.575s] Level 1:colcon.colcon_core.package_identification:_identify(src/Self-Driving-and-ROS-2-Learn-by-Doing-Plan-Navigation/Section5_Motion_Planning/bumperbot_ws/src/bumperbot_msgs) by extensions ['ros']
[0.575s] Level 1:colcon.colcon_core.package_identification:_identify(src/Self-Driving-and-ROS-2-Learn-by-Doing-Plan-Navigation/Section5_Motion_Planning/bumperbot_ws/src/bumperbot_msgs) by extension 'ros'
[0.576s] DEBUG:colcon.colcon_core.package_identification:Package 'src/Self-Driving-and-ROS-2-Learn-by-Doing-Plan-Navigation/Section5_Motion_Planning/bumperbot_ws/src/bumperbot_msgs' with type 'ros.ament_cmake' and name 'bumperbot_msgs'
[0.577s] Level 1:colcon.colcon_core.package_identification:_identify(src/Self-Driving-and-ROS-2-Learn-by-Doing-Plan-Navigation/Section5_Motion_Planning/bumperbot_ws/src/bumperbot_planning) by extensions ['ignore', 'ignore_ament_install']
[0.577s] Level 1:colcon.colcon_core.package_identification:_identify(src/Self-Driving-and-ROS-2-Learn-by-Doing-Plan-Navigation/Section5_Motion_Planning/bumperbot_ws/src/bumperbot_planning) by extension 'ignore'
[0.577s] Level 1:colcon.colcon_core.package_identification:_identify(src/Self-Driving-and-ROS-2-Learn-by-Doing-Plan-Navigation/Section5_Motion_Planning/bumperbot_ws/src/bumperbot_planning) by extension 'ignore_ament_install'
[0.577s] Level 1:colcon.colcon_core.package_identification:_identify(src/Self-Driving-and-ROS-2-Learn-by-Doing-Plan-Navigation/Section5_Motion_Planning/bumperbot_ws/src/bumperbot_planning) by extensions ['colcon_pkg']
[0.577s] Level 1:colcon.colcon_core.package_identification:_identify(src/Self-Driving-and-ROS-2-Learn-by-Doing-Plan-Navigation/Section5_Motion_Planning/bumperbot_ws/src/bumperbot_planning) by extension 'colcon_pkg'
[0.577s] Level 1:colcon.colcon_core.package_identification:_identify(src/Self-Driving-and-ROS-2-Learn-by-Doing-Plan-Navigation/Section5_Motion_Planning/bumperbot_ws/src/bumperbot_planning) by extensions ['colcon_meta']
[0.577s] Level 1:colcon.colcon_core.package_identification:_identify(src/Self-Driving-and-ROS-2-Learn-by-Doing-Plan-Navigation/Section5_Motion_Planning/bumperbot_ws/src/bumperbot_planning) by extension 'colcon_meta'
[0.577s] Level 1:colcon.colcon_core.package_identification:_identify(src/Self-Driving-and-ROS-2-Learn-by-Doing-Plan-Navigation/Section5_Motion_Planning/bumperbot_ws/src/bumperbot_planning) by extensions ['ros']
[0.577s] Level 1:colcon.colcon_core.package_identification:_identify(src/Self-Driving-and-ROS-2-Learn-by-Doing-Plan-Navigation/Section5_Motion_Planning/bumperbot_ws/src/bumperbot_planning) by extension 'ros'
[0.579s] DEBUG:colcon.colcon_core.package_identification:Package 'src/Self-Driving-and-ROS-2-Learn-by-Doing-Plan-Navigation/Section5_Motion_Planning/bumperbot_ws/src/bumperbot_planning' with type 'ros.ament_cmake' and name 'bumperbot_planning'
[0.579s] Level 1:colcon.colcon_core.package_identification:_identify(src/Self-Driving-and-ROS-2-Learn-by-Doing-Plan-Navigation/Section5_Motion_Planning/bumperbot_ws/src/bumperbot_py_examples) by extensions ['ignore', 'ignore_ament_install']
[0.579s] Level 1:colcon.colcon_core.package_identification:_identify(src/Self-Driving-and-ROS-2-Learn-by-Doing-Plan-Navigation/Section5_Motion_Planning/bumperbot_ws/src/bumperbot_py_examples) by extension 'ignore'
[0.579s] Level 1:colcon.colcon_core.package_identification:_identify(src/Self-Driving-and-ROS-2-Learn-by-Doing-Plan-Navigation/Section5_Motion_Planning/bumperbot_ws/src/bumperbot_py_examples) by extension 'ignore_ament_install'
[0.579s] Level 1:colcon.colcon_core.package_identification:_identify(src/Self-Driving-and-ROS-2-Learn-by-Doing-Plan-Navigation/Section5_Motion_Planning/bumperbot_ws/src/bumperbot_py_examples) by extensions ['colcon_pkg']
[0.579s] Level 1:colcon.colcon_core.package_identification:_identify(src/Self-Driving-and-ROS-2-Learn-by-Doing-Plan-Navigation/Section5_Motion_Planning/bumperbot_ws/src/bumperbot_py_examples) by extension 'colcon_pkg'
[0.579s] Level 1:colcon.colcon_core.package_identification:_identify(src/Self-Driving-and-ROS-2-Learn-by-Doing-Plan-Navigation/Section5_Motion_Planning/bumperbot_ws/src/bumperbot_py_examples) by extensions ['colcon_meta']
[0.579s] Level 1:colcon.colcon_core.package_identification:_identify(src/Self-Driving-and-ROS-2-Learn-by-Doing-Plan-Navigation/Section5_Motion_Planning/bumperbot_ws/src/bumperbot_py_examples) by extension 'colcon_meta'
[0.579s] Level 1:colcon.colcon_core.package_identification:_identify(src/Self-Driving-and-ROS-2-Learn-by-Doing-Plan-Navigation/Section5_Motion_Planning/bumperbot_ws/src/bumperbot_py_examples) by extensions ['ros']
[0.579s] Level 1:colcon.colcon_core.package_identification:_identify(src/Self-Driving-and-ROS-2-Learn-by-Doing-Plan-Navigation/Section5_Motion_Planning/bumperbot_ws/src/bumperbot_py_examples) by extension 'ros'
[0.581s] DEBUG:colcon.colcon_core.package_identification:Package 'src/Self-Driving-and-ROS-2-Learn-by-Doing-Plan-Navigation/Section5_Motion_Planning/bumperbot_ws/src/bumperbot_py_examples' with type 'ros.ament_python' and name 'bumperbot_py_examples'
[0.581s] Level 1:colcon.colcon_core.package_identification:_identify(src/Self-Driving-and-ROS-2-Learn-by-Doing-Plan-Navigation/Section5_Motion_Planning/bumperbot_ws/src/bumperbot_utils) by extensions ['ignore', 'ignore_ament_install']
[0.583s] Level 1:colcon.colcon_core.package_identification:_identify(src/Self-Driving-and-ROS-2-Learn-by-Doing-Plan-Navigation/Section5_Motion_Planning/bumperbot_ws/src/bumperbot_utils) by extension 'ignore'
[0.585s] Level 1:colcon.colcon_core.package_identification:_identify(src/Self-Driving-and-ROS-2-Learn-by-Doing-Plan-Navigation/Section5_Motion_Planning/bumperbot_ws/src/bumperbot_utils) by extension 'ignore_ament_install'
[0.586s] Level 1:colcon.colcon_core.package_identification:_identify(src/Self-Driving-and-ROS-2-Learn-by-Doing-Plan-Navigation/Section5_Motion_Planning/bumperbot_ws/src/bumperbot_utils) by extensions ['colcon_pkg']
[0.586s] Level 1:colcon.colcon_core.package_identification:_identify(src/Self-Driving-and-ROS-2-Learn-by-Doing-Plan-Navigation/Section5_Motion_Planning/bumperbot_ws/src/bumperbot_utils) by extension 'colcon_pkg'
[0.586s] Level 1:colcon.colcon_core.package_identification:_identify(src/Self-Driving-and-ROS-2-Learn-by-Doing-Plan-Navigation/Section5_Motion_Planning/bumperbot_ws/src/bumperbot_utils) by extensions ['colcon_meta']
[0.586s] Level 1:colcon.colcon_core.package_identification:_identify(src/Self-Driving-and-ROS-2-Learn-by-Doing-Plan-Navigation/Section5_Motion_Planning/bumperbot_ws/src/bumperbot_utils) by extension 'colcon_meta'
[0.586s] Level 1:colcon.colcon_core.package_identification:_identify(src/Self-Driving-and-ROS-2-Learn-by-Doing-Plan-Navigation/Section5_Motion_Planning/bumperbot_ws/src/bumperbot_utils) by extensions ['ros']
[0.586s] Level 1:colcon.colcon_core.package_identification:_identify(src/Self-Driving-and-ROS-2-Learn-by-Doing-Plan-Navigation/Section5_Motion_Planning/bumperbot_ws/src/bumperbot_utils) by extension 'ros'
[0.588s] DEBUG:colcon.colcon_core.package_identification:Package 'src/Self-Driving-and-ROS-2-Learn-by-Doing-Plan-Navigation/Section5_Motion_Planning/bumperbot_ws/src/bumperbot_utils' with type 'ros.ament_cmake' and name 'bumperbot_utils'
[0.589s] Level 1:colcon.colcon_core.package_identification:_identify(src/Self-Driving-and-ROS-2-Learn-by-Doing-Plan-Navigation/Section6_Obstacle_Avoidance) by extensions ['ignore', 'ignore_ament_install']
[0.589s] Level 1:colcon.colcon_core.package_identification:_identify(src/Self-Driving-and-ROS-2-Learn-by-Doing-Plan-Navigation/Section6_Obstacle_Avoidance) by extension 'ignore'
[0.589s] Level 1:colcon.colcon_core.package_identification:_identify(src/Self-Driving-and-ROS-2-Learn-by-Doing-Plan-Navigation/Section6_Obstacle_Avoidance) by extension 'ignore_ament_install'
[0.589s] Level 1:colcon.colcon_core.package_identification:_identify(src/Self-Driving-and-ROS-2-Learn-by-Doing-Plan-Navigation/Section6_Obstacle_Avoidance) by extensions ['colcon_pkg']
[0.589s] Level 1:colcon.colcon_core.package_identification:_identify(src/Self-Driving-and-ROS-2-Learn-by-Doing-Plan-Navigation/Section6_Obstacle_Avoidance) by extension 'colcon_pkg'
[0.589s] Level 1:colcon.colcon_core.package_identification:_identify(src/Self-Driving-and-ROS-2-Learn-by-Doing-Plan-Navigation/Section6_Obstacle_Avoidance) by extensions ['colcon_meta']
[0.589s] Level 1:colcon.colcon_core.package_identification:_identify(src/Self-Driving-and-ROS-2-Learn-by-Doing-Plan-Navigation/Section6_Obstacle_Avoidance) by extension 'colcon_meta'
[0.589s] Level 1:colcon.colcon_core.package_identification:_identify(src/Self-Driving-and-ROS-2-Learn-by-Doing-Plan-Navigation/Section6_Obstacle_Avoidance) by extensions ['ros']
[0.589s] Level 1:colcon.colcon_core.package_identification:_identify(src/Self-Driving-and-ROS-2-Learn-by-Doing-Plan-Navigation/Section6_Obstacle_Avoidance) by extension 'ros'
[0.589s] Level 1:colcon.colcon_core.package_identification:_identify(src/Self-Driving-and-ROS-2-Learn-by-Doing-Plan-Navigation/Section6_Obstacle_Avoidance) by extensions ['cmake', 'python']
[0.589s] Level 1:colcon.colcon_core.package_identification:_identify(src/Self-Driving-and-ROS-2-Learn-by-Doing-Plan-Navigation/Section6_Obstacle_Avoidance) by extension 'cmake'
[0.589s] Level 1:colcon.colcon_core.package_identification:_identify(src/Self-Driving-and-ROS-2-Learn-by-Doing-Plan-Navigation/Section6_Obstacle_Avoidance) by extension 'python'
[0.589s] Level 1:colcon.colcon_core.package_identification:_identify(src/Self-Driving-and-ROS-2-Learn-by-Doing-Plan-Navigation/Section6_Obstacle_Avoidance) by extensions ['python_setup_py']
[0.589s] Level 1:colcon.colcon_core.package_identification:_identify(src/Self-Driving-and-ROS-2-Learn-by-Doing-Plan-Navigation/Section6_Obstacle_Avoidance) by extension 'python_setup_py'
[0.589s] Level 1:colcon.colcon_core.package_identification:_identify(src/Self-Driving-and-ROS-2-Learn-by-Doing-Plan-Navigation/Section6_Obstacle_Avoidance/bumperbot_ws) by extensions ['ignore', 'ignore_ament_install']
[0.589s] Level 1:colcon.colcon_core.package_identification:_identify(src/Self-Driving-and-ROS-2-Learn-by-Doing-Plan-Navigation/Section6_Obstacle_Avoidance/bumperbot_ws) by extension 'ignore'
[0.589s] Level 1:colcon.colcon_core.package_identification:_identify(src/Self-Driving-and-ROS-2-Learn-by-Doing-Plan-Navigation/Section6_Obstacle_Avoidance/bumperbot_ws) by extension 'ignore_ament_install'
[0.590s] Level 1:colcon.colcon_core.package_identification:_identify(src/Self-Driving-and-ROS-2-Learn-by-Doing-Plan-Navigation/Section6_Obstacle_Avoidance/bumperbot_ws) by extensions ['colcon_pkg']
[0.590s] Level 1:colcon.colcon_core.package_identification:_identify(src/Self-Driving-and-ROS-2-Learn-by-Doing-Plan-Navigation/Section6_Obstacle_Avoidance/bumperbot_ws) by extension 'colcon_pkg'
[0.592s] Level 1:colcon.colcon_core.package_identification:_identify(src/Self-Driving-and-ROS-2-Learn-by-Doing-Plan-Navigation/Section6_Obstacle_Avoidance/bumperbot_ws) by extensions ['colcon_meta']
[0.592s] Level 1:colcon.colcon_core.package_identification:_identify(src/Self-Driving-and-ROS-2-Learn-by-Doing-Plan-Navigation/Section6_Obstacle_Avoidance/bumperbot_ws) by extension 'colcon_meta'
[0.593s] Level 1:colcon.colcon_core.package_identification:_identify(src/Self-Driving-and-ROS-2-Learn-by-Doing-Plan-Navigation/Section6_Obstacle_Avoidance/bumperbot_ws) by extensions ['ros']
[0.593s] Level 1:colcon.colcon_core.package_identification:_identify(src/Self-Driving-and-ROS-2-Learn-by-Doing-Plan-Navigation/Section6_Obstacle_Avoidance/bumperbot_ws) by extension 'ros'
[0.593s] Level 1:colcon.colcon_core.package_identification:_identify(src/Self-Driving-and-ROS-2-Learn-by-Doing-Plan-Navigation/Section6_Obstacle_Avoidance/bumperbot_ws) by extensions ['cmake', 'python']
[0.593s] Level 1:colcon.colcon_core.package_identification:_identify(src/Self-Driving-and-ROS-2-Learn-by-Doing-Plan-Navigation/Section6_Obstacle_Avoidance/bumperbot_ws) by extension 'cmake'
[0.593s] Level 1:colcon.colcon_core.package_identification:_identify(src/Self-Driving-and-ROS-2-Learn-by-Doing-Plan-Navigation/Section6_Obstacle_Avoidance/bumperbot_ws) by extension 'python'
[0.593s] Level 1:colcon.colcon_core.package_identification:_identify(src/Self-Driving-and-ROS-2-Learn-by-Doing-Plan-Navigation/Section6_Obstacle_Avoidance/bumperbot_ws) by extensions ['python_setup_py']
[0.593s] Level 1:colcon.colcon_core.package_identification:_identify(src/Self-Driving-and-ROS-2-Learn-by-Doing-Plan-Navigation/Section6_Obstacle_Avoidance/bumperbot_ws) by extension 'python_setup_py'
[0.593s] Level 1:colcon.colcon_core.package_identification:_identify(src/Self-Driving-and-ROS-2-Learn-by-Doing-Plan-Navigation/Section6_Obstacle_Avoidance/bumperbot_ws/src) by extensions ['ignore', 'ignore_ament_install']
[0.593s] Level 1:colcon.colcon_core.package_identification:_identify(src/Self-Driving-and-ROS-2-Learn-by-Doing-Plan-Navigation/Section6_Obstacle_Avoidance/bumperbot_ws/src) by extension 'ignore'
[0.593s] Level 1:colcon.colcon_core.package_identification:_identify(src/Self-Driving-and-ROS-2-Learn-by-Doing-Plan-Navigation/Section6_Obstacle_Avoidance/bumperbot_ws/src) by extension 'ignore_ament_install'
[0.593s] Level 1:colcon.colcon_core.package_identification:_identify(src/Self-Driving-and-ROS-2-Learn-by-Doing-Plan-Navigation/Section6_Obstacle_Avoidance/bumperbot_ws/src) by extensions ['colcon_pkg']
[0.593s] Level 1:colcon.colcon_core.package_identification:_identify(src/Self-Driving-and-ROS-2-Learn-by-Doing-Plan-Navigation/Section6_Obstacle_Avoidance/bumperbot_ws/src) by extension 'colcon_pkg'
[0.593s] Level 1:colcon.colcon_core.package_identification:_identify(src/Self-Driving-and-ROS-2-Learn-by-Doing-Plan-Navigation/Section6_Obstacle_Avoidance/bumperbot_ws/src) by extensions ['colcon_meta']
[0.593s] Level 1:colcon.colcon_core.package_identification:_identify(src/Self-Driving-and-ROS-2-Learn-by-Doing-Plan-Navigation/Section6_Obstacle_Avoidance/bumperbot_ws/src) by extension 'colcon_meta'
[0.593s] Level 1:colcon.colcon_core.package_identification:_identify(src/Self-Driving-and-ROS-2-Learn-by-Doing-Plan-Navigation/Section6_Obstacle_Avoidance/bumperbot_ws/src) by extensions ['ros']
[0.593s] Level 1:colcon.colcon_core.package_identification:_identify(src/Self-Driving-and-ROS-2-Learn-by-Doing-Plan-Navigation/Section6_Obstacle_Avoidance/bumperbot_ws/src) by extension 'ros'
[0.593s] Level 1:colcon.colcon_core.package_identification:_identify(src/Self-Driving-and-ROS-2-Learn-by-Doing-Plan-Navigation/Section6_Obstacle_Avoidance/bumperbot_ws/src) by extensions ['cmake', 'python']
[0.593s] Level 1:colcon.colcon_core.package_identification:_identify(src/Self-Driving-and-ROS-2-Learn-by-Doing-Plan-Navigation/Section6_Obstacle_Avoidance/bumperbot_ws/src) by extension 'cmake'
[0.593s] Level 1:colcon.colcon_core.package_identification:_identify(src/Self-Driving-and-ROS-2-Learn-by-Doing-Plan-Navigation/Section6_Obstacle_Avoidance/bumperbot_ws/src) by extension 'python'
[0.593s] Level 1:colcon.colcon_core.package_identification:_identify(src/Self-Driving-and-ROS-2-Learn-by-Doing-Plan-Navigation/Section6_Obstacle_Avoidance/bumperbot_ws/src) by extensions ['python_setup_py']
[0.593s] Level 1:colcon.colcon_core.package_identification:_identify(src/Self-Driving-and-ROS-2-Learn-by-Doing-Plan-Navigation/Section6_Obstacle_Avoidance/bumperbot_ws/src) by extension 'python_setup_py'
[0.593s] Level 1:colcon.colcon_core.package_identification:_identify(src/Self-Driving-and-ROS-2-Learn-by-Doing-Plan-Navigation/Section6_Obstacle_Avoidance/bumperbot_ws/src/bumperbot_bringup) by extensions ['ignore', 'ignore_ament_install']
[0.593s] Level 1:colcon.colcon_core.package_identification:_identify(src/Self-Driving-and-ROS-2-Learn-by-Doing-Plan-Navigation/Section6_Obstacle_Avoidance/bumperbot_ws/src/bumperbot_bringup) by extension 'ignore'
[0.593s] Level 1:colcon.colcon_core.package_identification:_identify(src/Self-Driving-and-ROS-2-Learn-by-Doing-Plan-Navigation/Section6_Obstacle_Avoidance/bumperbot_ws/src/bumperbot_bringup) by extension 'ignore_ament_install'
[0.593s] Level 1:colcon.colcon_core.package_identification:_identify(src/Self-Driving-and-ROS-2-Learn-by-Doing-Plan-Navigation/Section6_Obstacle_Avoidance/bumperbot_ws/src/bumperbot_bringup) by extensions ['colcon_pkg']
[0.593s] Level 1:colcon.colcon_core.package_identification:_identify(src/Self-Driving-and-ROS-2-Learn-by-Doing-Plan-Navigation/Section6_Obstacle_Avoidance/bumperbot_ws/src/bumperbot_bringup) by extension 'colcon_pkg'
[0.593s] Level 1:colcon.colcon_core.package_identification:_identify(src/Self-Driving-and-ROS-2-Learn-by-Doing-Plan-Navigation/Section6_Obstacle_Avoidance/bumperbot_ws/src/bumperbot_bringup) by extensions ['colcon_meta']
[0.593s] Level 1:colcon.colcon_core.package_identification:_identify(src/Self-Driving-and-ROS-2-Learn-by-Doing-Plan-Navigation/Section6_Obstacle_Avoidance/bumperbot_ws/src/bumperbot_bringup) by extension 'colcon_meta'
[0.593s] Level 1:colcon.colcon_core.package_identification:_identify(src/Self-Driving-and-ROS-2-Learn-by-Doing-Plan-Navigation/Section6_Obstacle_Avoidance/bumperbot_ws/src/bumperbot_bringup) by extensions ['ros']
[0.593s] Level 1:colcon.colcon_core.package_identification:_identify(src/Self-Driving-and-ROS-2-Learn-by-Doing-Plan-Navigation/Section6_Obstacle_Avoidance/bumperbot_ws/src/bumperbot_bringup) by extension 'ros'
[0.595s] DEBUG:colcon.colcon_core.package_identification:Package 'src/Self-Driving-and-ROS-2-Learn-by-Doing-Plan-Navigation/Section6_Obstacle_Avoidance/bumperbot_ws/src/bumperbot_bringup' with type 'ros.ament_cmake' and name 'bumperbot_bringup'
[0.595s] Level 1:colcon.colcon_core.package_identification:_identify(src/Self-Driving-and-ROS-2-Learn-by-Doing-Plan-Navigation/Section6_Obstacle_Avoidance/bumperbot_ws/src/bumperbot_controller) by extensions ['ignore', 'ignore_ament_install']
[0.595s] Level 1:colcon.colcon_core.package_identification:_identify(src/Self-Driving-and-ROS-2-Learn-by-Doing-Plan-Navigation/Section6_Obstacle_Avoidance/bumperbot_ws/src/bumperbot_controller) by extension 'ignore'
[0.595s] Level 1:colcon.colcon_core.package_identification:_identify(src/Self-Driving-and-ROS-2-Learn-by-Doing-Plan-Navigation/Section6_Obstacle_Avoidance/bumperbot_ws/src/bumperbot_controller) by extension 'ignore_ament_install'
[0.595s] Level 1:colcon.colcon_core.package_identification:_identify(src/Self-Driving-and-ROS-2-Learn-by-Doing-Plan-Navigation/Section6_Obstacle_Avoidance/bumperbot_ws/src/bumperbot_controller) by extensions ['colcon_pkg']
[0.595s] Level 1:colcon.colcon_core.package_identification:_identify(src/Self-Driving-and-ROS-2-Learn-by-Doing-Plan-Navigation/Section6_Obstacle_Avoidance/bumperbot_ws/src/bumperbot_controller) by extension 'colcon_pkg'
[0.595s] Level 1:colcon.colcon_core.package_identification:_identify(src/Self-Driving-and-ROS-2-Learn-by-Doing-Plan-Navigation/Section6_Obstacle_Avoidance/bumperbot_ws/src/bumperbot_controller) by extensions ['colcon_meta']
[0.595s] Level 1:colcon.colcon_core.package_identification:_identify(src/Self-Driving-and-ROS-2-Learn-by-Doing-Plan-Navigation/Section6_Obstacle_Avoidance/bumperbot_ws/src/bumperbot_controller) by extension 'colcon_meta'
[0.595s] Level 1:colcon.colcon_core.package_identification:_identify(src/Self-Driving-and-ROS-2-Learn-by-Doing-Plan-Navigation/Section6_Obstacle_Avoidance/bumperbot_ws/src/bumperbot_controller) by extensions ['ros']
[0.595s] Level 1:colcon.colcon_core.package_identification:_identify(src/Self-Driving-and-ROS-2-Learn-by-Doing-Plan-Navigation/Section6_Obstacle_Avoidance/bumperbot_ws/src/bumperbot_controller) by extension 'ros'
[0.596s] DEBUG:colcon.colcon_core.package_identification:Package 'src/Self-Driving-and-ROS-2-Learn-by-Doing-Plan-Navigation/Section6_Obstacle_Avoidance/bumperbot_ws/src/bumperbot_controller' with type 'ros.ament_cmake' and name 'bumperbot_controller'
[0.597s] Level 1:colcon.colcon_core.package_identification:_identify(src/Self-Driving-and-ROS-2-Learn-by-Doing-Plan-Navigation/Section6_Obstacle_Avoidance/bumperbot_ws/src/bumperbot_cpp_examples) by extensions ['ignore', 'ignore_ament_install']
[0.597s] Level 1:colcon.colcon_core.package_identification:_identify(src/Self-Driving-and-ROS-2-Learn-by-Doing-Plan-Navigation/Section6_Obstacle_Avoidance/bumperbot_ws/src/bumperbot_cpp_examples) by extension 'ignore'
[0.597s] Level 1:colcon.colcon_core.package_identification:_identify(src/Self-Driving-and-ROS-2-Learn-by-Doing-Plan-Navigation/Section6_Obstacle_Avoidance/bumperbot_ws/src/bumperbot_cpp_examples) by extension 'ignore_ament_install'
[0.597s] Level 1:colcon.colcon_core.package_identification:_identify(src/Self-Driving-and-ROS-2-Learn-by-Doing-Plan-Navigation/Section6_Obstacle_Avoidance/bumperbot_ws/src/bumperbot_cpp_examples) by extensions ['colcon_pkg']
[0.597s] Level 1:colcon.colcon_core.package_identification:_identify(src/Self-Driving-and-ROS-2-Learn-by-Doing-Plan-Navigation/Section6_Obstacle_Avoidance/bumperbot_ws/src/bumperbot_cpp_examples) by extension 'colcon_pkg'
[0.597s] Level 1:colcon.colcon_core.package_identification:_identify(src/Self-Driving-and-ROS-2-Learn-by-Doing-Plan-Navigation/Section6_Obstacle_Avoidance/bumperbot_ws/src/bumperbot_cpp_examples) by extensions ['colcon_meta']
[0.597s] Level 1:colcon.colcon_core.package_identification:_identify(src/Self-Driving-and-ROS-2-Learn-by-Doing-Plan-Navigation/Section6_Obstacle_Avoidance/bumperbot_ws/src/bumperbot_cpp_examples) by extension 'colcon_meta'
[0.597s] Level 1:colcon.colcon_core.package_identification:_identify(src/Self-Driving-and-ROS-2-Learn-by-Doing-Plan-Navigation/Section6_Obstacle_Avoidance/bumperbot_ws/src/bumperbot_cpp_examples) by extensions ['ros']
[0.597s] Level 1:colcon.colcon_core.package_identification:_identify(src/Self-Driving-and-ROS-2-Learn-by-Doing-Plan-Navigation/Section6_Obstacle_Avoidance/bumperbot_ws/src/bumperbot_cpp_examples) by extension 'ros'
[0.598s] DEBUG:colcon.colcon_core.package_identification:Package 'src/Self-Driving-and-ROS-2-Learn-by-Doing-Plan-Navigation/Section6_Obstacle_Avoidance/bumperbot_ws/src/bumperbot_cpp_examples' with type 'ros.ament_cmake' and name 'bumperbot_cpp_examples'
[0.599s] Level 1:colcon.colcon_core.package_identification:_identify(src/Self-Driving-and-ROS-2-Learn-by-Doing-Plan-Navigation/Section6_Obstacle_Avoidance/bumperbot_ws/src/bumperbot_description) by extensions ['ignore', 'ignore_ament_install']
[0.600s] Level 1:colcon.colcon_core.package_identification:_identify(src/Self-Driving-and-ROS-2-Learn-by-Doing-Plan-Navigation/Section6_Obstacle_Avoidance/bumperbot_ws/src/bumperbot_description) by extension 'ignore'
[0.600s] Level 1:colcon.colcon_core.package_identification:_identify(src/Self-Driving-and-ROS-2-Learn-by-Doing-Plan-Navigation/Section6_Obstacle_Avoidance/bumperbot_ws/src/bumperbot_description) by extension 'ignore_ament_install'
[0.600s] Level 1:colcon.colcon_core.package_identification:_identify(src/Self-Driving-and-ROS-2-Learn-by-Doing-Plan-Navigation/Section6_Obstacle_Avoidance/bumperbot_ws/src/bumperbot_description) by extensions ['colcon_pkg']
[0.600s] Level 1:colcon.colcon_core.package_identification:_identify(src/Self-Driving-and-ROS-2-Learn-by-Doing-Plan-Navigation/Section6_Obstacle_Avoidance/bumperbot_ws/src/bumperbot_description) by extension 'colcon_pkg'
[0.600s] Level 1:colcon.colcon_core.package_identification:_identify(src/Self-Driving-and-ROS-2-Learn-by-Doing-Plan-Navigation/Section6_Obstacle_Avoidance/bumperbot_ws/src/bumperbot_description) by extensions ['colcon_meta']
[0.600s] Level 1:colcon.colcon_core.package_identification:_identify(src/Self-Driving-and-ROS-2-Learn-by-Doing-Plan-Navigation/Section6_Obstacle_Avoidance/bumperbot_ws/src/bumperbot_description) by extension 'colcon_meta'
[0.600s] Level 1:colcon.colcon_core.package_identification:_identify(src/Self-Driving-and-ROS-2-Learn-by-Doing-Plan-Navigation/Section6_Obstacle_Avoidance/bumperbot_ws/src/bumperbot_description) by extensions ['ros']
[0.600s] Level 1:colcon.colcon_core.package_identification:_identify(src/Self-Driving-and-ROS-2-Learn-by-Doing-Plan-Navigation/Section6_Obstacle_Avoidance/bumperbot_ws/src/bumperbot_description) by extension 'ros'
[0.604s] DEBUG:colcon.colcon_core.package_identification:Package 'src/Self-Driving-and-ROS-2-Learn-by-Doing-Plan-Navigation/Section6_Obstacle_Avoidance/bumperbot_ws/src/bumperbot_description' with type 'ros.ament_cmake' and name 'bumperbot_description'
[0.604s] Level 1:colcon.colcon_core.package_identification:_identify(src/Self-Driving-and-ROS-2-Learn-by-Doing-Plan-Navigation/Section6_Obstacle_Avoidance/bumperbot_ws/src/bumperbot_firmware) by extensions ['ignore', 'ignore_ament_install']
[0.604s] Level 1:colcon.colcon_core.package_identification:_identify(src/Self-Driving-and-ROS-2-Learn-by-Doing-Plan-Navigation/Section6_Obstacle_Avoidance/bumperbot_ws/src/bumperbot_firmware) by extension 'ignore'
[0.604s] Level 1:colcon.colcon_core.package_identification:_identify(src/Self-Driving-and-ROS-2-Learn-by-Doing-Plan-Navigation/Section6_Obstacle_Avoidance/bumperbot_ws/src/bumperbot_firmware) by extension 'ignore_ament_install'
[0.604s] Level 1:colcon.colcon_core.package_identification:_identify(src/Self-Driving-and-ROS-2-Learn-by-Doing-Plan-Navigation/Section6_Obstacle_Avoidance/bumperbot_ws/src/bumperbot_firmware) by extensions ['colcon_pkg']
[0.604s] Level 1:colcon.colcon_core.package_identification:_identify(src/Self-Driving-and-ROS-2-Learn-by-Doing-Plan-Navigation/Section6_Obstacle_Avoidance/bumperbot_ws/src/bumperbot_firmware) by extension 'colcon_pkg'
[0.604s] Level 1:colcon.colcon_core.package_identification:_identify(src/Self-Driving-and-ROS-2-Learn-by-Doing-Plan-Navigation/Section6_Obstacle_Avoidance/bumperbot_ws/src/bumperbot_firmware) by extensions ['colcon_meta']
[0.604s] Level 1:colcon.colcon_core.package_identification:_identify(src/Self-Driving-and-ROS-2-Learn-by-Doing-Plan-Navigation/Section6_Obstacle_Avoidance/bumperbot_ws/src/bumperbot_firmware) by extension 'colcon_meta'
[0.604s] Level 1:colcon.colcon_core.package_identification:_identify(src/Self-Driving-and-ROS-2-Learn-by-Doing-Plan-Navigation/Section6_Obstacle_Avoidance/bumperbot_ws/src/bumperbot_firmware) by extensions ['ros']
[0.604s] Level 1:colcon.colcon_core.package_identification:_identify(src/Self-Driving-and-ROS-2-Learn-by-Doing-Plan-Navigation/Section6_Obstacle_Avoidance/bumperbot_ws/src/bumperbot_firmware) by extension 'ros'
[0.607s] DEBUG:colcon.colcon_core.package_identification:Package 'src/Self-Driving-and-ROS-2-Learn-by-Doing-Plan-Navigation/Section6_Obstacle_Avoidance/bumperbot_ws/src/bumperbot_firmware' with type 'ros.ament_cmake' and name 'bumperbot_firmware'
[0.607s] Level 1:colcon.colcon_core.package_identification:_identify(src/Self-Driving-and-ROS-2-Learn-by-Doing-Plan-Navigation/Section6_Obstacle_Avoidance/bumperbot_ws/src/bumperbot_localization) by extensions ['ignore', 'ignore_ament_install']
[0.607s] Level 1:colcon.colcon_core.package_identification:_identify(src/Self-Driving-and-ROS-2-Learn-by-Doing-Plan-Navigation/Section6_Obstacle_Avoidance/bumperbot_ws/src/bumperbot_localization) by extension 'ignore'
[0.607s] Level 1:colcon.colcon_core.package_identification:_identify(src/Self-Driving-and-ROS-2-Learn-by-Doing-Plan-Navigation/Section6_Obstacle_Avoidance/bumperbot_ws/src/bumperbot_localization) by extension 'ignore_ament_install'
[0.607s] Level 1:colcon.colcon_core.package_identification:_identify(src/Self-Driving-and-ROS-2-Learn-by-Doing-Plan-Navigation/Section6_Obstacle_Avoidance/bumperbot_ws/src/bumperbot_localization) by extensions ['colcon_pkg']
[0.607s] Level 1:colcon.colcon_core.package_identification:_identify(src/Self-Driving-and-ROS-2-Learn-by-Doing-Plan-Navigation/Section6_Obstacle_Avoidance/bumperbot_ws/src/bumperbot_localization) by extension 'colcon_pkg'
[0.607s] Level 1:colcon.colcon_core.package_identification:_identify(src/Self-Driving-and-ROS-2-Learn-by-Doing-Plan-Navigation/Section6_Obstacle_Avoidance/bumperbot_ws/src/bumperbot_localization) by extensions ['colcon_meta']
[0.607s] Level 1:colcon.colcon_core.package_identification:_identify(src/Self-Driving-and-ROS-2-Learn-by-Doing-Plan-Navigation/Section6_Obstacle_Avoidance/bumperbot_ws/src/bumperbot_localization) by extension 'colcon_meta'
[0.607s] Level 1:colcon.colcon_core.package_identification:_identify(src/Self-Driving-and-ROS-2-Learn-by-Doing-Plan-Navigation/Section6_Obstacle_Avoidance/bumperbot_ws/src/bumperbot_localization) by extensions ['ros']
[0.607s] Level 1:colcon.colcon_core.package_identification:_identify(src/Self-Driving-and-ROS-2-Learn-by-Doing-Plan-Navigation/Section6_Obstacle_Avoidance/bumperbot_ws/src/bumperbot_localization) by extension 'ros'
[0.610s] DEBUG:colcon.colcon_core.package_identification:Package 'src/Self-Driving-and-ROS-2-Learn-by-Doing-Plan-Navigation/Section6_Obstacle_Avoidance/bumperbot_ws/src/bumperbot_localization' with type 'ros.ament_cmake' and name 'bumperbot_localization'
[0.611s] Level 1:colcon.colcon_core.package_identification:_identify(src/Self-Driving-and-ROS-2-Learn-by-Doing-Plan-Navigation/Section6_Obstacle_Avoidance/bumperbot_ws/src/bumperbot_mapping) by extensions ['ignore', 'ignore_ament_install']
[0.611s] Level 1:colcon.colcon_core.package_identification:_identify(src/Self-Driving-and-ROS-2-Learn-by-Doing-Plan-Navigation/Section6_Obstacle_Avoidance/bumperbot_ws/src/bumperbot_mapping) by extension 'ignore'
[0.611s] Level 1:colcon.colcon_core.package_identification:_identify(src/Self-Driving-and-ROS-2-Learn-by-Doing-Plan-Navigation/Section6_Obstacle_Avoidance/bumperbot_ws/src/bumperbot_mapping) by extension 'ignore_ament_install'
[0.611s] Level 1:colcon.colcon_core.package_identification:_identify(src/Self-Driving-and-ROS-2-Learn-by-Doing-Plan-Navigation/Section6_Obstacle_Avoidance/bumperbot_ws/src/bumperbot_mapping) by extensions ['colcon_pkg']
[0.611s] Level 1:colcon.colcon_core.package_identification:_identify(src/Self-Driving-and-ROS-2-Learn-by-Doing-Plan-Navigation/Section6_Obstacle_Avoidance/bumperbot_ws/src/bumperbot_mapping) by extension 'colcon_pkg'
[0.611s] Level 1:colcon.colcon_core.package_identification:_identify(src/Self-Driving-and-ROS-2-Learn-by-Doing-Plan-Navigation/Section6_Obstacle_Avoidance/bumperbot_ws/src/bumperbot_mapping) by extensions ['colcon_meta']
[0.611s] Level 1:colcon.colcon_core.package_identification:_identify(src/Self-Driving-and-ROS-2-Learn-by-Doing-Plan-Navigation/Section6_Obstacle_Avoidance/bumperbot_ws/src/bumperbot_mapping) by extension 'colcon_meta'
[0.611s] Level 1:colcon.colcon_core.package_identification:_identify(src/Self-Driving-and-ROS-2-Learn-by-Doing-Plan-Navigation/Section6_Obstacle_Avoidance/bumperbot_ws/src/bumperbot_mapping) by extensions ['ros']
[0.611s] Level 1:colcon.colcon_core.package_identification:_identify(src/Self-Driving-and-ROS-2-Learn-by-Doing-Plan-Navigation/Section6_Obstacle_Avoidance/bumperbot_ws/src/bumperbot_mapping) by extension 'ros'
[0.614s] DEBUG:colcon.colcon_core.package_identification:Package 'src/Self-Driving-and-ROS-2-Learn-by-Doing-Plan-Navigation/Section6_Obstacle_Avoidance/bumperbot_ws/src/bumperbot_mapping' with type 'ros.ament_cmake' and name 'bumperbot_mapping'
[0.615s] Level 1:colcon.colcon_core.package_identification:_identify(src/Self-Driving-and-ROS-2-Learn-by-Doing-Plan-Navigation/Section6_Obstacle_Avoidance/bumperbot_ws/src/bumperbot_motion) by extensions ['ignore', 'ignore_ament_install']
[0.615s] Level 1:colcon.colcon_core.package_identification:_identify(src/Self-Driving-and-ROS-2-Learn-by-Doing-Plan-Navigation/Section6_Obstacle_Avoidance/bumperbot_ws/src/bumperbot_motion) by extension 'ignore'
[0.615s] Level 1:colcon.colcon_core.package_identification:_identify(src/Self-Driving-and-ROS-2-Learn-by-Doing-Plan-Navigation/Section6_Obstacle_Avoidance/bumperbot_ws/src/bumperbot_motion) by extension 'ignore_ament_install'
[0.615s] Level 1:colcon.colcon_core.package_identification:_identify(src/Self-Driving-and-ROS-2-Learn-by-Doing-Plan-Navigation/Section6_Obstacle_Avoidance/bumperbot_ws/src/bumperbot_motion) by extensions ['colcon_pkg']
[0.615s] Level 1:colcon.colcon_core.package_identification:_identify(src/Self-Driving-and-ROS-2-Learn-by-Doing-Plan-Navigation/Section6_Obstacle_Avoidance/bumperbot_ws/src/bumperbot_motion) by extension 'colcon_pkg'
[0.615s] Level 1:colcon.colcon_core.package_identification:_identify(src/Self-Driving-and-ROS-2-Learn-by-Doing-Plan-Navigation/Section6_Obstacle_Avoidance/bumperbot_ws/src/bumperbot_motion) by extensions ['colcon_meta']
[0.615s] Level 1:colcon.colcon_core.package_identification:_identify(src/Self-Driving-and-ROS-2-Learn-by-Doing-Plan-Navigation/Section6_Obstacle_Avoidance/bumperbot_ws/src/bumperbot_motion) by extension 'colcon_meta'
[0.615s] Level 1:colcon.colcon_core.package_identification:_identify(src/Self-Driving-and-ROS-2-Learn-by-Doing-Plan-Navigation/Section6_Obstacle_Avoidance/bumperbot_ws/src/bumperbot_motion) by extensions ['ros']
[0.615s] Level 1:colcon.colcon_core.package_identification:_identify(src/Self-Driving-and-ROS-2-Learn-by-Doing-Plan-Navigation/Section6_Obstacle_Avoidance/bumperbot_ws/src/bumperbot_motion) by extension 'ros'
[0.617s] DEBUG:colcon.colcon_core.package_identification:Package 'src/Self-Driving-and-ROS-2-Learn-by-Doing-Plan-Navigation/Section6_Obstacle_Avoidance/bumperbot_ws/src/bumperbot_motion' with type 'ros.ament_cmake' and name 'bumperbot_motion'
[0.618s] Level 1:colcon.colcon_core.package_identification:_identify(src/Self-Driving-and-ROS-2-Learn-by-Doing-Plan-Navigation/Section6_Obstacle_Avoidance/bumperbot_ws/src/bumperbot_msgs) by extensions ['ignore', 'ignore_ament_install']
[0.618s] Level 1:colcon.colcon_core.package_identification:_identify(src/Self-Driving-and-ROS-2-Learn-by-Doing-Plan-Navigation/Section6_Obstacle_Avoidance/bumperbot_ws/src/bumperbot_msgs) by extension 'ignore'
[0.618s] Level 1:colcon.colcon_core.package_identification:_identify(src/Self-Driving-and-ROS-2-Learn-by-Doing-Plan-Navigation/Section6_Obstacle_Avoidance/bumperbot_ws/src/bumperbot_msgs) by extension 'ignore_ament_install'
[0.618s] Level 1:colcon.colcon_core.package_identification:_identify(src/Self-Driving-and-ROS-2-Learn-by-Doing-Plan-Navigation/Section6_Obstacle_Avoidance/bumperbot_ws/src/bumperbot_msgs) by extensions ['colcon_pkg']
[0.618s] Level 1:colcon.colcon_core.package_identification:_identify(src/Self-Driving-and-ROS-2-Learn-by-Doing-Plan-Navigation/Section6_Obstacle_Avoidance/bumperbot_ws/src/bumperbot_msgs) by extension 'colcon_pkg'
[0.618s] Level 1:colcon.colcon_core.package_identification:_identify(src/Self-Driving-and-ROS-2-Learn-by-Doing-Plan-Navigation/Section6_Obstacle_Avoidance/bumperbot_ws/src/bumperbot_msgs) by extensions ['colcon_meta']
[0.618s] Level 1:colcon.colcon_core.package_identification:_identify(src/Self-Driving-and-ROS-2-Learn-by-Doing-Plan-Navigation/Section6_Obstacle_Avoidance/bumperbot_ws/src/bumperbot_msgs) by extension 'colcon_meta'
[0.618s] Level 1:colcon.colcon_core.package_identification:_identify(src/Self-Driving-and-ROS-2-Learn-by-Doing-Plan-Navigation/Section6_Obstacle_Avoidance/bumperbot_ws/src/bumperbot_msgs) by extensions ['ros']
[0.618s] Level 1:colcon.colcon_core.package_identification:_identify(src/Self-Driving-and-ROS-2-Learn-by-Doing-Plan-Navigation/Section6_Obstacle_Avoidance/bumperbot_ws/src/bumperbot_msgs) by extension 'ros'
[0.619s] DEBUG:colcon.colcon_core.package_identification:Package 'src/Self-Driving-and-ROS-2-Learn-by-Doing-Plan-Navigation/Section6_Obstacle_Avoidance/bumperbot_ws/src/bumperbot_msgs' with type 'ros.ament_cmake' and name 'bumperbot_msgs'
[0.620s] Level 1:colcon.colcon_core.package_identification:_identify(src/Self-Driving-and-ROS-2-Learn-by-Doing-Plan-Navigation/Section6_Obstacle_Avoidance/bumperbot_ws/src/bumperbot_navigation) by extensions ['ignore', 'ignore_ament_install']
[0.620s] Level 1:colcon.colcon_core.package_identification:_identify(src/Self-Driving-and-ROS-2-Learn-by-Doing-Plan-Navigation/Section6_Obstacle_Avoidance/bumperbot_ws/src/bumperbot_navigation) by extension 'ignore'
[0.620s] Level 1:colcon.colcon_core.package_identification:_identify(src/Self-Driving-and-ROS-2-Learn-by-Doing-Plan-Navigation/Section6_Obstacle_Avoidance/bumperbot_ws/src/bumperbot_navigation) by extension 'ignore_ament_install'
[0.620s] Level 1:colcon.colcon_core.package_identification:_identify(src/Self-Driving-and-ROS-2-Learn-by-Doing-Plan-Navigation/Section6_Obstacle_Avoidance/bumperbot_ws/src/bumperbot_navigation) by extensions ['colcon_pkg']
[0.620s] Level 1:colcon.colcon_core.package_identification:_identify(src/Self-Driving-and-ROS-2-Learn-by-Doing-Plan-Navigation/Section6_Obstacle_Avoidance/bumperbot_ws/src/bumperbot_navigation) by extension 'colcon_pkg'
[0.620s] Level 1:colcon.colcon_core.package_identification:_identify(src/Self-Driving-and-ROS-2-Learn-by-Doing-Plan-Navigation/Section6_Obstacle_Avoidance/bumperbot_ws/src/bumperbot_navigation) by extensions ['colcon_meta']
[0.620s] Level 1:colcon.colcon_core.package_identification:_identify(src/Self-Driving-and-ROS-2-Learn-by-Doing-Plan-Navigation/Section6_Obstacle_Avoidance/bumperbot_ws/src/bumperbot_navigation) by extension 'colcon_meta'
[0.620s] Level 1:colcon.colcon_core.package_identification:_identify(src/Self-Driving-and-ROS-2-Learn-by-Doing-Plan-Navigation/Section6_Obstacle_Avoidance/bumperbot_ws/src/bumperbot_navigation) by extensions ['ros']
[0.620s] Level 1:colcon.colcon_core.package_identification:_identify(src/Self-Driving-and-ROS-2-Learn-by-Doing-Plan-Navigation/Section6_Obstacle_Avoidance/bumperbot_ws/src/bumperbot_navigation) by extension 'ros'
[0.621s] DEBUG:colcon.colcon_core.package_identification:Package 'src/Self-Driving-and-ROS-2-Learn-by-Doing-Plan-Navigation/Section6_Obstacle_Avoidance/bumperbot_ws/src/bumperbot_navigation' with type 'ros.ament_cmake' and name 'bumperbot_navigation'
[0.621s] Level 1:colcon.colcon_core.package_identification:_identify(src/Self-Driving-and-ROS-2-Learn-by-Doing-Plan-Navigation/Section6_Obstacle_Avoidance/bumperbot_ws/src/bumperbot_planning) by extensions ['ignore', 'ignore_ament_install']
[0.621s] Level 1:colcon.colcon_core.package_identification:_identify(src/Self-Driving-and-ROS-2-Learn-by-Doing-Plan-Navigation/Section6_Obstacle_Avoidance/bumperbot_ws/src/bumperbot_planning) by extension 'ignore'
[0.621s] Level 1:colcon.colcon_core.package_identification:_identify(src/Self-Driving-and-ROS-2-Learn-by-Doing-Plan-Navigation/Section6_Obstacle_Avoidance/bumperbot_ws/src/bumperbot_planning) by extension 'ignore_ament_install'
[0.621s] Level 1:colcon.colcon_core.package_identification:_identify(src/Self-Driving-and-ROS-2-Learn-by-Doing-Plan-Navigation/Section6_Obstacle_Avoidance/bumperbot_ws/src/bumperbot_planning) by extensions ['colcon_pkg']
[0.621s] Level 1:colcon.colcon_core.package_identification:_identify(src/Self-Driving-and-ROS-2-Learn-by-Doing-Plan-Navigation/Section6_Obstacle_Avoidance/bumperbot_ws/src/bumperbot_planning) by extension 'colcon_pkg'
[0.621s] Level 1:colcon.colcon_core.package_identification:_identify(src/Self-Driving-and-ROS-2-Learn-by-Doing-Plan-Navigation/Section6_Obstacle_Avoidance/bumperbot_ws/src/bumperbot_planning) by extensions ['colcon_meta']
[0.621s] Level 1:colcon.colcon_core.package_identification:_identify(src/Self-Driving-and-ROS-2-Learn-by-Doing-Plan-Navigation/Section6_Obstacle_Avoidance/bumperbot_ws/src/bumperbot_planning) by extension 'colcon_meta'
[0.621s] Level 1:colcon.colcon_core.package_identification:_identify(src/Self-Driving-and-ROS-2-Learn-by-Doing-Plan-Navigation/Section6_Obstacle_Avoidance/bumperbot_ws/src/bumperbot_planning) by extensions ['ros']
[0.621s] Level 1:colcon.colcon_core.package_identification:_identify(src/Self-Driving-and-ROS-2-Learn-by-Doing-Plan-Navigation/Section6_Obstacle_Avoidance/bumperbot_ws/src/bumperbot_planning) by extension 'ros'
[0.624s] DEBUG:colcon.colcon_core.package_identification:Package 'src/Self-Driving-and-ROS-2-Learn-by-Doing-Plan-Navigation/Section6_Obstacle_Avoidance/bumperbot_ws/src/bumperbot_planning' with type 'ros.ament_cmake' and name 'bumperbot_planning'
[0.624s] Level 1:colcon.colcon_core.package_identification:_identify(src/Self-Driving-and-ROS-2-Learn-by-Doing-Plan-Navigation/Section6_Obstacle_Avoidance/bumperbot_ws/src/bumperbot_py_examples) by extensions ['ignore', 'ignore_ament_install']
[0.625s] Level 1:colcon.colcon_core.package_identification:_identify(src/Self-Driving-and-ROS-2-Learn-by-Doing-Plan-Navigation/Section6_Obstacle_Avoidance/bumperbot_ws/src/bumperbot_py_examples) by extension 'ignore'
[0.629s] Level 1:colcon.colcon_core.package_identification:_identify(src/Self-Driving-and-ROS-2-Learn-by-Doing-Plan-Navigation/Section6_Obstacle_Avoidance/bumperbot_ws/src/bumperbot_py_examples) by extension 'ignore_ament_install'
[0.629s] Level 1:colcon.colcon_core.package_identification:_identify(src/Self-Driving-and-ROS-2-Learn-by-Doing-Plan-Navigation/Section6_Obstacle_Avoidance/bumperbot_ws/src/bumperbot_py_examples) by extensions ['colcon_pkg']
[0.629s] Level 1:colcon.colcon_core.package_identification:_identify(src/Self-Driving-and-ROS-2-Learn-by-Doing-Plan-Navigation/Section6_Obstacle_Avoidance/bumperbot_ws/src/bumperbot_py_examples) by extension 'colcon_pkg'
[0.629s] Level 1:colcon.colcon_core.package_identification:_identify(src/Self-Driving-and-ROS-2-Learn-by-Doing-Plan-Navigation/Section6_Obstacle_Avoidance/bumperbot_ws/src/bumperbot_py_examples) by extensions ['colcon_meta']
[0.629s] Level 1:colcon.colcon_core.package_identification:_identify(src/Self-Driving-and-ROS-2-Learn-by-Doing-Plan-Navigation/Section6_Obstacle_Avoidance/bumperbot_ws/src/bumperbot_py_examples) by extension 'colcon_meta'
[0.629s] Level 1:colcon.colcon_core.package_identification:_identify(src/Self-Driving-and-ROS-2-Learn-by-Doing-Plan-Navigation/Section6_Obstacle_Avoidance/bumperbot_ws/src/bumperbot_py_examples) by extensions ['ros']
[0.629s] Level 1:colcon.colcon_core.package_identification:_identify(src/Self-Driving-and-ROS-2-Learn-by-Doing-Plan-Navigation/Section6_Obstacle_Avoidance/bumperbot_ws/src/bumperbot_py_examples) by extension 'ros'
[0.631s] DEBUG:colcon.colcon_core.package_identification:Package 'src/Self-Driving-and-ROS-2-Learn-by-Doing-Plan-Navigation/Section6_Obstacle_Avoidance/bumperbot_ws/src/bumperbot_py_examples' with type 'ros.ament_python' and name 'bumperbot_py_examples'
[0.631s] Level 1:colcon.colcon_core.package_identification:_identify(src/Self-Driving-and-ROS-2-Learn-by-Doing-Plan-Navigation/Section6_Obstacle_Avoidance/bumperbot_ws/src/bumperbot_utils) by extensions ['ignore', 'ignore_ament_install']
[0.631s] Level 1:colcon.colcon_core.package_identification:_identify(src/Self-Driving-and-ROS-2-Learn-by-Doing-Plan-Navigation/Section6_Obstacle_Avoidance/bumperbot_ws/src/bumperbot_utils) by extension 'ignore'
[0.631s] Level 1:colcon.colcon_core.package_identification:_identify(src/Self-Driving-and-ROS-2-Learn-by-Doing-Plan-Navigation/Section6_Obstacle_Avoidance/bumperbot_ws/src/bumperbot_utils) by extension 'ignore_ament_install'
[0.631s] Level 1:colcon.colcon_core.package_identification:_identify(src/Self-Driving-and-ROS-2-Learn-by-Doing-Plan-Navigation/Section6_Obstacle_Avoidance/bumperbot_ws/src/bumperbot_utils) by extensions ['colcon_pkg']
[0.631s] Level 1:colcon.colcon_core.package_identification:_identify(src/Self-Driving-and-ROS-2-Learn-by-Doing-Plan-Navigation/Section6_Obstacle_Avoidance/bumperbot_ws/src/bumperbot_utils) by extension 'colcon_pkg'
[0.631s] Level 1:colcon.colcon_core.package_identification:_identify(src/Self-Driving-and-ROS-2-Learn-by-Doing-Plan-Navigation/Section6_Obstacle_Avoidance/bumperbot_ws/src/bumperbot_utils) by extensions ['colcon_meta']
[0.631s] Level 1:colcon.colcon_core.package_identification:_identify(src/Self-Driving-and-ROS-2-Learn-by-Doing-Plan-Navigation/Section6_Obstacle_Avoidance/bumperbot_ws/src/bumperbot_utils) by extension 'colcon_meta'
[0.632s] Level 1:colcon.colcon_core.package_identification:_identify(src/Self-Driving-and-ROS-2-Learn-by-Doing-Plan-Navigation/Section6_Obstacle_Avoidance/bumperbot_ws/src/bumperbot_utils) by extensions ['ros']
[0.632s] Level 1:colcon.colcon_core.package_identification:_identify(src/Self-Driving-and-ROS-2-Learn-by-Doing-Plan-Navigation/Section6_Obstacle_Avoidance/bumperbot_ws/src/bumperbot_utils) by extension 'ros'
[0.633s] DEBUG:colcon.colcon_core.package_identification:Package 'src/Self-Driving-and-ROS-2-Learn-by-Doing-Plan-Navigation/Section6_Obstacle_Avoidance/bumperbot_ws/src/bumperbot_utils' with type 'ros.ament_cmake' and name 'bumperbot_utils'
[0.634s] Level 1:colcon.colcon_core.package_identification:_identify(src/Self-Driving-and-ROS-2-Learn-by-Doing-Plan-Navigation/Section7_Navigation) by extensions ['ignore', 'ignore_ament_install']
[0.634s] Level 1:colcon.colcon_core.package_identification:_identify(src/Self-Driving-and-ROS-2-Learn-by-Doing-Plan-Navigation/Section7_Navigation) by extension 'ignore'
[0.634s] Level 1:colcon.colcon_core.package_identification:_identify(src/Self-Driving-and-ROS-2-Learn-by-Doing-Plan-Navigation/Section7_Navigation) by extension 'ignore_ament_install'
[0.634s] Level 1:colcon.colcon_core.package_identification:_identify(src/Self-Driving-and-ROS-2-Learn-by-Doing-Plan-Navigation/Section7_Navigation) by extensions ['colcon_pkg']
[0.634s] Level 1:colcon.colcon_core.package_identification:_identify(src/Self-Driving-and-ROS-2-Learn-by-Doing-Plan-Navigation/Section7_Navigation) by extension 'colcon_pkg'
[0.634s] Level 1:colcon.colcon_core.package_identification:_identify(src/Self-Driving-and-ROS-2-Learn-by-Doing-Plan-Navigation/Section7_Navigation) by extensions ['colcon_meta']
[0.634s] Level 1:colcon.colcon_core.package_identification:_identify(src/Self-Driving-and-ROS-2-Learn-by-Doing-Plan-Navigation/Section7_Navigation) by extension 'colcon_meta'
[0.634s] Level 1:colcon.colcon_core.package_identification:_identify(src/Self-Driving-and-ROS-2-Learn-by-Doing-Plan-Navigation/Section7_Navigation) by extensions ['ros']
[0.634s] Level 1:colcon.colcon_core.package_identification:_identify(src/Self-Driving-and-ROS-2-Learn-by-Doing-Plan-Navigation/Section7_Navigation) by extension 'ros'
[0.634s] Level 1:colcon.colcon_core.package_identification:_identify(src/Self-Driving-and-ROS-2-Learn-by-Doing-Plan-Navigation/Section7_Navigation) by extensions ['cmake', 'python']
[0.634s] Level 1:colcon.colcon_core.package_identification:_identify(src/Self-Driving-and-ROS-2-Learn-by-Doing-Plan-Navigation/Section7_Navigation) by extension 'cmake'
[0.634s] Level 1:colcon.colcon_core.package_identification:_identify(src/Self-Driving-and-ROS-2-Learn-by-Doing-Plan-Navigation/Section7_Navigation) by extension 'python'
[0.634s] Level 1:colcon.colcon_core.package_identification:_identify(src/Self-Driving-and-ROS-2-Learn-by-Doing-Plan-Navigation/Section7_Navigation) by extensions ['python_setup_py']
[0.634s] Level 1:colcon.colcon_core.package_identification:_identify(src/Self-Driving-and-ROS-2-Learn-by-Doing-Plan-Navigation/Section7_Navigation) by extension 'python_setup_py'
[0.634s] Level 1:colcon.colcon_core.package_identification:_identify(src/Self-Driving-and-ROS-2-Learn-by-Doing-Plan-Navigation/Section7_Navigation/bumperbot_ws) by extensions ['ignore', 'ignore_ament_install']
[0.634s] Level 1:colcon.colcon_core.package_identification:_identify(src/Self-Driving-and-ROS-2-Learn-by-Doing-Plan-Navigation/Section7_Navigation/bumperbot_ws) by extension 'ignore'
[0.634s] Level 1:colcon.colcon_core.package_identification:_identify(src/Self-Driving-and-ROS-2-Learn-by-Doing-Plan-Navigation/Section7_Navigation/bumperbot_ws) by extension 'ignore_ament_install'
[0.634s] Level 1:colcon.colcon_core.package_identification:_identify(src/Self-Driving-and-ROS-2-Learn-by-Doing-Plan-Navigation/Section7_Navigation/bumperbot_ws) by extensions ['colcon_pkg']
[0.634s] Level 1:colcon.colcon_core.package_identification:_identify(src/Self-Driving-and-ROS-2-Learn-by-Doing-Plan-Navigation/Section7_Navigation/bumperbot_ws) by extension 'colcon_pkg'
[0.634s] Level 1:colcon.colcon_core.package_identification:_identify(src/Self-Driving-and-ROS-2-Learn-by-Doing-Plan-Navigation/Section7_Navigation/bumperbot_ws) by extensions ['colcon_meta']
[0.634s] Level 1:colcon.colcon_core.package_identification:_identify(src/Self-Driving-and-ROS-2-Learn-by-Doing-Plan-Navigation/Section7_Navigation/bumperbot_ws) by extension 'colcon_meta'
[0.634s] Level 1:colcon.colcon_core.package_identification:_identify(src/Self-Driving-and-ROS-2-Learn-by-Doing-Plan-Navigation/Section7_Navigation/bumperbot_ws) by extensions ['ros']
[0.634s] Level 1:colcon.colcon_core.package_identification:_identify(src/Self-Driving-and-ROS-2-Learn-by-Doing-Plan-Navigation/Section7_Navigation/bumperbot_ws) by extension 'ros'
[0.634s] Level 1:colcon.colcon_core.package_identification:_identify(src/Self-Driving-and-ROS-2-Learn-by-Doing-Plan-Navigation/Section7_Navigation/bumperbot_ws) by extensions ['cmake', 'python']
[0.634s] Level 1:colcon.colcon_core.package_identification:_identify(src/Self-Driving-and-ROS-2-Learn-by-Doing-Plan-Navigation/Section7_Navigation/bumperbot_ws) by extension 'cmake'
[0.634s] Level 1:colcon.colcon_core.package_identification:_identify(src/Self-Driving-and-ROS-2-Learn-by-Doing-Plan-Navigation/Section7_Navigation/bumperbot_ws) by extension 'python'
[0.634s] Level 1:colcon.colcon_core.package_identification:_identify(src/Self-Driving-and-ROS-2-Learn-by-Doing-Plan-Navigation/Section7_Navigation/bumperbot_ws) by extensions ['python_setup_py']
[0.634s] Level 1:colcon.colcon_core.package_identification:_identify(src/Self-Driving-and-ROS-2-Learn-by-Doing-Plan-Navigation/Section7_Navigation/bumperbot_ws) by extension 'python_setup_py'
[0.635s] Level 1:colcon.colcon_core.package_identification:_identify(src/Self-Driving-and-ROS-2-Learn-by-Doing-Plan-Navigation/Section7_Navigation/bumperbot_ws/src) by extensions ['ignore', 'ignore_ament_install']
[0.635s] Level 1:colcon.colcon_core.package_identification:_identify(src/Self-Driving-and-ROS-2-Learn-by-Doing-Plan-Navigation/Section7_Navigation/bumperbot_ws/src) by extension 'ignore'
[0.635s] Level 1:colcon.colcon_core.package_identification:_identify(src/Self-Driving-and-ROS-2-Learn-by-Doing-Plan-Navigation/Section7_Navigation/bumperbot_ws/src) by extension 'ignore_ament_install'
[0.635s] Level 1:colcon.colcon_core.package_identification:_identify(src/Self-Driving-and-ROS-2-Learn-by-Doing-Plan-Navigation/Section7_Navigation/bumperbot_ws/src) by extensions ['colcon_pkg']
[0.635s] Level 1:colcon.colcon_core.package_identification:_identify(src/Self-Driving-and-ROS-2-Learn-by-Doing-Plan-Navigation/Section7_Navigation/bumperbot_ws/src) by extension 'colcon_pkg'
[0.635s] Level 1:colcon.colcon_core.package_identification:_identify(src/Self-Driving-and-ROS-2-Learn-by-Doing-Plan-Navigation/Section7_Navigation/bumperbot_ws/src) by extensions ['colcon_meta']
[0.635s] Level 1:colcon.colcon_core.package_identification:_identify(src/Self-Driving-and-ROS-2-Learn-by-Doing-Plan-Navigation/Section7_Navigation/bumperbot_ws/src) by extension 'colcon_meta'
[0.635s] Level 1:colcon.colcon_core.package_identification:_identify(src/Self-Driving-and-ROS-2-Learn-by-Doing-Plan-Navigation/Section7_Navigation/bumperbot_ws/src) by extensions ['ros']
[0.635s] Level 1:colcon.colcon_core.package_identification:_identify(src/Self-Driving-and-ROS-2-Learn-by-Doing-Plan-Navigation/Section7_Navigation/bumperbot_ws/src) by extension 'ros'
[0.635s] Level 1:colcon.colcon_core.package_identification:_identify(src/Self-Driving-and-ROS-2-Learn-by-Doing-Plan-Navigation/Section7_Navigation/bumperbot_ws/src) by extensions ['cmake', 'python']
[0.635s] Level 1:colcon.colcon_core.package_identification:_identify(src/Self-Driving-and-ROS-2-Learn-by-Doing-Plan-Navigation/Section7_Navigation/bumperbot_ws/src) by extension 'cmake'
[0.635s] Level 1:colcon.colcon_core.package_identification:_identify(src/Self-Driving-and-ROS-2-Learn-by-Doing-Plan-Navigation/Section7_Navigation/bumperbot_ws/src) by extension 'python'
[0.635s] Level 1:colcon.colcon_core.package_identification:_identify(src/Self-Driving-and-ROS-2-Learn-by-Doing-Plan-Navigation/Section7_Navigation/bumperbot_ws/src) by extensions ['python_setup_py']
[0.635s] Level 1:colcon.colcon_core.package_identification:_identify(src/Self-Driving-and-ROS-2-Learn-by-Doing-Plan-Navigation/Section7_Navigation/bumperbot_ws/src) by extension 'python_setup_py'
[0.635s] Level 1:colcon.colcon_core.package_identification:_identify(src/Self-Driving-and-ROS-2-Learn-by-Doing-Plan-Navigation/Section7_Navigation/bumperbot_ws/src/bumperbot_bringup) by extensions ['ignore', 'ignore_ament_install']
[0.635s] Level 1:colcon.colcon_core.package_identification:_identify(src/Self-Driving-and-ROS-2-Learn-by-Doing-Plan-Navigation/Section7_Navigation/bumperbot_ws/src/bumperbot_bringup) by extension 'ignore'
[0.636s] Level 1:colcon.colcon_core.package_identification:_identify(src/Self-Driving-and-ROS-2-Learn-by-Doing-Plan-Navigation/Section7_Navigation/bumperbot_ws/src/bumperbot_bringup) by extension 'ignore_ament_install'
[0.636s] Level 1:colcon.colcon_core.package_identification:_identify(src/Self-Driving-and-ROS-2-Learn-by-Doing-Plan-Navigation/Section7_Navigation/bumperbot_ws/src/bumperbot_bringup) by extensions ['colcon_pkg']
[0.636s] Level 1:colcon.colcon_core.package_identification:_identify(src/Self-Driving-and-ROS-2-Learn-by-Doing-Plan-Navigation/Section7_Navigation/bumperbot_ws/src/bumperbot_bringup) by extension 'colcon_pkg'
[0.636s] Level 1:colcon.colcon_core.package_identification:_identify(src/Self-Driving-and-ROS-2-Learn-by-Doing-Plan-Navigation/Section7_Navigation/bumperbot_ws/src/bumperbot_bringup) by extensions ['colcon_meta']
[0.636s] Level 1:colcon.colcon_core.package_identification:_identify(src/Self-Driving-and-ROS-2-Learn-by-Doing-Plan-Navigation/Section7_Navigation/bumperbot_ws/src/bumperbot_bringup) by extension 'colcon_meta'
[0.636s] Level 1:colcon.colcon_core.package_identification:_identify(src/Self-Driving-and-ROS-2-Learn-by-Doing-Plan-Navigation/Section7_Navigation/bumperbot_ws/src/bumperbot_bringup) by extensions ['ros']
[0.636s] Level 1:colcon.colcon_core.package_identification:_identify(src/Self-Driving-and-ROS-2-Learn-by-Doing-Plan-Navigation/Section7_Navigation/bumperbot_ws/src/bumperbot_bringup) by extension 'ros'
[0.637s] DEBUG:colcon.colcon_core.package_identification:Package 'src/Self-Driving-and-ROS-2-Learn-by-Doing-Plan-Navigation/Section7_Navigation/bumperbot_ws/src/bumperbot_bringup' with type 'ros.ament_cmake' and name 'bumperbot_bringup'
[0.639s] Level 1:colcon.colcon_core.package_identification:_identify(src/Self-Driving-and-ROS-2-Learn-by-Doing-Plan-Navigation/Section7_Navigation/bumperbot_ws/src/bumperbot_controller) by extensions ['ignore', 'ignore_ament_install']
[0.639s] Level 1:colcon.colcon_core.package_identification:_identify(src/Self-Driving-and-ROS-2-Learn-by-Doing-Plan-Navigation/Section7_Navigation/bumperbot_ws/src/bumperbot_controller) by extension 'ignore'
[0.639s] Level 1:colcon.colcon_core.package_identification:_identify(src/Self-Driving-and-ROS-2-Learn-by-Doing-Plan-Navigation/Section7_Navigation/bumperbot_ws/src/bumperbot_controller) by extension 'ignore_ament_install'
[0.639s] Level 1:colcon.colcon_core.package_identification:_identify(src/Self-Driving-and-ROS-2-Learn-by-Doing-Plan-Navigation/Section7_Navigation/bumperbot_ws/src/bumperbot_controller) by extensions ['colcon_pkg']
[0.639s] Level 1:colcon.colcon_core.package_identification:_identify(src/Self-Driving-and-ROS-2-Learn-by-Doing-Plan-Navigation/Section7_Navigation/bumperbot_ws/src/bumperbot_controller) by extension 'colcon_pkg'
[0.639s] Level 1:colcon.colcon_core.package_identification:_identify(src/Self-Driving-and-ROS-2-Learn-by-Doing-Plan-Navigation/Section7_Navigation/bumperbot_ws/src/bumperbot_controller) by extensions ['colcon_meta']
[0.639s] Level 1:colcon.colcon_core.package_identification:_identify(src/Self-Driving-and-ROS-2-Learn-by-Doing-Plan-Navigation/Section7_Navigation/bumperbot_ws/src/bumperbot_controller) by extension 'colcon_meta'
[0.639s] Level 1:colcon.colcon_core.package_identification:_identify(src/Self-Driving-and-ROS-2-Learn-by-Doing-Plan-Navigation/Section7_Navigation/bumperbot_ws/src/bumperbot_controller) by extensions ['ros']
[0.639s] Level 1:colcon.colcon_core.package_identification:_identify(src/Self-Driving-and-ROS-2-Learn-by-Doing-Plan-Navigation/Section7_Navigation/bumperbot_ws/src/bumperbot_controller) by extension 'ros'
[0.640s] DEBUG:colcon.colcon_core.package_identification:Package 'src/Self-Driving-and-ROS-2-Learn-by-Doing-Plan-Navigation/Section7_Navigation/bumperbot_ws/src/bumperbot_controller' with type 'ros.ament_cmake' and name 'bumperbot_controller'
[0.641s] Level 1:colcon.colcon_core.package_identification:_identify(src/Self-Driving-and-ROS-2-Learn-by-Doing-Plan-Navigation/Section7_Navigation/bumperbot_ws/src/bumperbot_cpp_examples) by extensions ['ignore', 'ignore_ament_install']
[0.641s] Level 1:colcon.colcon_core.package_identification:_identify(src/Self-Driving-and-ROS-2-Learn-by-Doing-Plan-Navigation/Section7_Navigation/bumperbot_ws/src/bumperbot_cpp_examples) by extension 'ignore'
[0.641s] Level 1:colcon.colcon_core.package_identification:_identify(src/Self-Driving-and-ROS-2-Learn-by-Doing-Plan-Navigation/Section7_Navigation/bumperbot_ws/src/bumperbot_cpp_examples) by extension 'ignore_ament_install'
[0.641s] Level 1:colcon.colcon_core.package_identification:_identify(src/Self-Driving-and-ROS-2-Learn-by-Doing-Plan-Navigation/Section7_Navigation/bumperbot_ws/src/bumperbot_cpp_examples) by extensions ['colcon_pkg']
[0.641s] Level 1:colcon.colcon_core.package_identification:_identify(src/Self-Driving-and-ROS-2-Learn-by-Doing-Plan-Navigation/Section7_Navigation/bumperbot_ws/src/bumperbot_cpp_examples) by extension 'colcon_pkg'
[0.641s] Level 1:colcon.colcon_core.package_identification:_identify(src/Self-Driving-and-ROS-2-Learn-by-Doing-Plan-Navigation/Section7_Navigation/bumperbot_ws/src/bumperbot_cpp_examples) by extensions ['colcon_meta']
[0.641s] Level 1:colcon.colcon_core.package_identification:_identify(src/Self-Driving-and-ROS-2-Learn-by-Doing-Plan-Navigation/Section7_Navigation/bumperbot_ws/src/bumperbot_cpp_examples) by extension 'colcon_meta'
[0.641s] Level 1:colcon.colcon_core.package_identification:_identify(src/Self-Driving-and-ROS-2-Learn-by-Doing-Plan-Navigation/Section7_Navigation/bumperbot_ws/src/bumperbot_cpp_examples) by extensions ['ros']
[0.641s] Level 1:colcon.colcon_core.package_identification:_identify(src/Self-Driving-and-ROS-2-Learn-by-Doing-Plan-Navigation/Section7_Navigation/bumperbot_ws/src/bumperbot_cpp_examples) by extension 'ros'
[0.643s] DEBUG:colcon.colcon_core.package_identification:Package 'src/Self-Driving-and-ROS-2-Learn-by-Doing-Plan-Navigation/Section7_Navigation/bumperbot_ws/src/bumperbot_cpp_examples' with type 'ros.ament_cmake' and name 'bumperbot_cpp_examples'
[0.644s] Level 1:colcon.colcon_core.package_identification:_identify(src/Self-Driving-and-ROS-2-Learn-by-Doing-Plan-Navigation/Section7_Navigation/bumperbot_ws/src/bumperbot_description) by extensions ['ignore', 'ignore_ament_install']
[0.644s] Level 1:colcon.colcon_core.package_identification:_identify(src/Self-Driving-and-ROS-2-Learn-by-Doing-Plan-Navigation/Section7_Navigation/bumperbot_ws/src/bumperbot_description) by extension 'ignore'
[0.645s] Level 1:colcon.colcon_core.package_identification:_identify(src/Self-Driving-and-ROS-2-Learn-by-Doing-Plan-Navigation/Section7_Navigation/bumperbot_ws/src/bumperbot_description) by extension 'ignore_ament_install'
[0.645s] Level 1:colcon.colcon_core.package_identification:_identify(src/Self-Driving-and-ROS-2-Learn-by-Doing-Plan-Navigation/Section7_Navigation/bumperbot_ws/src/bumperbot_description) by extensions ['colcon_pkg']
[0.645s] Level 1:colcon.colcon_core.package_identification:_identify(src/Self-Driving-and-ROS-2-Learn-by-Doing-Plan-Navigation/Section7_Navigation/bumperbot_ws/src/bumperbot_description) by extension 'colcon_pkg'
[0.645s] Level 1:colcon.colcon_core.package_identification:_identify(src/Self-Driving-and-ROS-2-Learn-by-Doing-Plan-Navigation/Section7_Navigation/bumperbot_ws/src/bumperbot_description) by extensions ['colcon_meta']
[0.645s] Level 1:colcon.colcon_core.package_identification:_identify(src/Self-Driving-and-ROS-2-Learn-by-Doing-Plan-Navigation/Section7_Navigation/bumperbot_ws/src/bumperbot_description) by extension 'colcon_meta'
[0.645s] Level 1:colcon.colcon_core.package_identification:_identify(src/Self-Driving-and-ROS-2-Learn-by-Doing-Plan-Navigation/Section7_Navigation/bumperbot_ws/src/bumperbot_description) by extensions ['ros']
[0.645s] Level 1:colcon.colcon_core.package_identification:_identify(src/Self-Driving-and-ROS-2-Learn-by-Doing-Plan-Navigation/Section7_Navigation/bumperbot_ws/src/bumperbot_description) by extension 'ros'
[0.647s] DEBUG:colcon.colcon_core.package_identification:Package 'src/Self-Driving-and-ROS-2-Learn-by-Doing-Plan-Navigation/Section7_Navigation/bumperbot_ws/src/bumperbot_description' with type 'ros.ament_cmake' and name 'bumperbot_description'
[0.647s] Level 1:colcon.colcon_core.package_identification:_identify(src/Self-Driving-and-ROS-2-Learn-by-Doing-Plan-Navigation/Section7_Navigation/bumperbot_ws/src/bumperbot_firmware) by extensions ['ignore', 'ignore_ament_install']
[0.647s] Level 1:colcon.colcon_core.package_identification:_identify(src/Self-Driving-and-ROS-2-Learn-by-Doing-Plan-Navigation/Section7_Navigation/bumperbot_ws/src/bumperbot_firmware) by extension 'ignore'
[0.648s] Level 1:colcon.colcon_core.package_identification:_identify(src/Self-Driving-and-ROS-2-Learn-by-Doing-Plan-Navigation/Section7_Navigation/bumperbot_ws/src/bumperbot_firmware) by extension 'ignore_ament_install'
[0.648s] Level 1:colcon.colcon_core.package_identification:_identify(src/Self-Driving-and-ROS-2-Learn-by-Doing-Plan-Navigation/Section7_Navigation/bumperbot_ws/src/bumperbot_firmware) by extensions ['colcon_pkg']
[0.648s] Level 1:colcon.colcon_core.package_identification:_identify(src/Self-Driving-and-ROS-2-Learn-by-Doing-Plan-Navigation/Section7_Navigation/bumperbot_ws/src/bumperbot_firmware) by extension 'colcon_pkg'
[0.648s] Level 1:colcon.colcon_core.package_identification:_identify(src/Self-Driving-and-ROS-2-Learn-by-Doing-Plan-Navigation/Section7_Navigation/bumperbot_ws/src/bumperbot_firmware) by extensions ['colcon_meta']
[0.648s] Level 1:colcon.colcon_core.package_identification:_identify(src/Self-Driving-and-ROS-2-Learn-by-Doing-Plan-Navigation/Section7_Navigation/bumperbot_ws/src/bumperbot_firmware) by extension 'colcon_meta'
[0.648s] Level 1:colcon.colcon_core.package_identification:_identify(src/Self-Driving-and-ROS-2-Learn-by-Doing-Plan-Navigation/Section7_Navigation/bumperbot_ws/src/bumperbot_firmware) by extensions ['ros']
[0.648s] Level 1:colcon.colcon_core.package_identification:_identify(src/Self-Driving-and-ROS-2-Learn-by-Doing-Plan-Navigation/Section7_Navigation/bumperbot_ws/src/bumperbot_firmware) by extension 'ros'
[0.650s] DEBUG:colcon.colcon_core.package_identification:Package 'src/Self-Driving-and-ROS-2-Learn-by-Doing-Plan-Navigation/Section7_Navigation/bumperbot_ws/src/bumperbot_firmware' with type 'ros.ament_cmake' and name 'bumperbot_firmware'
[0.651s] Level 1:colcon.colcon_core.package_identification:_identify(src/Self-Driving-and-ROS-2-Learn-by-Doing-Plan-Navigation/Section7_Navigation/bumperbot_ws/src/bumperbot_localization) by extensions ['ignore', 'ignore_ament_install']
[0.651s] Level 1:colcon.colcon_core.package_identification:_identify(src/Self-Driving-and-ROS-2-Learn-by-Doing-Plan-Navigation/Section7_Navigation/bumperbot_ws/src/bumperbot_localization) by extension 'ignore'
[0.651s] Level 1:colcon.colcon_core.package_identification:_identify(src/Self-Driving-and-ROS-2-Learn-by-Doing-Plan-Navigation/Section7_Navigation/bumperbot_ws/src/bumperbot_localization) by extension 'ignore_ament_install'
[0.651s] Level 1:colcon.colcon_core.package_identification:_identify(src/Self-Driving-and-ROS-2-Learn-by-Doing-Plan-Navigation/Section7_Navigation/bumperbot_ws/src/bumperbot_localization) by extensions ['colcon_pkg']
[0.651s] Level 1:colcon.colcon_core.package_identification:_identify(src/Self-Driving-and-ROS-2-Learn-by-Doing-Plan-Navigation/Section7_Navigation/bumperbot_ws/src/bumperbot_localization) by extension 'colcon_pkg'
[0.651s] Level 1:colcon.colcon_core.package_identification:_identify(src/Self-Driving-and-ROS-2-Learn-by-Doing-Plan-Navigation/Section7_Navigation/bumperbot_ws/src/bumperbot_localization) by extensions ['colcon_meta']
[0.651s] Level 1:colcon.colcon_core.package_identification:_identify(src/Self-Driving-and-ROS-2-Learn-by-Doing-Plan-Navigation/Section7_Navigation/bumperbot_ws/src/bumperbot_localization) by extension 'colcon_meta'
[0.651s] Level 1:colcon.colcon_core.package_identification:_identify(src/Self-Driving-and-ROS-2-Learn-by-Doing-Plan-Navigation/Section7_Navigation/bumperbot_ws/src/bumperbot_localization) by extensions ['ros']
[0.651s] Level 1:colcon.colcon_core.package_identification:_identify(src/Self-Driving-and-ROS-2-Learn-by-Doing-Plan-Navigation/Section7_Navigation/bumperbot_ws/src/bumperbot_localization) by extension 'ros'
[0.653s] DEBUG:colcon.colcon_core.package_identification:Package 'src/Self-Driving-and-ROS-2-Learn-by-Doing-Plan-Navigation/Section7_Navigation/bumperbot_ws/src/bumperbot_localization' with type 'ros.ament_cmake' and name 'bumperbot_localization'
[0.654s] Level 1:colcon.colcon_core.package_identification:_identify(src/Self-Driving-and-ROS-2-Learn-by-Doing-Plan-Navigation/Section7_Navigation/bumperbot_ws/src/bumperbot_mapping) by extensions ['ignore', 'ignore_ament_install']
[0.654s] Level 1:colcon.colcon_core.package_identification:_identify(src/Self-Driving-and-ROS-2-Learn-by-Doing-Plan-Navigation/Section7_Navigation/bumperbot_ws/src/bumperbot_mapping) by extension 'ignore'
[0.654s] Level 1:colcon.colcon_core.package_identification:_identify(src/Self-Driving-and-ROS-2-Learn-by-Doing-Plan-Navigation/Section7_Navigation/bumperbot_ws/src/bumperbot_mapping) by extension 'ignore_ament_install'
[0.654s] Level 1:colcon.colcon_core.package_identification:_identify(src/Self-Driving-and-ROS-2-Learn-by-Doing-Plan-Navigation/Section7_Navigation/bumperbot_ws/src/bumperbot_mapping) by extensions ['colcon_pkg']
[0.654s] Level 1:colcon.colcon_core.package_identification:_identify(src/Self-Driving-and-ROS-2-Learn-by-Doing-Plan-Navigation/Section7_Navigation/bumperbot_ws/src/bumperbot_mapping) by extension 'colcon_pkg'
[0.654s] Level 1:colcon.colcon_core.package_identification:_identify(src/Self-Driving-and-ROS-2-Learn-by-Doing-Plan-Navigation/Section7_Navigation/bumperbot_ws/src/bumperbot_mapping) by extensions ['colcon_meta']
[0.654s] Level 1:colcon.colcon_core.package_identification:_identify(src/Self-Driving-and-ROS-2-Learn-by-Doing-Plan-Navigation/Section7_Navigation/bumperbot_ws/src/bumperbot_mapping) by extension 'colcon_meta'
[0.654s] Level 1:colcon.colcon_core.package_identification:_identify(src/Self-Driving-and-ROS-2-Learn-by-Doing-Plan-Navigation/Section7_Navigation/bumperbot_ws/src/bumperbot_mapping) by extensions ['ros']
[0.654s] Level 1:colcon.colcon_core.package_identification:_identify(src/Self-Driving-and-ROS-2-Learn-by-Doing-Plan-Navigation/Section7_Navigation/bumperbot_ws/src/bumperbot_mapping) by extension 'ros'
[0.655s] DEBUG:colcon.colcon_core.package_identification:Package 'src/Self-Driving-and-ROS-2-Learn-by-Doing-Plan-Navigation/Section7_Navigation/bumperbot_ws/src/bumperbot_mapping' with type 'ros.ament_cmake' and name 'bumperbot_mapping'
[0.656s] Level 1:colcon.colcon_core.package_identification:_identify(src/Self-Driving-and-ROS-2-Learn-by-Doing-Plan-Navigation/Section7_Navigation/bumperbot_ws/src/bumperbot_motion) by extensions ['ignore', 'ignore_ament_install']
[0.656s] Level 1:colcon.colcon_core.package_identification:_identify(src/Self-Driving-and-ROS-2-Learn-by-Doing-Plan-Navigation/Section7_Navigation/bumperbot_ws/src/bumperbot_motion) by extension 'ignore'
[0.656s] Level 1:colcon.colcon_core.package_identification:_identify(src/Self-Driving-and-ROS-2-Learn-by-Doing-Plan-Navigation/Section7_Navigation/bumperbot_ws/src/bumperbot_motion) by extension 'ignore_ament_install'
[0.656s] Level 1:colcon.colcon_core.package_identification:_identify(src/Self-Driving-and-ROS-2-Learn-by-Doing-Plan-Navigation/Section7_Navigation/bumperbot_ws/src/bumperbot_motion) by extensions ['colcon_pkg']
[0.656s] Level 1:colcon.colcon_core.package_identification:_identify(src/Self-Driving-and-ROS-2-Learn-by-Doing-Plan-Navigation/Section7_Navigation/bumperbot_ws/src/bumperbot_motion) by extension 'colcon_pkg'
[0.656s] Level 1:colcon.colcon_core.package_identification:_identify(src/Self-Driving-and-ROS-2-Learn-by-Doing-Plan-Navigation/Section7_Navigation/bumperbot_ws/src/bumperbot_motion) by extensions ['colcon_meta']
[0.656s] Level 1:colcon.colcon_core.package_identification:_identify(src/Self-Driving-and-ROS-2-Learn-by-Doing-Plan-Navigation/Section7_Navigation/bumperbot_ws/src/bumperbot_motion) by extension 'colcon_meta'
[0.656s] Level 1:colcon.colcon_core.package_identification:_identify(src/Self-Driving-and-ROS-2-Learn-by-Doing-Plan-Navigation/Section7_Navigation/bumperbot_ws/src/bumperbot_motion) by extensions ['ros']
[0.656s] Level 1:colcon.colcon_core.package_identification:_identify(src/Self-Driving-and-ROS-2-Learn-by-Doing-Plan-Navigation/Section7_Navigation/bumperbot_ws/src/bumperbot_motion) by extension 'ros'
[0.658s] DEBUG:colcon.colcon_core.package_identification:Package 'src/Self-Driving-and-ROS-2-Learn-by-Doing-Plan-Navigation/Section7_Navigation/bumperbot_ws/src/bumperbot_motion' with type 'ros.ament_cmake' and name 'bumperbot_motion'
[0.658s] Level 1:colcon.colcon_core.package_identification:_identify(src/Self-Driving-and-ROS-2-Learn-by-Doing-Plan-Navigation/Section7_Navigation/bumperbot_ws/src/bumperbot_msgs) by extensions ['ignore', 'ignore_ament_install']
[0.658s] Level 1:colcon.colcon_core.package_identification:_identify(src/Self-Driving-and-ROS-2-Learn-by-Doing-Plan-Navigation/Section7_Navigation/bumperbot_ws/src/bumperbot_msgs) by extension 'ignore'
[0.658s] Level 1:colcon.colcon_core.package_identification:_identify(src/Self-Driving-and-ROS-2-Learn-by-Doing-Plan-Navigation/Section7_Navigation/bumperbot_ws/src/bumperbot_msgs) by extension 'ignore_ament_install'
[0.658s] Level 1:colcon.colcon_core.package_identification:_identify(src/Self-Driving-and-ROS-2-Learn-by-Doing-Plan-Navigation/Section7_Navigation/bumperbot_ws/src/bumperbot_msgs) by extensions ['colcon_pkg']
[0.658s] Level 1:colcon.colcon_core.package_identification:_identify(src/Self-Driving-and-ROS-2-Learn-by-Doing-Plan-Navigation/Section7_Navigation/bumperbot_ws/src/bumperbot_msgs) by extension 'colcon_pkg'
[0.658s] Level 1:colcon.colcon_core.package_identification:_identify(src/Self-Driving-and-ROS-2-Learn-by-Doing-Plan-Navigation/Section7_Navigation/bumperbot_ws/src/bumperbot_msgs) by extensions ['colcon_meta']
[0.658s] Level 1:colcon.colcon_core.package_identification:_identify(src/Self-Driving-and-ROS-2-Learn-by-Doing-Plan-Navigation/Section7_Navigation/bumperbot_ws/src/bumperbot_msgs) by extension 'colcon_meta'
[0.658s] Level 1:colcon.colcon_core.package_identification:_identify(src/Self-Driving-and-ROS-2-Learn-by-Doing-Plan-Navigation/Section7_Navigation/bumperbot_ws/src/bumperbot_msgs) by extensions ['ros']
[0.658s] Level 1:colcon.colcon_core.package_identification:_identify(src/Self-Driving-and-ROS-2-Learn-by-Doing-Plan-Navigation/Section7_Navigation/bumperbot_ws/src/bumperbot_msgs) by extension 'ros'
[0.660s] DEBUG:colcon.colcon_core.package_identification:Package 'src/Self-Driving-and-ROS-2-Learn-by-Doing-Plan-Navigation/Section7_Navigation/bumperbot_ws/src/bumperbot_msgs' with type 'ros.ament_cmake' and name 'bumperbot_msgs'
[0.660s] Level 1:colcon.colcon_core.package_identification:_identify(src/Self-Driving-and-ROS-2-Learn-by-Doing-Plan-Navigation/Section7_Navigation/bumperbot_ws/src/bumperbot_navigation) by extensions ['ignore', 'ignore_ament_install']
[0.660s] Level 1:colcon.colcon_core.package_identification:_identify(src/Self-Driving-and-ROS-2-Learn-by-Doing-Plan-Navigation/Section7_Navigation/bumperbot_ws/src/bumperbot_navigation) by extension 'ignore'
[0.660s] Level 1:colcon.colcon_core.package_identification:_identify(src/Self-Driving-and-ROS-2-Learn-by-Doing-Plan-Navigation/Section7_Navigation/bumperbot_ws/src/bumperbot_navigation) by extension 'ignore_ament_install'
[0.660s] Level 1:colcon.colcon_core.package_identification:_identify(src/Self-Driving-and-ROS-2-Learn-by-Doing-Plan-Navigation/Section7_Navigation/bumperbot_ws/src/bumperbot_navigation) by extensions ['colcon_pkg']
[0.660s] Level 1:colcon.colcon_core.package_identification:_identify(src/Self-Driving-and-ROS-2-Learn-by-Doing-Plan-Navigation/Section7_Navigation/bumperbot_ws/src/bumperbot_navigation) by extension 'colcon_pkg'
[0.660s] Level 1:colcon.colcon_core.package_identification:_identify(src/Self-Driving-and-ROS-2-Learn-by-Doing-Plan-Navigation/Section7_Navigation/bumperbot_ws/src/bumperbot_navigation) by extensions ['colcon_meta']
[0.660s] Level 1:colcon.colcon_core.package_identification:_identify(src/Self-Driving-and-ROS-2-Learn-by-Doing-Plan-Navigation/Section7_Navigation/bumperbot_ws/src/bumperbot_navigation) by extension 'colcon_meta'
[0.661s] Level 1:colcon.colcon_core.package_identification:_identify(src/Self-Driving-and-ROS-2-Learn-by-Doing-Plan-Navigation/Section7_Navigation/bumperbot_ws/src/bumperbot_navigation) by extensions ['ros']
[0.661s] Level 1:colcon.colcon_core.package_identification:_identify(src/Self-Driving-and-ROS-2-Learn-by-Doing-Plan-Navigation/Section7_Navigation/bumperbot_ws/src/bumperbot_navigation) by extension 'ros'
[0.662s] DEBUG:colcon.colcon_core.package_identification:Package 'src/Self-Driving-and-ROS-2-Learn-by-Doing-Plan-Navigation/Section7_Navigation/bumperbot_ws/src/bumperbot_navigation' with type 'ros.ament_cmake' and name 'bumperbot_navigation'
[0.662s] Level 1:colcon.colcon_core.package_identification:_identify(src/Self-Driving-and-ROS-2-Learn-by-Doing-Plan-Navigation/Section7_Navigation/bumperbot_ws/src/bumperbot_planning) by extensions ['ignore', 'ignore_ament_install']
[0.662s] Level 1:colcon.colcon_core.package_identification:_identify(src/Self-Driving-and-ROS-2-Learn-by-Doing-Plan-Navigation/Section7_Navigation/bumperbot_ws/src/bumperbot_planning) by extension 'ignore'
[0.662s] Level 1:colcon.colcon_core.package_identification:_identify(src/Self-Driving-and-ROS-2-Learn-by-Doing-Plan-Navigation/Section7_Navigation/bumperbot_ws/src/bumperbot_planning) by extension 'ignore_ament_install'
[0.662s] Level 1:colcon.colcon_core.package_identification:_identify(src/Self-Driving-and-ROS-2-Learn-by-Doing-Plan-Navigation/Section7_Navigation/bumperbot_ws/src/bumperbot_planning) by extensions ['colcon_pkg']
[0.662s] Level 1:colcon.colcon_core.package_identification:_identify(src/Self-Driving-and-ROS-2-Learn-by-Doing-Plan-Navigation/Section7_Navigation/bumperbot_ws/src/bumperbot_planning) by extension 'colcon_pkg'
[0.663s] Level 1:colcon.colcon_core.package_identification:_identify(src/Self-Driving-and-ROS-2-Learn-by-Doing-Plan-Navigation/Section7_Navigation/bumperbot_ws/src/bumperbot_planning) by extensions ['colcon_meta']
[0.663s] Level 1:colcon.colcon_core.package_identification:_identify(src/Self-Driving-and-ROS-2-Learn-by-Doing-Plan-Navigation/Section7_Navigation/bumperbot_ws/src/bumperbot_planning) by extension 'colcon_meta'
[0.663s] Level 1:colcon.colcon_core.package_identification:_identify(src/Self-Driving-and-ROS-2-Learn-by-Doing-Plan-Navigation/Section7_Navigation/bumperbot_ws/src/bumperbot_planning) by extensions ['ros']
[0.663s] Level 1:colcon.colcon_core.package_identification:_identify(src/Self-Driving-and-ROS-2-Learn-by-Doing-Plan-Navigation/Section7_Navigation/bumperbot_ws/src/bumperbot_planning) by extension 'ros'
[0.666s] DEBUG:colcon.colcon_core.package_identification:Package 'src/Self-Driving-and-ROS-2-Learn-by-Doing-Plan-Navigation/Section7_Navigation/bumperbot_ws/src/bumperbot_planning' with type 'ros.ament_cmake' and name 'bumperbot_planning'
[0.666s] Level 1:colcon.colcon_core.package_identification:_identify(src/Self-Driving-and-ROS-2-Learn-by-Doing-Plan-Navigation/Section7_Navigation/bumperbot_ws/src/bumperbot_py_examples) by extensions ['ignore', 'ignore_ament_install']
[0.666s] Level 1:colcon.colcon_core.package_identification:_identify(src/Self-Driving-and-ROS-2-Learn-by-Doing-Plan-Navigation/Section7_Navigation/bumperbot_ws/src/bumperbot_py_examples) by extension 'ignore'
[0.666s] Level 1:colcon.colcon_core.package_identification:_identify(src/Self-Driving-and-ROS-2-Learn-by-Doing-Plan-Navigation/Section7_Navigation/bumperbot_ws/src/bumperbot_py_examples) by extension 'ignore_ament_install'
[0.666s] Level 1:colcon.colcon_core.package_identification:_identify(src/Self-Driving-and-ROS-2-Learn-by-Doing-Plan-Navigation/Section7_Navigation/bumperbot_ws/src/bumperbot_py_examples) by extensions ['colcon_pkg']
[0.667s] Level 1:colcon.colcon_core.package_identification:_identify(src/Self-Driving-and-ROS-2-Learn-by-Doing-Plan-Navigation/Section7_Navigation/bumperbot_ws/src/bumperbot_py_examples) by extension 'colcon_pkg'
[0.667s] Level 1:colcon.colcon_core.package_identification:_identify(src/Self-Driving-and-ROS-2-Learn-by-Doing-Plan-Navigation/Section7_Navigation/bumperbot_ws/src/bumperbot_py_examples) by extensions ['colcon_meta']
[0.667s] Level 1:colcon.colcon_core.package_identification:_identify(src/Self-Driving-and-ROS-2-Learn-by-Doing-Plan-Navigation/Section7_Navigation/bumperbot_ws/src/bumperbot_py_examples) by extension 'colcon_meta'
[0.667s] Level 1:colcon.colcon_core.package_identification:_identify(src/Self-Driving-and-ROS-2-Learn-by-Doing-Plan-Navigation/Section7_Navigation/bumperbot_ws/src/bumperbot_py_examples) by extensions ['ros']
[0.667s] Level 1:colcon.colcon_core.package_identification:_identify(src/Self-Driving-and-ROS-2-Learn-by-Doing-Plan-Navigation/Section7_Navigation/bumperbot_ws/src/bumperbot_py_examples) by extension 'ros'
[0.672s] DEBUG:colcon.colcon_core.package_identification:Package 'src/Self-Driving-and-ROS-2-Learn-by-Doing-Plan-Navigation/Section7_Navigation/bumperbot_ws/src/bumperbot_py_examples' with type 'ros.ament_python' and name 'bumperbot_py_examples'
[0.672s] Level 1:colcon.colcon_core.package_identification:_identify(src/Self-Driving-and-ROS-2-Learn-by-Doing-Plan-Navigation/Section7_Navigation/bumperbot_ws/src/bumperbot_utils) by extensions ['ignore', 'ignore_ament_install']
[0.672s] Level 1:colcon.colcon_core.package_identification:_identify(src/Self-Driving-and-ROS-2-Learn-by-Doing-Plan-Navigation/Section7_Navigation/bumperbot_ws/src/bumperbot_utils) by extension 'ignore'
[0.672s] Level 1:colcon.colcon_core.package_identification:_identify(src/Self-Driving-and-ROS-2-Learn-by-Doing-Plan-Navigation/Section7_Navigation/bumperbot_ws/src/bumperbot_utils) by extension 'ignore_ament_install'
[0.673s] Level 1:colcon.colcon_core.package_identification:_identify(src/Self-Driving-and-ROS-2-Learn-by-Doing-Plan-Navigation/Section7_Navigation/bumperbot_ws/src/bumperbot_utils) by extensions ['colcon_pkg']
[0.673s] Level 1:colcon.colcon_core.package_identification:_identify(src/Self-Driving-and-ROS-2-Learn-by-Doing-Plan-Navigation/Section7_Navigation/bumperbot_ws/src/bumperbot_utils) by extension 'colcon_pkg'
[0.673s] Level 1:colcon.colcon_core.package_identification:_identify(src/Self-Driving-and-ROS-2-Learn-by-Doing-Plan-Navigation/Section7_Navigation/bumperbot_ws/src/bumperbot_utils) by extensions ['colcon_meta']
[0.673s] Level 1:colcon.colcon_core.package_identification:_identify(src/Self-Driving-and-ROS-2-Learn-by-Doing-Plan-Navigation/Section7_Navigation/bumperbot_ws/src/bumperbot_utils) by extension 'colcon_meta'
[0.673s] Level 1:colcon.colcon_core.package_identification:_identify(src/Self-Driving-and-ROS-2-Learn-by-Doing-Plan-Navigation/Section7_Navigation/bumperbot_ws/src/bumperbot_utils) by extensions ['ros']
[0.673s] Level 1:colcon.colcon_core.package_identification:_identify(src/Self-Driving-and-ROS-2-Learn-by-Doing-Plan-Navigation/Section7_Navigation/bumperbot_ws/src/bumperbot_utils) by extension 'ros'
[0.674s] DEBUG:colcon.colcon_core.package_identification:Package 'src/Self-Driving-and-ROS-2-Learn-by-Doing-Plan-Navigation/Section7_Navigation/bumperbot_ws/src/bumperbot_utils' with type 'ros.ament_cmake' and name 'bumperbot_utils'
[0.675s] Level 1:colcon.colcon_core.package_identification:_identify(src/Self-Driving-and-ROS-2-Learn-by-Doing-Plan-Navigation/Section8_Decision_Making) by extensions ['ignore', 'ignore_ament_install']
[0.675s] Level 1:colcon.colcon_core.package_identification:_identify(src/Self-Driving-and-ROS-2-Learn-by-Doing-Plan-Navigation/Section8_Decision_Making) by extension 'ignore'
[0.675s] Level 1:colcon.colcon_core.package_identification:_identify(src/Self-Driving-and-ROS-2-Learn-by-Doing-Plan-Navigation/Section8_Decision_Making) by extension 'ignore_ament_install'
[0.675s] Level 1:colcon.colcon_core.package_identification:_identify(src/Self-Driving-and-ROS-2-Learn-by-Doing-Plan-Navigation/Section8_Decision_Making) by extensions ['colcon_pkg']
[0.675s] Level 1:colcon.colcon_core.package_identification:_identify(src/Self-Driving-and-ROS-2-Learn-by-Doing-Plan-Navigation/Section8_Decision_Making) by extension 'colcon_pkg'
[0.675s] Level 1:colcon.colcon_core.package_identification:_identify(src/Self-Driving-and-ROS-2-Learn-by-Doing-Plan-Navigation/Section8_Decision_Making) by extensions ['colcon_meta']
[0.675s] Level 1:colcon.colcon_core.package_identification:_identify(src/Self-Driving-and-ROS-2-Learn-by-Doing-Plan-Navigation/Section8_Decision_Making) by extension 'colcon_meta'
[0.675s] Level 1:colcon.colcon_core.package_identification:_identify(src/Self-Driving-and-ROS-2-Learn-by-Doing-Plan-Navigation/Section8_Decision_Making) by extensions ['ros']
[0.675s] Level 1:colcon.colcon_core.package_identification:_identify(src/Self-Driving-and-ROS-2-Learn-by-Doing-Plan-Navigation/Section8_Decision_Making) by extension 'ros'
[0.675s] Level 1:colcon.colcon_core.package_identification:_identify(src/Self-Driving-and-ROS-2-Learn-by-Doing-Plan-Navigation/Section8_Decision_Making) by extensions ['cmake', 'python']
[0.675s] Level 1:colcon.colcon_core.package_identification:_identify(src/Self-Driving-and-ROS-2-Learn-by-Doing-Plan-Navigation/Section8_Decision_Making) by extension 'cmake'
[0.675s] Level 1:colcon.colcon_core.package_identification:_identify(src/Self-Driving-and-ROS-2-Learn-by-Doing-Plan-Navigation/Section8_Decision_Making) by extension 'python'
[0.675s] Level 1:colcon.colcon_core.package_identification:_identify(src/Self-Driving-and-ROS-2-Learn-by-Doing-Plan-Navigation/Section8_Decision_Making) by extensions ['python_setup_py']
[0.676s] Level 1:colcon.colcon_core.package_identification:_identify(src/Self-Driving-and-ROS-2-Learn-by-Doing-Plan-Navigation/Section8_Decision_Making) by extension 'python_setup_py'
[0.676s] Level 1:colcon.colcon_core.package_identification:_identify(src/Self-Driving-and-ROS-2-Learn-by-Doing-Plan-Navigation/Section8_Decision_Making/bumperbot_ws) by extensions ['ignore', 'ignore_ament_install']
[0.676s] Level 1:colcon.colcon_core.package_identification:_identify(src/Self-Driving-and-ROS-2-Learn-by-Doing-Plan-Navigation/Section8_Decision_Making/bumperbot_ws) by extension 'ignore'
[0.676s] Level 1:colcon.colcon_core.package_identification:_identify(src/Self-Driving-and-ROS-2-Learn-by-Doing-Plan-Navigation/Section8_Decision_Making/bumperbot_ws) by extension 'ignore_ament_install'
[0.676s] Level 1:colcon.colcon_core.package_identification:_identify(src/Self-Driving-and-ROS-2-Learn-by-Doing-Plan-Navigation/Section8_Decision_Making/bumperbot_ws) by extensions ['colcon_pkg']
[0.676s] Level 1:colcon.colcon_core.package_identification:_identify(src/Self-Driving-and-ROS-2-Learn-by-Doing-Plan-Navigation/Section8_Decision_Making/bumperbot_ws) by extension 'colcon_pkg'
[0.676s] Level 1:colcon.colcon_core.package_identification:_identify(src/Self-Driving-and-ROS-2-Learn-by-Doing-Plan-Navigation/Section8_Decision_Making/bumperbot_ws) by extensions ['colcon_meta']
[0.676s] Level 1:colcon.colcon_core.package_identification:_identify(src/Self-Driving-and-ROS-2-Learn-by-Doing-Plan-Navigation/Section8_Decision_Making/bumperbot_ws) by extension 'colcon_meta'
[0.676s] Level 1:colcon.colcon_core.package_identification:_identify(src/Self-Driving-and-ROS-2-Learn-by-Doing-Plan-Navigation/Section8_Decision_Making/bumperbot_ws) by extensions ['ros']
[0.676s] Level 1:colcon.colcon_core.package_identification:_identify(src/Self-Driving-and-ROS-2-Learn-by-Doing-Plan-Navigation/Section8_Decision_Making/bumperbot_ws) by extension 'ros'
[0.676s] Level 1:colcon.colcon_core.package_identification:_identify(src/Self-Driving-and-ROS-2-Learn-by-Doing-Plan-Navigation/Section8_Decision_Making/bumperbot_ws) by extensions ['cmake', 'python']
[0.676s] Level 1:colcon.colcon_core.package_identification:_identify(src/Self-Driving-and-ROS-2-Learn-by-Doing-Plan-Navigation/Section8_Decision_Making/bumperbot_ws) by extension 'cmake'
[0.676s] Level 1:colcon.colcon_core.package_identification:_identify(src/Self-Driving-and-ROS-2-Learn-by-Doing-Plan-Navigation/Section8_Decision_Making/bumperbot_ws) by extension 'python'
[0.676s] Level 1:colcon.colcon_core.package_identification:_identify(src/Self-Driving-and-ROS-2-Learn-by-Doing-Plan-Navigation/Section8_Decision_Making/bumperbot_ws) by extensions ['python_setup_py']
[0.676s] Level 1:colcon.colcon_core.package_identification:_identify(src/Self-Driving-and-ROS-2-Learn-by-Doing-Plan-Navigation/Section8_Decision_Making/bumperbot_ws) by extension 'python_setup_py'
[0.676s] Level 1:colcon.colcon_core.package_identification:_identify(src/Self-Driving-and-ROS-2-Learn-by-Doing-Plan-Navigation/Section8_Decision_Making/bumperbot_ws/src) by extensions ['ignore', 'ignore_ament_install']
[0.677s] Level 1:colcon.colcon_core.package_identification:_identify(src/Self-Driving-and-ROS-2-Learn-by-Doing-Plan-Navigation/Section8_Decision_Making/bumperbot_ws/src) by extension 'ignore'
[0.677s] Level 1:colcon.colcon_core.package_identification:_identify(src/Self-Driving-and-ROS-2-Learn-by-Doing-Plan-Navigation/Section8_Decision_Making/bumperbot_ws/src) by extension 'ignore_ament_install'
[0.677s] Level 1:colcon.colcon_core.package_identification:_identify(src/Self-Driving-and-ROS-2-Learn-by-Doing-Plan-Navigation/Section8_Decision_Making/bumperbot_ws/src) by extensions ['colcon_pkg']
[0.677s] Level 1:colcon.colcon_core.package_identification:_identify(src/Self-Driving-and-ROS-2-Learn-by-Doing-Plan-Navigation/Section8_Decision_Making/bumperbot_ws/src) by extension 'colcon_pkg'
[0.677s] Level 1:colcon.colcon_core.package_identification:_identify(src/Self-Driving-and-ROS-2-Learn-by-Doing-Plan-Navigation/Section8_Decision_Making/bumperbot_ws/src) by extensions ['colcon_meta']
[0.677s] Level 1:colcon.colcon_core.package_identification:_identify(src/Self-Driving-and-ROS-2-Learn-by-Doing-Plan-Navigation/Section8_Decision_Making/bumperbot_ws/src) by extension 'colcon_meta'
[0.677s] Level 1:colcon.colcon_core.package_identification:_identify(src/Self-Driving-and-ROS-2-Learn-by-Doing-Plan-Navigation/Section8_Decision_Making/bumperbot_ws/src) by extensions ['ros']
[0.677s] Level 1:colcon.colcon_core.package_identification:_identify(src/Self-Driving-and-ROS-2-Learn-by-Doing-Plan-Navigation/Section8_Decision_Making/bumperbot_ws/src) by extension 'ros'
[0.677s] Level 1:colcon.colcon_core.package_identification:_identify(src/Self-Driving-and-ROS-2-Learn-by-Doing-Plan-Navigation/Section8_Decision_Making/bumperbot_ws/src) by extensions ['cmake', 'python']
[0.677s] Level 1:colcon.colcon_core.package_identification:_identify(src/Self-Driving-and-ROS-2-Learn-by-Doing-Plan-Navigation/Section8_Decision_Making/bumperbot_ws/src) by extension 'cmake'
[0.677s] Level 1:colcon.colcon_core.package_identification:_identify(src/Self-Driving-and-ROS-2-Learn-by-Doing-Plan-Navigation/Section8_Decision_Making/bumperbot_ws/src) by extension 'python'
[0.677s] Level 1:colcon.colcon_core.package_identification:_identify(src/Self-Driving-and-ROS-2-Learn-by-Doing-Plan-Navigation/Section8_Decision_Making/bumperbot_ws/src) by extensions ['python_setup_py']
[0.677s] Level 1:colcon.colcon_core.package_identification:_identify(src/Self-Driving-and-ROS-2-Learn-by-Doing-Plan-Navigation/Section8_Decision_Making/bumperbot_ws/src) by extension 'python_setup_py'
[0.677s] Level 1:colcon.colcon_core.package_identification:_identify(src/Self-Driving-and-ROS-2-Learn-by-Doing-Plan-Navigation/Section8_Decision_Making/bumperbot_ws/src/bumperbot_bringup) by extensions ['ignore', 'ignore_ament_install']
[0.677s] Level 1:colcon.colcon_core.package_identification:_identify(src/Self-Driving-and-ROS-2-Learn-by-Doing-Plan-Navigation/Section8_Decision_Making/bumperbot_ws/src/bumperbot_bringup) by extension 'ignore'
[0.677s] Level 1:colcon.colcon_core.package_identification:_identify(src/Self-Driving-and-ROS-2-Learn-by-Doing-Plan-Navigation/Section8_Decision_Making/bumperbot_ws/src/bumperbot_bringup) by extension 'ignore_ament_install'
[0.678s] Level 1:colcon.colcon_core.package_identification:_identify(src/Self-Driving-and-ROS-2-Learn-by-Doing-Plan-Navigation/Section8_Decision_Making/bumperbot_ws/src/bumperbot_bringup) by extensions ['colcon_pkg']
[0.678s] Level 1:colcon.colcon_core.package_identification:_identify(src/Self-Driving-and-ROS-2-Learn-by-Doing-Plan-Navigation/Section8_Decision_Making/bumperbot_ws/src/bumperbot_bringup) by extension 'colcon_pkg'
[0.678s] Level 1:colcon.colcon_core.package_identification:_identify(src/Self-Driving-and-ROS-2-Learn-by-Doing-Plan-Navigation/Section8_Decision_Making/bumperbot_ws/src/bumperbot_bringup) by extensions ['colcon_meta']
[0.678s] Level 1:colcon.colcon_core.package_identification:_identify(src/Self-Driving-and-ROS-2-Learn-by-Doing-Plan-Navigation/Section8_Decision_Making/bumperbot_ws/src/bumperbot_bringup) by extension 'colcon_meta'
[0.678s] Level 1:colcon.colcon_core.package_identification:_identify(src/Self-Driving-and-ROS-2-Learn-by-Doing-Plan-Navigation/Section8_Decision_Making/bumperbot_ws/src/bumperbot_bringup) by extensions ['ros']
[0.678s] Level 1:colcon.colcon_core.package_identification:_identify(src/Self-Driving-and-ROS-2-Learn-by-Doing-Plan-Navigation/Section8_Decision_Making/bumperbot_ws/src/bumperbot_bringup) by extension 'ros'
[0.679s] DEBUG:colcon.colcon_core.package_identification:Package 'src/Self-Driving-and-ROS-2-Learn-by-Doing-Plan-Navigation/Section8_Decision_Making/bumperbot_ws/src/bumperbot_bringup' with type 'ros.ament_cmake' and name 'bumperbot_bringup'
[0.679s] Level 1:colcon.colcon_core.package_identification:_identify(src/Self-Driving-and-ROS-2-Learn-by-Doing-Plan-Navigation/Section8_Decision_Making/bumperbot_ws/src/bumperbot_controller) by extensions ['ignore', 'ignore_ament_install']
[0.679s] Level 1:colcon.colcon_core.package_identification:_identify(src/Self-Driving-and-ROS-2-Learn-by-Doing-Plan-Navigation/Section8_Decision_Making/bumperbot_ws/src/bumperbot_controller) by extension 'ignore'
[0.679s] Level 1:colcon.colcon_core.package_identification:_identify(src/Self-Driving-and-ROS-2-Learn-by-Doing-Plan-Navigation/Section8_Decision_Making/bumperbot_ws/src/bumperbot_controller) by extension 'ignore_ament_install'
[0.679s] Level 1:colcon.colcon_core.package_identification:_identify(src/Self-Driving-and-ROS-2-Learn-by-Doing-Plan-Navigation/Section8_Decision_Making/bumperbot_ws/src/bumperbot_controller) by extensions ['colcon_pkg']
[0.679s] Level 1:colcon.colcon_core.package_identification:_identify(src/Self-Driving-and-ROS-2-Learn-by-Doing-Plan-Navigation/Section8_Decision_Making/bumperbot_ws/src/bumperbot_controller) by extension 'colcon_pkg'
[0.679s] Level 1:colcon.colcon_core.package_identification:_identify(src/Self-Driving-and-ROS-2-Learn-by-Doing-Plan-Navigation/Section8_Decision_Making/bumperbot_ws/src/bumperbot_controller) by extensions ['colcon_meta']
[0.679s] Level 1:colcon.colcon_core.package_identification:_identify(src/Self-Driving-and-ROS-2-Learn-by-Doing-Plan-Navigation/Section8_Decision_Making/bumperbot_ws/src/bumperbot_controller) by extension 'colcon_meta'
[0.679s] Level 1:colcon.colcon_core.package_identification:_identify(src/Self-Driving-and-ROS-2-Learn-by-Doing-Plan-Navigation/Section8_Decision_Making/bumperbot_ws/src/bumperbot_controller) by extensions ['ros']
[0.679s] Level 1:colcon.colcon_core.package_identification:_identify(src/Self-Driving-and-ROS-2-Learn-by-Doing-Plan-Navigation/Section8_Decision_Making/bumperbot_ws/src/bumperbot_controller) by extension 'ros'
[0.682s] DEBUG:colcon.colcon_core.package_identification:Package 'src/Self-Driving-and-ROS-2-Learn-by-Doing-Plan-Navigation/Section8_Decision_Making/bumperbot_ws/src/bumperbot_controller' with type 'ros.ament_cmake' and name 'bumperbot_controller'
[0.682s] Level 1:colcon.colcon_core.package_identification:_identify(src/Self-Driving-and-ROS-2-Learn-by-Doing-Plan-Navigation/Section8_Decision_Making/bumperbot_ws/src/bumperbot_cpp_examples) by extensions ['ignore', 'ignore_ament_install']
[0.682s] Level 1:colcon.colcon_core.package_identification:_identify(src/Self-Driving-and-ROS-2-Learn-by-Doing-Plan-Navigation/Section8_Decision_Making/bumperbot_ws/src/bumperbot_cpp_examples) by extension 'ignore'
[0.682s] Level 1:colcon.colcon_core.package_identification:_identify(src/Self-Driving-and-ROS-2-Learn-by-Doing-Plan-Navigation/Section8_Decision_Making/bumperbot_ws/src/bumperbot_cpp_examples) by extension 'ignore_ament_install'
[0.683s] Level 1:colcon.colcon_core.package_identification:_identify(src/Self-Driving-and-ROS-2-Learn-by-Doing-Plan-Navigation/Section8_Decision_Making/bumperbot_ws/src/bumperbot_cpp_examples) by extensions ['colcon_pkg']
[0.683s] Level 1:colcon.colcon_core.package_identification:_identify(src/Self-Driving-and-ROS-2-Learn-by-Doing-Plan-Navigation/Section8_Decision_Making/bumperbot_ws/src/bumperbot_cpp_examples) by extension 'colcon_pkg'
[0.683s] Level 1:colcon.colcon_core.package_identification:_identify(src/Self-Driving-and-ROS-2-Learn-by-Doing-Plan-Navigation/Section8_Decision_Making/bumperbot_ws/src/bumperbot_cpp_examples) by extensions ['colcon_meta']
[0.683s] Level 1:colcon.colcon_core.package_identification:_identify(src/Self-Driving-and-ROS-2-Learn-by-Doing-Plan-Navigation/Section8_Decision_Making/bumperbot_ws/src/bumperbot_cpp_examples) by extension 'colcon_meta'
[0.683s] Level 1:colcon.colcon_core.package_identification:_identify(src/Self-Driving-and-ROS-2-Learn-by-Doing-Plan-Navigation/Section8_Decision_Making/bumperbot_ws/src/bumperbot_cpp_examples) by extensions ['ros']
[0.683s] Level 1:colcon.colcon_core.package_identification:_identify(src/Self-Driving-and-ROS-2-Learn-by-Doing-Plan-Navigation/Section8_Decision_Making/bumperbot_ws/src/bumperbot_cpp_examples) by extension 'ros'
[0.684s] DEBUG:colcon.colcon_core.package_identification:Package 'src/Self-Driving-and-ROS-2-Learn-by-Doing-Plan-Navigation/Section8_Decision_Making/bumperbot_ws/src/bumperbot_cpp_examples' with type 'ros.ament_cmake' and name 'bumperbot_cpp_examples'
[0.684s] Level 1:colcon.colcon_core.package_identification:_identify(src/Self-Driving-and-ROS-2-Learn-by-Doing-Plan-Navigation/Section8_Decision_Making/bumperbot_ws/src/bumperbot_description) by extensions ['ignore', 'ignore_ament_install']
[0.684s] Level 1:colcon.colcon_core.package_identification:_identify(src/Self-Driving-and-ROS-2-Learn-by-Doing-Plan-Navigation/Section8_Decision_Making/bumperbot_ws/src/bumperbot_description) by extension 'ignore'
[0.684s] Level 1:colcon.colcon_core.package_identification:_identify(src/Self-Driving-and-ROS-2-Learn-by-Doing-Plan-Navigation/Section8_Decision_Making/bumperbot_ws/src/bumperbot_description) by extension 'ignore_ament_install'
[0.684s] Level 1:colcon.colcon_core.package_identification:_identify(src/Self-Driving-and-ROS-2-Learn-by-Doing-Plan-Navigation/Section8_Decision_Making/bumperbot_ws/src/bumperbot_description) by extensions ['colcon_pkg']
[0.684s] Level 1:colcon.colcon_core.package_identification:_identify(src/Self-Driving-and-ROS-2-Learn-by-Doing-Plan-Navigation/Section8_Decision_Making/bumperbot_ws/src/bumperbot_description) by extension 'colcon_pkg'
[0.684s] Level 1:colcon.colcon_core.package_identification:_identify(src/Self-Driving-and-ROS-2-Learn-by-Doing-Plan-Navigation/Section8_Decision_Making/bumperbot_ws/src/bumperbot_description) by extensions ['colcon_meta']
[0.684s] Level 1:colcon.colcon_core.package_identification:_identify(src/Self-Driving-and-ROS-2-Learn-by-Doing-Plan-Navigation/Section8_Decision_Making/bumperbot_ws/src/bumperbot_description) by extension 'colcon_meta'
[0.685s] Level 1:colcon.colcon_core.package_identification:_identify(src/Self-Driving-and-ROS-2-Learn-by-Doing-Plan-Navigation/Section8_Decision_Making/bumperbot_ws/src/bumperbot_description) by extensions ['ros']
[0.685s] Level 1:colcon.colcon_core.package_identification:_identify(src/Self-Driving-and-ROS-2-Learn-by-Doing-Plan-Navigation/Section8_Decision_Making/bumperbot_ws/src/bumperbot_description) by extension 'ros'
[0.686s] DEBUG:colcon.colcon_core.package_identification:Package 'src/Self-Driving-and-ROS-2-Learn-by-Doing-Plan-Navigation/Section8_Decision_Making/bumperbot_ws/src/bumperbot_description' with type 'ros.ament_cmake' and name 'bumperbot_description'
[0.687s] Level 1:colcon.colcon_core.package_identification:_identify(src/Self-Driving-and-ROS-2-Learn-by-Doing-Plan-Navigation/Section8_Decision_Making/bumperbot_ws/src/bumperbot_firmware) by extensions ['ignore', 'ignore_ament_install']
[0.687s] Level 1:colcon.colcon_core.package_identification:_identify(src/Self-Driving-and-ROS-2-Learn-by-Doing-Plan-Navigation/Section8_Decision_Making/bumperbot_ws/src/bumperbot_firmware) by extension 'ignore'
[0.687s] Level 1:colcon.colcon_core.package_identification:_identify(src/Self-Driving-and-ROS-2-Learn-by-Doing-Plan-Navigation/Section8_Decision_Making/bumperbot_ws/src/bumperbot_firmware) by extension 'ignore_ament_install'
[0.687s] Level 1:colcon.colcon_core.package_identification:_identify(src/Self-Driving-and-ROS-2-Learn-by-Doing-Plan-Navigation/Section8_Decision_Making/bumperbot_ws/src/bumperbot_firmware) by extensions ['colcon_pkg']
[0.687s] Level 1:colcon.colcon_core.package_identification:_identify(src/Self-Driving-and-ROS-2-Learn-by-Doing-Plan-Navigation/Section8_Decision_Making/bumperbot_ws/src/bumperbot_firmware) by extension 'colcon_pkg'
[0.687s] Level 1:colcon.colcon_core.package_identification:_identify(src/Self-Driving-and-ROS-2-Learn-by-Doing-Plan-Navigation/Section8_Decision_Making/bumperbot_ws/src/bumperbot_firmware) by extensions ['colcon_meta']
[0.687s] Level 1:colcon.colcon_core.package_identification:_identify(src/Self-Driving-and-ROS-2-Learn-by-Doing-Plan-Navigation/Section8_Decision_Making/bumperbot_ws/src/bumperbot_firmware) by extension 'colcon_meta'
[0.687s] Level 1:colcon.colcon_core.package_identification:_identify(src/Self-Driving-and-ROS-2-Learn-by-Doing-Plan-Navigation/Section8_Decision_Making/bumperbot_ws/src/bumperbot_firmware) by extensions ['ros']
[0.687s] Level 1:colcon.colcon_core.package_identification:_identify(src/Self-Driving-and-ROS-2-Learn-by-Doing-Plan-Navigation/Section8_Decision_Making/bumperbot_ws/src/bumperbot_firmware) by extension 'ros'
[0.688s] DEBUG:colcon.colcon_core.package_identification:Package 'src/Self-Driving-and-ROS-2-Learn-by-Doing-Plan-Navigation/Section8_Decision_Making/bumperbot_ws/src/bumperbot_firmware' with type 'ros.ament_cmake' and name 'bumperbot_firmware'
[0.688s] Level 1:colcon.colcon_core.package_identification:_identify(src/Self-Driving-and-ROS-2-Learn-by-Doing-Plan-Navigation/Section8_Decision_Making/bumperbot_ws/src/bumperbot_localization) by extensions ['ignore', 'ignore_ament_install']
[0.689s] Level 1:colcon.colcon_core.package_identification:_identify(src/Self-Driving-and-ROS-2-Learn-by-Doing-Plan-Navigation/Section8_Decision_Making/bumperbot_ws/src/bumperbot_localization) by extension 'ignore'
[0.689s] Level 1:colcon.colcon_core.package_identification:_identify(src/Self-Driving-and-ROS-2-Learn-by-Doing-Plan-Navigation/Section8_Decision_Making/bumperbot_ws/src/bumperbot_localization) by extension 'ignore_ament_install'
[0.689s] Level 1:colcon.colcon_core.package_identification:_identify(src/Self-Driving-and-ROS-2-Learn-by-Doing-Plan-Navigation/Section8_Decision_Making/bumperbot_ws/src/bumperbot_localization) by extensions ['colcon_pkg']
[0.689s] Level 1:colcon.colcon_core.package_identification:_identify(src/Self-Driving-and-ROS-2-Learn-by-Doing-Plan-Navigation/Section8_Decision_Making/bumperbot_ws/src/bumperbot_localization) by extension 'colcon_pkg'
[0.689s] Level 1:colcon.colcon_core.package_identification:_identify(src/Self-Driving-and-ROS-2-Learn-by-Doing-Plan-Navigation/Section8_Decision_Making/bumperbot_ws/src/bumperbot_localization) by extensions ['colcon_meta']
[0.689s] Level 1:colcon.colcon_core.package_identification:_identify(src/Self-Driving-and-ROS-2-Learn-by-Doing-Plan-Navigation/Section8_Decision_Making/bumperbot_ws/src/bumperbot_localization) by extension 'colcon_meta'
[0.690s] Level 1:colcon.colcon_core.package_identification:_identify(src/Self-Driving-and-ROS-2-Learn-by-Doing-Plan-Navigation/Section8_Decision_Making/bumperbot_ws/src/bumperbot_localization) by extensions ['ros']
[0.690s] Level 1:colcon.colcon_core.package_identification:_identify(src/Self-Driving-and-ROS-2-Learn-by-Doing-Plan-Navigation/Section8_Decision_Making/bumperbot_ws/src/bumperbot_localization) by extension 'ros'
[0.691s] DEBUG:colcon.colcon_core.package_identification:Package 'src/Self-Driving-and-ROS-2-Learn-by-Doing-Plan-Navigation/Section8_Decision_Making/bumperbot_ws/src/bumperbot_localization' with type 'ros.ament_cmake' and name 'bumperbot_localization'
[0.691s] Level 1:colcon.colcon_core.package_identification:_identify(src/Self-Driving-and-ROS-2-Learn-by-Doing-Plan-Navigation/Section8_Decision_Making/bumperbot_ws/src/bumperbot_mapping) by extensions ['ignore', 'ignore_ament_install']
[0.691s] Level 1:colcon.colcon_core.package_identification:_identify(src/Self-Driving-and-ROS-2-Learn-by-Doing-Plan-Navigation/Section8_Decision_Making/bumperbot_ws/src/bumperbot_mapping) by extension 'ignore'
[0.691s] Level 1:colcon.colcon_core.package_identification:_identify(src/Self-Driving-and-ROS-2-Learn-by-Doing-Plan-Navigation/Section8_Decision_Making/bumperbot_ws/src/bumperbot_mapping) by extension 'ignore_ament_install'
[0.691s] Level 1:colcon.colcon_core.package_identification:_identify(src/Self-Driving-and-ROS-2-Learn-by-Doing-Plan-Navigation/Section8_Decision_Making/bumperbot_ws/src/bumperbot_mapping) by extensions ['colcon_pkg']
[0.691s] Level 1:colcon.colcon_core.package_identification:_identify(src/Self-Driving-and-ROS-2-Learn-by-Doing-Plan-Navigation/Section8_Decision_Making/bumperbot_ws/src/bumperbot_mapping) by extension 'colcon_pkg'
[0.691s] Level 1:colcon.colcon_core.package_identification:_identify(src/Self-Driving-and-ROS-2-Learn-by-Doing-Plan-Navigation/Section8_Decision_Making/bumperbot_ws/src/bumperbot_mapping) by extensions ['colcon_meta']
[0.691s] Level 1:colcon.colcon_core.package_identification:_identify(src/Self-Driving-and-ROS-2-Learn-by-Doing-Plan-Navigation/Section8_Decision_Making/bumperbot_ws/src/bumperbot_mapping) by extension 'colcon_meta'
[0.691s] Level 1:colcon.colcon_core.package_identification:_identify(src/Self-Driving-and-ROS-2-Learn-by-Doing-Plan-Navigation/Section8_Decision_Making/bumperbot_ws/src/bumperbot_mapping) by extensions ['ros']
[0.691s] Level 1:colcon.colcon_core.package_identification:_identify(src/Self-Driving-and-ROS-2-Learn-by-Doing-Plan-Navigation/Section8_Decision_Making/bumperbot_ws/src/bumperbot_mapping) by extension 'ros'
[0.692s] DEBUG:colcon.colcon_core.package_identification:Package 'src/Self-Driving-and-ROS-2-Learn-by-Doing-Plan-Navigation/Section8_Decision_Making/bumperbot_ws/src/bumperbot_mapping' with type 'ros.ament_cmake' and name 'bumperbot_mapping'
[0.693s] Level 1:colcon.colcon_core.package_identification:_identify(src/Self-Driving-and-ROS-2-Learn-by-Doing-Plan-Navigation/Section8_Decision_Making/bumperbot_ws/src/bumperbot_motion) by extensions ['ignore', 'ignore_ament_install']
[0.693s] Level 1:colcon.colcon_core.package_identification:_identify(src/Self-Driving-and-ROS-2-Learn-by-Doing-Plan-Navigation/Section8_Decision_Making/bumperbot_ws/src/bumperbot_motion) by extension 'ignore'
[0.693s] Level 1:colcon.colcon_core.package_identification:_identify(src/Self-Driving-and-ROS-2-Learn-by-Doing-Plan-Navigation/Section8_Decision_Making/bumperbot_ws/src/bumperbot_motion) by extension 'ignore_ament_install'
[0.693s] Level 1:colcon.colcon_core.package_identification:_identify(src/Self-Driving-and-ROS-2-Learn-by-Doing-Plan-Navigation/Section8_Decision_Making/bumperbot_ws/src/bumperbot_motion) by extensions ['colcon_pkg']
[0.693s] Level 1:colcon.colcon_core.package_identification:_identify(src/Self-Driving-and-ROS-2-Learn-by-Doing-Plan-Navigation/Section8_Decision_Making/bumperbot_ws/src/bumperbot_motion) by extension 'colcon_pkg'
[0.693s] Level 1:colcon.colcon_core.package_identification:_identify(src/Self-Driving-and-ROS-2-Learn-by-Doing-Plan-Navigation/Section8_Decision_Making/bumperbot_ws/src/bumperbot_motion) by extensions ['colcon_meta']
[0.693s] Level 1:colcon.colcon_core.package_identification:_identify(src/Self-Driving-and-ROS-2-Learn-by-Doing-Plan-Navigation/Section8_Decision_Making/bumperbot_ws/src/bumperbot_motion) by extension 'colcon_meta'
[0.693s] Level 1:colcon.colcon_core.package_identification:_identify(src/Self-Driving-and-ROS-2-Learn-by-Doing-Plan-Navigation/Section8_Decision_Making/bumperbot_ws/src/bumperbot_motion) by extensions ['ros']
[0.693s] Level 1:colcon.colcon_core.package_identification:_identify(src/Self-Driving-and-ROS-2-Learn-by-Doing-Plan-Navigation/Section8_Decision_Making/bumperbot_ws/src/bumperbot_motion) by extension 'ros'
[0.694s] DEBUG:colcon.colcon_core.package_identification:Package 'src/Self-Driving-and-ROS-2-Learn-by-Doing-Plan-Navigation/Section8_Decision_Making/bumperbot_ws/src/bumperbot_motion' with type 'ros.ament_cmake' and name 'bumperbot_motion'
[0.695s] Level 1:colcon.colcon_core.package_identification:_identify(src/Self-Driving-and-ROS-2-Learn-by-Doing-Plan-Navigation/Section8_Decision_Making/bumperbot_ws/src/bumperbot_msgs) by extensions ['ignore', 'ignore_ament_install']
[0.695s] Level 1:colcon.colcon_core.package_identification:_identify(src/Self-Driving-and-ROS-2-Learn-by-Doing-Plan-Navigation/Section8_Decision_Making/bumperbot_ws/src/bumperbot_msgs) by extension 'ignore'
[0.695s] Level 1:colcon.colcon_core.package_identification:_identify(src/Self-Driving-and-ROS-2-Learn-by-Doing-Plan-Navigation/Section8_Decision_Making/bumperbot_ws/src/bumperbot_msgs) by extension 'ignore_ament_install'
[0.695s] Level 1:colcon.colcon_core.package_identification:_identify(src/Self-Driving-and-ROS-2-Learn-by-Doing-Plan-Navigation/Section8_Decision_Making/bumperbot_ws/src/bumperbot_msgs) by extensions ['colcon_pkg']
[0.695s] Level 1:colcon.colcon_core.package_identification:_identify(src/Self-Driving-and-ROS-2-Learn-by-Doing-Plan-Navigation/Section8_Decision_Making/bumperbot_ws/src/bumperbot_msgs) by extension 'colcon_pkg'
[0.695s] Level 1:colcon.colcon_core.package_identification:_identify(src/Self-Driving-and-ROS-2-Learn-by-Doing-Plan-Navigation/Section8_Decision_Making/bumperbot_ws/src/bumperbot_msgs) by extensions ['colcon_meta']
[0.695s] Level 1:colcon.colcon_core.package_identification:_identify(src/Self-Driving-and-ROS-2-Learn-by-Doing-Plan-Navigation/Section8_Decision_Making/bumperbot_ws/src/bumperbot_msgs) by extension 'colcon_meta'
[0.695s] Level 1:colcon.colcon_core.package_identification:_identify(src/Self-Driving-and-ROS-2-Learn-by-Doing-Plan-Navigation/Section8_Decision_Making/bumperbot_ws/src/bumperbot_msgs) by extensions ['ros']
[0.695s] Level 1:colcon.colcon_core.package_identification:_identify(src/Self-Driving-and-ROS-2-Learn-by-Doing-Plan-Navigation/Section8_Decision_Making/bumperbot_ws/src/bumperbot_msgs) by extension 'ros'
[0.696s] DEBUG:colcon.colcon_core.package_identification:Package 'src/Self-Driving-and-ROS-2-Learn-by-Doing-Plan-Navigation/Section8_Decision_Making/bumperbot_ws/src/bumperbot_msgs' with type 'ros.ament_cmake' and name 'bumperbot_msgs'
[0.696s] Level 1:colcon.colcon_core.package_identification:_identify(src/Self-Driving-and-ROS-2-Learn-by-Doing-Plan-Navigation/Section8_Decision_Making/bumperbot_ws/src/bumperbot_navigation) by extensions ['ignore', 'ignore_ament_install']
[0.696s] Level 1:colcon.colcon_core.package_identification:_identify(src/Self-Driving-and-ROS-2-Learn-by-Doing-Plan-Navigation/Section8_Decision_Making/bumperbot_ws/src/bumperbot_navigation) by extension 'ignore'
[0.696s] Level 1:colcon.colcon_core.package_identification:_identify(src/Self-Driving-and-ROS-2-Learn-by-Doing-Plan-Navigation/Section8_Decision_Making/bumperbot_ws/src/bumperbot_navigation) by extension 'ignore_ament_install'
[0.696s] Level 1:colcon.colcon_core.package_identification:_identify(src/Self-Driving-and-ROS-2-Learn-by-Doing-Plan-Navigation/Section8_Decision_Making/bumperbot_ws/src/bumperbot_navigation) by extensions ['colcon_pkg']
[0.696s] Level 1:colcon.colcon_core.package_identification:_identify(src/Self-Driving-and-ROS-2-Learn-by-Doing-Plan-Navigation/Section8_Decision_Making/bumperbot_ws/src/bumperbot_navigation) by extension 'colcon_pkg'
[0.696s] Level 1:colcon.colcon_core.package_identification:_identify(src/Self-Driving-and-ROS-2-Learn-by-Doing-Plan-Navigation/Section8_Decision_Making/bumperbot_ws/src/bumperbot_navigation) by extensions ['colcon_meta']
[0.696s] Level 1:colcon.colcon_core.package_identification:_identify(src/Self-Driving-and-ROS-2-Learn-by-Doing-Plan-Navigation/Section8_Decision_Making/bumperbot_ws/src/bumperbot_navigation) by extension 'colcon_meta'
[0.696s] Level 1:colcon.colcon_core.package_identification:_identify(src/Self-Driving-and-ROS-2-Learn-by-Doing-Plan-Navigation/Section8_Decision_Making/bumperbot_ws/src/bumperbot_navigation) by extensions ['ros']
[0.696s] Level 1:colcon.colcon_core.package_identification:_identify(src/Self-Driving-and-ROS-2-Learn-by-Doing-Plan-Navigation/Section8_Decision_Making/bumperbot_ws/src/bumperbot_navigation) by extension 'ros'
[0.697s] DEBUG:colcon.colcon_core.package_identification:Package 'src/Self-Driving-and-ROS-2-Learn-by-Doing-Plan-Navigation/Section8_Decision_Making/bumperbot_ws/src/bumperbot_navigation' with type 'ros.ament_cmake' and name 'bumperbot_navigation'
[0.698s] Level 1:colcon.colcon_core.package_identification:_identify(src/Self-Driving-and-ROS-2-Learn-by-Doing-Plan-Navigation/Section8_Decision_Making/bumperbot_ws/src/bumperbot_planning) by extensions ['ignore', 'ignore_ament_install']
[0.698s] Level 1:colcon.colcon_core.package_identification:_identify(src/Self-Driving-and-ROS-2-Learn-by-Doing-Plan-Navigation/Section8_Decision_Making/bumperbot_ws/src/bumperbot_planning) by extension 'ignore'
[0.698s] Level 1:colcon.colcon_core.package_identification:_identify(src/Self-Driving-and-ROS-2-Learn-by-Doing-Plan-Navigation/Section8_Decision_Making/bumperbot_ws/src/bumperbot_planning) by extension 'ignore_ament_install'
[0.698s] Level 1:colcon.colcon_core.package_identification:_identify(src/Self-Driving-and-ROS-2-Learn-by-Doing-Plan-Navigation/Section8_Decision_Making/bumperbot_ws/src/bumperbot_planning) by extensions ['colcon_pkg']
[0.698s] Level 1:colcon.colcon_core.package_identification:_identify(src/Self-Driving-and-ROS-2-Learn-by-Doing-Plan-Navigation/Section8_Decision_Making/bumperbot_ws/src/bumperbot_planning) by extension 'colcon_pkg'
[0.698s] Level 1:colcon.colcon_core.package_identification:_identify(src/Self-Driving-and-ROS-2-Learn-by-Doing-Plan-Navigation/Section8_Decision_Making/bumperbot_ws/src/bumperbot_planning) by extensions ['colcon_meta']
[0.698s] Level 1:colcon.colcon_core.package_identification:_identify(src/Self-Driving-and-ROS-2-Learn-by-Doing-Plan-Navigation/Section8_Decision_Making/bumperbot_ws/src/bumperbot_planning) by extension 'colcon_meta'
[0.698s] Level 1:colcon.colcon_core.package_identification:_identify(src/Self-Driving-and-ROS-2-Learn-by-Doing-Plan-Navigation/Section8_Decision_Making/bumperbot_ws/src/bumperbot_planning) by extensions ['ros']
[0.698s] Level 1:colcon.colcon_core.package_identification:_identify(src/Self-Driving-and-ROS-2-Learn-by-Doing-Plan-Navigation/Section8_Decision_Making/bumperbot_ws/src/bumperbot_planning) by extension 'ros'
[0.699s] DEBUG:colcon.colcon_core.package_identification:Package 'src/Self-Driving-and-ROS-2-Learn-by-Doing-Plan-Navigation/Section8_Decision_Making/bumperbot_ws/src/bumperbot_planning' with type 'ros.ament_cmake' and name 'bumperbot_planning'
[0.699s] Level 1:colcon.colcon_core.package_identification:_identify(src/Self-Driving-and-ROS-2-Learn-by-Doing-Plan-Navigation/Section8_Decision_Making/bumperbot_ws/src/bumperbot_py_examples) by extensions ['ignore', 'ignore_ament_install']
[0.699s] Level 1:colcon.colcon_core.package_identification:_identify(src/Self-Driving-and-ROS-2-Learn-by-Doing-Plan-Navigation/Section8_Decision_Making/bumperbot_ws/src/bumperbot_py_examples) by extension 'ignore'
[0.699s] Level 1:colcon.colcon_core.package_identification:_identify(src/Self-Driving-and-ROS-2-Learn-by-Doing-Plan-Navigation/Section8_Decision_Making/bumperbot_ws/src/bumperbot_py_examples) by extension 'ignore_ament_install'
[0.699s] Level 1:colcon.colcon_core.package_identification:_identify(src/Self-Driving-and-ROS-2-Learn-by-Doing-Plan-Navigation/Section8_Decision_Making/bumperbot_ws/src/bumperbot_py_examples) by extensions ['colcon_pkg']
[0.699s] Level 1:colcon.colcon_core.package_identification:_identify(src/Self-Driving-and-ROS-2-Learn-by-Doing-Plan-Navigation/Section8_Decision_Making/bumperbot_ws/src/bumperbot_py_examples) by extension 'colcon_pkg'
[0.700s] Level 1:colcon.colcon_core.package_identification:_identify(src/Self-Driving-and-ROS-2-Learn-by-Doing-Plan-Navigation/Section8_Decision_Making/bumperbot_ws/src/bumperbot_py_examples) by extensions ['colcon_meta']
[0.700s] Level 1:colcon.colcon_core.package_identification:_identify(src/Self-Driving-and-ROS-2-Learn-by-Doing-Plan-Navigation/Section8_Decision_Making/bumperbot_ws/src/bumperbot_py_examples) by extension 'colcon_meta'
[0.700s] Level 1:colcon.colcon_core.package_identification:_identify(src/Self-Driving-and-ROS-2-Learn-by-Doing-Plan-Navigation/Section8_Decision_Making/bumperbot_ws/src/bumperbot_py_examples) by extensions ['ros']
[0.700s] Level 1:colcon.colcon_core.package_identification:_identify(src/Self-Driving-and-ROS-2-Learn-by-Doing-Plan-Navigation/Section8_Decision_Making/bumperbot_ws/src/bumperbot_py_examples) by extension 'ros'
[0.701s] DEBUG:colcon.colcon_core.package_identification:Package 'src/Self-Driving-and-ROS-2-Learn-by-Doing-Plan-Navigation/Section8_Decision_Making/bumperbot_ws/src/bumperbot_py_examples' with type 'ros.ament_python' and name 'bumperbot_py_examples'
[0.701s] Level 1:colcon.colcon_core.package_identification:_identify(src/Self-Driving-and-ROS-2-Learn-by-Doing-Plan-Navigation/Section8_Decision_Making/bumperbot_ws/src/bumperbot_utils) by extensions ['ignore', 'ignore_ament_install']
[0.701s] Level 1:colcon.colcon_core.package_identification:_identify(src/Self-Driving-and-ROS-2-Learn-by-Doing-Plan-Navigation/Section8_Decision_Making/bumperbot_ws/src/bumperbot_utils) by extension 'ignore'
[0.701s] Level 1:colcon.colcon_core.package_identification:_identify(src/Self-Driving-and-ROS-2-Learn-by-Doing-Plan-Navigation/Section8_Decision_Making/bumperbot_ws/src/bumperbot_utils) by extension 'ignore_ament_install'
[0.701s] Level 1:colcon.colcon_core.package_identification:_identify(src/Self-Driving-and-ROS-2-Learn-by-Doing-Plan-Navigation/Section8_Decision_Making/bumperbot_ws/src/bumperbot_utils) by extensions ['colcon_pkg']
[0.701s] Level 1:colcon.colcon_core.package_identification:_identify(src/Self-Driving-and-ROS-2-Learn-by-Doing-Plan-Navigation/Section8_Decision_Making/bumperbot_ws/src/bumperbot_utils) by extension 'colcon_pkg'
[0.701s] Level 1:colcon.colcon_core.package_identification:_identify(src/Self-Driving-and-ROS-2-Learn-by-Doing-Plan-Navigation/Section8_Decision_Making/bumperbot_ws/src/bumperbot_utils) by extensions ['colcon_meta']
[0.701s] Level 1:colcon.colcon_core.package_identification:_identify(src/Self-Driving-and-ROS-2-Learn-by-Doing-Plan-Navigation/Section8_Decision_Making/bumperbot_ws/src/bumperbot_utils) by extension 'colcon_meta'
[0.701s] Level 1:colcon.colcon_core.package_identification:_identify(src/Self-Driving-and-ROS-2-Learn-by-Doing-Plan-Navigation/Section8_Decision_Making/bumperbot_ws/src/bumperbot_utils) by extensions ['ros']
[0.701s] Level 1:colcon.colcon_core.package_identification:_identify(src/Self-Driving-and-ROS-2-Learn-by-Doing-Plan-Navigation/Section8_Decision_Making/bumperbot_ws/src/bumperbot_utils) by extension 'ros'
[0.703s] DEBUG:colcon.colcon_core.package_identification:Package 'src/Self-Driving-and-ROS-2-Learn-by-Doing-Plan-Navigation/Section8_Decision_Making/bumperbot_ws/src/bumperbot_utils' with type 'ros.ament_cmake' and name 'bumperbot_utils'
[0.703s] Level 1:colcon.colcon_core.package_identification:_identify(src/Self-Driving-and-ROS-2-Learn-by-Doing-Plan-Navigation/Section9_Build_the_Robot) by extensions ['ignore', 'ignore_ament_install']
[0.703s] Level 1:colcon.colcon_core.package_identification:_identify(src/Self-Driving-and-ROS-2-Learn-by-Doing-Plan-Navigation/Section9_Build_the_Robot) by extension 'ignore'
[0.703s] Level 1:colcon.colcon_core.package_identification:_identify(src/Self-Driving-and-ROS-2-Learn-by-Doing-Plan-Navigation/Section9_Build_the_Robot) by extension 'ignore_ament_install'
[0.703s] Level 1:colcon.colcon_core.package_identification:_identify(src/Self-Driving-and-ROS-2-Learn-by-Doing-Plan-Navigation/Section9_Build_the_Robot) by extensions ['colcon_pkg']
[0.703s] Level 1:colcon.colcon_core.package_identification:_identify(src/Self-Driving-and-ROS-2-Learn-by-Doing-Plan-Navigation/Section9_Build_the_Robot) by extension 'colcon_pkg'
[0.703s] Level 1:colcon.colcon_core.package_identification:_identify(src/Self-Driving-and-ROS-2-Learn-by-Doing-Plan-Navigation/Section9_Build_the_Robot) by extensions ['colcon_meta']
[0.703s] Level 1:colcon.colcon_core.package_identification:_identify(src/Self-Driving-and-ROS-2-Learn-by-Doing-Plan-Navigation/Section9_Build_the_Robot) by extension 'colcon_meta'
[0.703s] Level 1:colcon.colcon_core.package_identification:_identify(src/Self-Driving-and-ROS-2-Learn-by-Doing-Plan-Navigation/Section9_Build_the_Robot) by extensions ['ros']
[0.703s] Level 1:colcon.colcon_core.package_identification:_identify(src/Self-Driving-and-ROS-2-Learn-by-Doing-Plan-Navigation/Section9_Build_the_Robot) by extension 'ros'
[0.703s] Level 1:colcon.colcon_core.package_identification:_identify(src/Self-Driving-and-ROS-2-Learn-by-Doing-Plan-Navigation/Section9_Build_the_Robot) by extensions ['cmake', 'python']
[0.703s] Level 1:colcon.colcon_core.package_identification:_identify(src/Self-Driving-and-ROS-2-Learn-by-Doing-Plan-Navigation/Section9_Build_the_Robot) by extension 'cmake'
[0.703s] Level 1:colcon.colcon_core.package_identification:_identify(src/Self-Driving-and-ROS-2-Learn-by-Doing-Plan-Navigation/Section9_Build_the_Robot) by extension 'python'
[0.703s] Level 1:colcon.colcon_core.package_identification:_identify(src/Self-Driving-and-ROS-2-Learn-by-Doing-Plan-Navigation/Section9_Build_the_Robot) by extensions ['python_setup_py']
[0.703s] Level 1:colcon.colcon_core.package_identification:_identify(src/Self-Driving-and-ROS-2-Learn-by-Doing-Plan-Navigation/Section9_Build_the_Robot) by extension 'python_setup_py'
[0.703s] Level 1:colcon.colcon_core.package_identification:_identify(src/Self-Driving-and-ROS-2-Learn-by-Doing-Plan-Navigation/Section9_Build_the_Robot/bumperbot_ws) by extensions ['ignore', 'ignore_ament_install']
[0.703s] Level 1:colcon.colcon_core.package_identification:_identify(src/Self-Driving-and-ROS-2-Learn-by-Doing-Plan-Navigation/Section9_Build_the_Robot/bumperbot_ws) by extension 'ignore'
[0.703s] Level 1:colcon.colcon_core.package_identification:_identify(src/Self-Driving-and-ROS-2-Learn-by-Doing-Plan-Navigation/Section9_Build_the_Robot/bumperbot_ws) by extension 'ignore_ament_install'
[0.703s] Level 1:colcon.colcon_core.package_identification:_identify(src/Self-Driving-and-ROS-2-Learn-by-Doing-Plan-Navigation/Section9_Build_the_Robot/bumperbot_ws) by extensions ['colcon_pkg']
[0.703s] Level 1:colcon.colcon_core.package_identification:_identify(src/Self-Driving-and-ROS-2-Learn-by-Doing-Plan-Navigation/Section9_Build_the_Robot/bumperbot_ws) by extension 'colcon_pkg'
[0.703s] Level 1:colcon.colcon_core.package_identification:_identify(src/Self-Driving-and-ROS-2-Learn-by-Doing-Plan-Navigation/Section9_Build_the_Robot/bumperbot_ws) by extensions ['colcon_meta']
[0.703s] Level 1:colcon.colcon_core.package_identification:_identify(src/Self-Driving-and-ROS-2-Learn-by-Doing-Plan-Navigation/Section9_Build_the_Robot/bumperbot_ws) by extension 'colcon_meta'
[0.703s] Level 1:colcon.colcon_core.package_identification:_identify(src/Self-Driving-and-ROS-2-Learn-by-Doing-Plan-Navigation/Section9_Build_the_Robot/bumperbot_ws) by extensions ['ros']
[0.703s] Level 1:colcon.colcon_core.package_identification:_identify(src/Self-Driving-and-ROS-2-Learn-by-Doing-Plan-Navigation/Section9_Build_the_Robot/bumperbot_ws) by extension 'ros'
[0.703s] Level 1:colcon.colcon_core.package_identification:_identify(src/Self-Driving-and-ROS-2-Learn-by-Doing-Plan-Navigation/Section9_Build_the_Robot/bumperbot_ws) by extensions ['cmake', 'python']
[0.703s] Level 1:colcon.colcon_core.package_identification:_identify(src/Self-Driving-and-ROS-2-Learn-by-Doing-Plan-Navigation/Section9_Build_the_Robot/bumperbot_ws) by extension 'cmake'
[0.703s] Level 1:colcon.colcon_core.package_identification:_identify(src/Self-Driving-and-ROS-2-Learn-by-Doing-Plan-Navigation/Section9_Build_the_Robot/bumperbot_ws) by extension 'python'
[0.703s] Level 1:colcon.colcon_core.package_identification:_identify(src/Self-Driving-and-ROS-2-Learn-by-Doing-Plan-Navigation/Section9_Build_the_Robot/bumperbot_ws) by extensions ['python_setup_py']
[0.703s] Level 1:colcon.colcon_core.package_identification:_identify(src/Self-Driving-and-ROS-2-Learn-by-Doing-Plan-Navigation/Section9_Build_the_Robot/bumperbot_ws) by extension 'python_setup_py'
[0.704s] Level 1:colcon.colcon_core.package_identification:_identify(src/Self-Driving-and-ROS-2-Learn-by-Doing-Plan-Navigation/Section9_Build_the_Robot/bumperbot_ws/src) by extensions ['ignore', 'ignore_ament_install']
[0.704s] Level 1:colcon.colcon_core.package_identification:_identify(src/Self-Driving-and-ROS-2-Learn-by-Doing-Plan-Navigation/Section9_Build_the_Robot/bumperbot_ws/src) by extension 'ignore'
[0.704s] Level 1:colcon.colcon_core.package_identification:_identify(src/Self-Driving-and-ROS-2-Learn-by-Doing-Plan-Navigation/Section9_Build_the_Robot/bumperbot_ws/src) by extension 'ignore_ament_install'
[0.704s] Level 1:colcon.colcon_core.package_identification:_identify(src/Self-Driving-and-ROS-2-Learn-by-Doing-Plan-Navigation/Section9_Build_the_Robot/bumperbot_ws/src) by extensions ['colcon_pkg']
[0.704s] Level 1:colcon.colcon_core.package_identification:_identify(src/Self-Driving-and-ROS-2-Learn-by-Doing-Plan-Navigation/Section9_Build_the_Robot/bumperbot_ws/src) by extension 'colcon_pkg'
[0.704s] Level 1:colcon.colcon_core.package_identification:_identify(src/Self-Driving-and-ROS-2-Learn-by-Doing-Plan-Navigation/Section9_Build_the_Robot/bumperbot_ws/src) by extensions ['colcon_meta']
[0.704s] Level 1:colcon.colcon_core.package_identification:_identify(src/Self-Driving-and-ROS-2-Learn-by-Doing-Plan-Navigation/Section9_Build_the_Robot/bumperbot_ws/src) by extension 'colcon_meta'
[0.704s] Level 1:colcon.colcon_core.package_identification:_identify(src/Self-Driving-and-ROS-2-Learn-by-Doing-Plan-Navigation/Section9_Build_the_Robot/bumperbot_ws/src) by extensions ['ros']
[0.704s] Level 1:colcon.colcon_core.package_identification:_identify(src/Self-Driving-and-ROS-2-Learn-by-Doing-Plan-Navigation/Section9_Build_the_Robot/bumperbot_ws/src) by extension 'ros'
[0.704s] Level 1:colcon.colcon_core.package_identification:_identify(src/Self-Driving-and-ROS-2-Learn-by-Doing-Plan-Navigation/Section9_Build_the_Robot/bumperbot_ws/src) by extensions ['cmake', 'python']
[0.704s] Level 1:colcon.colcon_core.package_identification:_identify(src/Self-Driving-and-ROS-2-Learn-by-Doing-Plan-Navigation/Section9_Build_the_Robot/bumperbot_ws/src) by extension 'cmake'
[0.704s] Level 1:colcon.colcon_core.package_identification:_identify(src/Self-Driving-and-ROS-2-Learn-by-Doing-Plan-Navigation/Section9_Build_the_Robot/bumperbot_ws/src) by extension 'python'
[0.704s] Level 1:colcon.colcon_core.package_identification:_identify(src/Self-Driving-and-ROS-2-Learn-by-Doing-Plan-Navigation/Section9_Build_the_Robot/bumperbot_ws/src) by extensions ['python_setup_py']
[0.704s] Level 1:colcon.colcon_core.package_identification:_identify(src/Self-Driving-and-ROS-2-Learn-by-Doing-Plan-Navigation/Section9_Build_the_Robot/bumperbot_ws/src) by extension 'python_setup_py'
[0.704s] Level 1:colcon.colcon_core.package_identification:_identify(src/Self-Driving-and-ROS-2-Learn-by-Doing-Plan-Navigation/Section9_Build_the_Robot/bumperbot_ws/src/bumperbot_bringup) by extensions ['ignore', 'ignore_ament_install']
[0.704s] Level 1:colcon.colcon_core.package_identification:_identify(src/Self-Driving-and-ROS-2-Learn-by-Doing-Plan-Navigation/Section9_Build_the_Robot/bumperbot_ws/src/bumperbot_bringup) by extension 'ignore'
[0.704s] Level 1:colcon.colcon_core.package_identification:_identify(src/Self-Driving-and-ROS-2-Learn-by-Doing-Plan-Navigation/Section9_Build_the_Robot/bumperbot_ws/src/bumperbot_bringup) by extension 'ignore_ament_install'
[0.704s] Level 1:colcon.colcon_core.package_identification:_identify(src/Self-Driving-and-ROS-2-Learn-by-Doing-Plan-Navigation/Section9_Build_the_Robot/bumperbot_ws/src/bumperbot_bringup) by extensions ['colcon_pkg']
[0.704s] Level 1:colcon.colcon_core.package_identification:_identify(src/Self-Driving-and-ROS-2-Learn-by-Doing-Plan-Navigation/Section9_Build_the_Robot/bumperbot_ws/src/bumperbot_bringup) by extension 'colcon_pkg'
[0.704s] Level 1:colcon.colcon_core.package_identification:_identify(src/Self-Driving-and-ROS-2-Learn-by-Doing-Plan-Navigation/Section9_Build_the_Robot/bumperbot_ws/src/bumperbot_bringup) by extensions ['colcon_meta']
[0.704s] Level 1:colcon.colcon_core.package_identification:_identify(src/Self-Driving-and-ROS-2-Learn-by-Doing-Plan-Navigation/Section9_Build_the_Robot/bumperbot_ws/src/bumperbot_bringup) by extension 'colcon_meta'
[0.704s] Level 1:colcon.colcon_core.package_identification:_identify(src/Self-Driving-and-ROS-2-Learn-by-Doing-Plan-Navigation/Section9_Build_the_Robot/bumperbot_ws/src/bumperbot_bringup) by extensions ['ros']
[0.704s] Level 1:colcon.colcon_core.package_identification:_identify(src/Self-Driving-and-ROS-2-Learn-by-Doing-Plan-Navigation/Section9_Build_the_Robot/bumperbot_ws/src/bumperbot_bringup) by extension 'ros'
[0.705s] DEBUG:colcon.colcon_core.package_identification:Package 'src/Self-Driving-and-ROS-2-Learn-by-Doing-Plan-Navigation/Section9_Build_the_Robot/bumperbot_ws/src/bumperbot_bringup' with type 'ros.ament_cmake' and name 'bumperbot_bringup'
[0.706s] Level 1:colcon.colcon_core.package_identification:_identify(src/Self-Driving-and-ROS-2-Learn-by-Doing-Plan-Navigation/Section9_Build_the_Robot/bumperbot_ws/src/bumperbot_controller) by extensions ['ignore', 'ignore_ament_install']
[0.706s] Level 1:colcon.colcon_core.package_identification:_identify(src/Self-Driving-and-ROS-2-Learn-by-Doing-Plan-Navigation/Section9_Build_the_Robot/bumperbot_ws/src/bumperbot_controller) by extension 'ignore'
[0.706s] Level 1:colcon.colcon_core.package_identification:_identify(src/Self-Driving-and-ROS-2-Learn-by-Doing-Plan-Navigation/Section9_Build_the_Robot/bumperbot_ws/src/bumperbot_controller) by extension 'ignore_ament_install'
[0.706s] Level 1:colcon.colcon_core.package_identification:_identify(src/Self-Driving-and-ROS-2-Learn-by-Doing-Plan-Navigation/Section9_Build_the_Robot/bumperbot_ws/src/bumperbot_controller) by extensions ['colcon_pkg']
[0.706s] Level 1:colcon.colcon_core.package_identification:_identify(src/Self-Driving-and-ROS-2-Learn-by-Doing-Plan-Navigation/Section9_Build_the_Robot/bumperbot_ws/src/bumperbot_controller) by extension 'colcon_pkg'
[0.706s] Level 1:colcon.colcon_core.package_identification:_identify(src/Self-Driving-and-ROS-2-Learn-by-Doing-Plan-Navigation/Section9_Build_the_Robot/bumperbot_ws/src/bumperbot_controller) by extensions ['colcon_meta']
[0.706s] Level 1:colcon.colcon_core.package_identification:_identify(src/Self-Driving-and-ROS-2-Learn-by-Doing-Plan-Navigation/Section9_Build_the_Robot/bumperbot_ws/src/bumperbot_controller) by extension 'colcon_meta'
[0.706s] Level 1:colcon.colcon_core.package_identification:_identify(src/Self-Driving-and-ROS-2-Learn-by-Doing-Plan-Navigation/Section9_Build_the_Robot/bumperbot_ws/src/bumperbot_controller) by extensions ['ros']
[0.706s] Level 1:colcon.colcon_core.package_identification:_identify(src/Self-Driving-and-ROS-2-Learn-by-Doing-Plan-Navigation/Section9_Build_the_Robot/bumperbot_ws/src/bumperbot_controller) by extension 'ros'
[0.707s] DEBUG:colcon.colcon_core.package_identification:Package 'src/Self-Driving-and-ROS-2-Learn-by-Doing-Plan-Navigation/Section9_Build_the_Robot/bumperbot_ws/src/bumperbot_controller' with type 'ros.ament_cmake' and name 'bumperbot_controller'
[0.708s] Level 1:colcon.colcon_core.package_identification:_identify(src/Self-Driving-and-ROS-2-Learn-by-Doing-Plan-Navigation/Section9_Build_the_Robot/bumperbot_ws/src/bumperbot_cpp_examples) by extensions ['ignore', 'ignore_ament_install']
[0.708s] Level 1:colcon.colcon_core.package_identification:_identify(src/Self-Driving-and-ROS-2-Learn-by-Doing-Plan-Navigation/Section9_Build_the_Robot/bumperbot_ws/src/bumperbot_cpp_examples) by extension 'ignore'
[0.708s] Level 1:colcon.colcon_core.package_identification:_identify(src/Self-Driving-and-ROS-2-Learn-by-Doing-Plan-Navigation/Section9_Build_the_Robot/bumperbot_ws/src/bumperbot_cpp_examples) by extension 'ignore_ament_install'
[0.708s] Level 1:colcon.colcon_core.package_identification:_identify(src/Self-Driving-and-ROS-2-Learn-by-Doing-Plan-Navigation/Section9_Build_the_Robot/bumperbot_ws/src/bumperbot_cpp_examples) by extensions ['colcon_pkg']
[0.708s] Level 1:colcon.colcon_core.package_identification:_identify(src/Self-Driving-and-ROS-2-Learn-by-Doing-Plan-Navigation/Section9_Build_the_Robot/bumperbot_ws/src/bumperbot_cpp_examples) by extension 'colcon_pkg'
[0.708s] Level 1:colcon.colcon_core.package_identification:_identify(src/Self-Driving-and-ROS-2-Learn-by-Doing-Plan-Navigation/Section9_Build_the_Robot/bumperbot_ws/src/bumperbot_cpp_examples) by extensions ['colcon_meta']
[0.708s] Level 1:colcon.colcon_core.package_identification:_identify(src/Self-Driving-and-ROS-2-Learn-by-Doing-Plan-Navigation/Section9_Build_the_Robot/bumperbot_ws/src/bumperbot_cpp_examples) by extension 'colcon_meta'
[0.708s] Level 1:colcon.colcon_core.package_identification:_identify(src/Self-Driving-and-ROS-2-Learn-by-Doing-Plan-Navigation/Section9_Build_the_Robot/bumperbot_ws/src/bumperbot_cpp_examples) by extensions ['ros']
[0.708s] Level 1:colcon.colcon_core.package_identification:_identify(src/Self-Driving-and-ROS-2-Learn-by-Doing-Plan-Navigation/Section9_Build_the_Robot/bumperbot_ws/src/bumperbot_cpp_examples) by extension 'ros'
[0.709s] DEBUG:colcon.colcon_core.package_identification:Package 'src/Self-Driving-and-ROS-2-Learn-by-Doing-Plan-Navigation/Section9_Build_the_Robot/bumperbot_ws/src/bumperbot_cpp_examples' with type 'ros.ament_cmake' and name 'bumperbot_cpp_examples'
[0.709s] Level 1:colcon.colcon_core.package_identification:_identify(src/Self-Driving-and-ROS-2-Learn-by-Doing-Plan-Navigation/Section9_Build_the_Robot/bumperbot_ws/src/bumperbot_description) by extensions ['ignore', 'ignore_ament_install']
[0.710s] Level 1:colcon.colcon_core.package_identification:_identify(src/Self-Driving-and-ROS-2-Learn-by-Doing-Plan-Navigation/Section9_Build_the_Robot/bumperbot_ws/src/bumperbot_description) by extension 'ignore'
[0.710s] Level 1:colcon.colcon_core.package_identification:_identify(src/Self-Driving-and-ROS-2-Learn-by-Doing-Plan-Navigation/Section9_Build_the_Robot/bumperbot_ws/src/bumperbot_description) by extension 'ignore_ament_install'
[0.710s] Level 1:colcon.colcon_core.package_identification:_identify(src/Self-Driving-and-ROS-2-Learn-by-Doing-Plan-Navigation/Section9_Build_the_Robot/bumperbot_ws/src/bumperbot_description) by extensions ['colcon_pkg']
[0.710s] Level 1:colcon.colcon_core.package_identification:_identify(src/Self-Driving-and-ROS-2-Learn-by-Doing-Plan-Navigation/Section9_Build_the_Robot/bumperbot_ws/src/bumperbot_description) by extension 'colcon_pkg'
[0.710s] Level 1:colcon.colcon_core.package_identification:_identify(src/Self-Driving-and-ROS-2-Learn-by-Doing-Plan-Navigation/Section9_Build_the_Robot/bumperbot_ws/src/bumperbot_description) by extensions ['colcon_meta']
[0.710s] Level 1:colcon.colcon_core.package_identification:_identify(src/Self-Driving-and-ROS-2-Learn-by-Doing-Plan-Navigation/Section9_Build_the_Robot/bumperbot_ws/src/bumperbot_description) by extension 'colcon_meta'
[0.710s] Level 1:colcon.colcon_core.package_identification:_identify(src/Self-Driving-and-ROS-2-Learn-by-Doing-Plan-Navigation/Section9_Build_the_Robot/bumperbot_ws/src/bumperbot_description) by extensions ['ros']
[0.710s] Level 1:colcon.colcon_core.package_identification:_identify(src/Self-Driving-and-ROS-2-Learn-by-Doing-Plan-Navigation/Section9_Build_the_Robot/bumperbot_ws/src/bumperbot_description) by extension 'ros'
[0.711s] DEBUG:colcon.colcon_core.package_identification:Package 'src/Self-Driving-and-ROS-2-Learn-by-Doing-Plan-Navigation/Section9_Build_the_Robot/bumperbot_ws/src/bumperbot_description' with type 'ros.ament_cmake' and name 'bumperbot_description'
[0.713s] Level 1:colcon.colcon_core.package_identification:_identify(src/Self-Driving-and-ROS-2-Learn-by-Doing-Plan-Navigation/Section9_Build_the_Robot/bumperbot_ws/src/bumperbot_firmware) by extensions ['ignore', 'ignore_ament_install']
[0.713s] Level 1:colcon.colcon_core.package_identification:_identify(src/Self-Driving-and-ROS-2-Learn-by-Doing-Plan-Navigation/Section9_Build_the_Robot/bumperbot_ws/src/bumperbot_firmware) by extension 'ignore'
[0.713s] Level 1:colcon.colcon_core.package_identification:_identify(src/Self-Driving-and-ROS-2-Learn-by-Doing-Plan-Navigation/Section9_Build_the_Robot/bumperbot_ws/src/bumperbot_firmware) by extension 'ignore_ament_install'
[0.713s] Level 1:colcon.colcon_core.package_identification:_identify(src/Self-Driving-and-ROS-2-Learn-by-Doing-Plan-Navigation/Section9_Build_the_Robot/bumperbot_ws/src/bumperbot_firmware) by extensions ['colcon_pkg']
[0.713s] Level 1:colcon.colcon_core.package_identification:_identify(src/Self-Driving-and-ROS-2-Learn-by-Doing-Plan-Navigation/Section9_Build_the_Robot/bumperbot_ws/src/bumperbot_firmware) by extension 'colcon_pkg'
[0.713s] Level 1:colcon.colcon_core.package_identification:_identify(src/Self-Driving-and-ROS-2-Learn-by-Doing-Plan-Navigation/Section9_Build_the_Robot/bumperbot_ws/src/bumperbot_firmware) by extensions ['colcon_meta']
[0.713s] Level 1:colcon.colcon_core.package_identification:_identify(src/Self-Driving-and-ROS-2-Learn-by-Doing-Plan-Navigation/Section9_Build_the_Robot/bumperbot_ws/src/bumperbot_firmware) by extension 'colcon_meta'
[0.713s] Level 1:colcon.colcon_core.package_identification:_identify(src/Self-Driving-and-ROS-2-Learn-by-Doing-Plan-Navigation/Section9_Build_the_Robot/bumperbot_ws/src/bumperbot_firmware) by extensions ['ros']
[0.713s] Level 1:colcon.colcon_core.package_identification:_identify(src/Self-Driving-and-ROS-2-Learn-by-Doing-Plan-Navigation/Section9_Build_the_Robot/bumperbot_ws/src/bumperbot_firmware) by extension 'ros'
[0.714s] DEBUG:colcon.colcon_core.package_identification:Package 'src/Self-Driving-and-ROS-2-Learn-by-Doing-Plan-Navigation/Section9_Build_the_Robot/bumperbot_ws/src/bumperbot_firmware' with type 'ros.ament_cmake' and name 'bumperbot_firmware'
[0.715s] Level 1:colcon.colcon_core.package_identification:_identify(src/Self-Driving-and-ROS-2-Learn-by-Doing-Plan-Navigation/Section9_Build_the_Robot/bumperbot_ws/src/bumperbot_localization) by extensions ['ignore', 'ignore_ament_install']
[0.715s] Level 1:colcon.colcon_core.package_identification:_identify(src/Self-Driving-and-ROS-2-Learn-by-Doing-Plan-Navigation/Section9_Build_the_Robot/bumperbot_ws/src/bumperbot_localization) by extension 'ignore'
[0.715s] Level 1:colcon.colcon_core.package_identification:_identify(src/Self-Driving-and-ROS-2-Learn-by-Doing-Plan-Navigation/Section9_Build_the_Robot/bumperbot_ws/src/bumperbot_localization) by extension 'ignore_ament_install'
[0.715s] Level 1:colcon.colcon_core.package_identification:_identify(src/Self-Driving-and-ROS-2-Learn-by-Doing-Plan-Navigation/Section9_Build_the_Robot/bumperbot_ws/src/bumperbot_localization) by extensions ['colcon_pkg']
[0.715s] Level 1:colcon.colcon_core.package_identification:_identify(src/Self-Driving-and-ROS-2-Learn-by-Doing-Plan-Navigation/Section9_Build_the_Robot/bumperbot_ws/src/bumperbot_localization) by extension 'colcon_pkg'
[0.715s] Level 1:colcon.colcon_core.package_identification:_identify(src/Self-Driving-and-ROS-2-Learn-by-Doing-Plan-Navigation/Section9_Build_the_Robot/bumperbot_ws/src/bumperbot_localization) by extensions ['colcon_meta']
[0.715s] Level 1:colcon.colcon_core.package_identification:_identify(src/Self-Driving-and-ROS-2-Learn-by-Doing-Plan-Navigation/Section9_Build_the_Robot/bumperbot_ws/src/bumperbot_localization) by extension 'colcon_meta'
[0.715s] Level 1:colcon.colcon_core.package_identification:_identify(src/Self-Driving-and-ROS-2-Learn-by-Doing-Plan-Navigation/Section9_Build_the_Robot/bumperbot_ws/src/bumperbot_localization) by extensions ['ros']
[0.715s] Level 1:colcon.colcon_core.package_identification:_identify(src/Self-Driving-and-ROS-2-Learn-by-Doing-Plan-Navigation/Section9_Build_the_Robot/bumperbot_ws/src/bumperbot_localization) by extension 'ros'
[0.715s] DEBUG:colcon.colcon_core.package_identification:Package 'src/Self-Driving-and-ROS-2-Learn-by-Doing-Plan-Navigation/Section9_Build_the_Robot/bumperbot_ws/src/bumperbot_localization' with type 'ros.ament_cmake' and name 'bumperbot_localization'
[0.717s] Level 1:colcon.colcon_core.package_identification:_identify(src/Self-Driving-and-ROS-2-Learn-by-Doing-Plan-Navigation/Section9_Build_the_Robot/bumperbot_ws/src/bumperbot_mapping) by extensions ['ignore', 'ignore_ament_install']
[0.718s] Level 1:colcon.colcon_core.package_identification:_identify(src/Self-Driving-and-ROS-2-Learn-by-Doing-Plan-Navigation/Section9_Build_the_Robot/bumperbot_ws/src/bumperbot_mapping) by extension 'ignore'
[0.718s] Level 1:colcon.colcon_core.package_identification:_identify(src/Self-Driving-and-ROS-2-Learn-by-Doing-Plan-Navigation/Section9_Build_the_Robot/bumperbot_ws/src/bumperbot_mapping) by extension 'ignore_ament_install'
[0.718s] Level 1:colcon.colcon_core.package_identification:_identify(src/Self-Driving-and-ROS-2-Learn-by-Doing-Plan-Navigation/Section9_Build_the_Robot/bumperbot_ws/src/bumperbot_mapping) by extensions ['colcon_pkg']
[0.718s] Level 1:colcon.colcon_core.package_identification:_identify(src/Self-Driving-and-ROS-2-Learn-by-Doing-Plan-Navigation/Section9_Build_the_Robot/bumperbot_ws/src/bumperbot_mapping) by extension 'colcon_pkg'
[0.718s] Level 1:colcon.colcon_core.package_identification:_identify(src/Self-Driving-and-ROS-2-Learn-by-Doing-Plan-Navigation/Section9_Build_the_Robot/bumperbot_ws/src/bumperbot_mapping) by extensions ['colcon_meta']
[0.718s] Level 1:colcon.colcon_core.package_identification:_identify(src/Self-Driving-and-ROS-2-Learn-by-Doing-Plan-Navigation/Section9_Build_the_Robot/bumperbot_ws/src/bumperbot_mapping) by extension 'colcon_meta'
[0.718s] Level 1:colcon.colcon_core.package_identification:_identify(src/Self-Driving-and-ROS-2-Learn-by-Doing-Plan-Navigation/Section9_Build_the_Robot/bumperbot_ws/src/bumperbot_mapping) by extensions ['ros']
[0.718s] Level 1:colcon.colcon_core.package_identification:_identify(src/Self-Driving-and-ROS-2-Learn-by-Doing-Plan-Navigation/Section9_Build_the_Robot/bumperbot_ws/src/bumperbot_mapping) by extension 'ros'
[0.719s] DEBUG:colcon.colcon_core.package_identification:Package 'src/Self-Driving-and-ROS-2-Learn-by-Doing-Plan-Navigation/Section9_Build_the_Robot/bumperbot_ws/src/bumperbot_mapping' with type 'ros.ament_cmake' and name 'bumperbot_mapping'
[0.719s] Level 1:colcon.colcon_core.package_identification:_identify(src/Self-Driving-and-ROS-2-Learn-by-Doing-Plan-Navigation/Section9_Build_the_Robot/bumperbot_ws/src/bumperbot_motion) by extensions ['ignore', 'ignore_ament_install']
[0.719s] Level 1:colcon.colcon_core.package_identification:_identify(src/Self-Driving-and-ROS-2-Learn-by-Doing-Plan-Navigation/Section9_Build_the_Robot/bumperbot_ws/src/bumperbot_motion) by extension 'ignore'
[0.719s] Level 1:colcon.colcon_core.package_identification:_identify(src/Self-Driving-and-ROS-2-Learn-by-Doing-Plan-Navigation/Section9_Build_the_Robot/bumperbot_ws/src/bumperbot_motion) by extension 'ignore_ament_install'
[0.719s] Level 1:colcon.colcon_core.package_identification:_identify(src/Self-Driving-and-ROS-2-Learn-by-Doing-Plan-Navigation/Section9_Build_the_Robot/bumperbot_ws/src/bumperbot_motion) by extensions ['colcon_pkg']
[0.719s] Level 1:colcon.colcon_core.package_identification:_identify(src/Self-Driving-and-ROS-2-Learn-by-Doing-Plan-Navigation/Section9_Build_the_Robot/bumperbot_ws/src/bumperbot_motion) by extension 'colcon_pkg'
[0.719s] Level 1:colcon.colcon_core.package_identification:_identify(src/Self-Driving-and-ROS-2-Learn-by-Doing-Plan-Navigation/Section9_Build_the_Robot/bumperbot_ws/src/bumperbot_motion) by extensions ['colcon_meta']
[0.719s] Level 1:colcon.colcon_core.package_identification:_identify(src/Self-Driving-and-ROS-2-Learn-by-Doing-Plan-Navigation/Section9_Build_the_Robot/bumperbot_ws/src/bumperbot_motion) by extension 'colcon_meta'
[0.719s] Level 1:colcon.colcon_core.package_identification:_identify(src/Self-Driving-and-ROS-2-Learn-by-Doing-Plan-Navigation/Section9_Build_the_Robot/bumperbot_ws/src/bumperbot_motion) by extensions ['ros']
[0.719s] Level 1:colcon.colcon_core.package_identification:_identify(src/Self-Driving-and-ROS-2-Learn-by-Doing-Plan-Navigation/Section9_Build_the_Robot/bumperbot_ws/src/bumperbot_motion) by extension 'ros'
[0.725s] DEBUG:colcon.colcon_core.package_identification:Package 'src/Self-Driving-and-ROS-2-Learn-by-Doing-Plan-Navigation/Section9_Build_the_Robot/bumperbot_ws/src/bumperbot_motion' with type 'ros.ament_cmake' and name 'bumperbot_motion'
[0.726s] Level 1:colcon.colcon_core.package_identification:_identify(src/Self-Driving-and-ROS-2-Learn-by-Doing-Plan-Navigation/Section9_Build_the_Robot/bumperbot_ws/src/bumperbot_msgs) by extensions ['ignore', 'ignore_ament_install']
[0.726s] Level 1:colcon.colcon_core.package_identification:_identify(src/Self-Driving-and-ROS-2-Learn-by-Doing-Plan-Navigation/Section9_Build_the_Robot/bumperbot_ws/src/bumperbot_msgs) by extension 'ignore'
[0.726s] Level 1:colcon.colcon_core.package_identification:_identify(src/Self-Driving-and-ROS-2-Learn-by-Doing-Plan-Navigation/Section9_Build_the_Robot/bumperbot_ws/src/bumperbot_msgs) by extension 'ignore_ament_install'
[0.726s] Level 1:colcon.colcon_core.package_identification:_identify(src/Self-Driving-and-ROS-2-Learn-by-Doing-Plan-Navigation/Section9_Build_the_Robot/bumperbot_ws/src/bumperbot_msgs) by extensions ['colcon_pkg']
[0.726s] Level 1:colcon.colcon_core.package_identification:_identify(src/Self-Driving-and-ROS-2-Learn-by-Doing-Plan-Navigation/Section9_Build_the_Robot/bumperbot_ws/src/bumperbot_msgs) by extension 'colcon_pkg'
[0.726s] Level 1:colcon.colcon_core.package_identification:_identify(src/Self-Driving-and-ROS-2-Learn-by-Doing-Plan-Navigation/Section9_Build_the_Robot/bumperbot_ws/src/bumperbot_msgs) by extensions ['colcon_meta']
[0.726s] Level 1:colcon.colcon_core.package_identification:_identify(src/Self-Driving-and-ROS-2-Learn-by-Doing-Plan-Navigation/Section9_Build_the_Robot/bumperbot_ws/src/bumperbot_msgs) by extension 'colcon_meta'
[0.726s] Level 1:colcon.colcon_core.package_identification:_identify(src/Self-Driving-and-ROS-2-Learn-by-Doing-Plan-Navigation/Section9_Build_the_Robot/bumperbot_ws/src/bumperbot_msgs) by extensions ['ros']
[0.726s] Level 1:colcon.colcon_core.package_identification:_identify(src/Self-Driving-and-ROS-2-Learn-by-Doing-Plan-Navigation/Section9_Build_the_Robot/bumperbot_ws/src/bumperbot_msgs) by extension 'ros'
[0.726s] DEBUG:colcon.colcon_core.package_identification:Package 'src/Self-Driving-and-ROS-2-Learn-by-Doing-Plan-Navigation/Section9_Build_the_Robot/bumperbot_ws/src/bumperbot_msgs' with type 'ros.ament_cmake' and name 'bumperbot_msgs'
[0.726s] Level 1:colcon.colcon_core.package_identification:_identify(src/Self-Driving-and-ROS-2-Learn-by-Doing-Plan-Navigation/Section9_Build_the_Robot/bumperbot_ws/src/bumperbot_navigation) by extensions ['ignore', 'ignore_ament_install']
[0.727s] Level 1:colcon.colcon_core.package_identification:_identify(src/Self-Driving-and-ROS-2-Learn-by-Doing-Plan-Navigation/Section9_Build_the_Robot/bumperbot_ws/src/bumperbot_navigation) by extension 'ignore'
[0.727s] Level 1:colcon.colcon_core.package_identification:_identify(src/Self-Driving-and-ROS-2-Learn-by-Doing-Plan-Navigation/Section9_Build_the_Robot/bumperbot_ws/src/bumperbot_navigation) by extension 'ignore_ament_install'
[0.727s] Level 1:colcon.colcon_core.package_identification:_identify(src/Self-Driving-and-ROS-2-Learn-by-Doing-Plan-Navigation/Section9_Build_the_Robot/bumperbot_ws/src/bumperbot_navigation) by extensions ['colcon_pkg']
[0.727s] Level 1:colcon.colcon_core.package_identification:_identify(src/Self-Driving-and-ROS-2-Learn-by-Doing-Plan-Navigation/Section9_Build_the_Robot/bumperbot_ws/src/bumperbot_navigation) by extension 'colcon_pkg'
[0.727s] Level 1:colcon.colcon_core.package_identification:_identify(src/Self-Driving-and-ROS-2-Learn-by-Doing-Plan-Navigation/Section9_Build_the_Robot/bumperbot_ws/src/bumperbot_navigation) by extensions ['colcon_meta']
[0.727s] Level 1:colcon.colcon_core.package_identification:_identify(src/Self-Driving-and-ROS-2-Learn-by-Doing-Plan-Navigation/Section9_Build_the_Robot/bumperbot_ws/src/bumperbot_navigation) by extension 'colcon_meta'
[0.727s] Level 1:colcon.colcon_core.package_identification:_identify(src/Self-Driving-and-ROS-2-Learn-by-Doing-Plan-Navigation/Section9_Build_the_Robot/bumperbot_ws/src/bumperbot_navigation) by extensions ['ros']
[0.727s] Level 1:colcon.colcon_core.package_identification:_identify(src/Self-Driving-and-ROS-2-Learn-by-Doing-Plan-Navigation/Section9_Build_the_Robot/bumperbot_ws/src/bumperbot_navigation) by extension 'ros'
[0.727s] DEBUG:colcon.colcon_core.package_identification:Package 'src/Self-Driving-and-ROS-2-Learn-by-Doing-Plan-Navigation/Section9_Build_the_Robot/bumperbot_ws/src/bumperbot_navigation' with type 'ros.ament_cmake' and name 'bumperbot_navigation'
[0.727s] Level 1:colcon.colcon_core.package_identification:_identify(src/Self-Driving-and-ROS-2-Learn-by-Doing-Plan-Navigation/Section9_Build_the_Robot/bumperbot_ws/src/bumperbot_planning) by extensions ['ignore', 'ignore_ament_install']
[0.728s] Level 1:colcon.colcon_core.package_identification:_identify(src/Self-Driving-and-ROS-2-Learn-by-Doing-Plan-Navigation/Section9_Build_the_Robot/bumperbot_ws/src/bumperbot_planning) by extension 'ignore'
[0.728s] Level 1:colcon.colcon_core.package_identification:_identify(src/Self-Driving-and-ROS-2-Learn-by-Doing-Plan-Navigation/Section9_Build_the_Robot/bumperbot_ws/src/bumperbot_planning) by extension 'ignore_ament_install'
[0.728s] Level 1:colcon.colcon_core.package_identification:_identify(src/Self-Driving-and-ROS-2-Learn-by-Doing-Plan-Navigation/Section9_Build_the_Robot/bumperbot_ws/src/bumperbot_planning) by extensions ['colcon_pkg']
[0.728s] Level 1:colcon.colcon_core.package_identification:_identify(src/Self-Driving-and-ROS-2-Learn-by-Doing-Plan-Navigation/Section9_Build_the_Robot/bumperbot_ws/src/bumperbot_planning) by extension 'colcon_pkg'
[0.728s] Level 1:colcon.colcon_core.package_identification:_identify(src/Self-Driving-and-ROS-2-Learn-by-Doing-Plan-Navigation/Section9_Build_the_Robot/bumperbot_ws/src/bumperbot_planning) by extensions ['colcon_meta']
[0.728s] Level 1:colcon.colcon_core.package_identification:_identify(src/Self-Driving-and-ROS-2-Learn-by-Doing-Plan-Navigation/Section9_Build_the_Robot/bumperbot_ws/src/bumperbot_planning) by extension 'colcon_meta'
[0.728s] Level 1:colcon.colcon_core.package_identification:_identify(src/Self-Driving-and-ROS-2-Learn-by-Doing-Plan-Navigation/Section9_Build_the_Robot/bumperbot_ws/src/bumperbot_planning) by extensions ['ros']
[0.728s] Level 1:colcon.colcon_core.package_identification:_identify(src/Self-Driving-and-ROS-2-Learn-by-Doing-Plan-Navigation/Section9_Build_the_Robot/bumperbot_ws/src/bumperbot_planning) by extension 'ros'
[0.729s] DEBUG:colcon.colcon_core.package_identification:Package 'src/Self-Driving-and-ROS-2-Learn-by-Doing-Plan-Navigation/Section9_Build_the_Robot/bumperbot_ws/src/bumperbot_planning' with type 'ros.ament_cmake' and name 'bumperbot_planning'
[0.729s] Level 1:colcon.colcon_core.package_identification:_identify(src/Self-Driving-and-ROS-2-Learn-by-Doing-Plan-Navigation/Section9_Build_the_Robot/bumperbot_ws/src/bumperbot_py_examples) by extensions ['ignore', 'ignore_ament_install']
[0.729s] Level 1:colcon.colcon_core.package_identification:_identify(src/Self-Driving-and-ROS-2-Learn-by-Doing-Plan-Navigation/Section9_Build_the_Robot/bumperbot_ws/src/bumperbot_py_examples) by extension 'ignore'
[0.729s] Level 1:colcon.colcon_core.package_identification:_identify(src/Self-Driving-and-ROS-2-Learn-by-Doing-Plan-Navigation/Section9_Build_the_Robot/bumperbot_ws/src/bumperbot_py_examples) by extension 'ignore_ament_install'
[0.729s] Level 1:colcon.colcon_core.package_identification:_identify(src/Self-Driving-and-ROS-2-Learn-by-Doing-Plan-Navigation/Section9_Build_the_Robot/bumperbot_ws/src/bumperbot_py_examples) by extensions ['colcon_pkg']
[0.729s] Level 1:colcon.colcon_core.package_identification:_identify(src/Self-Driving-and-ROS-2-Learn-by-Doing-Plan-Navigation/Section9_Build_the_Robot/bumperbot_ws/src/bumperbot_py_examples) by extension 'colcon_pkg'
[0.729s] Level 1:colcon.colcon_core.package_identification:_identify(src/Self-Driving-and-ROS-2-Learn-by-Doing-Plan-Navigation/Section9_Build_the_Robot/bumperbot_ws/src/bumperbot_py_examples) by extensions ['colcon_meta']
[0.729s] Level 1:colcon.colcon_core.package_identification:_identify(src/Self-Driving-and-ROS-2-Learn-by-Doing-Plan-Navigation/Section9_Build_the_Robot/bumperbot_ws/src/bumperbot_py_examples) by extension 'colcon_meta'
[0.729s] Level 1:colcon.colcon_core.package_identification:_identify(src/Self-Driving-and-ROS-2-Learn-by-Doing-Plan-Navigation/Section9_Build_the_Robot/bumperbot_ws/src/bumperbot_py_examples) by extensions ['ros']
[0.729s] Level 1:colcon.colcon_core.package_identification:_identify(src/Self-Driving-and-ROS-2-Learn-by-Doing-Plan-Navigation/Section9_Build_the_Robot/bumperbot_ws/src/bumperbot_py_examples) by extension 'ros'
[0.730s] DEBUG:colcon.colcon_core.package_identification:Package 'src/Self-Driving-and-ROS-2-Learn-by-Doing-Plan-Navigation/Section9_Build_the_Robot/bumperbot_ws/src/bumperbot_py_examples' with type 'ros.ament_python' and name 'bumperbot_py_examples'
[0.730s] Level 1:colcon.colcon_core.package_identification:_identify(src/Self-Driving-and-ROS-2-Learn-by-Doing-Plan-Navigation/Section9_Build_the_Robot/bumperbot_ws/src/bumperbot_utils) by extensions ['ignore', 'ignore_ament_install']
[0.730s] Level 1:colcon.colcon_core.package_identification:_identify(src/Self-Driving-and-ROS-2-Learn-by-Doing-Plan-Navigation/Section9_Build_the_Robot/bumperbot_ws/src/bumperbot_utils) by extension 'ignore'
[0.730s] Level 1:colcon.colcon_core.package_identification:_identify(src/Self-Driving-and-ROS-2-Learn-by-Doing-Plan-Navigation/Section9_Build_the_Robot/bumperbot_ws/src/bumperbot_utils) by extension 'ignore_ament_install'
[0.730s] Level 1:colcon.colcon_core.package_identification:_identify(src/Self-Driving-and-ROS-2-Learn-by-Doing-Plan-Navigation/Section9_Build_the_Robot/bumperbot_ws/src/bumperbot_utils) by extensions ['colcon_pkg']
[0.730s] Level 1:colcon.colcon_core.package_identification:_identify(src/Self-Driving-and-ROS-2-Learn-by-Doing-Plan-Navigation/Section9_Build_the_Robot/bumperbot_ws/src/bumperbot_utils) by extension 'colcon_pkg'
[0.730s] Level 1:colcon.colcon_core.package_identification:_identify(src/Self-Driving-and-ROS-2-Learn-by-Doing-Plan-Navigation/Section9_Build_the_Robot/bumperbot_ws/src/bumperbot_utils) by extensions ['colcon_meta']
[0.730s] Level 1:colcon.colcon_core.package_identification:_identify(src/Self-Driving-and-ROS-2-Learn-by-Doing-Plan-Navigation/Section9_Build_the_Robot/bumperbot_ws/src/bumperbot_utils) by extension 'colcon_meta'
[0.730s] Level 1:colcon.colcon_core.package_identification:_identify(src/Self-Driving-and-ROS-2-Learn-by-Doing-Plan-Navigation/Section9_Build_the_Robot/bumperbot_ws/src/bumperbot_utils) by extensions ['ros']
[0.730s] Level 1:colcon.colcon_core.package_identification:_identify(src/Self-Driving-and-ROS-2-Learn-by-Doing-Plan-Navigation/Section9_Build_the_Robot/bumperbot_ws/src/bumperbot_utils) by extension 'ros'
[0.730s] DEBUG:colcon.colcon_core.package_identification:Package 'src/Self-Driving-and-ROS-2-Learn-by-Doing-Plan-Navigation/Section9_Build_the_Robot/bumperbot_ws/src/bumperbot_utils' with type 'ros.ament_cmake' and name 'bumperbot_utils'
[0.731s] Level 1:colcon.colcon_core.package_identification:_identify(src/Self-Driving-and-ROS-2-Learn-by-Doing-Plan-Navigation/images) by extensions ['ignore', 'ignore_ament_install']
[0.735s] Level 1:colcon.colcon_core.package_identification:_identify(src/Self-Driving-and-ROS-2-Learn-by-Doing-Plan-Navigation/images) by extension 'ignore'
[0.735s] Level 1:colcon.colcon_core.package_identification:_identify(src/Self-Driving-and-ROS-2-Learn-by-Doing-Plan-Navigation/images) by extension 'ignore_ament_install'
[0.735s] Level 1:colcon.colcon_core.package_identification:_identify(src/Self-Driving-and-ROS-2-Learn-by-Doing-Plan-Navigation/images) by extensions ['colcon_pkg']
[0.735s] Level 1:colcon.colcon_core.package_identification:_identify(src/Self-Driving-and-ROS-2-Learn-by-Doing-Plan-Navigation/images) by extension 'colcon_pkg'
[0.735s] Level 1:colcon.colcon_core.package_identification:_identify(src/Self-Driving-and-ROS-2-Learn-by-Doing-Plan-Navigation/images) by extensions ['colcon_meta']
[0.735s] Level 1:colcon.colcon_core.package_identification:_identify(src/Self-Driving-and-ROS-2-Learn-by-Doing-Plan-Navigation/images) by extension 'colcon_meta'
[0.735s] Level 1:colcon.colcon_core.package_identification:_identify(src/Self-Driving-and-ROS-2-Learn-by-Doing-Plan-Navigation/images) by extensions ['ros']
[0.735s] Level 1:colcon.colcon_core.package_identification:_identify(src/Self-Driving-and-ROS-2-Learn-by-Doing-Plan-Navigation/images) by extension 'ros'
[0.735s] Level 1:colcon.colcon_core.package_identification:_identify(src/Self-Driving-and-ROS-2-Learn-by-Doing-Plan-Navigation/images) by extensions ['cmake', 'python']
[0.735s] Level 1:colcon.colcon_core.package_identification:_identify(src/Self-Driving-and-ROS-2-Learn-by-Doing-Plan-Navigation/images) by extension 'cmake'
[0.735s] Level 1:colcon.colcon_core.package_identification:_identify(src/Self-Driving-and-ROS-2-Learn-by-Doing-Plan-Navigation/images) by extension 'python'
[0.736s] Level 1:colcon.colcon_core.package_identification:_identify(src/Self-Driving-and-ROS-2-Learn-by-Doing-Plan-Navigation/images) by extensions ['python_setup_py']
[0.736s] Level 1:colcon.colcon_core.package_identification:_identify(src/Self-Driving-and-ROS-2-Learn-by-Doing-Plan-Navigation/images) by extension 'python_setup_py'
[0.736s] Level 1:colcon.colcon_core.package_identification:_identify(src/bumperbot_bringup) by extensions ['ignore', 'ignore_ament_install']
[0.736s] Level 1:colcon.colcon_core.package_identification:_identify(src/bumperbot_bringup) by extension 'ignore'
[0.736s] Level 1:colcon.colcon_core.package_identification:_identify(src/bumperbot_bringup) by extension 'ignore_ament_install'
[0.736s] Level 1:colcon.colcon_core.package_identification:_identify(src/bumperbot_bringup) by extensions ['colcon_pkg']
[0.736s] Level 1:colcon.colcon_core.package_identification:_identify(src/bumperbot_bringup) by extension 'colcon_pkg'
[0.736s] Level 1:colcon.colcon_core.package_identification:_identify(src/bumperbot_bringup) by extensions ['colcon_meta']
[0.736s] Level 1:colcon.colcon_core.package_identification:_identify(src/bumperbot_bringup) by extension 'colcon_meta'
[0.736s] Level 1:colcon.colcon_core.package_identification:_identify(src/bumperbot_bringup) by extensions ['ros']
[0.736s] Level 1:colcon.colcon_core.package_identification:_identify(src/bumperbot_bringup) by extension 'ros'
[0.737s] DEBUG:colcon.colcon_core.package_identification:Package 'src/bumperbot_bringup' with type 'ros.ament_cmake' and name 'bumperbot_bringup'
[0.737s] Level 1:colcon.colcon_core.package_identification:_identify(src/bumperbot_controller) by extensions ['ignore', 'ignore_ament_install']
[0.737s] Level 1:colcon.colcon_core.package_identification:_identify(src/bumperbot_controller) by extension 'ignore'
[0.737s] Level 1:colcon.colcon_core.package_identification:_identify(src/bumperbot_controller) by extension 'ignore_ament_install'
[0.737s] Level 1:colcon.colcon_core.package_identification:_identify(src/bumperbot_controller) by extensions ['colcon_pkg']
[0.738s] Level 1:colcon.colcon_core.package_identification:_identify(src/bumperbot_controller) by extension 'colcon_pkg'
[0.738s] Level 1:colcon.colcon_core.package_identification:_identify(src/bumperbot_controller) by extensions ['colcon_meta']
[0.738s] Level 1:colcon.colcon_core.package_identification:_identify(src/bumperbot_controller) by extension 'colcon_meta'
[0.738s] Level 1:colcon.colcon_core.package_identification:_identify(src/bumperbot_controller) by extensions ['ros']
[0.738s] Level 1:colcon.colcon_core.package_identification:_identify(src/bumperbot_controller) by extension 'ros'
[0.741s] DEBUG:colcon.colcon_core.package_identification:Package 'src/bumperbot_controller' with type 'ros.ament_cmake' and name 'bumperbot_controller'
[0.746s] Level 1:colcon.colcon_core.package_identification:_identify(src/bumperbot_cpp_examples) by extensions ['ignore', 'ignore_ament_install']
[0.746s] Level 1:colcon.colcon_core.package_identification:_identify(src/bumperbot_cpp_examples) by extension 'ignore'
[0.746s] Level 1:colcon.colcon_core.package_identification:_identify(src/bumperbot_cpp_examples) by extension 'ignore_ament_install'
[0.746s] Level 1:colcon.colcon_core.package_identification:_identify(src/bumperbot_cpp_examples) by extensions ['colcon_pkg']
[0.746s] Level 1:colcon.colcon_core.package_identification:_identify(src/bumperbot_cpp_examples) by extension 'colcon_pkg'
[0.746s] Level 1:colcon.colcon_core.package_identification:_identify(src/bumperbot_cpp_examples) by extensions ['colcon_meta']
[0.746s] Level 1:colcon.colcon_core.package_identification:_identify(src/bumperbot_cpp_examples) by extension 'colcon_meta'
[0.746s] Level 1:colcon.colcon_core.package_identification:_identify(src/bumperbot_cpp_examples) by extensions ['ros']
[0.746s] Level 1:colcon.colcon_core.package_identification:_identify(src/bumperbot_cpp_examples) by extension 'ros'
[0.747s] DEBUG:colcon.colcon_core.package_identification:Package 'src/bumperbot_cpp_examples' with type 'ros.ament_cmake' and name 'bumperbot_cpp_examples'
[0.747s] Level 1:colcon.colcon_core.package_identification:_identify(src/bumperbot_description) by extensions ['ignore', 'ignore_ament_install']
[0.747s] Level 1:colcon.colcon_core.package_identification:_identify(src/bumperbot_description) by extension 'ignore'
[0.747s] Level 1:colcon.colcon_core.package_identification:_identify(src/bumperbot_description) by extension 'ignore_ament_install'
[0.747s] Level 1:colcon.colcon_core.package_identification:_identify(src/bumperbot_description) by extensions ['colcon_pkg']
[0.747s] Level 1:colcon.colcon_core.package_identification:_identify(src/bumperbot_description) by extension 'colcon_pkg'
[0.747s] Level 1:colcon.colcon_core.package_identification:_identify(src/bumperbot_description) by extensions ['colcon_meta']
[0.747s] Level 1:colcon.colcon_core.package_identification:_identify(src/bumperbot_description) by extension 'colcon_meta'
[0.747s] Level 1:colcon.colcon_core.package_identification:_identify(src/bumperbot_description) by extensions ['ros']
[0.747s] Level 1:colcon.colcon_core.package_identification:_identify(src/bumperbot_description) by extension 'ros'
[0.749s] DEBUG:colcon.colcon_core.package_identification:Package 'src/bumperbot_description' with type 'ros.ament_cmake' and name 'bumperbot_description'
[0.750s] Level 1:colcon.colcon_core.package_identification:_identify(src/bumperbot_firmware) by extensions ['ignore', 'ignore_ament_install']
[0.750s] Level 1:colcon.colcon_core.package_identification:_identify(src/bumperbot_firmware) by extension 'ignore'
[0.750s] Level 1:colcon.colcon_core.package_identification:_identify(src/bumperbot_firmware) by extension 'ignore_ament_install'
[0.750s] Level 1:colcon.colcon_core.package_identification:_identify(src/bumperbot_firmware) by extensions ['colcon_pkg']
[0.750s] Level 1:colcon.colcon_core.package_identification:_identify(src/bumperbot_firmware) by extension 'colcon_pkg'
[0.750s] Level 1:colcon.colcon_core.package_identification:_identify(src/bumperbot_firmware) by extensions ['colcon_meta']
[0.750s] Level 1:colcon.colcon_core.package_identification:_identify(src/bumperbot_firmware) by extension 'colcon_meta'
[0.750s] Level 1:colcon.colcon_core.package_identification:_identify(src/bumperbot_firmware) by extensions ['ros']
[0.750s] Level 1:colcon.colcon_core.package_identification:_identify(src/bumperbot_firmware) by extension 'ros'
[0.751s] DEBUG:colcon.colcon_core.package_identification:Package 'src/bumperbot_firmware' with type 'ros.ament_cmake' and name 'bumperbot_firmware'
[0.752s] Level 1:colcon.colcon_core.package_identification:_identify(src/bumperbot_localization) by extensions ['ignore', 'ignore_ament_install']
[0.752s] Level 1:colcon.colcon_core.package_identification:_identify(src/bumperbot_localization) by extension 'ignore'
[0.752s] Level 1:colcon.colcon_core.package_identification:_identify(src/bumperbot_localization) by extension 'ignore_ament_install'
[0.752s] Level 1:colcon.colcon_core.package_identification:_identify(src/bumperbot_localization) by extensions ['colcon_pkg']
[0.752s] Level 1:colcon.colcon_core.package_identification:_identify(src/bumperbot_localization) by extension 'colcon_pkg'
[0.752s] Level 1:colcon.colcon_core.package_identification:_identify(src/bumperbot_localization) by extensions ['colcon_meta']
[0.752s] Level 1:colcon.colcon_core.package_identification:_identify(src/bumperbot_localization) by extension 'colcon_meta'
[0.752s] Level 1:colcon.colcon_core.package_identification:_identify(src/bumperbot_localization) by extensions ['ros']
[0.752s] Level 1:colcon.colcon_core.package_identification:_identify(src/bumperbot_localization) by extension 'ros'
[0.753s] DEBUG:colcon.colcon_core.package_identification:Package 'src/bumperbot_localization' with type 'ros.ament_cmake' and name 'bumperbot_localization'
[0.753s] Level 1:colcon.colcon_core.package_identification:_identify(src/bumperbot_mapping) by extensions ['ignore', 'ignore_ament_install']
[0.753s] Level 1:colcon.colcon_core.package_identification:_identify(src/bumperbot_mapping) by extension 'ignore'
[0.753s] Level 1:colcon.colcon_core.package_identification:_identify(src/bumperbot_mapping) by extension 'ignore_ament_install'
[0.753s] Level 1:colcon.colcon_core.package_identification:_identify(src/bumperbot_mapping) by extensions ['colcon_pkg']
[0.754s] Level 1:colcon.colcon_core.package_identification:_identify(src/bumperbot_mapping) by extension 'colcon_pkg'
[0.754s] Level 1:colcon.colcon_core.package_identification:_identify(src/bumperbot_mapping) by extensions ['colcon_meta']
[0.754s] Level 1:colcon.colcon_core.package_identification:_identify(src/bumperbot_mapping) by extension 'colcon_meta'
[0.754s] Level 1:colcon.colcon_core.package_identification:_identify(src/bumperbot_mapping) by extensions ['ros']
[0.754s] Level 1:colcon.colcon_core.package_identification:_identify(src/bumperbot_mapping) by extension 'ros'
[0.755s] DEBUG:colcon.colcon_core.package_identification:Package 'src/bumperbot_mapping' with type 'ros.ament_cmake' and name 'bumperbot_mapping'
[0.755s] Level 1:colcon.colcon_core.package_identification:_identify(src/bumperbot_msgs) by extensions ['ignore', 'ignore_ament_install']
[0.755s] Level 1:colcon.colcon_core.package_identification:_identify(src/bumperbot_msgs) by extension 'ignore'
[0.755s] Level 1:colcon.colcon_core.package_identification:_identify(src/bumperbot_msgs) by extension 'ignore_ament_install'
[0.755s] Level 1:colcon.colcon_core.package_identification:_identify(src/bumperbot_msgs) by extensions ['colcon_pkg']
[0.755s] Level 1:colcon.colcon_core.package_identification:_identify(src/bumperbot_msgs) by extension 'colcon_pkg'
[0.755s] Level 1:colcon.colcon_core.package_identification:_identify(src/bumperbot_msgs) by extensions ['colcon_meta']
[0.755s] Level 1:colcon.colcon_core.package_identification:_identify(src/bumperbot_msgs) by extension 'colcon_meta'
[0.755s] Level 1:colcon.colcon_core.package_identification:_identify(src/bumperbot_msgs) by extensions ['ros']
[0.755s] Level 1:colcon.colcon_core.package_identification:_identify(src/bumperbot_msgs) by extension 'ros'
[0.756s] DEBUG:colcon.colcon_core.package_identification:Package 'src/bumperbot_msgs' with type 'ros.ament_cmake' and name 'bumperbot_msgs'
[0.757s] Level 1:colcon.colcon_core.package_identification:_identify(src/bumperbot_py_examples) by extensions ['ignore', 'ignore_ament_install']
[0.757s] Level 1:colcon.colcon_core.package_identification:_identify(src/bumperbot_py_examples) by extension 'ignore'
[0.757s] Level 1:colcon.colcon_core.package_identification:_identify(src/bumperbot_py_examples) by extension 'ignore_ament_install'
[0.757s] Level 1:colcon.colcon_core.package_identification:_identify(src/bumperbot_py_examples) by extensions ['colcon_pkg']
[0.757s] Level 1:colcon.colcon_core.package_identification:_identify(src/bumperbot_py_examples) by extension 'colcon_pkg'
[0.757s] Level 1:colcon.colcon_core.package_identification:_identify(src/bumperbot_py_examples) by extensions ['colcon_meta']
[0.757s] Level 1:colcon.colcon_core.package_identification:_identify(src/bumperbot_py_examples) by extension 'colcon_meta'
[0.757s] Level 1:colcon.colcon_core.package_identification:_identify(src/bumperbot_py_examples) by extensions ['ros']
[0.757s] Level 1:colcon.colcon_core.package_identification:_identify(src/bumperbot_py_examples) by extension 'ros'
[0.758s] DEBUG:colcon.colcon_core.package_identification:Package 'src/bumperbot_py_examples' with type 'ros.ament_python' and name 'bumperbot_py_examples'
[0.759s] Level 1:colcon.colcon_core.package_identification:_identify(src/bumperbot_utils) by extensions ['ignore', 'ignore_ament_install']
[0.759s] Level 1:colcon.colcon_core.package_identification:_identify(src/bumperbot_utils) by extension 'ignore'
[0.759s] Level 1:colcon.colcon_core.package_identification:_identify(src/bumperbot_utils) by extension 'ignore_ament_install'
[0.759s] Level 1:colcon.colcon_core.package_identification:_identify(src/bumperbot_utils) by extensions ['colcon_pkg']
[0.759s] Level 1:colcon.colcon_core.package_identification:_identify(src/bumperbot_utils) by extension 'colcon_pkg'
[0.759s] Level 1:colcon.colcon_core.package_identification:_identify(src/bumperbot_utils) by extensions ['colcon_meta']
[0.759s] Level 1:colcon.colcon_core.package_identification:_identify(src/bumperbot_utils) by extension 'colcon_meta'
[0.759s] Level 1:colcon.colcon_core.package_identification:_identify(src/bumperbot_utils) by extensions ['ros']
[0.759s] Level 1:colcon.colcon_core.package_identification:_identify(src/bumperbot_utils) by extension 'ros'
[0.763s] DEBUG:colcon.colcon_core.package_identification:Package 'src/bumperbot_utils' with type 'ros.ament_cmake' and name 'bumperbot_utils'
[0.763s] Level 1:colcon.colcon_core.package_discovery:discover_packages(recursive) using defaults
[0.764s] Level 1:colcon.colcon_core.package_discovery:discover_packages(ignore) discover
[0.764s] Level 1:colcon.colcon_core.package_discovery:discover_packages(ignore) using defaults
[0.764s] Level 1:colcon.colcon_core.package_discovery:discover_packages(path) discover
[0.764s] Level 1:colcon.colcon_core.package_discovery:discover_packages(path) using defaults
[2.252s] INFO:colcon.colcon_core.package_selection:Skipping not selected package 'bumperbot_controller' in 'src/Self-Driving-and-ROS-2-Learn-by-Doing-Plan-Navigation/Section6_Obstacle_Avoidance/bumperbot_ws/src/bumperbot_controller'
[2.252s] INFO:colcon.colcon_core.package_selection:Skipping not selected package 'bumperbot_controller' in 'src/Self-Driving-and-ROS-2-Learn-by-Doing-Plan-Navigation/Section7_Navigation/bumperbot_ws/src/bumperbot_controller'
[2.252s] INFO:colcon.colcon_core.package_selection:Skipping not selected package 'bumperbot_controller' in 'src/Self-Driving-and-ROS-2-Learn-by-Doing-Plan-Navigation/Section9_Build_the_Robot/bumperbot_ws/src/bumperbot_controller'
[2.252s] INFO:colcon.colcon_core.package_selection:Skipping not selected package 'bumperbot_controller' in 'src/bumperbot_controller'
[2.252s] INFO:colcon.colcon_core.package_selection:Skipping not selected package 'bumperbot_controller' in 'src/Self-Driving-and-ROS-2-Learn-by-Doing-Plan-Navigation/Section8_Decision_Making/bumperbot_ws/src/bumperbot_controller'
[2.252s] INFO:colcon.colcon_core.package_selection:Skipping not selected package 'bumperbot_controller' in 'src/Self-Driving-and-ROS-2-Learn-by-Doing-Plan-Navigation/Section2_Setup/bumperbot_ws/src/bumperbot_controller'
[2.252s] INFO:colcon.colcon_core.package_selection:Skipping not selected package 'bumperbot_controller' in 'src/Self-Driving-and-ROS-2-Learn-by-Doing-Plan-Navigation/Section3_Introduction_to_ROS_2/bumperbot_ws/src/bumperbot_controller'
[2.252s] INFO:colcon.colcon_core.package_selection:Skipping not selected package 'bumperbot_controller' in 'src/Self-Driving-and-ROS-2-Learn-by-Doing-Plan-Navigation/Section4_Path_Planning/bumperbot_ws/src/bumperbot_controller'
[2.252s] INFO:colcon.colcon_core.package_selection:Skipping not selected package 'bumperbot_controller' in 'src/Self-Driving-and-ROS-2-Learn-by-Doing-Plan-Navigation/Section5_Motion_Planning/bumperbot_ws/src/bumperbot_controller'
[2.252s] INFO:colcon.colcon_core.package_selection:Skipping not selected package 'bumperbot_description' in 'src/Self-Driving-and-ROS-2-Learn-by-Doing-Plan-Navigation/Section3_Introduction_to_ROS_2/bumperbot_ws/src/bumperbot_description'
[2.252s] INFO:colcon.colcon_core.package_selection:Skipping not selected package 'bumperbot_description' in 'src/Self-Driving-and-ROS-2-Learn-by-Doing-Plan-Navigation/Section4_Path_Planning/bumperbot_ws/src/bumperbot_description'
[2.252s] INFO:colcon.colcon_core.package_selection:Skipping not selected package 'bumperbot_description' in 'src/Self-Driving-and-ROS-2-Learn-by-Doing-Plan-Navigation/Section5_Motion_Planning/bumperbot_ws/src/bumperbot_description'
[2.252s] INFO:colcon.colcon_core.package_selection:Skipping not selected package 'bumperbot_description' in 'src/Self-Driving-and-ROS-2-Learn-by-Doing-Plan-Navigation/Section7_Navigation/bumperbot_ws/src/bumperbot_description'
[2.252s] INFO:colcon.colcon_core.package_selection:Skipping not selected package 'bumperbot_description' in 'src/Self-Driving-and-ROS-2-Learn-by-Doing-Plan-Navigation/Section8_Decision_Making/bumperbot_ws/src/bumperbot_description'
[2.252s] INFO:colcon.colcon_core.package_selection:Skipping not selected package 'bumperbot_description' in 'src/Self-Driving-and-ROS-2-Learn-by-Doing-Plan-Navigation/Section2_Setup/bumperbot_ws/src/bumperbot_description'
[2.252s] INFO:colcon.colcon_core.package_selection:Skipping not selected package 'bumperbot_description' in 'src/Self-Driving-and-ROS-2-Learn-by-Doing-Plan-Navigation/Section6_Obstacle_Avoidance/bumperbot_ws/src/bumperbot_description'
[2.252s] INFO:colcon.colcon_core.package_selection:Skipping not selected package 'bumperbot_description' in 'src/Self-Driving-and-ROS-2-Learn-by-Doing-Plan-Navigation/Section9_Build_the_Robot/bumperbot_ws/src/bumperbot_description'
[2.252s] INFO:colcon.colcon_core.package_selection:Skipping not selected package 'bumperbot_description' in 'src/bumperbot_description'
[2.252s] INFO:colcon.colcon_core.package_selection:Skipping not selected package 'bumperbot_firmware' in 'src/Self-Driving-and-ROS-2-Learn-by-Doing-Plan-Navigation/Section8_Decision_Making/bumperbot_ws/src/bumperbot_firmware'
[2.252s] INFO:colcon.colcon_core.package_selection:Skipping not selected package 'bumperbot_firmware' in 'src/Self-Driving-and-ROS-2-Learn-by-Doing-Plan-Navigation/Section9_Build_the_Robot/bumperbot_ws/src/bumperbot_firmware'
[2.252s] INFO:colcon.colcon_core.package_selection:Skipping not selected package 'bumperbot_firmware' in 'src/Self-Driving-and-ROS-2-Learn-by-Doing-Plan-Navigation/Section5_Motion_Planning/bumperbot_ws/src/bumperbot_firmware'
[2.252s] INFO:colcon.colcon_core.package_selection:Skipping not selected package 'bumperbot_firmware' in 'src/Self-Driving-and-ROS-2-Learn-by-Doing-Plan-Navigation/Section6_Obstacle_Avoidance/bumperbot_ws/src/bumperbot_firmware'
[2.252s] INFO:colcon.colcon_core.package_selection:Skipping not selected package 'bumperbot_firmware' in 'src/Self-Driving-and-ROS-2-Learn-by-Doing-Plan-Navigation/Section2_Setup/bumperbot_ws/src/bumperbot_firmware'
[2.252s] INFO:colcon.colcon_core.package_selection:Skipping not selected package 'bumperbot_firmware' in 'src/Self-Driving-and-ROS-2-Learn-by-Doing-Plan-Navigation/Section3_Introduction_to_ROS_2/bumperbot_ws/src/bumperbot_firmware'
[2.252s] INFO:colcon.colcon_core.package_selection:Skipping not selected package 'bumperbot_firmware' in 'src/Self-Driving-and-ROS-2-Learn-by-Doing-Plan-Navigation/Section4_Path_Planning/bumperbot_ws/src/bumperbot_firmware'
[2.252s] INFO:colcon.colcon_core.package_selection:Skipping not selected package 'bumperbot_firmware' in 'src/Self-Driving-and-ROS-2-Learn-by-Doing-Plan-Navigation/Section7_Navigation/bumperbot_ws/src/bumperbot_firmware'
[2.252s] INFO:colcon.colcon_core.package_selection:Skipping not selected package 'bumperbot_firmware' in 'src/bumperbot_firmware'
[2.252s] INFO:colcon.colcon_core.package_selection:Skipping not selected package 'bumperbot_localization' in 'src/Self-Driving-and-ROS-2-Learn-by-Doing-Plan-Navigation/Section2_Setup/bumperbot_ws/src/bumperbot_localization'
[2.252s] INFO:colcon.colcon_core.package_selection:Skipping not selected package 'bumperbot_localization' in 'src/Self-Driving-and-ROS-2-Learn-by-Doing-Plan-Navigation/Section3_Introduction_to_ROS_2/bumperbot_ws/src/bumperbot_localization'
[2.252s] INFO:colcon.colcon_core.package_selection:Skipping not selected package 'bumperbot_localization' in 'src/Self-Driving-and-ROS-2-Learn-by-Doing-Plan-Navigation/Section4_Path_Planning/bumperbot_ws/src/bumperbot_localization'
[2.252s] INFO:colcon.colcon_core.package_selection:Skipping not selected package 'bumperbot_localization' in 'src/Self-Driving-and-ROS-2-Learn-by-Doing-Plan-Navigation/Section5_Motion_Planning/bumperbot_ws/src/bumperbot_localization'
[2.252s] INFO:colcon.colcon_core.package_selection:Skipping not selected package 'bumperbot_localization' in 'src/Self-Driving-and-ROS-2-Learn-by-Doing-Plan-Navigation/Section6_Obstacle_Avoidance/bumperbot_ws/src/bumperbot_localization'
[2.252s] INFO:colcon.colcon_core.package_selection:Skipping not selected package 'bumperbot_localization' in 'src/Self-Driving-and-ROS-2-Learn-by-Doing-Plan-Navigation/Section7_Navigation/bumperbot_ws/src/bumperbot_localization'
[2.252s] INFO:colcon.colcon_core.package_selection:Skipping not selected package 'bumperbot_localization' in 'src/Self-Driving-and-ROS-2-Learn-by-Doing-Plan-Navigation/Section8_Decision_Making/bumperbot_ws/src/bumperbot_localization'
[2.252s] INFO:colcon.colcon_core.package_selection:Skipping not selected package 'bumperbot_localization' in 'src/Self-Driving-and-ROS-2-Learn-by-Doing-Plan-Navigation/Section9_Build_the_Robot/bumperbot_ws/src/bumperbot_localization'
[2.252s] INFO:colcon.colcon_core.package_selection:Skipping not selected package 'bumperbot_localization' in 'src/bumperbot_localization'
[2.252s] INFO:colcon.colcon_core.package_selection:Skipping not selected package 'bumperbot_mapping' in 'src/Self-Driving-and-ROS-2-Learn-by-Doing-Plan-Navigation/Section2_Setup/bumperbot_ws/src/bumperbot_mapping'
[2.252s] INFO:colcon.colcon_core.package_selection:Skipping not selected package 'bumperbot_mapping' in 'src/Self-Driving-and-ROS-2-Learn-by-Doing-Plan-Navigation/Section3_Introduction_to_ROS_2/bumperbot_ws/src/bumperbot_mapping'
[2.252s] INFO:colcon.colcon_core.package_selection:Skipping not selected package 'bumperbot_mapping' in 'src/Self-Driving-and-ROS-2-Learn-by-Doing-Plan-Navigation/Section4_Path_Planning/bumperbot_ws/src/bumperbot_mapping'
[2.252s] INFO:colcon.colcon_core.package_selection:Skipping not selected package 'bumperbot_mapping' in 'src/Self-Driving-and-ROS-2-Learn-by-Doing-Plan-Navigation/Section5_Motion_Planning/bumperbot_ws/src/bumperbot_mapping'
[2.252s] INFO:colcon.colcon_core.package_selection:Skipping not selected package 'bumperbot_mapping' in 'src/Self-Driving-and-ROS-2-Learn-by-Doing-Plan-Navigation/Section6_Obstacle_Avoidance/bumperbot_ws/src/bumperbot_mapping'
[2.252s] INFO:colcon.colcon_core.package_selection:Skipping not selected package 'bumperbot_mapping' in 'src/Self-Driving-and-ROS-2-Learn-by-Doing-Plan-Navigation/Section7_Navigation/bumperbot_ws/src/bumperbot_mapping'
[2.252s] INFO:colcon.colcon_core.package_selection:Skipping not selected package 'bumperbot_mapping' in 'src/Self-Driving-and-ROS-2-Learn-by-Doing-Plan-Navigation/Section8_Decision_Making/bumperbot_ws/src/bumperbot_mapping'
[2.252s] INFO:colcon.colcon_core.package_selection:Skipping not selected package 'bumperbot_mapping' in 'src/Self-Driving-and-ROS-2-Learn-by-Doing-Plan-Navigation/Section9_Build_the_Robot/bumperbot_ws/src/bumperbot_mapping'
[2.252s] INFO:colcon.colcon_core.package_selection:Skipping not selected package 'bumperbot_mapping' in 'src/bumperbot_mapping'
[2.252s] INFO:colcon.colcon_core.package_selection:Skipping not selected package 'bumperbot_motion' in 'src/Self-Driving-and-ROS-2-Learn-by-Doing-Plan-Navigation/Section5_Motion_Planning/bumperbot_ws/src/bumperbot_motion'
[2.252s] INFO:colcon.colcon_core.package_selection:Skipping not selected package 'bumperbot_motion' in 'src/Self-Driving-and-ROS-2-Learn-by-Doing-Plan-Navigation/Section6_Obstacle_Avoidance/bumperbot_ws/src/bumperbot_motion'
[2.252s] INFO:colcon.colcon_core.package_selection:Skipping not selected package 'bumperbot_motion' in 'src/Self-Driving-and-ROS-2-Learn-by-Doing-Plan-Navigation/Section7_Navigation/bumperbot_ws/src/bumperbot_motion'
[2.252s] INFO:colcon.colcon_core.package_selection:Skipping not selected package 'bumperbot_motion' in 'src/Self-Driving-and-ROS-2-Learn-by-Doing-Plan-Navigation/Section8_Decision_Making/bumperbot_ws/src/bumperbot_motion'
[2.252s] INFO:colcon.colcon_core.package_selection:Skipping not selected package 'bumperbot_motion' in 'src/Self-Driving-and-ROS-2-Learn-by-Doing-Plan-Navigation/Section9_Build_the_Robot/bumperbot_ws/src/bumperbot_motion'
[2.252s] INFO:colcon.colcon_core.package_selection:Skipping not selected package 'bumperbot_msgs' in 'src/Self-Driving-and-ROS-2-Learn-by-Doing-Plan-Navigation/Section2_Setup/bumperbot_ws/src/bumperbot_msgs'
[2.252s] INFO:colcon.colcon_core.package_selection:Skipping not selected package 'bumperbot_msgs' in 'src/Self-Driving-and-ROS-2-Learn-by-Doing-Plan-Navigation/Section3_Introduction_to_ROS_2/bumperbot_ws/src/bumperbot_msgs'
[2.252s] INFO:colcon.colcon_core.package_selection:Skipping not selected package 'bumperbot_msgs' in 'src/Self-Driving-and-ROS-2-Learn-by-Doing-Plan-Navigation/Section4_Path_Planning/bumperbot_ws/src/bumperbot_msgs'
[2.252s] INFO:colcon.colcon_core.package_selection:Skipping not selected package 'bumperbot_msgs' in 'src/Self-Driving-and-ROS-2-Learn-by-Doing-Plan-Navigation/Section5_Motion_Planning/bumperbot_ws/src/bumperbot_msgs'
[2.252s] INFO:colcon.colcon_core.package_selection:Skipping not selected package 'bumperbot_msgs' in 'src/Self-Driving-and-ROS-2-Learn-by-Doing-Plan-Navigation/Section6_Obstacle_Avoidance/bumperbot_ws/src/bumperbot_msgs'
[2.252s] INFO:colcon.colcon_core.package_selection:Skipping not selected package 'bumperbot_msgs' in 'src/Self-Driving-and-ROS-2-Learn-by-Doing-Plan-Navigation/Section7_Navigation/bumperbot_ws/src/bumperbot_msgs'
[2.253s] INFO:colcon.colcon_core.package_selection:Skipping not selected package 'bumperbot_msgs' in 'src/Self-Driving-and-ROS-2-Learn-by-Doing-Plan-Navigation/Section8_Decision_Making/bumperbot_ws/src/bumperbot_msgs'
[2.253s] INFO:colcon.colcon_core.package_selection:Skipping not selected package 'bumperbot_msgs' in 'src/Self-Driving-and-ROS-2-Learn-by-Doing-Plan-Navigation/Section9_Build_the_Robot/bumperbot_ws/src/bumperbot_msgs'
[2.253s] INFO:colcon.colcon_core.package_selection:Skipping not selected package 'bumperbot_msgs' in 'src/bumperbot_msgs'
[2.253s] INFO:colcon.colcon_core.package_selection:Skipping not selected package 'bumperbot_planning' in 'src/Self-Driving-and-ROS-2-Learn-by-Doing-Plan-Navigation/Section4_Path_Planning/bumperbot_ws/src/bumperbot_planning'
[2.253s] INFO:colcon.colcon_core.package_selection:Skipping not selected package 'bumperbot_planning' in 'src/Self-Driving-and-ROS-2-Learn-by-Doing-Plan-Navigation/Section5_Motion_Planning/bumperbot_ws/src/bumperbot_planning'
[2.253s] INFO:colcon.colcon_core.package_selection:Skipping not selected package 'bumperbot_planning' in 'src/Self-Driving-and-ROS-2-Learn-by-Doing-Plan-Navigation/Section6_Obstacle_Avoidance/bumperbot_ws/src/bumperbot_planning'
[2.253s] INFO:colcon.colcon_core.package_selection:Skipping not selected package 'bumperbot_planning' in 'src/Self-Driving-and-ROS-2-Learn-by-Doing-Plan-Navigation/Section7_Navigation/bumperbot_ws/src/bumperbot_planning'
[2.253s] INFO:colcon.colcon_core.package_selection:Skipping not selected package 'bumperbot_planning' in 'src/Self-Driving-and-ROS-2-Learn-by-Doing-Plan-Navigation/Section8_Decision_Making/bumperbot_ws/src/bumperbot_planning'
[2.253s] INFO:colcon.colcon_core.package_selection:Skipping not selected package 'bumperbot_planning' in 'src/Self-Driving-and-ROS-2-Learn-by-Doing-Plan-Navigation/Section9_Build_the_Robot/bumperbot_ws/src/bumperbot_planning'
[2.253s] INFO:colcon.colcon_core.package_selection:Skipping not selected package 'bumperbot_utils' in 'src/Self-Driving-and-ROS-2-Learn-by-Doing-Plan-Navigation/Section7_Navigation/bumperbot_ws/src/bumperbot_utils'
[2.253s] INFO:colcon.colcon_core.package_selection:Skipping not selected package 'bumperbot_utils' in 'src/Self-Driving-and-ROS-2-Learn-by-Doing-Plan-Navigation/Section2_Setup/bumperbot_ws/src/bumperbot_utils'
[2.253s] INFO:colcon.colcon_core.package_selection:Skipping not selected package 'bumperbot_utils' in 'src/Self-Driving-and-ROS-2-Learn-by-Doing-Plan-Navigation/Section3_Introduction_to_ROS_2/bumperbot_ws/src/bumperbot_utils'
[2.253s] INFO:colcon.colcon_core.package_selection:Skipping not selected package 'bumperbot_utils' in 'src/Self-Driving-and-ROS-2-Learn-by-Doing-Plan-Navigation/Section4_Path_Planning/bumperbot_ws/src/bumperbot_utils'
[2.253s] INFO:colcon.colcon_core.package_selection:Skipping not selected package 'bumperbot_utils' in 'src/Self-Driving-and-ROS-2-Learn-by-Doing-Plan-Navigation/Section5_Motion_Planning/bumperbot_ws/src/bumperbot_utils'
[2.253s] INFO:colcon.colcon_core.package_selection:Skipping not selected package 'bumperbot_utils' in 'src/Self-Driving-and-ROS-2-Learn-by-Doing-Plan-Navigation/Section6_Obstacle_Avoidance/bumperbot_ws/src/bumperbot_utils'
[2.253s] INFO:colcon.colcon_core.package_selection:Skipping not selected package 'bumperbot_utils' in 'src/Self-Driving-and-ROS-2-Learn-by-Doing-Plan-Navigation/Section8_Decision_Making/bumperbot_ws/src/bumperbot_utils'
[2.253s] INFO:colcon.colcon_core.package_selection:Skipping not selected package 'bumperbot_utils' in 'src/Self-Driving-and-ROS-2-Learn-by-Doing-Plan-Navigation/Section9_Build_the_Robot/bumperbot_ws/src/bumperbot_utils'
[2.253s] INFO:colcon.colcon_core.package_selection:Skipping not selected package 'bumperbot_utils' in 'src/bumperbot_utils'
[2.253s] INFO:colcon.colcon_core.package_selection:Skipping not selected package 'bumperbot_bringup' in 'src/Self-Driving-and-ROS-2-Learn-by-Doing-Plan-Navigation/Section2_Setup/bumperbot_ws/src/bumperbot_bringup'
[2.253s] INFO:colcon.colcon_core.package_selection:Skipping not selected package 'bumperbot_bringup' in 'src/Self-Driving-and-ROS-2-Learn-by-Doing-Plan-Navigation/Section3_Introduction_to_ROS_2/bumperbot_ws/src/bumperbot_bringup'
[2.253s] INFO:colcon.colcon_core.package_selection:Skipping not selected package 'bumperbot_bringup' in 'src/Self-Driving-and-ROS-2-Learn-by-Doing-Plan-Navigation/Section4_Path_Planning/bumperbot_ws/src/bumperbot_bringup'
[2.253s] INFO:colcon.colcon_core.package_selection:Skipping not selected package 'bumperbot_bringup' in 'src/Self-Driving-and-ROS-2-Learn-by-Doing-Plan-Navigation/Section5_Motion_Planning/bumperbot_ws/src/bumperbot_bringup'
[2.253s] INFO:colcon.colcon_core.package_selection:Skipping not selected package 'bumperbot_bringup' in 'src/Self-Driving-and-ROS-2-Learn-by-Doing-Plan-Navigation/Section6_Obstacle_Avoidance/bumperbot_ws/src/bumperbot_bringup'
[2.253s] INFO:colcon.colcon_core.package_selection:Skipping not selected package 'bumperbot_bringup' in 'src/Self-Driving-and-ROS-2-Learn-by-Doing-Plan-Navigation/Section8_Decision_Making/bumperbot_ws/src/bumperbot_bringup'
[2.253s] INFO:colcon.colcon_core.package_selection:Skipping not selected package 'bumperbot_bringup' in 'src/Self-Driving-and-ROS-2-Learn-by-Doing-Plan-Navigation/Section7_Navigation/bumperbot_ws/src/bumperbot_bringup'
[2.253s] INFO:colcon.colcon_core.package_selection:Skipping not selected package 'bumperbot_bringup' in 'src/Self-Driving-and-ROS-2-Learn-by-Doing-Plan-Navigation/Section9_Build_the_Robot/bumperbot_ws/src/bumperbot_bringup'
[2.253s] INFO:colcon.colcon_core.package_selection:Skipping not selected package 'bumperbot_bringup' in 'src/bumperbot_bringup'
[2.253s] INFO:colcon.colcon_core.package_selection:Skipping not selected package 'bumperbot_navigation' in 'src/Self-Driving-and-ROS-2-Learn-by-Doing-Plan-Navigation/Section6_Obstacle_Avoidance/bumperbot_ws/src/bumperbot_navigation'
[2.253s] INFO:colcon.colcon_core.package_selection:Skipping not selected package 'bumperbot_navigation' in 'src/Self-Driving-and-ROS-2-Learn-by-Doing-Plan-Navigation/Section7_Navigation/bumperbot_ws/src/bumperbot_navigation'
[2.253s] INFO:colcon.colcon_core.package_selection:Skipping not selected package 'bumperbot_navigation' in 'src/Self-Driving-and-ROS-2-Learn-by-Doing-Plan-Navigation/Section8_Decision_Making/bumperbot_ws/src/bumperbot_navigation'
[2.253s] INFO:colcon.colcon_core.package_selection:Skipping not selected package 'bumperbot_navigation' in 'src/Self-Driving-and-ROS-2-Learn-by-Doing-Plan-Navigation/Section9_Build_the_Robot/bumperbot_ws/src/bumperbot_navigation'
[2.253s] INFO:colcon.colcon_core.package_selection:Skipping not selected package 'bumperbot_py_examples' in 'src/Self-Driving-and-ROS-2-Learn-by-Doing-Plan-Navigation/Section8_Decision_Making/bumperbot_ws/src/bumperbot_py_examples'
[2.253s] INFO:colcon.colcon_core.package_selection:Skipping not selected package 'bumperbot_py_examples' in 'src/Self-Driving-and-ROS-2-Learn-by-Doing-Plan-Navigation/Section9_Build_the_Robot/bumperbot_ws/src/bumperbot_py_examples'
[2.253s] INFO:colcon.colcon_core.package_selection:Skipping not selected package 'bumperbot_py_examples' in 'src/bumperbot_py_examples'
[2.253s] INFO:colcon.colcon_core.package_selection:Skipping not selected package 'bumperbot_py_examples' in 'src/Self-Driving-and-ROS-2-Learn-by-Doing-Plan-Navigation/Section2_Setup/bumperbot_ws/src/bumperbot_py_examples'
[2.253s] INFO:colcon.colcon_core.package_selection:Skipping not selected package 'bumperbot_py_examples' in 'src/Self-Driving-and-ROS-2-Learn-by-Doing-Plan-Navigation/Section3_Introduction_to_ROS_2/bumperbot_ws/src/bumperbot_py_examples'
[2.253s] INFO:colcon.colcon_core.package_selection:Skipping not selected package 'bumperbot_py_examples' in 'src/Self-Driving-and-ROS-2-Learn-by-Doing-Plan-Navigation/Section4_Path_Planning/bumperbot_ws/src/bumperbot_py_examples'
[2.253s] INFO:colcon.colcon_core.package_selection:Skipping not selected package 'bumperbot_py_examples' in 'src/Self-Driving-and-ROS-2-Learn-by-Doing-Plan-Navigation/Section5_Motion_Planning/bumperbot_ws/src/bumperbot_py_examples'
[2.253s] INFO:colcon.colcon_core.package_selection:Skipping not selected package 'bumperbot_py_examples' in 'src/Self-Driving-and-ROS-2-Learn-by-Doing-Plan-Navigation/Section6_Obstacle_Avoidance/bumperbot_ws/src/bumperbot_py_examples'
[2.253s] INFO:colcon.colcon_core.package_selection:Skipping not selected package 'bumperbot_py_examples' in 'src/Self-Driving-and-ROS-2-Learn-by-Doing-Plan-Navigation/Section7_Navigation/bumperbot_ws/src/bumperbot_py_examples'
[2.255s] Level 1:colcon.colcon_core.package_discovery:discover_packages(prefix_path) check parameters
[2.255s] Level 1:colcon.colcon_core.package_discovery:discover_packages(prefix_path) discover
[2.264s] DEBUG:colcon.colcon_installed_package_information.package_discovery:Found 382 installed packages in /opt/ros/jazzy
[2.264s] Level 1:colcon.colcon_core.package_discovery:discover_packages(prefix_path) using defaults
[2.302s] ERROR:colcon:colcon build: Duplicate package names not supported:
- bumperbot_cpp_examples:
  - src/Self-Driving-and-ROS-2-Learn-by-Doing-Plan-Navigation/Section2_Setup/bumperbot_ws/src/bumperbot_cpp_examples
  - src/Self-Driving-and-ROS-2-Learn-by-Doing-Plan-Navigation/Section3_Introduction_to_ROS_2/bumperbot_ws/src/bumperbot_cpp_examples
  - src/Self-Driving-and-ROS-2-Learn-by-Doing-Plan-Navigation/Section4_Path_Planning/bumperbot_ws/src/bumperbot_cpp_examples
  - src/Self-Driving-and-ROS-2-Learn-by-Doing-Plan-Navigation/Section5_Motion_Planning/bumperbot_ws/src/bumperbot_cpp_examples
  - src/Self-Driving-and-ROS-2-Learn-by-Doing-Plan-Navigation/Section6_Obstacle_Avoidance/bumperbot_ws/src/bumperbot_cpp_examples
  - src/Self-Driving-and-ROS-2-Learn-by-Doing-Plan-Navigation/Section7_Navigation/bumperbot_ws/src/bumperbot_cpp_examples
  - src/Self-Driving-and-ROS-2-Learn-by-Doing-Plan-Navigation/Section8_Decision_Making/bumperbot_ws/src/bumperbot_cpp_examples
  - src/Self-Driving-and-ROS-2-Learn-by-Doing-Plan-Navigation/Section9_Build_the_Robot/bumperbot_ws/src/bumperbot_cpp_examples
  - src/bumperbot_cpp_examples
