[0.000000] (-) TimerEvent: {}
[0.000094] (bumperbot_controller) JobQueued: {'identifier': 'bumperbot_controller', 'dependencies': OrderedDict()}
[0.000113] (bumperbot_description) JobQueued: {'identifier': 'bumperbot_description', 'dependencies': OrderedDict()}
[0.000122] (bumperbot_firmware) JobQueued: {'identifier': 'bumperbot_firmware', 'dependencies': OrderedDict()}
[0.000130] (bumperbot_localization) JobQueued: {'identifier': 'bumperbot_localization', 'dependencies': OrderedDict()}
[0.000136] (bumperbot_mapping) JobQueued: {'identifier': 'bumperbot_mapping', 'dependencies': OrderedDict()}
[0.000141] (bumperbot_msgs) JobQueued: {'identifier': 'bumperbot_msgs', 'dependencies': OrderedDict()}
[0.000147] (bumperbot_utils) JobQueued: {'identifier': 'bumperbot_utils', 'dependencies': OrderedDict()}
[0.000152] (bumperbot_bringup) JobQueued: {'identifier': 'bumperbot_bringup', 'dependencies': OrderedDict({'bumperbot_controller': '/home/vboxuser/bumperbot_ws/install/bumperbot_controller', 'bumperbot_description': '/home/vboxuser/bumperbot_ws/install/bumperbot_description', 'bumperbot_firmware': '/home/vboxuser/bumperbot_ws/install/bumperbot_firmware', 'bumperbot_localization': '/home/vboxuser/bumperbot_ws/install/bumperbot_localization', 'bumperbot_mapping': '/home/vboxuser/bumperbot_ws/install/bumperbot_mapping'})}
[0.000165] (bumperbot_cpp_examples) JobQueued: {'identifier': 'bumperbot_cpp_examples', 'dependencies': OrderedDict({'bumperbot_msgs': '/home/vboxuser/bumperbot_ws/install/bumperbot_msgs'})}
[0.000188] (bumperbot_py_examples) JobQueued: {'identifier': 'bumperbot_py_examples', 'dependencies': OrderedDict({'bumperbot_msgs': '/home/vboxuser/bumperbot_ws/install/bumperbot_msgs'})}
[0.000200] (bumperbot_msgs) JobStarted: {'identifier': 'bumperbot_msgs'}
[0.022020] (bumperbot_msgs) JobProgress: {'identifier': 'bumperbot_msgs', 'progress': 'cmake'}
[0.022298] (bumperbot_msgs) Command: {'cmd': ['/usr/bin/cmake', '/home/vboxuser/bumperbot_ws/src/bumperbot_msgs', '-DCMAKE_INSTALL_PREFIX=/home/vboxuser/bumperbot_ws/install/bumperbot_msgs'], 'cwd': '/home/vboxuser/bumperbot_ws/build/bumperbot_msgs', 'env': OrderedDict({'GJS_DEBUG_TOPICS': 'JS ERROR;JS LOG', 'XDG_ACTIVATION_TOKEN': 'gnome-shell/Terminator/2065-1-Robotproj_TIME198317', 'LESSOPEN': '| /usr/bin/lesspipe %s', 'USER': 'vboxuser', 'GZ_CONFIG_PATH': '/opt/ros/jazzy/opt/gz_sim_vendor/share/gz:/opt/ros/jazzy/opt/sdformat_vendor/share/gz:/opt/ros/jazzy/opt/gz_gui_vendor/share/gz:/opt/ros/jazzy/opt/gz_transport_vendor/share/gz:/opt/ros/jazzy/opt/gz_rendering_vendor/share/gz:/opt/ros/jazzy/opt/gz_plugin_vendor/share/gz:/opt/ros/jazzy/opt/gz_fuel_tools_vendor/share/gz:/opt/ros/jazzy/opt/gz_msgs_vendor/share/gz:/opt/ros/jazzy/opt/gz_common_vendor/share/gz', 'XDG_SESSION_TYPE': 'wayland', 'CLUTTER_DISABLE_MIPMAPPED_TEXT': '1', 'SHLVL': '1', 'LD_LIBRARY_PATH': '/opt/ros/jazzy/opt/gz_sim_vendor/lib:/opt/ros/jazzy/opt/gz_sensors_vendor/lib:/opt/ros/jazzy/opt/gz_physics_vendor/lib:/opt/ros/jazzy/opt/sdformat_vendor/lib:/opt/ros/jazzy/opt/rviz_ogre_vendor/lib:/opt/ros/jazzy/lib/x86_64-linux-gnu:/opt/ros/jazzy/opt/gz_gui_vendor/lib:/opt/ros/jazzy/opt/gz_transport_vendor/lib:/opt/ros/jazzy/opt/gz_rendering_vendor/lib:/opt/ros/jazzy/opt/gz_plugin_vendor/lib:/opt/ros/jazzy/opt/gz_fuel_tools_vendor/lib:/opt/ros/jazzy/opt/gz_msgs_vendor/lib:/opt/ros/jazzy/opt/gz_common_vendor/lib:/opt/ros/jazzy/opt/gz_math_vendor/lib:/opt/ros/jazzy/opt/gz_utils_vendor/lib:/opt/ros/jazzy/opt/gz_tools_vendor/lib:/opt/ros/jazzy/opt/gz_ogre_next_vendor/lib:/opt/ros/jazzy/opt/gz_dartsim_vendor/lib:/opt/ros/jazzy/opt/gz_cmake_vendor/lib:/opt/ros/jazzy/lib', 'HOME': '/home/vboxuser', 'OLDPWD': '/home/vboxuser', 'DESKTOP_SESSION': 'ubuntu', 'GIO_LAUNCHED_DESKTOP_FILE': '/usr/share/applications/terminator.desktop', 'ROS_PYTHON_VERSION': '3', 'GNOME_SHELL_SESSION_MODE': 'ubuntu', 'GTK_MODULES': 'gail:atk-bridge', 'MANAGERPID': '1821', 'SYSTEMD_EXEC_PID': '2065', 'GSM_SKIP_SSH_AGENT_WORKAROUND': 'true', 'DBUS_SESSION_BUS_ADDRESS': 'unix:path=/run/user/1000/bus', 'COLORTERM': 'truecolor', 'TERMINATOR_DBUS_NAME': 'net.tenshu.Terminator25ef4b219e3b005583550f2b0f9f990c3', 'GIO_LAUNCHED_DESKTOP_FILE_PID': '2992', 'DEBUGINFOD_URLS': 'https://debuginfod.ubuntu.com', 'IM_CONFIG_PHASE': '1', 'WAYLAND_DISPLAY': 'wayland-0', 'ROS_DISTRO': 'jazzy', 'LOGNAME': 'vboxuser', 'JOURNAL_STREAM': '9:15131', '_': '/usr/bin/colcon', 'ROS_VERSION': '2', 'MEMORY_PRESSURE_WATCH': '/sys/fs/cgroup/user.slice/user-1000.slice/user@1000.service/session.slice/org.gnome.Shell@wayland.service/memory.pressure', 'XDG_SESSION_CLASS': 'user', 'USERNAME': 'vboxuser', 'TERM': 'xterm-256color', 'GNOME_DESKTOP_SESSION_ID': 'this-is-deprecated', 'PATH': '/opt/ros/jazzy/opt/gz_msgs_vendor/bin:/opt/ros/jazzy/opt/gz_tools_vendor/bin:/opt/ros/jazzy/opt/gz_ogre_next_vendor/bin:/opt/ros/jazzy/bin:/home/vboxuser/.local/bin:/usr/local/sbin:/usr/local/bin:/usr/sbin:/usr/bin:/sbin:/bin:/usr/games:/usr/local/games:/snap/bin:/snap/bin', 'SESSION_MANAGER': 'local/Robotproj:@/tmp/.ICE-unix/2021,unix/Robotproj:/tmp/.ICE-unix/2021', 'INVOCATION_ID': '0a4448d9e3fa415eb657cec0bbe459f4', 'XDG_MENU_PREFIX': 'gnome-', 'GNOME_SETUP_DISPLAY': ':1', 'XDG_RUNTIME_DIR': '/run/user/1000', 'DISPLAY': ':0', 'TERMINATOR_DBUS_PATH': '/net/tenshu/Terminator2', 'LANG': 'en_US.UTF-8', 'XDG_CURRENT_DESKTOP': 'ubuntu:GNOME', 'XMODIFIERS': '@im=ibus', 'XDG_SESSION_DESKTOP': 'ubuntu', 'XAUTHORITY': '/run/user/1000/.mutter-Xwaylandauth.N2SBM3', 'LS_COLORS': 'rs=0:di=01;34:ln=01;36:mh=00:pi=40;33:so=01;35:do=01;35:bd=40;33;01:cd=40;33;01:or=40;31;01:mi=00:su=37;41:sg=30;43:ca=00:tw=30;42:ow=34;42:st=37;44:ex=01;32:*.tar=01;31:*.tgz=01;31:*.arc=01;31:*.arj=01;31:*.taz=01;31:*.lha=01;31:*.lz4=01;31:*.lzh=01;31:*.lzma=01;31:*.tlz=01;31:*.txz=01;31:*.tzo=01;31:*.t7z=01;31:*.zip=01;31:*.z=01;31:*.dz=01;31:*.gz=01;31:*.lrz=01;31:*.lz=01;31:*.lzo=01;31:*.xz=01;31:*.zst=01;31:*.tzst=01;31:*.bz2=01;31:*.bz=01;31:*.tbz=01;31:*.tbz2=01;31:*.tz=01;31:*.deb=01;31:*.rpm=01;31:*.jar=01;31:*.war=01;31:*.ear=01;31:*.sar=01;31:*.rar=01;31:*.alz=01;31:*.ace=01;31:*.zoo=01;31:*.cpio=01;31:*.7z=01;31:*.rz=01;31:*.cab=01;31:*.wim=01;31:*.swm=01;31:*.dwm=01;31:*.esd=01;31:*.avif=01;35:*.jpg=01;35:*.jpeg=01;35:*.mjpg=01;35:*.mjpeg=01;35:*.gif=01;35:*.bmp=01;35:*.pbm=01;35:*.pgm=01;35:*.ppm=01;35:*.tga=01;35:*.xbm=01;35:*.xpm=01;35:*.tif=01;35:*.tiff=01;35:*.png=01;35:*.svg=01;35:*.svgz=01;35:*.mng=01;35:*.pcx=01;35:*.mov=01;35:*.mpg=01;35:*.mpeg=01;35:*.m2v=01;35:*.mkv=01;35:*.webm=01;35:*.webp=01;35:*.ogm=01;35:*.mp4=01;35:*.m4v=01;35:*.mp4v=01;35:*.vob=01;35:*.qt=01;35:*.nuv=01;35:*.wmv=01;35:*.asf=01;35:*.rm=01;35:*.rmvb=01;35:*.flc=01;35:*.avi=01;35:*.fli=01;35:*.flv=01;35:*.gl=01;35:*.dl=01;35:*.xcf=01;35:*.xwd=01;35:*.yuv=01;35:*.cgm=01;35:*.emf=01;35:*.ogv=01;35:*.ogx=01;35:*.aac=00;36:*.au=00;36:*.flac=00;36:*.m4a=00;36:*.mid=00;36:*.midi=00;36:*.mka=00;36:*.mp3=00;36:*.mpc=00;36:*.ogg=00;36:*.ra=00;36:*.wav=00;36:*.oga=00;36:*.opus=00;36:*.spx=00;36:*.xspf=00;36:*~=00;90:*#=00;90:*.bak=00;90:*.crdownload=00;90:*.dpkg-dist=00;90:*.dpkg-new=00;90:*.dpkg-old=00;90:*.dpkg-tmp=00;90:*.old=00;90:*.orig=00;90:*.part=00;90:*.rej=00;90:*.rpmnew=00;90:*.rpmorig=00;90:*.rpmsave=00;90:*.swp=00;90:*.tmp=00;90:*.ucf-dist=00;90:*.ucf-new=00;90:*.ucf-old=00;90:', 'SSH_AUTH_SOCK': '/run/user/1000/keyring/ssh', 'AMENT_PREFIX_PATH': '/opt/ros/jazzy', 'SHELL': '/bin/bash', 'TERMINATOR_UUID': 'urn:uuid:d9c01e1d-4148-4ee8-8389-ff1a6dc9a537', 'QT_ACCESSIBILITY': '1', 'GDMSESSION': 'ubuntu', 'LESSCLOSE': '/usr/bin/lesspipe %s %s', 'GJS_DEBUG_OUTPUT': 'stderr', 'ROS_AUTOMATIC_DISCOVERY_RANGE': 'SUBNET', 'QT_IM_MODULE': 'ibus', 'PWD': '/home/vboxuser/bumperbot_ws/build/bumperbot_msgs', 'LC_ALL': 'en_US.UTF-8', 'XDG_CONFIG_DIRS': '/etc/xdg/xdg-ubuntu:/etc/xdg', 'XDG_DATA_DIRS': '/usr/share/ubuntu:/usr/share/gnome:/usr/local/share/:/usr/share/:/var/lib/snapd/desktop', 'PYTHONPATH': '/opt/ros/jazzy/lib/python3.12/site-packages', 'COLCON': '1', 'MEMORY_PRESSURE_WRITE': 'c29tZSAyMDAwMDAgMjAwMDAwMAA=', 'VTE_VERSION': '7600', 'CMAKE_PREFIX_PATH': '/opt/ros/jazzy/opt/gz_sim_vendor:/opt/ros/jazzy/opt/gz_sensors_vendor:/opt/ros/jazzy/opt/gz_physics_vendor:/opt/ros/jazzy/opt/sdformat_vendor:/opt/ros/jazzy/opt/gz_gui_vendor:/opt/ros/jazzy/opt/gz_transport_vendor:/opt/ros/jazzy/opt/gz_rendering_vendor:/opt/ros/jazzy/opt/gz_plugin_vendor:/opt/ros/jazzy/opt/gz_fuel_tools_vendor:/opt/ros/jazzy/opt/gz_msgs_vendor:/opt/ros/jazzy/opt/gz_common_vendor:/opt/ros/jazzy/opt/gz_math_vendor:/opt/ros/jazzy/opt/gz_utils_vendor:/opt/ros/jazzy/opt/gz_tools_vendor:/opt/ros/jazzy/opt/gz_ogre_next_vendor:/opt/ros/jazzy/opt/gz_dartsim_vendor:/opt/ros/jazzy/opt/gz_cmake_vendor:/opt/ros/jazzy'}), 'shell': False}
[0.098622] (-) TimerEvent: {}
[0.177998] (bumperbot_msgs) StdoutLine: {'line': b'-- The C compiler identification is GNU 13.3.0\n'}
[0.199040] (-) TimerEvent: {}
[0.299367] (-) TimerEvent: {}
[0.337741] (bumperbot_msgs) StdoutLine: {'line': b'-- The CXX compiler identification is GNU 13.3.0\n'}
[0.360596] (bumperbot_msgs) StdoutLine: {'line': b'-- Detecting C compiler ABI info\n'}
[0.400513] (-) TimerEvent: {}
[0.476750] (bumperbot_msgs) StdoutLine: {'line': b'-- Detecting C compiler ABI info - done\n'}
[0.476898] (bumperbot_msgs) StdoutLine: {'line': b'-- Check for working C compiler: /usr/bin/cc - skipped\n'}
[0.478472] (bumperbot_msgs) StdoutLine: {'line': b'-- Detecting C compile features\n'}
[0.479436] (bumperbot_msgs) StdoutLine: {'line': b'-- Detecting C compile features - done\n'}
[0.489113] (bumperbot_msgs) StdoutLine: {'line': b'-- Detecting CXX compiler ABI info\n'}
[0.502431] (-) TimerEvent: {}
[0.602815] (bumperbot_msgs) StdoutLine: {'line': b'-- Detecting CXX compiler ABI info - done\n'}
[0.602933] (-) TimerEvent: {}
[0.614444] (bumperbot_msgs) StdoutLine: {'line': b'-- Check for working CXX compiler: /usr/bin/c++ - skipped\n'}
[0.614583] (bumperbot_msgs) StdoutLine: {'line': b'-- Detecting CXX compile features\n'}
[0.614624] (bumperbot_msgs) StdoutLine: {'line': b'-- Detecting CXX compile features - done\n'}
[0.632938] (bumperbot_msgs) StdoutLine: {'line': b'-- Found ament_cmake: 2.5.5 (/opt/ros/jazzy/share/ament_cmake/cmake)\n'}
[0.703691] (-) TimerEvent: {}
[0.760923] (bumperbot_msgs) StdoutLine: {'line': b'-- Found Python3: /usr/bin/python3 (found version "3.12.3") found components: Interpreter \n'}
[0.811371] (-) TimerEvent: {}
[0.909262] (bumperbot_msgs) StdoutLine: {'line': b'-- Found geometry_msgs: 5.3.6 (/opt/ros/jazzy/share/geometry_msgs/cmake)\n'}
[0.912450] (-) TimerEvent: {}
[0.991119] (bumperbot_msgs) StdoutLine: {'line': b'-- Found rosidl_generator_c: 4.6.7 (/opt/ros/jazzy/share/rosidl_generator_c/cmake)\n'}
[1.009874] (bumperbot_msgs) StdoutLine: {'line': b'-- Found rosidl_generator_cpp: 4.6.7 (/opt/ros/jazzy/share/rosidl_generator_cpp/cmake)\n'}
[1.012952] (-) TimerEvent: {}
[1.050650] (bumperbot_msgs) StdoutLine: {'line': b'-- Using all available rosidl_typesupport_c: rosidl_typesupport_fastrtps_c;rosidl_typesupport_introspection_c\n'}
[1.074933] (bumperbot_msgs) StdoutLine: {'line': b'-- Using all available rosidl_typesupport_cpp: rosidl_typesupport_fastrtps_cpp;rosidl_typesupport_introspection_cpp\n'}
[1.121057] (-) TimerEvent: {}
[1.157270] (bumperbot_msgs) StdoutLine: {'line': b'-- Found rosidl_default_generators: 1.6.0 (/opt/ros/jazzy/share/rosidl_default_generators/cmake)\n'}
[1.177392] (bumperbot_msgs) StdoutLine: {'line': b'-- Found rosidl_adapter: 4.6.7 (/opt/ros/jazzy/share/rosidl_adapter/cmake)\n'}
[1.221134] (-) TimerEvent: {}
[1.328008] (-) TimerEvent: {}
[1.437420] (-) TimerEvent: {}
[1.554964] (-) TimerEvent: {}
[1.665365] (-) TimerEvent: {}
[1.765647] (-) TimerEvent: {}
[1.849356] (bumperbot_msgs) StdoutLine: {'line': b'-- Found ament_cmake_ros: 0.12.0 (/opt/ros/jazzy/share/ament_cmake_ros/cmake)\n'}
[1.865956] (-) TimerEvent: {}
[1.987963] (-) TimerEvent: {}
[2.088185] (-) TimerEvent: {}
[2.197835] (-) TimerEvent: {}
[2.308631] (-) TimerEvent: {}
[2.411654] (-) TimerEvent: {}
[2.514158] (-) TimerEvent: {}
[2.570020] (bumperbot_msgs) StdoutLine: {'line': b'-- Using all available rosidl_typesupport_c: rosidl_typesupport_fastrtps_c;rosidl_typesupport_introspection_c\n'}
[2.617458] (-) TimerEvent: {}
[2.727988] (-) TimerEvent: {}
[2.835040] (-) TimerEvent: {}
[2.852076] (bumperbot_msgs) StdoutLine: {'line': b'-- Using all available rosidl_typesupport_cpp: rosidl_typesupport_fastrtps_cpp;rosidl_typesupport_introspection_cpp\n'}
[2.857851] (bumperbot_msgs) StdoutLine: {'line': b'-- Found python_cmake_module: 0.11.1 (/opt/ros/jazzy/share/python_cmake_module/cmake)\n'}
[2.940811] (-) TimerEvent: {}
[2.975716] (bumperbot_msgs) StdoutLine: {'line': b'-- Found PythonExtra: /usr/bin/python3  \n'}
[3.041998] (-) TimerEvent: {}
[3.145195] (-) TimerEvent: {}
[3.245514] (-) TimerEvent: {}
[3.348115] (-) TimerEvent: {}
[3.455600] (-) TimerEvent: {}
[3.476922] (bumperbot_msgs) StdoutLine: {'line': b'-- Found Python3: /usr/bin/python3 (found version "3.12.3") found components: Interpreter Development NumPy Development.Module Development.Embed \n'}
[3.542856] (bumperbot_msgs) StdoutLine: {'line': b'-- Configuring done (3.5s)\n'}
[3.559032] (-) TimerEvent: {}
[3.586031] (bumperbot_msgs) StdoutLine: {'line': b'-- Generating done (0.0s)\n'}
[3.595232] (bumperbot_msgs) StdoutLine: {'line': b'-- Build files have been written to: /home/vboxuser/bumperbot_ws/build/bumperbot_msgs\n'}
[3.602622] (bumperbot_msgs) CommandEnded: {'returncode': 0}
[3.603004] (bumperbot_msgs) JobProgress: {'identifier': 'bumperbot_msgs', 'progress': 'build'}
[3.603324] (bumperbot_msgs) Command: {'cmd': ['/usr/bin/cmake', '--build', '/home/vboxuser/bumperbot_ws/build/bumperbot_msgs', '--', '-j1', '-l1'], 'cwd': '/home/vboxuser/bumperbot_ws/build/bumperbot_msgs', 'env': OrderedDict({'GJS_DEBUG_TOPICS': 'JS ERROR;JS LOG', 'XDG_ACTIVATION_TOKEN': 'gnome-shell/Terminator/2065-1-Robotproj_TIME198317', 'LESSOPEN': '| /usr/bin/lesspipe %s', 'USER': 'vboxuser', 'GZ_CONFIG_PATH': '/opt/ros/jazzy/opt/gz_sim_vendor/share/gz:/opt/ros/jazzy/opt/sdformat_vendor/share/gz:/opt/ros/jazzy/opt/gz_gui_vendor/share/gz:/opt/ros/jazzy/opt/gz_transport_vendor/share/gz:/opt/ros/jazzy/opt/gz_rendering_vendor/share/gz:/opt/ros/jazzy/opt/gz_plugin_vendor/share/gz:/opt/ros/jazzy/opt/gz_fuel_tools_vendor/share/gz:/opt/ros/jazzy/opt/gz_msgs_vendor/share/gz:/opt/ros/jazzy/opt/gz_common_vendor/share/gz', 'XDG_SESSION_TYPE': 'wayland', 'CLUTTER_DISABLE_MIPMAPPED_TEXT': '1', 'SHLVL': '1', 'LD_LIBRARY_PATH': '/opt/ros/jazzy/opt/gz_sim_vendor/lib:/opt/ros/jazzy/opt/gz_sensors_vendor/lib:/opt/ros/jazzy/opt/gz_physics_vendor/lib:/opt/ros/jazzy/opt/sdformat_vendor/lib:/opt/ros/jazzy/opt/rviz_ogre_vendor/lib:/opt/ros/jazzy/lib/x86_64-linux-gnu:/opt/ros/jazzy/opt/gz_gui_vendor/lib:/opt/ros/jazzy/opt/gz_transport_vendor/lib:/opt/ros/jazzy/opt/gz_rendering_vendor/lib:/opt/ros/jazzy/opt/gz_plugin_vendor/lib:/opt/ros/jazzy/opt/gz_fuel_tools_vendor/lib:/opt/ros/jazzy/opt/gz_msgs_vendor/lib:/opt/ros/jazzy/opt/gz_common_vendor/lib:/opt/ros/jazzy/opt/gz_math_vendor/lib:/opt/ros/jazzy/opt/gz_utils_vendor/lib:/opt/ros/jazzy/opt/gz_tools_vendor/lib:/opt/ros/jazzy/opt/gz_ogre_next_vendor/lib:/opt/ros/jazzy/opt/gz_dartsim_vendor/lib:/opt/ros/jazzy/opt/gz_cmake_vendor/lib:/opt/ros/jazzy/lib', 'HOME': '/home/vboxuser', 'OLDPWD': '/home/vboxuser', 'DESKTOP_SESSION': 'ubuntu', 'GIO_LAUNCHED_DESKTOP_FILE': '/usr/share/applications/terminator.desktop', 'ROS_PYTHON_VERSION': '3', 'GNOME_SHELL_SESSION_MODE': 'ubuntu', 'GTK_MODULES': 'gail:atk-bridge', 'MANAGERPID': '1821', 'SYSTEMD_EXEC_PID': '2065', 'GSM_SKIP_SSH_AGENT_WORKAROUND': 'true', 'DBUS_SESSION_BUS_ADDRESS': 'unix:path=/run/user/1000/bus', 'COLORTERM': 'truecolor', 'TERMINATOR_DBUS_NAME': 'net.tenshu.Terminator25ef4b219e3b005583550f2b0f9f990c3', 'GIO_LAUNCHED_DESKTOP_FILE_PID': '2992', 'DEBUGINFOD_URLS': 'https://debuginfod.ubuntu.com', 'IM_CONFIG_PHASE': '1', 'WAYLAND_DISPLAY': 'wayland-0', 'ROS_DISTRO': 'jazzy', 'LOGNAME': 'vboxuser', 'JOURNAL_STREAM': '9:15131', '_': '/usr/bin/colcon', 'ROS_VERSION': '2', 'MEMORY_PRESSURE_WATCH': '/sys/fs/cgroup/user.slice/user-1000.slice/user@1000.service/session.slice/org.gnome.Shell@wayland.service/memory.pressure', 'XDG_SESSION_CLASS': 'user', 'USERNAME': 'vboxuser', 'TERM': 'xterm-256color', 'GNOME_DESKTOP_SESSION_ID': 'this-is-deprecated', 'PATH': '/opt/ros/jazzy/opt/gz_msgs_vendor/bin:/opt/ros/jazzy/opt/gz_tools_vendor/bin:/opt/ros/jazzy/opt/gz_ogre_next_vendor/bin:/opt/ros/jazzy/bin:/home/vboxuser/.local/bin:/usr/local/sbin:/usr/local/bin:/usr/sbin:/usr/bin:/sbin:/bin:/usr/games:/usr/local/games:/snap/bin:/snap/bin', 'SESSION_MANAGER': 'local/Robotproj:@/tmp/.ICE-unix/2021,unix/Robotproj:/tmp/.ICE-unix/2021', 'INVOCATION_ID': '0a4448d9e3fa415eb657cec0bbe459f4', 'XDG_MENU_PREFIX': 'gnome-', 'GNOME_SETUP_DISPLAY': ':1', 'XDG_RUNTIME_DIR': '/run/user/1000', 'DISPLAY': ':0', 'TERMINATOR_DBUS_PATH': '/net/tenshu/Terminator2', 'LANG': 'en_US.UTF-8', 'XDG_CURRENT_DESKTOP': 'ubuntu:GNOME', 'XMODIFIERS': '@im=ibus', 'XDG_SESSION_DESKTOP': 'ubuntu', 'XAUTHORITY': '/run/user/1000/.mutter-Xwaylandauth.N2SBM3', 'LS_COLORS': 'rs=0:di=01;34:ln=01;36:mh=00:pi=40;33:so=01;35:do=01;35:bd=40;33;01:cd=40;33;01:or=40;31;01:mi=00:su=37;41:sg=30;43:ca=00:tw=30;42:ow=34;42:st=37;44:ex=01;32:*.tar=01;31:*.tgz=01;31:*.arc=01;31:*.arj=01;31:*.taz=01;31:*.lha=01;31:*.lz4=01;31:*.lzh=01;31:*.lzma=01;31:*.tlz=01;31:*.txz=01;31:*.tzo=01;31:*.t7z=01;31:*.zip=01;31:*.z=01;31:*.dz=01;31:*.gz=01;31:*.lrz=01;31:*.lz=01;31:*.lzo=01;31:*.xz=01;31:*.zst=01;31:*.tzst=01;31:*.bz2=01;31:*.bz=01;31:*.tbz=01;31:*.tbz2=01;31:*.tz=01;31:*.deb=01;31:*.rpm=01;31:*.jar=01;31:*.war=01;31:*.ear=01;31:*.sar=01;31:*.rar=01;31:*.alz=01;31:*.ace=01;31:*.zoo=01;31:*.cpio=01;31:*.7z=01;31:*.rz=01;31:*.cab=01;31:*.wim=01;31:*.swm=01;31:*.dwm=01;31:*.esd=01;31:*.avif=01;35:*.jpg=01;35:*.jpeg=01;35:*.mjpg=01;35:*.mjpeg=01;35:*.gif=01;35:*.bmp=01;35:*.pbm=01;35:*.pgm=01;35:*.ppm=01;35:*.tga=01;35:*.xbm=01;35:*.xpm=01;35:*.tif=01;35:*.tiff=01;35:*.png=01;35:*.svg=01;35:*.svgz=01;35:*.mng=01;35:*.pcx=01;35:*.mov=01;35:*.mpg=01;35:*.mpeg=01;35:*.m2v=01;35:*.mkv=01;35:*.webm=01;35:*.webp=01;35:*.ogm=01;35:*.mp4=01;35:*.m4v=01;35:*.mp4v=01;35:*.vob=01;35:*.qt=01;35:*.nuv=01;35:*.wmv=01;35:*.asf=01;35:*.rm=01;35:*.rmvb=01;35:*.flc=01;35:*.avi=01;35:*.fli=01;35:*.flv=01;35:*.gl=01;35:*.dl=01;35:*.xcf=01;35:*.xwd=01;35:*.yuv=01;35:*.cgm=01;35:*.emf=01;35:*.ogv=01;35:*.ogx=01;35:*.aac=00;36:*.au=00;36:*.flac=00;36:*.m4a=00;36:*.mid=00;36:*.midi=00;36:*.mka=00;36:*.mp3=00;36:*.mpc=00;36:*.ogg=00;36:*.ra=00;36:*.wav=00;36:*.oga=00;36:*.opus=00;36:*.spx=00;36:*.xspf=00;36:*~=00;90:*#=00;90:*.bak=00;90:*.crdownload=00;90:*.dpkg-dist=00;90:*.dpkg-new=00;90:*.dpkg-old=00;90:*.dpkg-tmp=00;90:*.old=00;90:*.orig=00;90:*.part=00;90:*.rej=00;90:*.rpmnew=00;90:*.rpmorig=00;90:*.rpmsave=00;90:*.swp=00;90:*.tmp=00;90:*.ucf-dist=00;90:*.ucf-new=00;90:*.ucf-old=00;90:', 'SSH_AUTH_SOCK': '/run/user/1000/keyring/ssh', 'AMENT_PREFIX_PATH': '/opt/ros/jazzy', 'SHELL': '/bin/bash', 'TERMINATOR_UUID': 'urn:uuid:d9c01e1d-4148-4ee8-8389-ff1a6dc9a537', 'QT_ACCESSIBILITY': '1', 'GDMSESSION': 'ubuntu', 'LESSCLOSE': '/usr/bin/lesspipe %s %s', 'GJS_DEBUG_OUTPUT': 'stderr', 'ROS_AUTOMATIC_DISCOVERY_RANGE': 'SUBNET', 'QT_IM_MODULE': 'ibus', 'PWD': '/home/vboxuser/bumperbot_ws/build/bumperbot_msgs', 'LC_ALL': 'en_US.UTF-8', 'XDG_CONFIG_DIRS': '/etc/xdg/xdg-ubuntu:/etc/xdg', 'XDG_DATA_DIRS': '/usr/share/ubuntu:/usr/share/gnome:/usr/local/share/:/usr/share/:/var/lib/snapd/desktop', 'PYTHONPATH': '/opt/ros/jazzy/lib/python3.12/site-packages', 'COLCON': '1', 'MEMORY_PRESSURE_WRITE': 'c29tZSAyMDAwMDAgMjAwMDAwMAA=', 'VTE_VERSION': '7600', 'CMAKE_PREFIX_PATH': '/opt/ros/jazzy/opt/gz_sim_vendor:/opt/ros/jazzy/opt/gz_sensors_vendor:/opt/ros/jazzy/opt/gz_physics_vendor:/opt/ros/jazzy/opt/sdformat_vendor:/opt/ros/jazzy/opt/gz_gui_vendor:/opt/ros/jazzy/opt/gz_transport_vendor:/opt/ros/jazzy/opt/gz_rendering_vendor:/opt/ros/jazzy/opt/gz_plugin_vendor:/opt/ros/jazzy/opt/gz_fuel_tools_vendor:/opt/ros/jazzy/opt/gz_msgs_vendor:/opt/ros/jazzy/opt/gz_common_vendor:/opt/ros/jazzy/opt/gz_math_vendor:/opt/ros/jazzy/opt/gz_utils_vendor:/opt/ros/jazzy/opt/gz_tools_vendor:/opt/ros/jazzy/opt/gz_ogre_next_vendor:/opt/ros/jazzy/opt/gz_dartsim_vendor:/opt/ros/jazzy/opt/gz_cmake_vendor:/opt/ros/jazzy'}), 'shell': False}
[3.651896] (bumperbot_msgs) StdoutLine: {'line': b'[  1%] \x1b[34m\x1b[1mGenerating type hashes for ROS interfaces\x1b[0m\n'}
[3.661053] (-) TimerEvent: {}
[3.775343] (-) TimerEvent: {}
[3.885229] (-) TimerEvent: {}
[3.896234] (bumperbot_msgs) StdoutLine: {'line': b'[  1%] Built target bumperbot_msgs__rosidl_generator_type_description\n'}
[3.929905] (bumperbot_msgs) StdoutLine: {'line': b'[  3%] \x1b[34m\x1b[1mGenerating C++ code for ROS interfaces\x1b[0m\n'}
[3.993000] (-) TimerEvent: {}
[4.095343] (-) TimerEvent: {}
[4.197607] (-) TimerEvent: {}
[4.302993] (-) TimerEvent: {}
[4.353612] (bumperbot_msgs) StdoutLine: {'line': b'[  3%] Built target bumperbot_msgs__cpp\n'}
[4.366160] (bumperbot_msgs) StdoutLine: {'line': b'[  5%] \x1b[34m\x1b[1mGenerating C code for ROS interfaces\x1b[0m\n'}
[4.406350] (-) TimerEvent: {}
[4.508975] (-) TimerEvent: {}
[4.613010] (-) TimerEvent: {}
[4.716416] (-) TimerEvent: {}
[4.816614] (-) TimerEvent: {}
[4.856997] (bumperbot_msgs) StdoutLine: {'line': b'[  7%] \x1b[32mBuilding C object CMakeFiles/bumperbot_msgs__rosidl_generator_c.dir/rosidl_generator_c/bumperbot_msgs/action/detail/fibonacci__description.c.o\x1b[0m\n'}
[4.916781] (-) TimerEvent: {}
[4.983112] (bumperbot_msgs) StdoutLine: {'line': b'[  9%] \x1b[32mBuilding C object CMakeFiles/bumperbot_msgs__rosidl_generator_c.dir/rosidl_generator_c/bumperbot_msgs/action/detail/fibonacci__functions.c.o\x1b[0m\n'}
[5.025511] (-) TimerEvent: {}
[5.103587] (bumperbot_msgs) StdoutLine: {'line': b'[ 11%] \x1b[32mBuilding C object CMakeFiles/bumperbot_msgs__rosidl_generator_c.dir/rosidl_generator_c/bumperbot_msgs/action/detail/fibonacci__type_support.c.o\x1b[0m\n'}
[5.125990] (-) TimerEvent: {}
[5.149086] (bumperbot_msgs) StdoutLine: {'line': b'[ 12%] \x1b[32mBuilding C object CMakeFiles/bumperbot_msgs__rosidl_generator_c.dir/rosidl_generator_c/bumperbot_msgs/srv/detail/add_two_ints__description.c.o\x1b[0m\n'}
[5.186909] (bumperbot_msgs) StdoutLine: {'line': b'[ 14%] \x1b[32mBuilding C object CMakeFiles/bumperbot_msgs__rosidl_generator_c.dir/rosidl_generator_c/bumperbot_msgs/srv/detail/add_two_ints__functions.c.o\x1b[0m\n'}
[5.226542] (-) TimerEvent: {}
[5.259504] (bumperbot_msgs) StdoutLine: {'line': b'[ 16%] \x1b[32mBuilding C object CMakeFiles/bumperbot_msgs__rosidl_generator_c.dir/rosidl_generator_c/bumperbot_msgs/srv/detail/add_two_ints__type_support.c.o\x1b[0m\n'}
[5.291021] (bumperbot_msgs) StdoutLine: {'line': b'[ 18%] \x1b[32mBuilding C object CMakeFiles/bumperbot_msgs__rosidl_generator_c.dir/rosidl_generator_c/bumperbot_msgs/srv/detail/get_transform__description.c.o\x1b[0m\n'}
[5.331216] (-) TimerEvent: {}
[5.363559] (bumperbot_msgs) StdoutLine: {'line': b'[ 20%] \x1b[32mBuilding C object CMakeFiles/bumperbot_msgs__rosidl_generator_c.dir/rosidl_generator_c/bumperbot_msgs/srv/detail/get_transform__functions.c.o\x1b[0m\n'}
[5.421475] (bumperbot_msgs) StdoutLine: {'line': b'[ 22%] \x1b[32mBuilding C object CMakeFiles/bumperbot_msgs__rosidl_generator_c.dir/rosidl_generator_c/bumperbot_msgs/srv/detail/get_transform__type_support.c.o\x1b[0m\n'}
[5.440018] (-) TimerEvent: {}
[5.463578] (bumperbot_msgs) StdoutLine: {'line': b'[ 24%] \x1b[32m\x1b[1mLinking C shared library libbumperbot_msgs__rosidl_generator_c.so\x1b[0m\n'}
[5.510766] (bumperbot_msgs) StdoutLine: {'line': b'[ 24%] Built target bumperbot_msgs__rosidl_generator_c\n'}
[5.521436] (bumperbot_msgs) StdoutLine: {'line': b'[ 25%] \x1b[34m\x1b[1mGenerating C++ type support dispatch for ROS interfaces\x1b[0m\n'}
[5.542112] (-) TimerEvent: {}
[5.646003] (-) TimerEvent: {}
[5.760009] (-) TimerEvent: {}
[5.827469] (bumperbot_msgs) StdoutLine: {'line': b'[ 27%] \x1b[32mBuilding CXX object CMakeFiles/bumperbot_msgs__rosidl_typesupport_cpp.dir/rosidl_typesupport_cpp/bumperbot_msgs/action/fibonacci__type_support.cpp.o\x1b[0m\n'}
[5.860314] (-) TimerEvent: {}
[5.962874] (-) TimerEvent: {}
[6.069982] (-) TimerEvent: {}
[6.173494] (-) TimerEvent: {}
[6.287034] (-) TimerEvent: {}
[6.390179] (-) TimerEvent: {}
[6.494014] (-) TimerEvent: {}
[6.597995] (-) TimerEvent: {}
[6.693404] (bumperbot_msgs) StdoutLine: {'line': b'[ 29%] \x1b[32mBuilding CXX object CMakeFiles/bumperbot_msgs__rosidl_typesupport_cpp.dir/rosidl_typesupport_cpp/bumperbot_msgs/srv/add_two_ints__type_support.cpp.o\x1b[0m\n'}
[6.698053] (-) TimerEvent: {}
[6.814119] (-) TimerEvent: {}
[6.918009] (-) TimerEvent: {}
[6.977429] (bumperbot_msgs) StdoutLine: {'line': b'[ 31%] \x1b[32mBuilding CXX object CMakeFiles/bumperbot_msgs__rosidl_typesupport_cpp.dir/rosidl_typesupport_cpp/bumperbot_msgs/srv/get_transform__type_support.cpp.o\x1b[0m\n'}
[7.018250] (-) TimerEvent: {}
[7.134146] (-) TimerEvent: {}
[7.247986] (-) TimerEvent: {}
[7.293910] (bumperbot_msgs) StdoutLine: {'line': b'[ 33%] \x1b[32m\x1b[1mLinking CXX shared library libbumperbot_msgs__rosidl_typesupport_cpp.so\x1b[0m\n'}
[7.351017] (-) TimerEvent: {}
[7.373072] (bumperbot_msgs) StdoutLine: {'line': b'[ 33%] Built target bumperbot_msgs__rosidl_typesupport_cpp\n'}
[7.383688] (bumperbot_msgs) StdoutLine: {'line': b'[ 35%] \x1b[34m\x1b[1mGenerating C type support for eProsima Fast-RTPS\x1b[0m\n'}
[7.454272] (-) TimerEvent: {}
[7.557474] (-) TimerEvent: {}
[7.661428] (-) TimerEvent: {}
[7.765110] (-) TimerEvent: {}
[7.865320] (-) TimerEvent: {}
[7.881920] (bumperbot_msgs) StdoutLine: {'line': b'[ 37%] \x1b[32mBuilding CXX object CMakeFiles/bumperbot_msgs__rosidl_typesupport_fastrtps_c.dir/rosidl_typesupport_fastrtps_c/bumperbot_msgs/action/detail/fibonacci__type_support_c.cpp.o\x1b[0m\n'}
[7.965713] (-) TimerEvent: {}
[8.073349] (-) TimerEvent: {}
[8.178004] (-) TimerEvent: {}
[8.291017] (-) TimerEvent: {}
[8.328437] (bumperbot_msgs) StdoutLine: {'line': b'[ 38%] \x1b[32mBuilding CXX object CMakeFiles/bumperbot_msgs__rosidl_typesupport_fastrtps_c.dir/rosidl_typesupport_fastrtps_c/bumperbot_msgs/srv/detail/add_two_ints__type_support_c.cpp.o\x1b[0m\n'}
[8.392293] (-) TimerEvent: {}
[8.498041] (-) TimerEvent: {}
[8.600258] (-) TimerEvent: {}
[8.669313] (bumperbot_msgs) StdoutLine: {'line': b'[ 40%] \x1b[32mBuilding CXX object CMakeFiles/bumperbot_msgs__rosidl_typesupport_fastrtps_c.dir/rosidl_typesupport_fastrtps_c/bumperbot_msgs/srv/detail/get_transform__type_support_c.cpp.o\x1b[0m\n'}
[8.704690] (-) TimerEvent: {}
[8.807422] (-) TimerEvent: {}
[8.911553] (-) TimerEvent: {}
[9.012030] (-) TimerEvent: {}
[9.037264] (bumperbot_msgs) StdoutLine: {'line': b'[ 42%] \x1b[32m\x1b[1mLinking CXX shared library libbumperbot_msgs__rosidl_typesupport_fastrtps_c.so\x1b[0m\n'}
[9.112107] (-) TimerEvent: {}
[9.120806] (bumperbot_msgs) StdoutLine: {'line': b'[ 42%] Built target bumperbot_msgs__rosidl_typesupport_fastrtps_c\n'}
[9.135789] (bumperbot_msgs) StdoutLine: {'line': b'[ 44%] \x1b[34m\x1b[1mGenerating C++ type support for eProsima Fast-RTPS\x1b[0m\n'}
[9.221325] (-) TimerEvent: {}
[9.323161] (-) TimerEvent: {}
[9.428001] (-) TimerEvent: {}
[9.531192] (-) TimerEvent: {}
[9.603484] (bumperbot_msgs) StdoutLine: {'line': b'[ 46%] \x1b[32mBuilding CXX object CMakeFiles/bumperbot_msgs__rosidl_typesupport_fastrtps_cpp.dir/rosidl_typesupport_fastrtps_cpp/bumperbot_msgs/action/detail/dds_fastrtps/fibonacci__type_support.cpp.o\x1b[0m\n'}
[9.635006] (-) TimerEvent: {}
[9.737501] (-) TimerEvent: {}
[9.852001] (-) TimerEvent: {}
[9.955022] (-) TimerEvent: {}
[10.059019] (-) TimerEvent: {}
[10.161089] (-) TimerEvent: {}
[10.274988] (-) TimerEvent: {}
[10.378409] (-) TimerEvent: {}
[10.477615] (bumperbot_msgs) StdoutLine: {'line': b'[ 48%] \x1b[32mBuilding CXX object CMakeFiles/bumperbot_msgs__rosidl_typesupport_fastrtps_cpp.dir/rosidl_typesupport_fastrtps_cpp/bumperbot_msgs/srv/detail/dds_fastrtps/add_two_ints__type_support.cpp.o\x1b[0m\n'}
[10.478585] (-) TimerEvent: {}
[10.595236] (-) TimerEvent: {}
[10.699032] (-) TimerEvent: {}
[10.801970] (-) TimerEvent: {}
[10.896567] (bumperbot_msgs) StdoutLine: {'line': b'[ 50%] \x1b[32mBuilding CXX object CMakeFiles/bumperbot_msgs__rosidl_typesupport_fastrtps_cpp.dir/rosidl_typesupport_fastrtps_cpp/bumperbot_msgs/srv/detail/dds_fastrtps/get_transform__type_support.cpp.o\x1b[0m\n'}
[10.904071] (-) TimerEvent: {}
[11.019007] (-) TimerEvent: {}
[11.122026] (-) TimerEvent: {}
[11.225366] (-) TimerEvent: {}
[11.328006] (-) TimerEvent: {}
[11.359346] (bumperbot_msgs) StdoutLine: {'line': b'[ 51%] \x1b[32m\x1b[1mLinking CXX shared library libbumperbot_msgs__rosidl_typesupport_fastrtps_cpp.so\x1b[0m\n'}
[11.428261] (-) TimerEvent: {}
[11.447608] (bumperbot_msgs) StdoutLine: {'line': b'[ 51%] Built target bumperbot_msgs__rosidl_typesupport_fastrtps_cpp\n'}
[11.458722] (bumperbot_msgs) StdoutLine: {'line': b'[ 53%] \x1b[34m\x1b[1mGenerating C introspection for ROS interfaces\x1b[0m\n'}
[11.536187] (-) TimerEvent: {}
[11.639500] (-) TimerEvent: {}
[11.752969] (-) TimerEvent: {}
[11.806481] (bumperbot_msgs) StdoutLine: {'line': b'[ 55%] \x1b[32mBuilding C object CMakeFiles/bumperbot_msgs__rosidl_typesupport_introspection_c.dir/rosidl_typesupport_introspection_c/bumperbot_msgs/action/detail/fibonacci__type_support.c.o\x1b[0m\n'}
[11.853149] (-) TimerEvent: {}
[11.884999] (bumperbot_msgs) StdoutLine: {'line': b'[ 57%] \x1b[32mBuilding C object CMakeFiles/bumperbot_msgs__rosidl_typesupport_introspection_c.dir/rosidl_typesupport_introspection_c/bumperbot_msgs/srv/detail/add_two_ints__type_support.c.o\x1b[0m\n'}
[11.921449] (bumperbot_msgs) StdoutLine: {'line': b'[ 59%] \x1b[32mBuilding C object CMakeFiles/bumperbot_msgs__rosidl_typesupport_introspection_c.dir/rosidl_typesupport_introspection_c/bumperbot_msgs/srv/detail/get_transform__type_support.c.o\x1b[0m\n'}
[11.953214] (-) TimerEvent: {}
[11.971040] (bumperbot_msgs) StdoutLine: {'line': b'[ 61%] \x1b[32m\x1b[1mLinking C shared library libbumperbot_msgs__rosidl_typesupport_introspection_c.so\x1b[0m\n'}
[12.011974] (bumperbot_msgs) StdoutLine: {'line': b'[ 61%] Built target bumperbot_msgs__rosidl_typesupport_introspection_c\n'}
[12.021945] (bumperbot_msgs) StdoutLine: {'line': b'[ 62%] \x1b[34m\x1b[1mGenerating C type support dispatch for ROS interfaces\x1b[0m\n'}
[12.062446] (-) TimerEvent: {}
[12.164123] (-) TimerEvent: {}
[12.265029] (-) TimerEvent: {}
[12.294220] (bumperbot_msgs) StdoutLine: {'line': b'[ 64%] \x1b[32mBuilding CXX object CMakeFiles/bumperbot_msgs__rosidl_typesupport_c.dir/rosidl_typesupport_c/bumperbot_msgs/action/fibonacci__type_support.cpp.o\x1b[0m\n'}
[12.340496] (bumperbot_msgs) StdoutLine: {'line': b'[ 66%] \x1b[32mBuilding CXX object CMakeFiles/bumperbot_msgs__rosidl_typesupport_c.dir/rosidl_typesupport_c/bumperbot_msgs/srv/add_two_ints__type_support.cpp.o\x1b[0m\n'}
[12.365131] (-) TimerEvent: {}
[12.384930] (bumperbot_msgs) StdoutLine: {'line': b'[ 68%] \x1b[32mBuilding CXX object CMakeFiles/bumperbot_msgs__rosidl_typesupport_c.dir/rosidl_typesupport_c/bumperbot_msgs/srv/get_transform__type_support.cpp.o\x1b[0m\n'}
[12.421549] (bumperbot_msgs) StdoutLine: {'line': b'[ 70%] \x1b[32m\x1b[1mLinking CXX shared library libbumperbot_msgs__rosidl_typesupport_c.so\x1b[0m\n'}
[12.461215] (bumperbot_msgs) StdoutLine: {'line': b'[ 70%] Built target bumperbot_msgs__rosidl_typesupport_c\n'}
[12.465191] (-) TimerEvent: {}
[12.481861] (bumperbot_msgs) StdoutLine: {'line': b'[ 72%] \x1b[34m\x1b[1mGenerating C++ introspection for ROS interfaces\x1b[0m\n'}
[12.568099] (-) TimerEvent: {}
[12.672980] (-) TimerEvent: {}
[12.773226] (-) TimerEvent: {}
[12.815917] (bumperbot_msgs) StdoutLine: {'line': b'[ 74%] \x1b[32mBuilding CXX object CMakeFiles/bumperbot_msgs__rosidl_typesupport_introspection_cpp.dir/rosidl_typesupport_introspection_cpp/bumperbot_msgs/action/detail/fibonacci__type_support.cpp.o\x1b[0m\n'}
[12.876977] (-) TimerEvent: {}
[12.981194] (-) TimerEvent: {}
[13.084992] (-) TimerEvent: {}
[13.188995] (-) TimerEvent: {}
[13.291996] (-) TimerEvent: {}
[13.356338] (bumperbot_msgs) StdoutLine: {'line': b'[ 75%] \x1b[32mBuilding CXX object CMakeFiles/bumperbot_msgs__rosidl_typesupport_introspection_cpp.dir/rosidl_typesupport_introspection_cpp/bumperbot_msgs/srv/detail/add_two_ints__type_support.cpp.o\x1b[0m\n'}
[13.395402] (-) TimerEvent: {}
[13.508557] (-) TimerEvent: {}
[13.622588] (-) TimerEvent: {}
[13.654564] (bumperbot_msgs) StdoutLine: {'line': b'[ 77%] \x1b[32mBuilding CXX object CMakeFiles/bumperbot_msgs__rosidl_typesupport_introspection_cpp.dir/rosidl_typesupport_introspection_cpp/bumperbot_msgs/srv/detail/get_transform__type_support.cpp.o\x1b[0m\n'}
[13.725597] (-) TimerEvent: {}
[13.839010] (-) TimerEvent: {}
[13.940527] (-) TimerEvent: {}
[13.976727] (bumperbot_msgs) StdoutLine: {'line': b'[ 79%] \x1b[32m\x1b[1mLinking CXX shared library libbumperbot_msgs__rosidl_typesupport_introspection_cpp.so\x1b[0m\n'}
[14.043575] (-) TimerEvent: {}
[14.058266] (bumperbot_msgs) StdoutLine: {'line': b'[ 79%] Built target bumperbot_msgs__rosidl_typesupport_introspection_cpp\n'}
[14.089403] (bumperbot_msgs) StdoutLine: {'line': b'[ 79%] Built target bumperbot_msgs\n'}
[14.115816] (bumperbot_msgs) StdoutLine: {'line': b'[ 79%] Built target ament_cmake_python_copy_bumperbot_msgs\n'}
[14.149030] (-) TimerEvent: {}
[14.252279] (-) TimerEvent: {}
[14.287592] (bumperbot_msgs) StdoutLine: {'line': b'running egg_info\n'}
[14.292997] (bumperbot_msgs) StdoutLine: {'line': b'creating bumperbot_msgs.egg-info\n'}
[14.299985] (bumperbot_msgs) StdoutLine: {'line': b'writing bumperbot_msgs.egg-info/PKG-INFO\n'}
[14.300213] (bumperbot_msgs) StdoutLine: {'line': b'writing dependency_links to bumperbot_msgs.egg-info/dependency_links.txt\n'}
[14.300395] (bumperbot_msgs) StdoutLine: {'line': b'writing top-level names to bumperbot_msgs.egg-info/top_level.txt\n'}
[14.300606] (bumperbot_msgs) StdoutLine: {'line': b"writing manifest file 'bumperbot_msgs.egg-info/SOURCES.txt'\n"}
[14.337272] (bumperbot_msgs) StdoutLine: {'line': b"reading manifest file 'bumperbot_msgs.egg-info/SOURCES.txt'\n"}
[14.340142] (bumperbot_msgs) StdoutLine: {'line': b"writing manifest file 'bumperbot_msgs.egg-info/SOURCES.txt'\n"}
[14.353333] (-) TimerEvent: {}
[14.370902] (bumperbot_msgs) StdoutLine: {'line': b'[ 79%] Built target ament_cmake_python_build_bumperbot_msgs_egg\n'}
[14.392130] (bumperbot_msgs) StdoutLine: {'line': b'[ 81%] \x1b[34m\x1b[1mGenerating Python code for ROS interfaces\x1b[0m\n'}
[14.458998] (-) TimerEvent: {}
[14.562258] (-) TimerEvent: {}
[14.666237] (-) TimerEvent: {}
[14.769412] (-) TimerEvent: {}
[14.882571] (-) TimerEvent: {}
[14.996736] (-) TimerEvent: {}
[15.108449] (-) TimerEvent: {}
[15.167091] (bumperbot_msgs) StdoutLine: {'line': b'[ 81%] Built target bumperbot_msgs__py\n'}
[15.186894] (bumperbot_msgs) StdoutLine: {'line': b'[ 83%] \x1b[32mBuilding C object CMakeFiles/bumperbot_msgs__rosidl_generator_py.dir/rosidl_generator_py/bumperbot_msgs/action/_fibonacci_s.c.o\x1b[0m\n'}
[15.209187] (-) TimerEvent: {}
[15.312714] (-) TimerEvent: {}
[15.419217] (-) TimerEvent: {}
[15.437779] (bumperbot_msgs) StdoutLine: {'line': b'[ 85%] \x1b[32mBuilding C object CMakeFiles/bumperbot_msgs__rosidl_generator_py.dir/rosidl_generator_py/bumperbot_msgs/srv/_add_two_ints_s.c.o\x1b[0m\n'}
[15.519992] (-) TimerEvent: {}
[15.544998] (bumperbot_msgs) StdoutLine: {'line': b'[ 87%] \x1b[32mBuilding C object CMakeFiles/bumperbot_msgs__rosidl_generator_py.dir/rosidl_generator_py/bumperbot_msgs/srv/_get_transform_s.c.o\x1b[0m\n'}
[15.626211] (-) TimerEvent: {}
[15.653632] (bumperbot_msgs) StdoutLine: {'line': b'[ 88%] \x1b[32m\x1b[1mLinking C shared library libbumperbot_msgs__rosidl_generator_py.so\x1b[0m\n'}
[15.702467] (bumperbot_msgs) StdoutLine: {'line': b'[ 88%] Built target bumperbot_msgs__rosidl_generator_py\n'}
[15.721672] (bumperbot_msgs) StdoutLine: {'line': b'[ 90%] \x1b[32mBuilding C object CMakeFiles/bumperbot_msgs_s__rosidl_typesupport_fastrtps_c.dir/rosidl_generator_py/bumperbot_msgs/_bumperbot_msgs_s.ep.rosidl_typesupport_fastrtps_c.c.o\x1b[0m\n'}
[15.726353] (-) TimerEvent: {}
[15.829142] (-) TimerEvent: {}
[15.857219] (bumperbot_msgs) StdoutLine: {'line': b'[ 92%] \x1b[32m\x1b[1mLinking C shared module rosidl_generator_py/bumperbot_msgs/bumperbot_msgs_s__rosidl_typesupport_fastrtps_c.so\x1b[0m\n'}
[15.889001] (bumperbot_msgs) StdoutLine: {'line': b'[ 92%] Built target bumperbot_msgs_s__rosidl_typesupport_fastrtps_c\n'}
[15.907939] (bumperbot_msgs) StdoutLine: {'line': b'[ 94%] \x1b[32mBuilding C object CMakeFiles/bumperbot_msgs_s__rosidl_typesupport_introspection_c.dir/rosidl_generator_py/bumperbot_msgs/_bumperbot_msgs_s.ep.rosidl_typesupport_introspection_c.c.o\x1b[0m\n'}
[15.936702] (-) TimerEvent: {}
[16.020277] (bumperbot_msgs) StdoutLine: {'line': b'[ 96%] \x1b[32m\x1b[1mLinking C shared module rosidl_generator_py/bumperbot_msgs/bumperbot_msgs_s__rosidl_typesupport_introspection_c.so\x1b[0m\n'}
[16.039165] (-) TimerEvent: {}
[16.070530] (bumperbot_msgs) StdoutLine: {'line': b'[ 96%] Built target bumperbot_msgs_s__rosidl_typesupport_introspection_c\n'}
[16.090567] (bumperbot_msgs) StdoutLine: {'line': b'[ 98%] \x1b[32mBuilding C object CMakeFiles/bumperbot_msgs_s__rosidl_typesupport_c.dir/rosidl_generator_py/bumperbot_msgs/_bumperbot_msgs_s.ep.rosidl_typesupport_c.c.o\x1b[0m\n'}
[16.143073] (-) TimerEvent: {}
[16.214543] (bumperbot_msgs) StdoutLine: {'line': b'[100%] \x1b[32m\x1b[1mLinking C shared module rosidl_generator_py/bumperbot_msgs/bumperbot_msgs_s__rosidl_typesupport_c.so\x1b[0m\n'}
[16.243566] (-) TimerEvent: {}
[16.253362] (bumperbot_msgs) StdoutLine: {'line': b'[100%] Built target bumperbot_msgs_s__rosidl_typesupport_c\n'}
[16.272618] (bumperbot_msgs) CommandEnded: {'returncode': 0}
[16.273236] (bumperbot_msgs) JobProgress: {'identifier': 'bumperbot_msgs', 'progress': 'install'}
[16.288161] (bumperbot_msgs) Command: {'cmd': ['/usr/bin/cmake', '--install', '/home/vboxuser/bumperbot_ws/build/bumperbot_msgs'], 'cwd': '/home/vboxuser/bumperbot_ws/build/bumperbot_msgs', 'env': OrderedDict({'GJS_DEBUG_TOPICS': 'JS ERROR;JS LOG', 'XDG_ACTIVATION_TOKEN': 'gnome-shell/Terminator/2065-1-Robotproj_TIME198317', 'LESSOPEN': '| /usr/bin/lesspipe %s', 'USER': 'vboxuser', 'GZ_CONFIG_PATH': '/opt/ros/jazzy/opt/gz_sim_vendor/share/gz:/opt/ros/jazzy/opt/sdformat_vendor/share/gz:/opt/ros/jazzy/opt/gz_gui_vendor/share/gz:/opt/ros/jazzy/opt/gz_transport_vendor/share/gz:/opt/ros/jazzy/opt/gz_rendering_vendor/share/gz:/opt/ros/jazzy/opt/gz_plugin_vendor/share/gz:/opt/ros/jazzy/opt/gz_fuel_tools_vendor/share/gz:/opt/ros/jazzy/opt/gz_msgs_vendor/share/gz:/opt/ros/jazzy/opt/gz_common_vendor/share/gz', 'XDG_SESSION_TYPE': 'wayland', 'CLUTTER_DISABLE_MIPMAPPED_TEXT': '1', 'SHLVL': '1', 'LD_LIBRARY_PATH': '/opt/ros/jazzy/opt/gz_sim_vendor/lib:/opt/ros/jazzy/opt/gz_sensors_vendor/lib:/opt/ros/jazzy/opt/gz_physics_vendor/lib:/opt/ros/jazzy/opt/sdformat_vendor/lib:/opt/ros/jazzy/opt/rviz_ogre_vendor/lib:/opt/ros/jazzy/lib/x86_64-linux-gnu:/opt/ros/jazzy/opt/gz_gui_vendor/lib:/opt/ros/jazzy/opt/gz_transport_vendor/lib:/opt/ros/jazzy/opt/gz_rendering_vendor/lib:/opt/ros/jazzy/opt/gz_plugin_vendor/lib:/opt/ros/jazzy/opt/gz_fuel_tools_vendor/lib:/opt/ros/jazzy/opt/gz_msgs_vendor/lib:/opt/ros/jazzy/opt/gz_common_vendor/lib:/opt/ros/jazzy/opt/gz_math_vendor/lib:/opt/ros/jazzy/opt/gz_utils_vendor/lib:/opt/ros/jazzy/opt/gz_tools_vendor/lib:/opt/ros/jazzy/opt/gz_ogre_next_vendor/lib:/opt/ros/jazzy/opt/gz_dartsim_vendor/lib:/opt/ros/jazzy/opt/gz_cmake_vendor/lib:/opt/ros/jazzy/lib', 'HOME': '/home/vboxuser', 'OLDPWD': '/home/vboxuser', 'DESKTOP_SESSION': 'ubuntu', 'GIO_LAUNCHED_DESKTOP_FILE': '/usr/share/applications/terminator.desktop', 'ROS_PYTHON_VERSION': '3', 'GNOME_SHELL_SESSION_MODE': 'ubuntu', 'GTK_MODULES': 'gail:atk-bridge', 'MANAGERPID': '1821', 'SYSTEMD_EXEC_PID': '2065', 'GSM_SKIP_SSH_AGENT_WORKAROUND': 'true', 'DBUS_SESSION_BUS_ADDRESS': 'unix:path=/run/user/1000/bus', 'COLORTERM': 'truecolor', 'TERMINATOR_DBUS_NAME': 'net.tenshu.Terminator25ef4b219e3b005583550f2b0f9f990c3', 'GIO_LAUNCHED_DESKTOP_FILE_PID': '2992', 'DEBUGINFOD_URLS': 'https://debuginfod.ubuntu.com', 'IM_CONFIG_PHASE': '1', 'WAYLAND_DISPLAY': 'wayland-0', 'ROS_DISTRO': 'jazzy', 'LOGNAME': 'vboxuser', 'JOURNAL_STREAM': '9:15131', '_': '/usr/bin/colcon', 'ROS_VERSION': '2', 'MEMORY_PRESSURE_WATCH': '/sys/fs/cgroup/user.slice/user-1000.slice/user@1000.service/session.slice/org.gnome.Shell@wayland.service/memory.pressure', 'XDG_SESSION_CLASS': 'user', 'USERNAME': 'vboxuser', 'TERM': 'xterm-256color', 'GNOME_DESKTOP_SESSION_ID': 'this-is-deprecated', 'PATH': '/opt/ros/jazzy/opt/gz_msgs_vendor/bin:/opt/ros/jazzy/opt/gz_tools_vendor/bin:/opt/ros/jazzy/opt/gz_ogre_next_vendor/bin:/opt/ros/jazzy/bin:/home/vboxuser/.local/bin:/usr/local/sbin:/usr/local/bin:/usr/sbin:/usr/bin:/sbin:/bin:/usr/games:/usr/local/games:/snap/bin:/snap/bin', 'SESSION_MANAGER': 'local/Robotproj:@/tmp/.ICE-unix/2021,unix/Robotproj:/tmp/.ICE-unix/2021', 'INVOCATION_ID': '0a4448d9e3fa415eb657cec0bbe459f4', 'XDG_MENU_PREFIX': 'gnome-', 'GNOME_SETUP_DISPLAY': ':1', 'XDG_RUNTIME_DIR': '/run/user/1000', 'DISPLAY': ':0', 'TERMINATOR_DBUS_PATH': '/net/tenshu/Terminator2', 'LANG': 'en_US.UTF-8', 'XDG_CURRENT_DESKTOP': 'ubuntu:GNOME', 'XMODIFIERS': '@im=ibus', 'XDG_SESSION_DESKTOP': 'ubuntu', 'XAUTHORITY': '/run/user/1000/.mutter-Xwaylandauth.N2SBM3', 'LS_COLORS': 'rs=0:di=01;34:ln=01;36:mh=00:pi=40;33:so=01;35:do=01;35:bd=40;33;01:cd=40;33;01:or=40;31;01:mi=00:su=37;41:sg=30;43:ca=00:tw=30;42:ow=34;42:st=37;44:ex=01;32:*.tar=01;31:*.tgz=01;31:*.arc=01;31:*.arj=01;31:*.taz=01;31:*.lha=01;31:*.lz4=01;31:*.lzh=01;31:*.lzma=01;31:*.tlz=01;31:*.txz=01;31:*.tzo=01;31:*.t7z=01;31:*.zip=01;31:*.z=01;31:*.dz=01;31:*.gz=01;31:*.lrz=01;31:*.lz=01;31:*.lzo=01;31:*.xz=01;31:*.zst=01;31:*.tzst=01;31:*.bz2=01;31:*.bz=01;31:*.tbz=01;31:*.tbz2=01;31:*.tz=01;31:*.deb=01;31:*.rpm=01;31:*.jar=01;31:*.war=01;31:*.ear=01;31:*.sar=01;31:*.rar=01;31:*.alz=01;31:*.ace=01;31:*.zoo=01;31:*.cpio=01;31:*.7z=01;31:*.rz=01;31:*.cab=01;31:*.wim=01;31:*.swm=01;31:*.dwm=01;31:*.esd=01;31:*.avif=01;35:*.jpg=01;35:*.jpeg=01;35:*.mjpg=01;35:*.mjpeg=01;35:*.gif=01;35:*.bmp=01;35:*.pbm=01;35:*.pgm=01;35:*.ppm=01;35:*.tga=01;35:*.xbm=01;35:*.xpm=01;35:*.tif=01;35:*.tiff=01;35:*.png=01;35:*.svg=01;35:*.svgz=01;35:*.mng=01;35:*.pcx=01;35:*.mov=01;35:*.mpg=01;35:*.mpeg=01;35:*.m2v=01;35:*.mkv=01;35:*.webm=01;35:*.webp=01;35:*.ogm=01;35:*.mp4=01;35:*.m4v=01;35:*.mp4v=01;35:*.vob=01;35:*.qt=01;35:*.nuv=01;35:*.wmv=01;35:*.asf=01;35:*.rm=01;35:*.rmvb=01;35:*.flc=01;35:*.avi=01;35:*.fli=01;35:*.flv=01;35:*.gl=01;35:*.dl=01;35:*.xcf=01;35:*.xwd=01;35:*.yuv=01;35:*.cgm=01;35:*.emf=01;35:*.ogv=01;35:*.ogx=01;35:*.aac=00;36:*.au=00;36:*.flac=00;36:*.m4a=00;36:*.mid=00;36:*.midi=00;36:*.mka=00;36:*.mp3=00;36:*.mpc=00;36:*.ogg=00;36:*.ra=00;36:*.wav=00;36:*.oga=00;36:*.opus=00;36:*.spx=00;36:*.xspf=00;36:*~=00;90:*#=00;90:*.bak=00;90:*.crdownload=00;90:*.dpkg-dist=00;90:*.dpkg-new=00;90:*.dpkg-old=00;90:*.dpkg-tmp=00;90:*.old=00;90:*.orig=00;90:*.part=00;90:*.rej=00;90:*.rpmnew=00;90:*.rpmorig=00;90:*.rpmsave=00;90:*.swp=00;90:*.tmp=00;90:*.ucf-dist=00;90:*.ucf-new=00;90:*.ucf-old=00;90:', 'SSH_AUTH_SOCK': '/run/user/1000/keyring/ssh', 'AMENT_PREFIX_PATH': '/opt/ros/jazzy', 'SHELL': '/bin/bash', 'TERMINATOR_UUID': 'urn:uuid:d9c01e1d-4148-4ee8-8389-ff1a6dc9a537', 'QT_ACCESSIBILITY': '1', 'GDMSESSION': 'ubuntu', 'LESSCLOSE': '/usr/bin/lesspipe %s %s', 'GJS_DEBUG_OUTPUT': 'stderr', 'ROS_AUTOMATIC_DISCOVERY_RANGE': 'SUBNET', 'QT_IM_MODULE': 'ibus', 'PWD': '/home/vboxuser/bumperbot_ws/build/bumperbot_msgs', 'LC_ALL': 'en_US.UTF-8', 'XDG_CONFIG_DIRS': '/etc/xdg/xdg-ubuntu:/etc/xdg', 'XDG_DATA_DIRS': '/usr/share/ubuntu:/usr/share/gnome:/usr/local/share/:/usr/share/:/var/lib/snapd/desktop', 'PYTHONPATH': '/opt/ros/jazzy/lib/python3.12/site-packages', 'COLCON': '1', 'MEMORY_PRESSURE_WRITE': 'c29tZSAyMDAwMDAgMjAwMDAwMAA=', 'VTE_VERSION': '7600', 'CMAKE_PREFIX_PATH': '/opt/ros/jazzy/opt/gz_sim_vendor:/opt/ros/jazzy/opt/gz_sensors_vendor:/opt/ros/jazzy/opt/gz_physics_vendor:/opt/ros/jazzy/opt/sdformat_vendor:/opt/ros/jazzy/opt/gz_gui_vendor:/opt/ros/jazzy/opt/gz_transport_vendor:/opt/ros/jazzy/opt/gz_rendering_vendor:/opt/ros/jazzy/opt/gz_plugin_vendor:/opt/ros/jazzy/opt/gz_fuel_tools_vendor:/opt/ros/jazzy/opt/gz_msgs_vendor:/opt/ros/jazzy/opt/gz_common_vendor:/opt/ros/jazzy/opt/gz_math_vendor:/opt/ros/jazzy/opt/gz_utils_vendor:/opt/ros/jazzy/opt/gz_tools_vendor:/opt/ros/jazzy/opt/gz_ogre_next_vendor:/opt/ros/jazzy/opt/gz_dartsim_vendor:/opt/ros/jazzy/opt/gz_cmake_vendor:/opt/ros/jazzy'}), 'shell': False}
[16.296169] (bumperbot_msgs) StdoutLine: {'line': b'-- Install configuration: ""\n'}
[16.296450] (bumperbot_msgs) StdoutLine: {'line': b'-- Installing: /home/vboxuser/bumperbot_ws/install/bumperbot_msgs/share/ament_index/resource_index/rosidl_interfaces/bumperbot_msgs\n'}
[16.296679] (bumperbot_msgs) StdoutLine: {'line': b'-- Installing: /home/vboxuser/bumperbot_ws/install/bumperbot_msgs/share/bumperbot_msgs/action/Fibonacci.json\n'}
[16.297242] (bumperbot_msgs) StdoutLine: {'line': b'-- Installing: /home/vboxuser/bumperbot_ws/install/bumperbot_msgs/share/bumperbot_msgs/srv/AddTwoInts.json\n'}
[16.297446] (bumperbot_msgs) StdoutLine: {'line': b'-- Installing: /home/vboxuser/bumperbot_ws/install/bumperbot_msgs/share/bumperbot_msgs/srv/GetTransform.json\n'}
[16.297652] (bumperbot_msgs) StdoutLine: {'line': b'-- Installing: /home/vboxuser/bumperbot_ws/install/bumperbot_msgs/include/bumperbot_msgs/bumperbot_msgs\n'}
[16.297792] (bumperbot_msgs) StdoutLine: {'line': b'-- Installing: /home/vboxuser/bumperbot_ws/install/bumperbot_msgs/include/bumperbot_msgs/bumperbot_msgs/action\n'}
[16.297882] (bumperbot_msgs) StdoutLine: {'line': b'-- Installing: /home/vboxuser/bumperbot_ws/install/bumperbot_msgs/include/bumperbot_msgs/bumperbot_msgs/action/detail\n'}
[16.297970] (bumperbot_msgs) StdoutLine: {'line': b'-- Installing: /home/vboxuser/bumperbot_ws/install/bumperbot_msgs/include/bumperbot_msgs/bumperbot_msgs/action/detail/fibonacci__functions.c\n'}
[16.298177] (bumperbot_msgs) StdoutLine: {'line': b'-- Installing: /home/vboxuser/bumperbot_ws/install/bumperbot_msgs/include/bumperbot_msgs/bumperbot_msgs/action/detail/fibonacci__struct.h\n'}
[16.298319] (bumperbot_msgs) StdoutLine: {'line': b'-- Installing: /home/vboxuser/bumperbot_ws/install/bumperbot_msgs/include/bumperbot_msgs/bumperbot_msgs/action/detail/fibonacci__functions.h\n'}
[16.298448] (bumperbot_msgs) StdoutLine: {'line': b'-- Installing: /home/vboxuser/bumperbot_ws/install/bumperbot_msgs/include/bumperbot_msgs/bumperbot_msgs/action/detail/fibonacci__type_support.c\n'}
[16.298554] (bumperbot_msgs) StdoutLine: {'line': b'-- Installing: /home/vboxuser/bumperbot_ws/install/bumperbot_msgs/include/bumperbot_msgs/bumperbot_msgs/action/detail/fibonacci__description.c\n'}
[16.298678] (bumperbot_msgs) StdoutLine: {'line': b'-- Installing: /home/vboxuser/bumperbot_ws/install/bumperbot_msgs/include/bumperbot_msgs/bumperbot_msgs/action/detail/fibonacci__type_support.h\n'}
[16.298803] (bumperbot_msgs) StdoutLine: {'line': b'-- Installing: /home/vboxuser/bumperbot_ws/install/bumperbot_msgs/include/bumperbot_msgs/bumperbot_msgs/action/fibonacci.h\n'}
[16.298939] (bumperbot_msgs) StdoutLine: {'line': b'-- Installing: /home/vboxuser/bumperbot_ws/install/bumperbot_msgs/include/bumperbot_msgs/bumperbot_msgs/srv\n'}
[16.299033] (bumperbot_msgs) StdoutLine: {'line': b'-- Installing: /home/vboxuser/bumperbot_ws/install/bumperbot_msgs/include/bumperbot_msgs/bumperbot_msgs/srv/get_transform.h\n'}
[16.299130] (bumperbot_msgs) StdoutLine: {'line': b'-- Installing: /home/vboxuser/bumperbot_ws/install/bumperbot_msgs/include/bumperbot_msgs/bumperbot_msgs/srv/detail\n'}
[16.299225] (bumperbot_msgs) StdoutLine: {'line': b'-- Installing: /home/vboxuser/bumperbot_ws/install/bumperbot_msgs/include/bumperbot_msgs/bumperbot_msgs/srv/detail/add_two_ints__struct.h\n'}
[16.299324] (bumperbot_msgs) StdoutLine: {'line': b'-- Installing: /home/vboxuser/bumperbot_ws/install/bumperbot_msgs/include/bumperbot_msgs/bumperbot_msgs/srv/detail/add_two_ints__type_support.h\n'}
[16.299422] (bumperbot_msgs) StdoutLine: {'line': b'-- Installing: /home/vboxuser/bumperbot_ws/install/bumperbot_msgs/include/bumperbot_msgs/bumperbot_msgs/srv/detail/add_two_ints__functions.c\n'}
[16.299529] (bumperbot_msgs) StdoutLine: {'line': b'-- Installing: /home/vboxuser/bumperbot_ws/install/bumperbot_msgs/include/bumperbot_msgs/bumperbot_msgs/srv/detail/get_transform__functions.c\n'}
[16.299635] (bumperbot_msgs) StdoutLine: {'line': b'-- Installing: /home/vboxuser/bumperbot_ws/install/bumperbot_msgs/include/bumperbot_msgs/bumperbot_msgs/srv/detail/add_two_ints__type_support.c\n'}
[16.299781] (bumperbot_msgs) StdoutLine: {'line': b'-- Installing: /home/vboxuser/bumperbot_ws/install/bumperbot_msgs/include/bumperbot_msgs/bumperbot_msgs/srv/detail/add_two_ints__functions.h\n'}
[16.299834] (bumperbot_msgs) StdoutLine: {'line': b'-- Installing: /home/vboxuser/bumperbot_ws/install/bumperbot_msgs/include/bumperbot_msgs/bumperbot_msgs/srv/detail/get_transform__struct.h\n'}
[16.299926] (bumperbot_msgs) StdoutLine: {'line': b'-- Installing: /home/vboxuser/bumperbot_ws/install/bumperbot_msgs/include/bumperbot_msgs/bumperbot_msgs/srv/detail/get_transform__type_support.h\n'}
[16.300020] (bumperbot_msgs) StdoutLine: {'line': b'-- Installing: /home/vboxuser/bumperbot_ws/install/bumperbot_msgs/include/bumperbot_msgs/bumperbot_msgs/srv/detail/get_transform__description.c\n'}
[16.300131] (bumperbot_msgs) StdoutLine: {'line': b'-- Installing: /home/vboxuser/bumperbot_ws/install/bumperbot_msgs/include/bumperbot_msgs/bumperbot_msgs/srv/detail/add_two_ints__description.c\n'}
[16.300234] (bumperbot_msgs) StdoutLine: {'line': b'-- Installing: /home/vboxuser/bumperbot_ws/install/bumperbot_msgs/include/bumperbot_msgs/bumperbot_msgs/srv/detail/get_transform__type_support.c\n'}
[16.300382] (bumperbot_msgs) StdoutLine: {'line': b'-- Installing: /home/vboxuser/bumperbot_ws/install/bumperbot_msgs/include/bumperbot_msgs/bumperbot_msgs/srv/detail/get_transform__functions.h\n'}
[16.300435] (bumperbot_msgs) StdoutLine: {'line': b'-- Installing: /home/vboxuser/bumperbot_ws/install/bumperbot_msgs/include/bumperbot_msgs/bumperbot_msgs/srv/add_two_ints.h\n'}
[16.300525] (bumperbot_msgs) StdoutLine: {'line': b'-- Installing: /home/vboxuser/bumperbot_ws/install/bumperbot_msgs/include/bumperbot_msgs/bumperbot_msgs/msg\n'}
[16.300617] (bumperbot_msgs) StdoutLine: {'line': b'-- Installing: /home/vboxuser/bumperbot_ws/install/bumperbot_msgs/include/bumperbot_msgs/bumperbot_msgs/msg/rosidl_generator_c__visibility_control.h\n'}
[16.300782] (bumperbot_msgs) StdoutLine: {'line': b'-- Installing: /home/vboxuser/bumperbot_ws/install/bumperbot_msgs/share/bumperbot_msgs/environment/library_path.sh\n'}
[16.300930] (bumperbot_msgs) StdoutLine: {'line': b'-- Installing: /home/vboxuser/bumperbot_ws/install/bumperbot_msgs/share/bumperbot_msgs/environment/library_path.dsv\n'}
[16.301082] (bumperbot_msgs) StdoutLine: {'line': b'-- Installing: /home/vboxuser/bumperbot_ws/install/bumperbot_msgs/lib/libbumperbot_msgs__rosidl_generator_c.so\n'}
[16.301382] (bumperbot_msgs) StdoutLine: {'line': b'-- Set non-toolchain portion of runtime path of "/home/vboxuser/bumperbot_ws/install/bumperbot_msgs/lib/libbumperbot_msgs__rosidl_generator_c.so" to ""\n'}
[16.301481] (bumperbot_msgs) StdoutLine: {'line': b'-- Up-to-date: /home/vboxuser/bumperbot_ws/install/bumperbot_msgs/include/bumperbot_msgs/bumperbot_msgs\n'}
[16.301551] (bumperbot_msgs) StdoutLine: {'line': b'-- Up-to-date: /home/vboxuser/bumperbot_ws/install/bumperbot_msgs/include/bumperbot_msgs/bumperbot_msgs/action\n'}
[16.301613] (bumperbot_msgs) StdoutLine: {'line': b'-- Up-to-date: /home/vboxuser/bumperbot_ws/install/bumperbot_msgs/include/bumperbot_msgs/bumperbot_msgs/action/detail\n'}
[16.301679] (bumperbot_msgs) StdoutLine: {'line': b'-- Installing: /home/vboxuser/bumperbot_ws/install/bumperbot_msgs/include/bumperbot_msgs/bumperbot_msgs/action/detail/fibonacci__rosidl_typesupport_fastrtps_c.h\n'}
[16.301796] (bumperbot_msgs) StdoutLine: {'line': b'-- Up-to-date: /home/vboxuser/bumperbot_ws/install/bumperbot_msgs/include/bumperbot_msgs/bumperbot_msgs/srv\n'}
[16.301867] (bumperbot_msgs) StdoutLine: {'line': b'-- Up-to-date: /home/vboxuser/bumperbot_ws/install/bumperbot_msgs/include/bumperbot_msgs/bumperbot_msgs/srv/detail\n'}
[16.301938] (bumperbot_msgs) StdoutLine: {'line': b'-- Installing: /home/vboxuser/bumperbot_ws/install/bumperbot_msgs/include/bumperbot_msgs/bumperbot_msgs/srv/detail/get_transform__rosidl_typesupport_fastrtps_c.h\n'}
[16.302037] (bumperbot_msgs) StdoutLine: {'line': b'-- Installing: /home/vboxuser/bumperbot_ws/install/bumperbot_msgs/include/bumperbot_msgs/bumperbot_msgs/srv/detail/add_two_ints__rosidl_typesupport_fastrtps_c.h\n'}
[16.302135] (bumperbot_msgs) StdoutLine: {'line': b'-- Up-to-date: /home/vboxuser/bumperbot_ws/install/bumperbot_msgs/include/bumperbot_msgs/bumperbot_msgs/msg\n'}
[16.302290] (bumperbot_msgs) StdoutLine: {'line': b'-- Installing: /home/vboxuser/bumperbot_ws/install/bumperbot_msgs/include/bumperbot_msgs/bumperbot_msgs/msg/rosidl_typesupport_fastrtps_c__visibility_control.h\n'}
[16.302351] (bumperbot_msgs) StdoutLine: {'line': b'-- Installing: /home/vboxuser/bumperbot_ws/install/bumperbot_msgs/lib/libbumperbot_msgs__rosidl_typesupport_fastrtps_c.so\n'}
[16.302625] (bumperbot_msgs) StdoutLine: {'line': b'-- Set non-toolchain portion of runtime path of "/home/vboxuser/bumperbot_ws/install/bumperbot_msgs/lib/libbumperbot_msgs__rosidl_typesupport_fastrtps_c.so" to ""\n'}
[16.302719] (bumperbot_msgs) StdoutLine: {'line': b'-- Up-to-date: /home/vboxuser/bumperbot_ws/install/bumperbot_msgs/include/bumperbot_msgs/bumperbot_msgs\n'}
[16.302833] (bumperbot_msgs) StdoutLine: {'line': b'-- Up-to-date: /home/vboxuser/bumperbot_ws/install/bumperbot_msgs/include/bumperbot_msgs/bumperbot_msgs/action\n'}
[16.302912] (bumperbot_msgs) StdoutLine: {'line': b'-- Up-to-date: /home/vboxuser/bumperbot_ws/install/bumperbot_msgs/include/bumperbot_msgs/bumperbot_msgs/action/detail\n'}
[16.302981] (bumperbot_msgs) StdoutLine: {'line': b'-- Installing: /home/vboxuser/bumperbot_ws/install/bumperbot_msgs/include/bumperbot_msgs/bumperbot_msgs/action/detail/fibonacci__type_support.hpp\n'}
[16.303087] (bumperbot_msgs) StdoutLine: {'line': b'-- Installing: /home/vboxuser/bumperbot_ws/install/bumperbot_msgs/include/bumperbot_msgs/bumperbot_msgs/action/detail/fibonacci__builder.hpp\n'}
[16.303195] (bumperbot_msgs) StdoutLine: {'line': b'-- Installing: /home/vboxuser/bumperbot_ws/install/bumperbot_msgs/include/bumperbot_msgs/bumperbot_msgs/action/detail/fibonacci__struct.hpp\n'}
[16.303309] (bumperbot_msgs) StdoutLine: {'line': b'-- Installing: /home/vboxuser/bumperbot_ws/install/bumperbot_msgs/include/bumperbot_msgs/bumperbot_msgs/action/detail/fibonacci__traits.hpp\n'}
[16.303423] (bumperbot_msgs) StdoutLine: {'line': b'-- Installing: /home/vboxuser/bumperbot_ws/install/bumperbot_msgs/include/bumperbot_msgs/bumperbot_msgs/action/fibonacci.hpp\n'}
[16.303523] (bumperbot_msgs) StdoutLine: {'line': b'-- Up-to-date: /home/vboxuser/bumperbot_ws/install/bumperbot_msgs/include/bumperbot_msgs/bumperbot_msgs/srv\n'}
[16.303613] (bumperbot_msgs) StdoutLine: {'line': b'-- Up-to-date: /home/vboxuser/bumperbot_ws/install/bumperbot_msgs/include/bumperbot_msgs/bumperbot_msgs/srv/detail\n'}
[16.303715] (bumperbot_msgs) StdoutLine: {'line': b'-- Installing: /home/vboxuser/bumperbot_ws/install/bumperbot_msgs/include/bumperbot_msgs/bumperbot_msgs/srv/detail/add_two_ints__traits.hpp\n'}
[16.303819] (bumperbot_msgs) StdoutLine: {'line': b'-- Installing: /home/vboxuser/bumperbot_ws/install/bumperbot_msgs/include/bumperbot_msgs/bumperbot_msgs/srv/detail/get_transform__traits.hpp\n'}
[16.303916] (bumperbot_msgs) StdoutLine: {'line': b'-- Installing: /home/vboxuser/bumperbot_ws/install/bumperbot_msgs/include/bumperbot_msgs/bumperbot_msgs/srv/detail/get_transform__builder.hpp\n'}
[16.303966] (bumperbot_msgs) StdoutLine: {'line': b'-- Installing: /home/vboxuser/bumperbot_ws/install/bumperbot_msgs/include/bumperbot_msgs/bumperbot_msgs/srv/detail/add_two_ints__struct.hpp\n'}
[16.304061] (bumperbot_msgs) StdoutLine: {'line': b'-- Installing: /home/vboxuser/bumperbot_ws/install/bumperbot_msgs/include/bumperbot_msgs/bumperbot_msgs/srv/detail/get_transform__struct.hpp\n'}
[16.304160] (bumperbot_msgs) StdoutLine: {'line': b'-- Installing: /home/vboxuser/bumperbot_ws/install/bumperbot_msgs/include/bumperbot_msgs/bumperbot_msgs/srv/detail/add_two_ints__builder.hpp\n'}
[16.304259] (bumperbot_msgs) StdoutLine: {'line': b'-- Installing: /home/vboxuser/bumperbot_ws/install/bumperbot_msgs/include/bumperbot_msgs/bumperbot_msgs/srv/detail/add_two_ints__type_support.hpp\n'}
[16.304352] (bumperbot_msgs) StdoutLine: {'line': b'-- Installing: /home/vboxuser/bumperbot_ws/install/bumperbot_msgs/include/bumperbot_msgs/bumperbot_msgs/srv/detail/get_transform__type_support.hpp\n'}
[16.304448] (bumperbot_msgs) StdoutLine: {'line': b'-- Installing: /home/vboxuser/bumperbot_ws/install/bumperbot_msgs/include/bumperbot_msgs/bumperbot_msgs/srv/add_two_ints.hpp\n'}
[16.304543] (bumperbot_msgs) StdoutLine: {'line': b'-- Installing: /home/vboxuser/bumperbot_ws/install/bumperbot_msgs/include/bumperbot_msgs/bumperbot_msgs/srv/get_transform.hpp\n'}
[16.304634] (bumperbot_msgs) StdoutLine: {'line': b'-- Up-to-date: /home/vboxuser/bumperbot_ws/install/bumperbot_msgs/include/bumperbot_msgs/bumperbot_msgs/msg\n'}
[16.304776] (bumperbot_msgs) StdoutLine: {'line': b'-- Installing: /home/vboxuser/bumperbot_ws/install/bumperbot_msgs/include/bumperbot_msgs/bumperbot_msgs/msg/rosidl_generator_cpp__visibility_control.hpp\n'}
[16.304892] (bumperbot_msgs) StdoutLine: {'line': b'-- Up-to-date: /home/vboxuser/bumperbot_ws/install/bumperbot_msgs/include/bumperbot_msgs/bumperbot_msgs\n'}
[16.305030] (bumperbot_msgs) StdoutLine: {'line': b'-- Up-to-date: /home/vboxuser/bumperbot_ws/install/bumperbot_msgs/include/bumperbot_msgs/bumperbot_msgs/action\n'}
[16.305070] (bumperbot_msgs) StdoutLine: {'line': b'-- Up-to-date: /home/vboxuser/bumperbot_ws/install/bumperbot_msgs/include/bumperbot_msgs/bumperbot_msgs/action/detail\n'}
[16.305104] (bumperbot_msgs) StdoutLine: {'line': b'-- Installing: /home/vboxuser/bumperbot_ws/install/bumperbot_msgs/include/bumperbot_msgs/bumperbot_msgs/action/detail/dds_fastrtps\n'}
[16.305244] (bumperbot_msgs) StdoutLine: {'line': b'-- Installing: /home/vboxuser/bumperbot_ws/install/bumperbot_msgs/include/bumperbot_msgs/bumperbot_msgs/action/detail/fibonacci__rosidl_typesupport_fastrtps_cpp.hpp\n'}
[16.305285] (bumperbot_msgs) StdoutLine: {'line': b'-- Up-to-date: /home/vboxuser/bumperbot_ws/install/bumperbot_msgs/include/bumperbot_msgs/bumperbot_msgs/srv\n'}
[16.305451] (bumperbot_msgs) StdoutLine: {'line': b'-- Up-to-date: /home/vboxuser/bumperbot_ws/install/bumperbot_msgs/include/bumperbot_msgs/bumperbot_msgs/srv/detail\n'}
[16.305494] (bumperbot_msgs) StdoutLine: {'line': b'-- Installing: /home/vboxuser/bumperbot_ws/install/bumperbot_msgs/include/bumperbot_msgs/bumperbot_msgs/srv/detail/dds_fastrtps\n'}
[16.305523] (bumperbot_msgs) StdoutLine: {'line': b'-- Installing: /home/vboxuser/bumperbot_ws/install/bumperbot_msgs/include/bumperbot_msgs/bumperbot_msgs/srv/detail/add_two_ints__rosidl_typesupport_fastrtps_cpp.hpp\n'}
[16.305646] (bumperbot_msgs) StdoutLine: {'line': b'-- Installing: /home/vboxuser/bumperbot_ws/install/bumperbot_msgs/include/bumperbot_msgs/bumperbot_msgs/srv/detail/get_transform__rosidl_typesupport_fastrtps_cpp.hpp\n'}
[16.305685] (bumperbot_msgs) StdoutLine: {'line': b'-- Up-to-date: /home/vboxuser/bumperbot_ws/install/bumperbot_msgs/include/bumperbot_msgs/bumperbot_msgs/msg\n'}
[16.305811] (bumperbot_msgs) StdoutLine: {'line': b'-- Installing: /home/vboxuser/bumperbot_ws/install/bumperbot_msgs/include/bumperbot_msgs/bumperbot_msgs/msg/rosidl_typesupport_fastrtps_cpp__visibility_control.h\n'}
[16.306181] (bumperbot_msgs) StdoutLine: {'line': b'-- Installing: /home/vboxuser/bumperbot_ws/install/bumperbot_msgs/lib/libbumperbot_msgs__rosidl_typesupport_fastrtps_cpp.so\n'}
[16.306245] (bumperbot_msgs) StdoutLine: {'line': b'-- Set non-toolchain portion of runtime path of "/home/vboxuser/bumperbot_ws/install/bumperbot_msgs/lib/libbumperbot_msgs__rosidl_typesupport_fastrtps_cpp.so" to ""\n'}
[16.306328] (bumperbot_msgs) StdoutLine: {'line': b'-- Up-to-date: /home/vboxuser/bumperbot_ws/install/bumperbot_msgs/include/bumperbot_msgs/bumperbot_msgs\n'}
[16.306402] (bumperbot_msgs) StdoutLine: {'line': b'-- Up-to-date: /home/vboxuser/bumperbot_ws/install/bumperbot_msgs/include/bumperbot_msgs/bumperbot_msgs/action\n'}
[16.306464] (bumperbot_msgs) StdoutLine: {'line': b'-- Up-to-date: /home/vboxuser/bumperbot_ws/install/bumperbot_msgs/include/bumperbot_msgs/bumperbot_msgs/action/detail\n'}
[16.306585] (bumperbot_msgs) StdoutLine: {'line': b'-- Installing: /home/vboxuser/bumperbot_ws/install/bumperbot_msgs/include/bumperbot_msgs/bumperbot_msgs/action/detail/fibonacci__rosidl_typesupport_introspection_c.h\n'}
[16.306738] (bumperbot_msgs) StdoutLine: {'line': b'-- Installing: /home/vboxuser/bumperbot_ws/install/bumperbot_msgs/include/bumperbot_msgs/bumperbot_msgs/action/detail/fibonacci__type_support.c\n'}
[16.306821] (bumperbot_msgs) StdoutLine: {'line': b'-- Up-to-date: /home/vboxuser/bumperbot_ws/install/bumperbot_msgs/include/bumperbot_msgs/bumperbot_msgs/srv\n'}
[16.306909] (bumperbot_msgs) StdoutLine: {'line': b'-- Up-to-date: /home/vboxuser/bumperbot_ws/install/bumperbot_msgs/include/bumperbot_msgs/bumperbot_msgs/srv/detail\n'}
[16.307048] (bumperbot_msgs) StdoutLine: {'line': b'-- Installing: /home/vboxuser/bumperbot_ws/install/bumperbot_msgs/include/bumperbot_msgs/bumperbot_msgs/srv/detail/add_two_ints__type_support.c\n'}
[16.307104] (bumperbot_msgs) StdoutLine: {'line': b'-- Installing: /home/vboxuser/bumperbot_ws/install/bumperbot_msgs/include/bumperbot_msgs/bumperbot_msgs/srv/detail/add_two_ints__rosidl_typesupport_introspection_c.h\n'}
[16.307199] (bumperbot_msgs) StdoutLine: {'line': b'-- Installing: /home/vboxuser/bumperbot_ws/install/bumperbot_msgs/include/bumperbot_msgs/bumperbot_msgs/srv/detail/get_transform__type_support.c\n'}
[16.309020] (bumperbot_msgs) StdoutLine: {'line': b'-- Installing: /home/vboxuser/bumperbot_ws/install/bumperbot_msgs/include/bumperbot_msgs/bumperbot_msgs/srv/detail/get_transform__rosidl_typesupport_introspection_c.h\n'}
[16.309184] (bumperbot_msgs) StdoutLine: {'line': b'-- Up-to-date: /home/vboxuser/bumperbot_ws/install/bumperbot_msgs/include/bumperbot_msgs/bumperbot_msgs/msg\n'}
[16.309339] (bumperbot_msgs) StdoutLine: {'line': b'-- Installing: /home/vboxuser/bumperbot_ws/install/bumperbot_msgs/include/bumperbot_msgs/bumperbot_msgs/msg/rosidl_typesupport_introspection_c__visibility_control.h\n'}
[16.309582] (bumperbot_msgs) StdoutLine: {'line': b'-- Installing: /home/vboxuser/bumperbot_ws/install/bumperbot_msgs/lib/libbumperbot_msgs__rosidl_typesupport_introspection_c.so\n'}
[16.309644] (bumperbot_msgs) StdoutLine: {'line': b'-- Set non-toolchain portion of runtime path of "/home/vboxuser/bumperbot_ws/install/bumperbot_msgs/lib/libbumperbot_msgs__rosidl_typesupport_introspection_c.so" to ""\n'}
[16.309738] (bumperbot_msgs) StdoutLine: {'line': b'-- Installing: /home/vboxuser/bumperbot_ws/install/bumperbot_msgs/lib/libbumperbot_msgs__rosidl_typesupport_c.so\n'}
[16.309957] (bumperbot_msgs) StdoutLine: {'line': b'-- Set non-toolchain portion of runtime path of "/home/vboxuser/bumperbot_ws/install/bumperbot_msgs/lib/libbumperbot_msgs__rosidl_typesupport_c.so" to ""\n'}
[16.310051] (bumperbot_msgs) StdoutLine: {'line': b'-- Up-to-date: /home/vboxuser/bumperbot_ws/install/bumperbot_msgs/include/bumperbot_msgs/bumperbot_msgs\n'}
[16.310154] (bumperbot_msgs) StdoutLine: {'line': b'-- Up-to-date: /home/vboxuser/bumperbot_ws/install/bumperbot_msgs/include/bumperbot_msgs/bumperbot_msgs/action\n'}
[16.310304] (bumperbot_msgs) StdoutLine: {'line': b'-- Up-to-date: /home/vboxuser/bumperbot_ws/install/bumperbot_msgs/include/bumperbot_msgs/bumperbot_msgs/action/detail\n'}
[16.310347] (bumperbot_msgs) StdoutLine: {'line': b'-- Installing: /home/vboxuser/bumperbot_ws/install/bumperbot_msgs/include/bumperbot_msgs/bumperbot_msgs/action/detail/fibonacci__type_support.cpp\n'}
[16.310447] (bumperbot_msgs) StdoutLine: {'line': b'-- Installing: /home/vboxuser/bumperbot_ws/install/bumperbot_msgs/include/bumperbot_msgs/bumperbot_msgs/action/detail/fibonacci__rosidl_typesupport_introspection_cpp.hpp\n'}
[16.310521] (bumperbot_msgs) StdoutLine: {'line': b'-- Up-to-date: /home/vboxuser/bumperbot_ws/install/bumperbot_msgs/include/bumperbot_msgs/bumperbot_msgs/srv\n'}
[16.310642] (bumperbot_msgs) StdoutLine: {'line': b'-- Up-to-date: /home/vboxuser/bumperbot_ws/install/bumperbot_msgs/include/bumperbot_msgs/bumperbot_msgs/srv/detail\n'}
[16.310682] (bumperbot_msgs) StdoutLine: {'line': b'-- Installing: /home/vboxuser/bumperbot_ws/install/bumperbot_msgs/include/bumperbot_msgs/bumperbot_msgs/srv/detail/add_two_ints__rosidl_typesupport_introspection_cpp.hpp\n'}
[16.310781] (bumperbot_msgs) StdoutLine: {'line': b'-- Installing: /home/vboxuser/bumperbot_ws/install/bumperbot_msgs/include/bumperbot_msgs/bumperbot_msgs/srv/detail/get_transform__rosidl_typesupport_introspection_cpp.hpp\n'}
[16.310926] (bumperbot_msgs) StdoutLine: {'line': b'-- Installing: /home/vboxuser/bumperbot_ws/install/bumperbot_msgs/include/bumperbot_msgs/bumperbot_msgs/srv/detail/add_two_ints__type_support.cpp\n'}
[16.311082] (bumperbot_msgs) StdoutLine: {'line': b'-- Installing: /home/vboxuser/bumperbot_ws/install/bumperbot_msgs/include/bumperbot_msgs/bumperbot_msgs/srv/detail/get_transform__type_support.cpp\n'}
[16.311467] (bumperbot_msgs) StdoutLine: {'line': b'-- Installing: /home/vboxuser/bumperbot_ws/install/bumperbot_msgs/lib/libbumperbot_msgs__rosidl_typesupport_introspection_cpp.so\n'}
[16.311533] (bumperbot_msgs) StdoutLine: {'line': b'-- Set non-toolchain portion of runtime path of "/home/vboxuser/bumperbot_ws/install/bumperbot_msgs/lib/libbumperbot_msgs__rosidl_typesupport_introspection_cpp.so" to ""\n'}
[16.311630] (bumperbot_msgs) StdoutLine: {'line': b'-- Installing: /home/vboxuser/bumperbot_ws/install/bumperbot_msgs/lib/libbumperbot_msgs__rosidl_typesupport_cpp.so\n'}
[16.311973] (bumperbot_msgs) StdoutLine: {'line': b'-- Set non-toolchain portion of runtime path of "/home/vboxuser/bumperbot_ws/install/bumperbot_msgs/lib/libbumperbot_msgs__rosidl_typesupport_cpp.so" to ""\n'}
[16.312044] (bumperbot_msgs) StdoutLine: {'line': b'-- Installing: /home/vboxuser/bumperbot_ws/install/bumperbot_msgs/share/bumperbot_msgs/environment/pythonpath.sh\n'}
[16.312166] (bumperbot_msgs) StdoutLine: {'line': b'-- Installing: /home/vboxuser/bumperbot_ws/install/bumperbot_msgs/share/bumperbot_msgs/environment/pythonpath.dsv\n'}
[16.312304] (bumperbot_msgs) StdoutLine: {'line': b'-- Installing: /home/vboxuser/bumperbot_ws/install/bumperbot_msgs/lib/python3.12/site-packages/bumperbot_msgs-0.0.0-py3.12.egg-info\n'}
[16.312430] (bumperbot_msgs) StdoutLine: {'line': b'-- Installing: /home/vboxuser/bumperbot_ws/install/bumperbot_msgs/lib/python3.12/site-packages/bumperbot_msgs-0.0.0-py3.12.egg-info/dependency_links.txt\n'}
[16.312532] (bumperbot_msgs) StdoutLine: {'line': b'-- Installing: /home/vboxuser/bumperbot_ws/install/bumperbot_msgs/lib/python3.12/site-packages/bumperbot_msgs-0.0.0-py3.12.egg-info/PKG-INFO\n'}
[16.312626] (bumperbot_msgs) StdoutLine: {'line': b'-- Installing: /home/vboxuser/bumperbot_ws/install/bumperbot_msgs/lib/python3.12/site-packages/bumperbot_msgs-0.0.0-py3.12.egg-info/SOURCES.txt\n'}
[16.312718] (bumperbot_msgs) StdoutLine: {'line': b'-- Installing: /home/vboxuser/bumperbot_ws/install/bumperbot_msgs/lib/python3.12/site-packages/bumperbot_msgs-0.0.0-py3.12.egg-info/top_level.txt\n'}
[16.312861] (bumperbot_msgs) StdoutLine: {'line': b'-- Installing: /home/vboxuser/bumperbot_ws/install/bumperbot_msgs/lib/python3.12/site-packages/bumperbot_msgs\n'}
[16.312978] (bumperbot_msgs) StdoutLine: {'line': b'-- Installing: /home/vboxuser/bumperbot_ws/install/bumperbot_msgs/lib/python3.12/site-packages/bumperbot_msgs/action\n'}
[16.313069] (bumperbot_msgs) StdoutLine: {'line': b'-- Installing: /home/vboxuser/bumperbot_ws/install/bumperbot_msgs/lib/python3.12/site-packages/bumperbot_msgs/action/__init__.py\n'}
[16.313194] (bumperbot_msgs) StdoutLine: {'line': b'-- Installing: /home/vboxuser/bumperbot_ws/install/bumperbot_msgs/lib/python3.12/site-packages/bumperbot_msgs/action/_fibonacci_s.c\n'}
[16.313323] (bumperbot_msgs) StdoutLine: {'line': b'-- Installing: /home/vboxuser/bumperbot_ws/install/bumperbot_msgs/lib/python3.12/site-packages/bumperbot_msgs/action/_fibonacci.py\n'}
[16.313447] (bumperbot_msgs) StdoutLine: {'line': b'-- Installing: /home/vboxuser/bumperbot_ws/install/bumperbot_msgs/lib/python3.12/site-packages/bumperbot_msgs/srv\n'}
[16.313542] (bumperbot_msgs) StdoutLine: {'line': b'-- Installing: /home/vboxuser/bumperbot_ws/install/bumperbot_msgs/lib/python3.12/site-packages/bumperbot_msgs/srv/__init__.py\n'}
[16.313644] (bumperbot_msgs) StdoutLine: {'line': b'-- Installing: /home/vboxuser/bumperbot_ws/install/bumperbot_msgs/lib/python3.12/site-packages/bumperbot_msgs/srv/_get_transform_s.c\n'}
[16.313749] (bumperbot_msgs) StdoutLine: {'line': b'-- Installing: /home/vboxuser/bumperbot_ws/install/bumperbot_msgs/lib/python3.12/site-packages/bumperbot_msgs/srv/_get_transform.py\n'}
[16.313858] (bumperbot_msgs) StdoutLine: {'line': b'-- Installing: /home/vboxuser/bumperbot_ws/install/bumperbot_msgs/lib/python3.12/site-packages/bumperbot_msgs/srv/_add_two_ints_s.c\n'}
[16.313961] (bumperbot_msgs) StdoutLine: {'line': b'-- Installing: /home/vboxuser/bumperbot_ws/install/bumperbot_msgs/lib/python3.12/site-packages/bumperbot_msgs/srv/_add_two_ints.py\n'}
[16.314066] (bumperbot_msgs) StdoutLine: {'line': b'-- Installing: /home/vboxuser/bumperbot_ws/install/bumperbot_msgs/lib/python3.12/site-packages/bumperbot_msgs/bumperbot_msgs_s__rosidl_typesupport_c.so\n'}
[16.314191] (bumperbot_msgs) StdoutLine: {'line': b'-- Installing: /home/vboxuser/bumperbot_ws/install/bumperbot_msgs/lib/python3.12/site-packages/bumperbot_msgs/__init__.py\n'}
[16.314362] (bumperbot_msgs) StdoutLine: {'line': b'-- Installing: /home/vboxuser/bumperbot_ws/install/bumperbot_msgs/lib/python3.12/site-packages/bumperbot_msgs/_bumperbot_msgs_s.ep.rosidl_typesupport_fastrtps_c.c\n'}
[16.314484] (bumperbot_msgs) StdoutLine: {'line': b'-- Installing: /home/vboxuser/bumperbot_ws/install/bumperbot_msgs/lib/python3.12/site-packages/bumperbot_msgs/bumperbot_msgs_s__rosidl_typesupport_fastrtps_c.so\n'}
[16.314536] (bumperbot_msgs) StdoutLine: {'line': b'-- Installing: /home/vboxuser/bumperbot_ws/install/bumperbot_msgs/lib/python3.12/site-packages/bumperbot_msgs/_bumperbot_msgs_s.ep.rosidl_typesupport_introspection_c.c\n'}
[16.314664] (bumperbot_msgs) StdoutLine: {'line': b'-- Installing: /home/vboxuser/bumperbot_ws/install/bumperbot_msgs/lib/python3.12/site-packages/bumperbot_msgs/_bumperbot_msgs_s.ep.rosidl_typesupport_c.c\n'}
[16.314795] (bumperbot_msgs) StdoutLine: {'line': b'-- Installing: /home/vboxuser/bumperbot_ws/install/bumperbot_msgs/lib/python3.12/site-packages/bumperbot_msgs/bumperbot_msgs_s__rosidl_typesupport_introspection_c.so\n'}
[16.350153] (-) TimerEvent: {}
[16.365127] (bumperbot_msgs) StdoutLine: {'line': b"Listing '/home/vboxuser/bumperbot_ws/install/bumperbot_msgs/lib/python3.12/site-packages/bumperbot_msgs'...\n"}
[16.365243] (bumperbot_msgs) StdoutLine: {'line': b"Compiling '/home/vboxuser/bumperbot_ws/install/bumperbot_msgs/lib/python3.12/site-packages/bumperbot_msgs/__init__.py'...\n"}
[16.365279] (bumperbot_msgs) StdoutLine: {'line': b"Listing '/home/vboxuser/bumperbot_ws/install/bumperbot_msgs/lib/python3.12/site-packages/bumperbot_msgs/action'...\n"}
[16.365309] (bumperbot_msgs) StdoutLine: {'line': b"Compiling '/home/vboxuser/bumperbot_ws/install/bumperbot_msgs/lib/python3.12/site-packages/bumperbot_msgs/action/__init__.py'...\n"}
[16.365338] (bumperbot_msgs) StdoutLine: {'line': b"Compiling '/home/vboxuser/bumperbot_ws/install/bumperbot_msgs/lib/python3.12/site-packages/bumperbot_msgs/action/_fibonacci.py'...\n"}
[16.365366] (bumperbot_msgs) StdoutLine: {'line': b"Listing '/home/vboxuser/bumperbot_ws/install/bumperbot_msgs/lib/python3.12/site-packages/bumperbot_msgs/srv'...\n"}
[16.365393] (bumperbot_msgs) StdoutLine: {'line': b"Compiling '/home/vboxuser/bumperbot_ws/install/bumperbot_msgs/lib/python3.12/site-packages/bumperbot_msgs/srv/__init__.py'...\n"}
[16.365420] (bumperbot_msgs) StdoutLine: {'line': b"Compiling '/home/vboxuser/bumperbot_ws/install/bumperbot_msgs/lib/python3.12/site-packages/bumperbot_msgs/srv/_add_two_ints.py'...\n"}
[16.365448] (bumperbot_msgs) StdoutLine: {'line': b"Compiling '/home/vboxuser/bumperbot_ws/install/bumperbot_msgs/lib/python3.12/site-packages/bumperbot_msgs/srv/_get_transform.py'...\n"}
[16.371357] (bumperbot_msgs) StdoutLine: {'line': b'-- Installing: /home/vboxuser/bumperbot_ws/install/bumperbot_msgs/lib/python3.12/site-packages/bumperbot_msgs/bumperbot_msgs_s__rosidl_typesupport_fastrtps_c.so\n'}
[16.371705] (bumperbot_msgs) StdoutLine: {'line': b'-- Set non-toolchain portion of runtime path of "/home/vboxuser/bumperbot_ws/install/bumperbot_msgs/lib/python3.12/site-packages/bumperbot_msgs/bumperbot_msgs_s__rosidl_typesupport_fastrtps_c.so" to ""\n'}
[16.371925] (bumperbot_msgs) StdoutLine: {'line': b'-- Installing: /home/vboxuser/bumperbot_ws/install/bumperbot_msgs/lib/python3.12/site-packages/bumperbot_msgs/bumperbot_msgs_s__rosidl_typesupport_introspection_c.so\n'}
[16.372163] (bumperbot_msgs) StdoutLine: {'line': b'-- Set non-toolchain portion of runtime path of "/home/vboxuser/bumperbot_ws/install/bumperbot_msgs/lib/python3.12/site-packages/bumperbot_msgs/bumperbot_msgs_s__rosidl_typesupport_introspection_c.so" to ""\n'}
[16.372342] (bumperbot_msgs) StdoutLine: {'line': b'-- Installing: /home/vboxuser/bumperbot_ws/install/bumperbot_msgs/lib/python3.12/site-packages/bumperbot_msgs/bumperbot_msgs_s__rosidl_typesupport_c.so\n'}
[16.372567] (bumperbot_msgs) StdoutLine: {'line': b'-- Set non-toolchain portion of runtime path of "/home/vboxuser/bumperbot_ws/install/bumperbot_msgs/lib/python3.12/site-packages/bumperbot_msgs/bumperbot_msgs_s__rosidl_typesupport_c.so" to ""\n'}
[16.372683] (bumperbot_msgs) StdoutLine: {'line': b'-- Installing: /home/vboxuser/bumperbot_ws/install/bumperbot_msgs/lib/libbumperbot_msgs__rosidl_generator_py.so\n'}
[16.372931] (bumperbot_msgs) StdoutLine: {'line': b'-- Set non-toolchain portion of runtime path of "/home/vboxuser/bumperbot_ws/install/bumperbot_msgs/lib/libbumperbot_msgs__rosidl_generator_py.so" to ""\n'}
[16.373041] (bumperbot_msgs) StdoutLine: {'line': b'-- Installing: /home/vboxuser/bumperbot_ws/install/bumperbot_msgs/share/bumperbot_msgs/action/Fibonacci.idl\n'}
[16.373226] (bumperbot_msgs) StdoutLine: {'line': b'-- Installing: /home/vboxuser/bumperbot_ws/install/bumperbot_msgs/share/bumperbot_msgs/srv/AddTwoInts.idl\n'}
[16.373368] (bumperbot_msgs) StdoutLine: {'line': b'-- Installing: /home/vboxuser/bumperbot_ws/install/bumperbot_msgs/share/bumperbot_msgs/srv/GetTransform.idl\n'}
[16.373493] (bumperbot_msgs) StdoutLine: {'line': b'-- Installing: /home/vboxuser/bumperbot_ws/install/bumperbot_msgs/share/bumperbot_msgs/action/Fibonacci.action\n'}
[16.373619] (bumperbot_msgs) StdoutLine: {'line': b'-- Installing: /home/vboxuser/bumperbot_ws/install/bumperbot_msgs/share/bumperbot_msgs/srv/AddTwoInts.srv\n'}
[16.373735] (bumperbot_msgs) StdoutLine: {'line': b'-- Installing: /home/vboxuser/bumperbot_ws/install/bumperbot_msgs/share/bumperbot_msgs/srv/GetTransform.srv\n'}
[16.373885] (bumperbot_msgs) StdoutLine: {'line': b'-- Installing: /home/vboxuser/bumperbot_ws/install/bumperbot_msgs/share/ament_index/resource_index/package_run_dependencies/bumperbot_msgs\n'}
[16.374030] (bumperbot_msgs) StdoutLine: {'line': b'-- Installing: /home/vboxuser/bumperbot_ws/install/bumperbot_msgs/share/ament_index/resource_index/parent_prefix_path/bumperbot_msgs\n'}
[16.374156] (bumperbot_msgs) StdoutLine: {'line': b'-- Installing: /home/vboxuser/bumperbot_ws/install/bumperbot_msgs/share/bumperbot_msgs/environment/ament_prefix_path.sh\n'}
[16.374273] (bumperbot_msgs) StdoutLine: {'line': b'-- Installing: /home/vboxuser/bumperbot_ws/install/bumperbot_msgs/share/bumperbot_msgs/environment/ament_prefix_path.dsv\n'}
[16.374390] (bumperbot_msgs) StdoutLine: {'line': b'-- Installing: /home/vboxuser/bumperbot_ws/install/bumperbot_msgs/share/bumperbot_msgs/environment/path.sh\n'}
[16.374509] (bumperbot_msgs) StdoutLine: {'line': b'-- Installing: /home/vboxuser/bumperbot_ws/install/bumperbot_msgs/share/bumperbot_msgs/environment/path.dsv\n'}
[16.374630] (bumperbot_msgs) StdoutLine: {'line': b'-- Installing: /home/vboxuser/bumperbot_ws/install/bumperbot_msgs/share/bumperbot_msgs/local_setup.bash\n'}
[16.374749] (bumperbot_msgs) StdoutLine: {'line': b'-- Installing: /home/vboxuser/bumperbot_ws/install/bumperbot_msgs/share/bumperbot_msgs/local_setup.sh\n'}
[16.374870] (bumperbot_msgs) StdoutLine: {'line': b'-- Installing: /home/vboxuser/bumperbot_ws/install/bumperbot_msgs/share/bumperbot_msgs/local_setup.zsh\n'}
[16.374987] (bumperbot_msgs) StdoutLine: {'line': b'-- Installing: /home/vboxuser/bumperbot_ws/install/bumperbot_msgs/share/bumperbot_msgs/local_setup.dsv\n'}
[16.375100] (bumperbot_msgs) StdoutLine: {'line': b'-- Installing: /home/vboxuser/bumperbot_ws/install/bumperbot_msgs/share/bumperbot_msgs/package.dsv\n'}
[16.375321] (bumperbot_msgs) StdoutLine: {'line': b'-- Installing: /home/vboxuser/bumperbot_ws/install/bumperbot_msgs/share/ament_index/resource_index/packages/bumperbot_msgs\n'}
[16.375490] (bumperbot_msgs) StdoutLine: {'line': b'-- Installing: /home/vboxuser/bumperbot_ws/install/bumperbot_msgs/share/bumperbot_msgs/cmake/export_bumperbot_msgs__rosidl_generator_cExport.cmake\n'}
[16.375630] (bumperbot_msgs) StdoutLine: {'line': b'-- Installing: /home/vboxuser/bumperbot_ws/install/bumperbot_msgs/share/bumperbot_msgs/cmake/export_bumperbot_msgs__rosidl_generator_cExport-noconfig.cmake\n'}
[16.375764] (bumperbot_msgs) StdoutLine: {'line': b'-- Installing: /home/vboxuser/bumperbot_ws/install/bumperbot_msgs/share/bumperbot_msgs/cmake/export_bumperbot_msgs__rosidl_typesupport_fastrtps_cExport.cmake\n'}
[16.375889] (bumperbot_msgs) StdoutLine: {'line': b'-- Installing: /home/vboxuser/bumperbot_ws/install/bumperbot_msgs/share/bumperbot_msgs/cmake/export_bumperbot_msgs__rosidl_typesupport_fastrtps_cExport-noconfig.cmake\n'}
[16.376016] (bumperbot_msgs) StdoutLine: {'line': b'-- Installing: /home/vboxuser/bumperbot_ws/install/bumperbot_msgs/share/bumperbot_msgs/cmake/export_bumperbot_msgs__rosidl_generator_cppExport.cmake\n'}
[16.376147] (bumperbot_msgs) StdoutLine: {'line': b'-- Installing: /home/vboxuser/bumperbot_ws/install/bumperbot_msgs/share/bumperbot_msgs/cmake/export_bumperbot_msgs__rosidl_typesupport_fastrtps_cppExport.cmake\n'}
[16.376274] (bumperbot_msgs) StdoutLine: {'line': b'-- Installing: /home/vboxuser/bumperbot_ws/install/bumperbot_msgs/share/bumperbot_msgs/cmake/export_bumperbot_msgs__rosidl_typesupport_fastrtps_cppExport-noconfig.cmake\n'}
[16.376408] (bumperbot_msgs) StdoutLine: {'line': b'-- Installing: /home/vboxuser/bumperbot_ws/install/bumperbot_msgs/share/bumperbot_msgs/cmake/bumperbot_msgs__rosidl_typesupport_introspection_cExport.cmake\n'}
[16.376532] (bumperbot_msgs) StdoutLine: {'line': b'-- Installing: /home/vboxuser/bumperbot_ws/install/bumperbot_msgs/share/bumperbot_msgs/cmake/bumperbot_msgs__rosidl_typesupport_introspection_cExport-noconfig.cmake\n'}
[16.376661] (bumperbot_msgs) StdoutLine: {'line': b'-- Installing: /home/vboxuser/bumperbot_ws/install/bumperbot_msgs/share/bumperbot_msgs/cmake/bumperbot_msgs__rosidl_typesupport_cExport.cmake\n'}
[16.376782] (bumperbot_msgs) StdoutLine: {'line': b'-- Installing: /home/vboxuser/bumperbot_ws/install/bumperbot_msgs/share/bumperbot_msgs/cmake/bumperbot_msgs__rosidl_typesupport_cExport-noconfig.cmake\n'}
[16.376915] (bumperbot_msgs) StdoutLine: {'line': b'-- Installing: /home/vboxuser/bumperbot_ws/install/bumperbot_msgs/share/bumperbot_msgs/cmake/bumperbot_msgs__rosidl_typesupport_introspection_cppExport.cmake\n'}
[16.377040] (bumperbot_msgs) StdoutLine: {'line': b'-- Installing: /home/vboxuser/bumperbot_ws/install/bumperbot_msgs/share/bumperbot_msgs/cmake/bumperbot_msgs__rosidl_typesupport_introspection_cppExport-noconfig.cmake\n'}
[16.377214] (bumperbot_msgs) StdoutLine: {'line': b'-- Installing: /home/vboxuser/bumperbot_ws/install/bumperbot_msgs/share/bumperbot_msgs/cmake/bumperbot_msgs__rosidl_typesupport_cppExport.cmake\n'}
[16.377419] (bumperbot_msgs) StdoutLine: {'line': b'-- Installing: /home/vboxuser/bumperbot_ws/install/bumperbot_msgs/share/bumperbot_msgs/cmake/bumperbot_msgs__rosidl_typesupport_cppExport-noconfig.cmake\n'}
[16.377481] (bumperbot_msgs) StdoutLine: {'line': b'-- Installing: /home/vboxuser/bumperbot_ws/install/bumperbot_msgs/share/bumperbot_msgs/cmake/export_bumperbot_msgs__rosidl_generator_pyExport.cmake\n'}
[16.377598] (bumperbot_msgs) StdoutLine: {'line': b'-- Installing: /home/vboxuser/bumperbot_ws/install/bumperbot_msgs/share/bumperbot_msgs/cmake/export_bumperbot_msgs__rosidl_generator_pyExport-noconfig.cmake\n'}
[16.377726] (bumperbot_msgs) StdoutLine: {'line': b'-- Installing: /home/vboxuser/bumperbot_ws/install/bumperbot_msgs/share/bumperbot_msgs/cmake/rosidl_cmake-extras.cmake\n'}
[16.377848] (bumperbot_msgs) StdoutLine: {'line': b'-- Installing: /home/vboxuser/bumperbot_ws/install/bumperbot_msgs/share/bumperbot_msgs/cmake/ament_cmake_export_dependencies-extras.cmake\n'}
[16.377972] (bumperbot_msgs) StdoutLine: {'line': b'-- Installing: /home/vboxuser/bumperbot_ws/install/bumperbot_msgs/share/bumperbot_msgs/cmake/ament_cmake_export_include_directories-extras.cmake\n'}
[16.378161] (bumperbot_msgs) StdoutLine: {'line': b'-- Installing: /home/vboxuser/bumperbot_ws/install/bumperbot_msgs/share/bumperbot_msgs/cmake/ament_cmake_export_libraries-extras.cmake\n'}
[16.378300] (bumperbot_msgs) StdoutLine: {'line': b'-- Installing: /home/vboxuser/bumperbot_ws/install/bumperbot_msgs/share/bumperbot_msgs/cmake/ament_cmake_export_targets-extras.cmake\n'}
[16.378422] (bumperbot_msgs) StdoutLine: {'line': b'-- Installing: /home/vboxuser/bumperbot_ws/install/bumperbot_msgs/share/bumperbot_msgs/cmake/rosidl_cmake_export_typesupport_targets-extras.cmake\n'}
[16.378542] (bumperbot_msgs) StdoutLine: {'line': b'-- Installing: /home/vboxuser/bumperbot_ws/install/bumperbot_msgs/share/bumperbot_msgs/cmake/rosidl_cmake_export_typesupport_libraries-extras.cmake\n'}
[16.378666] (bumperbot_msgs) StdoutLine: {'line': b'-- Installing: /home/vboxuser/bumperbot_ws/install/bumperbot_msgs/share/bumperbot_msgs/cmake/bumperbot_msgsConfig.cmake\n'}
[16.378770] (bumperbot_msgs) StdoutLine: {'line': b'-- Installing: /home/vboxuser/bumperbot_ws/install/bumperbot_msgs/share/bumperbot_msgs/cmake/bumperbot_msgsConfig-version.cmake\n'}
[16.378886] (bumperbot_msgs) StdoutLine: {'line': b'-- Installing: /home/vboxuser/bumperbot_ws/install/bumperbot_msgs/share/bumperbot_msgs/package.xml\n'}
[16.381242] (bumperbot_msgs) CommandEnded: {'returncode': 0}
[16.409963] (bumperbot_msgs) JobEnded: {'identifier': 'bumperbot_msgs', 'rc': 0}
[16.420215] (bumperbot_controller) JobStarted: {'identifier': 'bumperbot_controller'}
[16.433416] (bumperbot_controller) JobProgress: {'identifier': 'bumperbot_controller', 'progress': 'cmake'}
[16.433668] (bumperbot_controller) Command: {'cmd': ['/usr/bin/cmake', '/home/vboxuser/bumperbot_ws/src/bumperbot_controller', '-DCMAKE_INSTALL_PREFIX=/home/vboxuser/bumperbot_ws/install/bumperbot_controller'], 'cwd': '/home/vboxuser/bumperbot_ws/build/bumperbot_controller', 'env': OrderedDict({'GJS_DEBUG_TOPICS': 'JS ERROR;JS LOG', 'XDG_ACTIVATION_TOKEN': 'gnome-shell/Terminator/2065-1-Robotproj_TIME198317', 'LESSOPEN': '| /usr/bin/lesspipe %s', 'USER': 'vboxuser', 'GZ_CONFIG_PATH': '/opt/ros/jazzy/opt/gz_sim_vendor/share/gz:/opt/ros/jazzy/opt/sdformat_vendor/share/gz:/opt/ros/jazzy/opt/gz_gui_vendor/share/gz:/opt/ros/jazzy/opt/gz_transport_vendor/share/gz:/opt/ros/jazzy/opt/gz_rendering_vendor/share/gz:/opt/ros/jazzy/opt/gz_plugin_vendor/share/gz:/opt/ros/jazzy/opt/gz_fuel_tools_vendor/share/gz:/opt/ros/jazzy/opt/gz_msgs_vendor/share/gz:/opt/ros/jazzy/opt/gz_common_vendor/share/gz', 'XDG_SESSION_TYPE': 'wayland', 'CLUTTER_DISABLE_MIPMAPPED_TEXT': '1', 'SHLVL': '1', 'LD_LIBRARY_PATH': '/opt/ros/jazzy/opt/gz_sim_vendor/lib:/opt/ros/jazzy/opt/gz_sensors_vendor/lib:/opt/ros/jazzy/opt/gz_physics_vendor/lib:/opt/ros/jazzy/opt/sdformat_vendor/lib:/opt/ros/jazzy/opt/rviz_ogre_vendor/lib:/opt/ros/jazzy/lib/x86_64-linux-gnu:/opt/ros/jazzy/opt/gz_gui_vendor/lib:/opt/ros/jazzy/opt/gz_transport_vendor/lib:/opt/ros/jazzy/opt/gz_rendering_vendor/lib:/opt/ros/jazzy/opt/gz_plugin_vendor/lib:/opt/ros/jazzy/opt/gz_fuel_tools_vendor/lib:/opt/ros/jazzy/opt/gz_msgs_vendor/lib:/opt/ros/jazzy/opt/gz_common_vendor/lib:/opt/ros/jazzy/opt/gz_math_vendor/lib:/opt/ros/jazzy/opt/gz_utils_vendor/lib:/opt/ros/jazzy/opt/gz_tools_vendor/lib:/opt/ros/jazzy/opt/gz_ogre_next_vendor/lib:/opt/ros/jazzy/opt/gz_dartsim_vendor/lib:/opt/ros/jazzy/opt/gz_cmake_vendor/lib:/opt/ros/jazzy/lib', 'HOME': '/home/vboxuser', 'OLDPWD': '/home/vboxuser', 'DESKTOP_SESSION': 'ubuntu', 'GIO_LAUNCHED_DESKTOP_FILE': '/usr/share/applications/terminator.desktop', 'ROS_PYTHON_VERSION': '3', 'GNOME_SHELL_SESSION_MODE': 'ubuntu', 'GTK_MODULES': 'gail:atk-bridge', 'MANAGERPID': '1821', 'SYSTEMD_EXEC_PID': '2065', 'GSM_SKIP_SSH_AGENT_WORKAROUND': 'true', 'DBUS_SESSION_BUS_ADDRESS': 'unix:path=/run/user/1000/bus', 'COLORTERM': 'truecolor', 'TERMINATOR_DBUS_NAME': 'net.tenshu.Terminator25ef4b219e3b005583550f2b0f9f990c3', 'GIO_LAUNCHED_DESKTOP_FILE_PID': '2992', 'DEBUGINFOD_URLS': 'https://debuginfod.ubuntu.com', 'IM_CONFIG_PHASE': '1', 'WAYLAND_DISPLAY': 'wayland-0', 'ROS_DISTRO': 'jazzy', 'LOGNAME': 'vboxuser', 'JOURNAL_STREAM': '9:15131', '_': '/usr/bin/colcon', 'ROS_VERSION': '2', 'MEMORY_PRESSURE_WATCH': '/sys/fs/cgroup/user.slice/user-1000.slice/user@1000.service/session.slice/org.gnome.Shell@wayland.service/memory.pressure', 'XDG_SESSION_CLASS': 'user', 'USERNAME': 'vboxuser', 'TERM': 'xterm-256color', 'GNOME_DESKTOP_SESSION_ID': 'this-is-deprecated', 'PATH': '/opt/ros/jazzy/opt/gz_msgs_vendor/bin:/opt/ros/jazzy/opt/gz_tools_vendor/bin:/opt/ros/jazzy/opt/gz_ogre_next_vendor/bin:/opt/ros/jazzy/bin:/home/vboxuser/.local/bin:/usr/local/sbin:/usr/local/bin:/usr/sbin:/usr/bin:/sbin:/bin:/usr/games:/usr/local/games:/snap/bin:/snap/bin', 'SESSION_MANAGER': 'local/Robotproj:@/tmp/.ICE-unix/2021,unix/Robotproj:/tmp/.ICE-unix/2021', 'INVOCATION_ID': '0a4448d9e3fa415eb657cec0bbe459f4', 'XDG_MENU_PREFIX': 'gnome-', 'GNOME_SETUP_DISPLAY': ':1', 'XDG_RUNTIME_DIR': '/run/user/1000', 'DISPLAY': ':0', 'TERMINATOR_DBUS_PATH': '/net/tenshu/Terminator2', 'LANG': 'en_US.UTF-8', 'XDG_CURRENT_DESKTOP': 'ubuntu:GNOME', 'XMODIFIERS': '@im=ibus', 'XDG_SESSION_DESKTOP': 'ubuntu', 'XAUTHORITY': '/run/user/1000/.mutter-Xwaylandauth.N2SBM3', 'LS_COLORS': 'rs=0:di=01;34:ln=01;36:mh=00:pi=40;33:so=01;35:do=01;35:bd=40;33;01:cd=40;33;01:or=40;31;01:mi=00:su=37;41:sg=30;43:ca=00:tw=30;42:ow=34;42:st=37;44:ex=01;32:*.tar=01;31:*.tgz=01;31:*.arc=01;31:*.arj=01;31:*.taz=01;31:*.lha=01;31:*.lz4=01;31:*.lzh=01;31:*.lzma=01;31:*.tlz=01;31:*.txz=01;31:*.tzo=01;31:*.t7z=01;31:*.zip=01;31:*.z=01;31:*.dz=01;31:*.gz=01;31:*.lrz=01;31:*.lz=01;31:*.lzo=01;31:*.xz=01;31:*.zst=01;31:*.tzst=01;31:*.bz2=01;31:*.bz=01;31:*.tbz=01;31:*.tbz2=01;31:*.tz=01;31:*.deb=01;31:*.rpm=01;31:*.jar=01;31:*.war=01;31:*.ear=01;31:*.sar=01;31:*.rar=01;31:*.alz=01;31:*.ace=01;31:*.zoo=01;31:*.cpio=01;31:*.7z=01;31:*.rz=01;31:*.cab=01;31:*.wim=01;31:*.swm=01;31:*.dwm=01;31:*.esd=01;31:*.avif=01;35:*.jpg=01;35:*.jpeg=01;35:*.mjpg=01;35:*.mjpeg=01;35:*.gif=01;35:*.bmp=01;35:*.pbm=01;35:*.pgm=01;35:*.ppm=01;35:*.tga=01;35:*.xbm=01;35:*.xpm=01;35:*.tif=01;35:*.tiff=01;35:*.png=01;35:*.svg=01;35:*.svgz=01;35:*.mng=01;35:*.pcx=01;35:*.mov=01;35:*.mpg=01;35:*.mpeg=01;35:*.m2v=01;35:*.mkv=01;35:*.webm=01;35:*.webp=01;35:*.ogm=01;35:*.mp4=01;35:*.m4v=01;35:*.mp4v=01;35:*.vob=01;35:*.qt=01;35:*.nuv=01;35:*.wmv=01;35:*.asf=01;35:*.rm=01;35:*.rmvb=01;35:*.flc=01;35:*.avi=01;35:*.fli=01;35:*.flv=01;35:*.gl=01;35:*.dl=01;35:*.xcf=01;35:*.xwd=01;35:*.yuv=01;35:*.cgm=01;35:*.emf=01;35:*.ogv=01;35:*.ogx=01;35:*.aac=00;36:*.au=00;36:*.flac=00;36:*.m4a=00;36:*.mid=00;36:*.midi=00;36:*.mka=00;36:*.mp3=00;36:*.mpc=00;36:*.ogg=00;36:*.ra=00;36:*.wav=00;36:*.oga=00;36:*.opus=00;36:*.spx=00;36:*.xspf=00;36:*~=00;90:*#=00;90:*.bak=00;90:*.crdownload=00;90:*.dpkg-dist=00;90:*.dpkg-new=00;90:*.dpkg-old=00;90:*.dpkg-tmp=00;90:*.old=00;90:*.orig=00;90:*.part=00;90:*.rej=00;90:*.rpmnew=00;90:*.rpmorig=00;90:*.rpmsave=00;90:*.swp=00;90:*.tmp=00;90:*.ucf-dist=00;90:*.ucf-new=00;90:*.ucf-old=00;90:', 'SSH_AUTH_SOCK': '/run/user/1000/keyring/ssh', 'AMENT_PREFIX_PATH': '/opt/ros/jazzy', 'SHELL': '/bin/bash', 'TERMINATOR_UUID': 'urn:uuid:d9c01e1d-4148-4ee8-8389-ff1a6dc9a537', 'QT_ACCESSIBILITY': '1', 'GDMSESSION': 'ubuntu', 'LESSCLOSE': '/usr/bin/lesspipe %s %s', 'GJS_DEBUG_OUTPUT': 'stderr', 'ROS_AUTOMATIC_DISCOVERY_RANGE': 'SUBNET', 'QT_IM_MODULE': 'ibus', 'PWD': '/home/vboxuser/bumperbot_ws/build/bumperbot_controller', 'LC_ALL': 'en_US.UTF-8', 'XDG_CONFIG_DIRS': '/etc/xdg/xdg-ubuntu:/etc/xdg', 'XDG_DATA_DIRS': '/usr/share/ubuntu:/usr/share/gnome:/usr/local/share/:/usr/share/:/var/lib/snapd/desktop', 'PYTHONPATH': '/opt/ros/jazzy/lib/python3.12/site-packages', 'COLCON': '1', 'MEMORY_PRESSURE_WRITE': 'c29tZSAyMDAwMDAgMjAwMDAwMAA=', 'VTE_VERSION': '7600', 'CMAKE_PREFIX_PATH': '/opt/ros/jazzy/opt/gz_sim_vendor:/opt/ros/jazzy/opt/gz_sensors_vendor:/opt/ros/jazzy/opt/gz_physics_vendor:/opt/ros/jazzy/opt/sdformat_vendor:/opt/ros/jazzy/opt/gz_gui_vendor:/opt/ros/jazzy/opt/gz_transport_vendor:/opt/ros/jazzy/opt/gz_rendering_vendor:/opt/ros/jazzy/opt/gz_plugin_vendor:/opt/ros/jazzy/opt/gz_fuel_tools_vendor:/opt/ros/jazzy/opt/gz_msgs_vendor:/opt/ros/jazzy/opt/gz_common_vendor:/opt/ros/jazzy/opt/gz_math_vendor:/opt/ros/jazzy/opt/gz_utils_vendor:/opt/ros/jazzy/opt/gz_tools_vendor:/opt/ros/jazzy/opt/gz_ogre_next_vendor:/opt/ros/jazzy/opt/gz_dartsim_vendor:/opt/ros/jazzy/opt/gz_cmake_vendor:/opt/ros/jazzy'}), 'shell': False}
[16.450257] (-) TimerEvent: {}
[16.498774] (bumperbot_controller) StdoutLine: {'line': b'-- The C compiler identification is GNU 13.3.0\n'}
[16.542991] (bumperbot_controller) StdoutLine: {'line': b'-- The CXX compiler identification is GNU 13.3.0\n'}
[16.551167] (-) TimerEvent: {}
[16.573046] (bumperbot_controller) StdoutLine: {'line': b'-- Detecting C compiler ABI info\n'}
[16.646712] (bumperbot_controller) StdoutLine: {'line': b'-- Detecting C compiler ABI info - done\n'}
[16.652602] (bumperbot_controller) StdoutLine: {'line': b'-- Check for working C compiler: /usr/bin/cc - skipped\n'}
[16.652701] (-) TimerEvent: {}
[16.659826] (bumperbot_controller) StdoutLine: {'line': b'-- Detecting C compile features\n'}
[16.660250] (bumperbot_controller) StdoutLine: {'line': b'-- Detecting C compile features - done\n'}
[16.674468] (bumperbot_controller) StdoutLine: {'line': b'-- Detecting CXX compiler ABI info\n'}
[16.753132] (-) TimerEvent: {}
[16.787180] (bumperbot_controller) StdoutLine: {'line': b'-- Detecting CXX compiler ABI info - done\n'}
[16.787350] (bumperbot_controller) StdoutLine: {'line': b'-- Check for working CXX compiler: /usr/bin/c++ - skipped\n'}
[16.793710] (bumperbot_controller) StdoutLine: {'line': b'-- Detecting CXX compile features\n'}
[16.793850] (bumperbot_controller) StdoutLine: {'line': b'-- Detecting CXX compile features - done\n'}
[16.794712] (bumperbot_controller) StdoutLine: {'line': b'-- Found ament_cmake: 2.5.5 (/opt/ros/jazzy/share/ament_cmake/cmake)\n'}
[16.855951] (-) TimerEvent: {}
[16.916424] (bumperbot_controller) StdoutLine: {'line': b'-- Found Python3: /usr/bin/python3 (found version "3.12.3") found components: Interpreter \n'}
[16.960010] (-) TimerEvent: {}
[17.014598] (bumperbot_controller) StdoutLine: {'line': b'-- Found rclcpp: 28.1.16 (/opt/ros/jazzy/share/rclcpp/cmake)\n'}
[17.059219] (bumperbot_controller) StdoutLine: {'line': b'-- Found rosidl_generator_c: 4.6.7 (/opt/ros/jazzy/share/rosidl_generator_c/cmake)\n'}
[17.062964] (-) TimerEvent: {}
[17.084273] (bumperbot_controller) StdoutLine: {'line': b'-- Found rosidl_generator_cpp: 4.6.7 (/opt/ros/jazzy/share/rosidl_generator_cpp/cmake)\n'}
[17.094988] (bumperbot_controller) StdoutLine: {'line': b'-- Using all available rosidl_typesupport_c: rosidl_typesupport_fastrtps_c;rosidl_typesupport_introspection_c\n'}
[17.118197] (bumperbot_controller) StdoutLine: {'line': b'-- Using all available rosidl_typesupport_cpp: rosidl_typesupport_fastrtps_cpp;rosidl_typesupport_introspection_cpp\n'}
[17.166084] (-) TimerEvent: {}
[17.218527] (bumperbot_controller) StdoutLine: {'line': b'-- Found rmw_implementation_cmake: 7.3.3 (/opt/ros/jazzy/share/rmw_implementation_cmake/cmake)\n'}
[17.224059] (bumperbot_controller) StdoutLine: {'line': b'-- Found rmw_fastrtps_cpp: 8.4.3 (/opt/ros/jazzy/share/rmw_fastrtps_cpp/cmake)\n'}
[17.267155] (-) TimerEvent: {}
[17.354983] (bumperbot_controller) StdoutLine: {'line': b'-- Found OpenSSL: /usr/lib/x86_64-linux-gnu/libcrypto.so (found version "3.0.13")  \n'}
[17.373012] (-) TimerEvent: {}
[17.384365] (bumperbot_controller) StdoutLine: {'line': b'-- Found FastRTPS: /opt/ros/jazzy/include (Required is at least version "2.13") \n'}
[17.403658] (bumperbot_controller) StdoutLine: {'line': b"-- Using RMW implementation 'rmw_fastrtps_cpp' as default\n"}
[17.475157] (-) TimerEvent: {}
[17.513544] (bumperbot_controller) StdoutLine: {'line': b'-- Found rclpy: 7.1.9 (/opt/ros/jazzy/share/rclpy/cmake)\n'}
[17.515376] (bumperbot_controller) StdoutLine: {'line': b'-- Found geometry_msgs: 5.3.6 (/opt/ros/jazzy/share/geometry_msgs/cmake)\n'}
[17.542205] (bumperbot_controller) StdoutLine: {'line': b'-- Found sensor_msgs: 5.3.6 (/opt/ros/jazzy/share/sensor_msgs/cmake)\n'}
[17.572361] (bumperbot_controller) StdoutLine: {'line': b'-- Found nav_msgs: 5.3.6 (/opt/ros/jazzy/share/nav_msgs/cmake)\n'}
[17.578973] (-) TimerEvent: {}
[17.614544] (bumperbot_controller) StdoutLine: {'line': b'-- Found tf2_ros: 0.36.19 (/opt/ros/jazzy/share/tf2_ros/cmake)\n'}
[17.682003] (-) TimerEvent: {}
[17.782524] (-) TimerEvent: {}
[17.885367] (-) TimerEvent: {}
[17.971322] (bumperbot_controller) StdoutLine: {'line': b'-- Configuring done (1.5s)\n'}
[17.984546] (bumperbot_controller) StdoutLine: {'line': b'-- Generating done (0.0s)\n'}
[17.986295] (-) TimerEvent: {}
[18.000048] (bumperbot_controller) StdoutLine: {'line': b'-- Build files have been written to: /home/vboxuser/bumperbot_ws/build/bumperbot_controller\n'}
[18.008313] (bumperbot_controller) CommandEnded: {'returncode': 0}
[18.008682] (bumperbot_controller) JobProgress: {'identifier': 'bumperbot_controller', 'progress': 'build'}
[18.008832] (bumperbot_controller) Command: {'cmd': ['/usr/bin/cmake', '--build', '/home/vboxuser/bumperbot_ws/build/bumperbot_controller', '--', '-j1', '-l1'], 'cwd': '/home/vboxuser/bumperbot_ws/build/bumperbot_controller', 'env': OrderedDict({'GJS_DEBUG_TOPICS': 'JS ERROR;JS LOG', 'XDG_ACTIVATION_TOKEN': 'gnome-shell/Terminator/2065-1-Robotproj_TIME198317', 'LESSOPEN': '| /usr/bin/lesspipe %s', 'USER': 'vboxuser', 'GZ_CONFIG_PATH': '/opt/ros/jazzy/opt/gz_sim_vendor/share/gz:/opt/ros/jazzy/opt/sdformat_vendor/share/gz:/opt/ros/jazzy/opt/gz_gui_vendor/share/gz:/opt/ros/jazzy/opt/gz_transport_vendor/share/gz:/opt/ros/jazzy/opt/gz_rendering_vendor/share/gz:/opt/ros/jazzy/opt/gz_plugin_vendor/share/gz:/opt/ros/jazzy/opt/gz_fuel_tools_vendor/share/gz:/opt/ros/jazzy/opt/gz_msgs_vendor/share/gz:/opt/ros/jazzy/opt/gz_common_vendor/share/gz', 'XDG_SESSION_TYPE': 'wayland', 'CLUTTER_DISABLE_MIPMAPPED_TEXT': '1', 'SHLVL': '1', 'LD_LIBRARY_PATH': '/opt/ros/jazzy/opt/gz_sim_vendor/lib:/opt/ros/jazzy/opt/gz_sensors_vendor/lib:/opt/ros/jazzy/opt/gz_physics_vendor/lib:/opt/ros/jazzy/opt/sdformat_vendor/lib:/opt/ros/jazzy/opt/rviz_ogre_vendor/lib:/opt/ros/jazzy/lib/x86_64-linux-gnu:/opt/ros/jazzy/opt/gz_gui_vendor/lib:/opt/ros/jazzy/opt/gz_transport_vendor/lib:/opt/ros/jazzy/opt/gz_rendering_vendor/lib:/opt/ros/jazzy/opt/gz_plugin_vendor/lib:/opt/ros/jazzy/opt/gz_fuel_tools_vendor/lib:/opt/ros/jazzy/opt/gz_msgs_vendor/lib:/opt/ros/jazzy/opt/gz_common_vendor/lib:/opt/ros/jazzy/opt/gz_math_vendor/lib:/opt/ros/jazzy/opt/gz_utils_vendor/lib:/opt/ros/jazzy/opt/gz_tools_vendor/lib:/opt/ros/jazzy/opt/gz_ogre_next_vendor/lib:/opt/ros/jazzy/opt/gz_dartsim_vendor/lib:/opt/ros/jazzy/opt/gz_cmake_vendor/lib:/opt/ros/jazzy/lib', 'HOME': '/home/vboxuser', 'OLDPWD': '/home/vboxuser', 'DESKTOP_SESSION': 'ubuntu', 'GIO_LAUNCHED_DESKTOP_FILE': '/usr/share/applications/terminator.desktop', 'ROS_PYTHON_VERSION': '3', 'GNOME_SHELL_SESSION_MODE': 'ubuntu', 'GTK_MODULES': 'gail:atk-bridge', 'MANAGERPID': '1821', 'SYSTEMD_EXEC_PID': '2065', 'GSM_SKIP_SSH_AGENT_WORKAROUND': 'true', 'DBUS_SESSION_BUS_ADDRESS': 'unix:path=/run/user/1000/bus', 'COLORTERM': 'truecolor', 'TERMINATOR_DBUS_NAME': 'net.tenshu.Terminator25ef4b219e3b005583550f2b0f9f990c3', 'GIO_LAUNCHED_DESKTOP_FILE_PID': '2992', 'DEBUGINFOD_URLS': 'https://debuginfod.ubuntu.com', 'IM_CONFIG_PHASE': '1', 'WAYLAND_DISPLAY': 'wayland-0', 'ROS_DISTRO': 'jazzy', 'LOGNAME': 'vboxuser', 'JOURNAL_STREAM': '9:15131', '_': '/usr/bin/colcon', 'ROS_VERSION': '2', 'MEMORY_PRESSURE_WATCH': '/sys/fs/cgroup/user.slice/user-1000.slice/user@1000.service/session.slice/org.gnome.Shell@wayland.service/memory.pressure', 'XDG_SESSION_CLASS': 'user', 'USERNAME': 'vboxuser', 'TERM': 'xterm-256color', 'GNOME_DESKTOP_SESSION_ID': 'this-is-deprecated', 'PATH': '/opt/ros/jazzy/opt/gz_msgs_vendor/bin:/opt/ros/jazzy/opt/gz_tools_vendor/bin:/opt/ros/jazzy/opt/gz_ogre_next_vendor/bin:/opt/ros/jazzy/bin:/home/vboxuser/.local/bin:/usr/local/sbin:/usr/local/bin:/usr/sbin:/usr/bin:/sbin:/bin:/usr/games:/usr/local/games:/snap/bin:/snap/bin', 'SESSION_MANAGER': 'local/Robotproj:@/tmp/.ICE-unix/2021,unix/Robotproj:/tmp/.ICE-unix/2021', 'INVOCATION_ID': '0a4448d9e3fa415eb657cec0bbe459f4', 'XDG_MENU_PREFIX': 'gnome-', 'GNOME_SETUP_DISPLAY': ':1', 'XDG_RUNTIME_DIR': '/run/user/1000', 'DISPLAY': ':0', 'TERMINATOR_DBUS_PATH': '/net/tenshu/Terminator2', 'LANG': 'en_US.UTF-8', 'XDG_CURRENT_DESKTOP': 'ubuntu:GNOME', 'XMODIFIERS': '@im=ibus', 'XDG_SESSION_DESKTOP': 'ubuntu', 'XAUTHORITY': '/run/user/1000/.mutter-Xwaylandauth.N2SBM3', 'LS_COLORS': 'rs=0:di=01;34:ln=01;36:mh=00:pi=40;33:so=01;35:do=01;35:bd=40;33;01:cd=40;33;01:or=40;31;01:mi=00:su=37;41:sg=30;43:ca=00:tw=30;42:ow=34;42:st=37;44:ex=01;32:*.tar=01;31:*.tgz=01;31:*.arc=01;31:*.arj=01;31:*.taz=01;31:*.lha=01;31:*.lz4=01;31:*.lzh=01;31:*.lzma=01;31:*.tlz=01;31:*.txz=01;31:*.tzo=01;31:*.t7z=01;31:*.zip=01;31:*.z=01;31:*.dz=01;31:*.gz=01;31:*.lrz=01;31:*.lz=01;31:*.lzo=01;31:*.xz=01;31:*.zst=01;31:*.tzst=01;31:*.bz2=01;31:*.bz=01;31:*.tbz=01;31:*.tbz2=01;31:*.tz=01;31:*.deb=01;31:*.rpm=01;31:*.jar=01;31:*.war=01;31:*.ear=01;31:*.sar=01;31:*.rar=01;31:*.alz=01;31:*.ace=01;31:*.zoo=01;31:*.cpio=01;31:*.7z=01;31:*.rz=01;31:*.cab=01;31:*.wim=01;31:*.swm=01;31:*.dwm=01;31:*.esd=01;31:*.avif=01;35:*.jpg=01;35:*.jpeg=01;35:*.mjpg=01;35:*.mjpeg=01;35:*.gif=01;35:*.bmp=01;35:*.pbm=01;35:*.pgm=01;35:*.ppm=01;35:*.tga=01;35:*.xbm=01;35:*.xpm=01;35:*.tif=01;35:*.tiff=01;35:*.png=01;35:*.svg=01;35:*.svgz=01;35:*.mng=01;35:*.pcx=01;35:*.mov=01;35:*.mpg=01;35:*.mpeg=01;35:*.m2v=01;35:*.mkv=01;35:*.webm=01;35:*.webp=01;35:*.ogm=01;35:*.mp4=01;35:*.m4v=01;35:*.mp4v=01;35:*.vob=01;35:*.qt=01;35:*.nuv=01;35:*.wmv=01;35:*.asf=01;35:*.rm=01;35:*.rmvb=01;35:*.flc=01;35:*.avi=01;35:*.fli=01;35:*.flv=01;35:*.gl=01;35:*.dl=01;35:*.xcf=01;35:*.xwd=01;35:*.yuv=01;35:*.cgm=01;35:*.emf=01;35:*.ogv=01;35:*.ogx=01;35:*.aac=00;36:*.au=00;36:*.flac=00;36:*.m4a=00;36:*.mid=00;36:*.midi=00;36:*.mka=00;36:*.mp3=00;36:*.mpc=00;36:*.ogg=00;36:*.ra=00;36:*.wav=00;36:*.oga=00;36:*.opus=00;36:*.spx=00;36:*.xspf=00;36:*~=00;90:*#=00;90:*.bak=00;90:*.crdownload=00;90:*.dpkg-dist=00;90:*.dpkg-new=00;90:*.dpkg-old=00;90:*.dpkg-tmp=00;90:*.old=00;90:*.orig=00;90:*.part=00;90:*.rej=00;90:*.rpmnew=00;90:*.rpmorig=00;90:*.rpmsave=00;90:*.swp=00;90:*.tmp=00;90:*.ucf-dist=00;90:*.ucf-new=00;90:*.ucf-old=00;90:', 'SSH_AUTH_SOCK': '/run/user/1000/keyring/ssh', 'AMENT_PREFIX_PATH': '/opt/ros/jazzy', 'SHELL': '/bin/bash', 'TERMINATOR_UUID': 'urn:uuid:d9c01e1d-4148-4ee8-8389-ff1a6dc9a537', 'QT_ACCESSIBILITY': '1', 'GDMSESSION': 'ubuntu', 'LESSCLOSE': '/usr/bin/lesspipe %s %s', 'GJS_DEBUG_OUTPUT': 'stderr', 'ROS_AUTOMATIC_DISCOVERY_RANGE': 'SUBNET', 'QT_IM_MODULE': 'ibus', 'PWD': '/home/vboxuser/bumperbot_ws/build/bumperbot_controller', 'LC_ALL': 'en_US.UTF-8', 'XDG_CONFIG_DIRS': '/etc/xdg/xdg-ubuntu:/etc/xdg', 'XDG_DATA_DIRS': '/usr/share/ubuntu:/usr/share/gnome:/usr/local/share/:/usr/share/:/var/lib/snapd/desktop', 'PYTHONPATH': '/opt/ros/jazzy/lib/python3.12/site-packages', 'COLCON': '1', 'MEMORY_PRESSURE_WRITE': 'c29tZSAyMDAwMDAgMjAwMDAwMAA=', 'VTE_VERSION': '7600', 'CMAKE_PREFIX_PATH': '/opt/ros/jazzy/opt/gz_sim_vendor:/opt/ros/jazzy/opt/gz_sensors_vendor:/opt/ros/jazzy/opt/gz_physics_vendor:/opt/ros/jazzy/opt/sdformat_vendor:/opt/ros/jazzy/opt/gz_gui_vendor:/opt/ros/jazzy/opt/gz_transport_vendor:/opt/ros/jazzy/opt/gz_rendering_vendor:/opt/ros/jazzy/opt/gz_plugin_vendor:/opt/ros/jazzy/opt/gz_fuel_tools_vendor:/opt/ros/jazzy/opt/gz_msgs_vendor:/opt/ros/jazzy/opt/gz_common_vendor:/opt/ros/jazzy/opt/gz_math_vendor:/opt/ros/jazzy/opt/gz_utils_vendor:/opt/ros/jazzy/opt/gz_tools_vendor:/opt/ros/jazzy/opt/gz_ogre_next_vendor:/opt/ros/jazzy/opt/gz_dartsim_vendor:/opt/ros/jazzy/opt/gz_cmake_vendor:/opt/ros/jazzy'}), 'shell': False}
[18.058983] (bumperbot_controller) StdoutLine: {'line': b'[ 16%] \x1b[32mBuilding CXX object CMakeFiles/simple_controller.dir/src/simple_controller.cpp.o\x1b[0m\n'}
[18.086487] (-) TimerEvent: {}
[18.196680] (-) TimerEvent: {}
[18.297143] (-) TimerEvent: {}
[18.402228] (-) TimerEvent: {}
[18.503680] (-) TimerEvent: {}
[18.604375] (-) TimerEvent: {}
[18.706024] (-) TimerEvent: {}
[18.808289] (-) TimerEvent: {}
[18.922033] (-) TimerEvent: {}
[19.025094] (-) TimerEvent: {}
[19.129037] (-) TimerEvent: {}
[19.231989] (-) TimerEvent: {}
[19.335136] (-) TimerEvent: {}
[19.439027] (-) TimerEvent: {}
[19.552174] (-) TimerEvent: {}
[19.655146] (-) TimerEvent: {}
[19.769012] (-) TimerEvent: {}
[19.871993] (-) TimerEvent: {}
[19.975103] (-) TimerEvent: {}
[20.079018] (-) TimerEvent: {}
[20.181993] (-) TimerEvent: {}
[20.285201] (-) TimerEvent: {}
[20.398992] (-) TimerEvent: {}
[20.501580] (-) TimerEvent: {}
[20.605197] (-) TimerEvent: {}
[20.719041] (-) TimerEvent: {}
[20.832720] (-) TimerEvent: {}
[20.945618] (-) TimerEvent: {}
[21.048981] (-) TimerEvent: {}
[21.152406] (-) TimerEvent: {}
[21.256009] (-) TimerEvent: {}
[21.358972] (-) TimerEvent: {}
[21.462159] (-) TimerEvent: {}
[21.565630] (-) TimerEvent: {}
[21.679121] (-) TimerEvent: {}
[21.783020] (-) TimerEvent: {}
[21.884279] (-) TimerEvent: {}
[21.989408] (-) TimerEvent: {}
[22.093000] (-) TimerEvent: {}
[22.196163] (-) TimerEvent: {}
[22.299581] (-) TimerEvent: {}
[22.413161] (-) TimerEvent: {}
[22.516346] (-) TimerEvent: {}
[22.620004] (-) TimerEvent: {}
[22.723043] (-) TimerEvent: {}
[22.826146] (-) TimerEvent: {}
[22.930029] (-) TimerEvent: {}
[23.043296] (-) TimerEvent: {}
[23.146644] (-) TimerEvent: {}
[23.260372] (-) TimerEvent: {}
[23.363983] (-) TimerEvent: {}
[23.467021] (-) TimerEvent: {}
[23.580560] (-) TimerEvent: {}
[23.686058] (-) TimerEvent: {}
[23.787049] (-) TimerEvent: {}
[23.900544] (-) TimerEvent: {}
[24.003368] (-) TimerEvent: {}
[24.117087] (-) TimerEvent: {}
[24.230987] (-) TimerEvent: {}
[24.344530] (-) TimerEvent: {}
[24.458992] (-) TimerEvent: {}
[24.561979] (-) TimerEvent: {}
[24.664394] (-) TimerEvent: {}
[24.779001] (-) TimerEvent: {}
[24.892000] (-) TimerEvent: {}
[24.996017] (-) TimerEvent: {}
[25.110006] (-) TimerEvent: {}
[25.213431] (-) TimerEvent: {}
[25.316646] (-) TimerEvent: {}
[25.430063] (-) TimerEvent: {}
[25.533766] (-) TimerEvent: {}
[25.647007] (-) TimerEvent: {}
[25.760425] (-) TimerEvent: {}
[25.863569] (-) TimerEvent: {}
[25.977270] (-) TimerEvent: {}
[26.080336] (-) TimerEvent: {}
[26.183487] (-) TimerEvent: {}
[26.297153] (-) TimerEvent: {}
[26.411302] (-) TimerEvent: {}
[26.515004] (-) TimerEvent: {}
[26.618005] (-) TimerEvent: {}
[26.721015] (-) TimerEvent: {}
[26.824976] (-) TimerEvent: {}
[26.945417] (-) TimerEvent: {}
[27.053006] (-) TimerEvent: {}
[27.156011] (-) TimerEvent: {}
[27.258485] (-) TimerEvent: {}
[27.373280] (-) TimerEvent: {}
[27.477017] (-) TimerEvent: {}
[27.579968] (-) TimerEvent: {}
[27.686479] (-) TimerEvent: {}
[27.787292] (-) TimerEvent: {}
[27.901443] (-) TimerEvent: {}
[28.015910] (-) TimerEvent: {}
[28.119262] (-) TimerEvent: {}
[28.222979] (-) TimerEvent: {}
[28.326473] (-) TimerEvent: {}
[28.440014] (-) TimerEvent: {}
[28.543194] (-) TimerEvent: {}
[28.657031] (-) TimerEvent: {}
[28.760974] (-) TimerEvent: {}
[28.864024] (-) TimerEvent: {}
[28.967004] (-) TimerEvent: {}
[29.080979] (-) TimerEvent: {}
[29.184338] (-) TimerEvent: {}
[29.288013] (-) TimerEvent: {}
[29.401037] (-) TimerEvent: {}
[29.504460] (-) TimerEvent: {}
[29.618024] (-) TimerEvent: {}
[29.721289] (-) TimerEvent: {}
[29.824458] (-) TimerEvent: {}
[29.927652] (-) TimerEvent: {}
[30.041155] (-) TimerEvent: {}
[30.144442] (-) TimerEvent: {}
[30.247742] (-) TimerEvent: {}
[30.351060] (-) TimerEvent: {}
[30.464992] (-) TimerEvent: {}
[30.568014] (-) TimerEvent: {}
[30.670985] (-) TimerEvent: {}
[30.749986] (bumperbot_controller) StdoutLine: {'line': b'[ 33%] \x1b[32m\x1b[1mLinking CXX executable simple_controller\x1b[0m\n'}
[30.774581] (-) TimerEvent: {}
[30.875772] (-) TimerEvent: {}
[30.985377] (-) TimerEvent: {}
[31.095083] (-) TimerEvent: {}
[31.197625] (-) TimerEvent: {}
[31.262473] (bumperbot_controller) StdoutLine: {'line': b'[ 33%] Built target simple_controller\n'}
[31.282970] (bumperbot_controller) StdoutLine: {'line': b'[ 50%] \x1b[32mBuilding CXX object CMakeFiles/noisy_controller.dir/src/noisy_controller.cpp.o\x1b[0m\n'}
[31.301015] (-) TimerEvent: {}
[31.404542] (-) TimerEvent: {}
[31.507781] (-) TimerEvent: {}
[31.610982] (-) TimerEvent: {}
[31.714014] (-) TimerEvent: {}
[31.817007] (-) TimerEvent: {}
[31.919987] (-) TimerEvent: {}
[32.023166] (-) TimerEvent: {}
[32.137035] (-) TimerEvent: {}
[32.241024] (-) TimerEvent: {}
[32.353992] (-) TimerEvent: {}
[32.457115] (-) TimerEvent: {}
[32.570659] (-) TimerEvent: {}
[32.674249] (-) TimerEvent: {}
[32.787605] (-) TimerEvent: {}
[32.900978] (-) TimerEvent: {}
[33.014390] (-) TimerEvent: {}
[33.118001] (-) TimerEvent: {}
[33.221083] (-) TimerEvent: {}
[33.324662] (-) TimerEvent: {}
[33.428012] (-) TimerEvent: {}
[33.531224] (-) TimerEvent: {}
[33.634337] (-) TimerEvent: {}
[33.737596] (-) TimerEvent: {}
[33.851143] (-) TimerEvent: {}
[33.955001] (-) TimerEvent: {}
[34.057643] (-) TimerEvent: {}
[34.171244] (-) TimerEvent: {}
[34.274990] (-) TimerEvent: {}
[34.378184] (-) TimerEvent: {}
[34.481563] (-) TimerEvent: {}
[34.584631] (-) TimerEvent: {}
[34.697997] (-) TimerEvent: {}
[34.813063] (-) TimerEvent: {}
[34.915997] (-) TimerEvent: {}
[35.018276] (-) TimerEvent: {}
[35.128457] (-) TimerEvent: {}
[35.236970] (-) TimerEvent: {}
[35.340000] (-) TimerEvent: {}
[35.443455] (-) TimerEvent: {}
[35.546456] (-) TimerEvent: {}
[35.651033] (-) TimerEvent: {}
[35.753994] (-) TimerEvent: {}
[35.857194] (-) TimerEvent: {}
[35.961016] (-) TimerEvent: {}
[36.064007] (-) TimerEvent: {}
[36.167248] (-) TimerEvent: {}
[36.270368] (-) TimerEvent: {}
[36.373218] (-) TimerEvent: {}
[36.477106] (-) TimerEvent: {}
[36.592216] (-) TimerEvent: {}
[36.694272] (-) TimerEvent: {}
[36.797991] (-) TimerEvent: {}
[36.900963] (-) TimerEvent: {}
[37.004048] (-) TimerEvent: {}
[37.107690] (-) TimerEvent: {}
[37.210345] (-) TimerEvent: {}
[37.314004] (-) TimerEvent: {}
[37.417002] (-) TimerEvent: {}
[37.530035] (-) TimerEvent: {}
[37.634042] (-) TimerEvent: {}
[37.748000] (-) TimerEvent: {}
[37.793233] (bumperbot_controller) StdoutLine: {'line': b'[ 66%] \x1b[32m\x1b[1mLinking CXX executable noisy_controller\x1b[0m\n'}
[37.851523] (-) TimerEvent: {}
[37.966037] (-) TimerEvent: {}
[38.066984] (-) TimerEvent: {}
[38.086915] (bumperbot_controller) StdoutLine: {'line': b'[ 66%] Built target noisy_controller\n'}
[38.108380] (bumperbot_controller) StdoutLine: {'line': b'[ 83%] \x1b[32mBuilding CXX object CMakeFiles/twist_relay.dir/src/twist_relay.cpp.o\x1b[0m\n'}
[38.172034] (-) TimerEvent: {}
[38.285476] (-) TimerEvent: {}
[38.388614] (-) TimerEvent: {}
[38.501987] (-) TimerEvent: {}
[38.606001] (-) TimerEvent: {}
[38.709009] (-) TimerEvent: {}
[38.811058] (-) TimerEvent: {}
[38.926192] (-) TimerEvent: {}
[39.030003] (-) TimerEvent: {}
[39.133304] (-) TimerEvent: {}
[39.237001] (-) TimerEvent: {}
[39.340086] (-) TimerEvent: {}
[39.443273] (-) TimerEvent: {}
[39.546518] (-) TimerEvent: {}
[39.661260] (-) TimerEvent: {}
[39.763417] (-) TimerEvent: {}
[39.867768] (-) TimerEvent: {}
[39.970655] (-) TimerEvent: {}
[40.084987] (-) TimerEvent: {}
[40.198996] (-) TimerEvent: {}
[40.312293] (-) TimerEvent: {}
[40.415983] (-) TimerEvent: {}
[40.519405] (-) TimerEvent: {}
[40.622704] (-) TimerEvent: {}
[40.746462] (-) TimerEvent: {}
[40.861016] (-) TimerEvent: {}
[40.974975] (-) TimerEvent: {}
[41.077947] (-) TimerEvent: {}
[41.181049] (-) TimerEvent: {}
[41.283993] (-) TimerEvent: {}
[41.398205] (-) TimerEvent: {}
[41.501028] (-) TimerEvent: {}
[41.604508] (-) TimerEvent: {}
[41.718387] (-) TimerEvent: {}
[41.832170] (-) TimerEvent: {}
[41.935720] (-) TimerEvent: {}
[42.038998] (-) TimerEvent: {}
[42.142013] (-) TimerEvent: {}
[42.244988] (-) TimerEvent: {}
[42.348607] (-) TimerEvent: {}
[42.451914] (-) TimerEvent: {}
[42.565918] (-) TimerEvent: {}
[42.668322] (-) TimerEvent: {}
[42.772020] (-) TimerEvent: {}
[42.874993] (-) TimerEvent: {}
[42.977981] (-) TimerEvent: {}
[43.082072] (-) TimerEvent: {}
[43.185003] (-) TimerEvent: {}
[43.287715] (-) TimerEvent: {}
[43.402079] (-) TimerEvent: {}
[43.505030] (-) TimerEvent: {}
[43.618162] (-) TimerEvent: {}
[43.722004] (-) TimerEvent: {}
[43.825384] (-) TimerEvent: {}
[43.928237] (-) TimerEvent: {}
[44.042006] (-) TimerEvent: {}
[44.145398] (-) TimerEvent: {}
[44.259044] (-) TimerEvent: {}
[44.362007] (-) TimerEvent: {}
[44.464884] (-) TimerEvent: {}
[44.577973] (-) TimerEvent: {}
[44.682007] (-) TimerEvent: {}
[44.786188] (-) TimerEvent: {}
[44.888507] (-) TimerEvent: {}
[45.002018] (-) TimerEvent: {}
[45.116283] (-) TimerEvent: {}
[45.218522] (-) TimerEvent: {}
[45.322908] (-) TimerEvent: {}
[45.373086] (bumperbot_controller) StdoutLine: {'line': b'[100%] \x1b[32m\x1b[1mLinking CXX executable twist_relay\x1b[0m\n'}
[45.425253] (-) TimerEvent: {}
[45.539046] (-) TimerEvent: {}
[45.646057] (bumperbot_controller) StdoutLine: {'line': b'[100%] Built target twist_relay\n'}
[45.646182] (-) TimerEvent: {}
[45.684422] (bumperbot_controller) StdoutLine: {'line': b'[100%] Built target ament_cmake_python_copy_bumperbot_controller\n'}
[45.755987] (-) TimerEvent: {}
[45.844669] (bumperbot_controller) StdoutLine: {'line': b'running egg_info\n'}
[45.845449] (bumperbot_controller) StdoutLine: {'line': b'creating bumperbot_controller.egg-info\n'}
[45.858490] (-) TimerEvent: {}
[45.868250] (bumperbot_controller) StdoutLine: {'line': b'writing bumperbot_controller.egg-info/PKG-INFO\n'}
[45.868648] (bumperbot_controller) StdoutLine: {'line': b'writing dependency_links to bumperbot_controller.egg-info/dependency_links.txt\n'}
[45.868912] (bumperbot_controller) StdoutLine: {'line': b'writing top-level names to bumperbot_controller.egg-info/top_level.txt\n'}
[45.880197] (bumperbot_controller) StdoutLine: {'line': b"writing manifest file 'bumperbot_controller.egg-info/SOURCES.txt'\n"}
[45.904521] (bumperbot_controller) StdoutLine: {'line': b"reading manifest file 'bumperbot_controller.egg-info/SOURCES.txt'\n"}
[45.905008] (bumperbot_controller) StdoutLine: {'line': b"writing manifest file 'bumperbot_controller.egg-info/SOURCES.txt'\n"}
[45.928019] (bumperbot_controller) StdoutLine: {'line': b'[100%] Built target ament_cmake_python_build_bumperbot_controller_egg\n'}
[45.935872] (bumperbot_controller) CommandEnded: {'returncode': 0}
[45.936244] (bumperbot_controller) JobProgress: {'identifier': 'bumperbot_controller', 'progress': 'install'}
[45.936367] (bumperbot_controller) Command: {'cmd': ['/usr/bin/cmake', '--install', '/home/vboxuser/bumperbot_ws/build/bumperbot_controller'], 'cwd': '/home/vboxuser/bumperbot_ws/build/bumperbot_controller', 'env': OrderedDict({'GJS_DEBUG_TOPICS': 'JS ERROR;JS LOG', 'XDG_ACTIVATION_TOKEN': 'gnome-shell/Terminator/2065-1-Robotproj_TIME198317', 'LESSOPEN': '| /usr/bin/lesspipe %s', 'USER': 'vboxuser', 'GZ_CONFIG_PATH': '/opt/ros/jazzy/opt/gz_sim_vendor/share/gz:/opt/ros/jazzy/opt/sdformat_vendor/share/gz:/opt/ros/jazzy/opt/gz_gui_vendor/share/gz:/opt/ros/jazzy/opt/gz_transport_vendor/share/gz:/opt/ros/jazzy/opt/gz_rendering_vendor/share/gz:/opt/ros/jazzy/opt/gz_plugin_vendor/share/gz:/opt/ros/jazzy/opt/gz_fuel_tools_vendor/share/gz:/opt/ros/jazzy/opt/gz_msgs_vendor/share/gz:/opt/ros/jazzy/opt/gz_common_vendor/share/gz', 'XDG_SESSION_TYPE': 'wayland', 'CLUTTER_DISABLE_MIPMAPPED_TEXT': '1', 'SHLVL': '1', 'LD_LIBRARY_PATH': '/opt/ros/jazzy/opt/gz_sim_vendor/lib:/opt/ros/jazzy/opt/gz_sensors_vendor/lib:/opt/ros/jazzy/opt/gz_physics_vendor/lib:/opt/ros/jazzy/opt/sdformat_vendor/lib:/opt/ros/jazzy/opt/rviz_ogre_vendor/lib:/opt/ros/jazzy/lib/x86_64-linux-gnu:/opt/ros/jazzy/opt/gz_gui_vendor/lib:/opt/ros/jazzy/opt/gz_transport_vendor/lib:/opt/ros/jazzy/opt/gz_rendering_vendor/lib:/opt/ros/jazzy/opt/gz_plugin_vendor/lib:/opt/ros/jazzy/opt/gz_fuel_tools_vendor/lib:/opt/ros/jazzy/opt/gz_msgs_vendor/lib:/opt/ros/jazzy/opt/gz_common_vendor/lib:/opt/ros/jazzy/opt/gz_math_vendor/lib:/opt/ros/jazzy/opt/gz_utils_vendor/lib:/opt/ros/jazzy/opt/gz_tools_vendor/lib:/opt/ros/jazzy/opt/gz_ogre_next_vendor/lib:/opt/ros/jazzy/opt/gz_dartsim_vendor/lib:/opt/ros/jazzy/opt/gz_cmake_vendor/lib:/opt/ros/jazzy/lib', 'HOME': '/home/vboxuser', 'OLDPWD': '/home/vboxuser', 'DESKTOP_SESSION': 'ubuntu', 'GIO_LAUNCHED_DESKTOP_FILE': '/usr/share/applications/terminator.desktop', 'ROS_PYTHON_VERSION': '3', 'GNOME_SHELL_SESSION_MODE': 'ubuntu', 'GTK_MODULES': 'gail:atk-bridge', 'MANAGERPID': '1821', 'SYSTEMD_EXEC_PID': '2065', 'GSM_SKIP_SSH_AGENT_WORKAROUND': 'true', 'DBUS_SESSION_BUS_ADDRESS': 'unix:path=/run/user/1000/bus', 'COLORTERM': 'truecolor', 'TERMINATOR_DBUS_NAME': 'net.tenshu.Terminator25ef4b219e3b005583550f2b0f9f990c3', 'GIO_LAUNCHED_DESKTOP_FILE_PID': '2992', 'DEBUGINFOD_URLS': 'https://debuginfod.ubuntu.com', 'IM_CONFIG_PHASE': '1', 'WAYLAND_DISPLAY': 'wayland-0', 'ROS_DISTRO': 'jazzy', 'LOGNAME': 'vboxuser', 'JOURNAL_STREAM': '9:15131', '_': '/usr/bin/colcon', 'ROS_VERSION': '2', 'MEMORY_PRESSURE_WATCH': '/sys/fs/cgroup/user.slice/user-1000.slice/user@1000.service/session.slice/org.gnome.Shell@wayland.service/memory.pressure', 'XDG_SESSION_CLASS': 'user', 'USERNAME': 'vboxuser', 'TERM': 'xterm-256color', 'GNOME_DESKTOP_SESSION_ID': 'this-is-deprecated', 'PATH': '/opt/ros/jazzy/opt/gz_msgs_vendor/bin:/opt/ros/jazzy/opt/gz_tools_vendor/bin:/opt/ros/jazzy/opt/gz_ogre_next_vendor/bin:/opt/ros/jazzy/bin:/home/vboxuser/.local/bin:/usr/local/sbin:/usr/local/bin:/usr/sbin:/usr/bin:/sbin:/bin:/usr/games:/usr/local/games:/snap/bin:/snap/bin', 'SESSION_MANAGER': 'local/Robotproj:@/tmp/.ICE-unix/2021,unix/Robotproj:/tmp/.ICE-unix/2021', 'INVOCATION_ID': '0a4448d9e3fa415eb657cec0bbe459f4', 'XDG_MENU_PREFIX': 'gnome-', 'GNOME_SETUP_DISPLAY': ':1', 'XDG_RUNTIME_DIR': '/run/user/1000', 'DISPLAY': ':0', 'TERMINATOR_DBUS_PATH': '/net/tenshu/Terminator2', 'LANG': 'en_US.UTF-8', 'XDG_CURRENT_DESKTOP': 'ubuntu:GNOME', 'XMODIFIERS': '@im=ibus', 'XDG_SESSION_DESKTOP': 'ubuntu', 'XAUTHORITY': '/run/user/1000/.mutter-Xwaylandauth.N2SBM3', 'LS_COLORS': 'rs=0:di=01;34:ln=01;36:mh=00:pi=40;33:so=01;35:do=01;35:bd=40;33;01:cd=40;33;01:or=40;31;01:mi=00:su=37;41:sg=30;43:ca=00:tw=30;42:ow=34;42:st=37;44:ex=01;32:*.tar=01;31:*.tgz=01;31:*.arc=01;31:*.arj=01;31:*.taz=01;31:*.lha=01;31:*.lz4=01;31:*.lzh=01;31:*.lzma=01;31:*.tlz=01;31:*.txz=01;31:*.tzo=01;31:*.t7z=01;31:*.zip=01;31:*.z=01;31:*.dz=01;31:*.gz=01;31:*.lrz=01;31:*.lz=01;31:*.lzo=01;31:*.xz=01;31:*.zst=01;31:*.tzst=01;31:*.bz2=01;31:*.bz=01;31:*.tbz=01;31:*.tbz2=01;31:*.tz=01;31:*.deb=01;31:*.rpm=01;31:*.jar=01;31:*.war=01;31:*.ear=01;31:*.sar=01;31:*.rar=01;31:*.alz=01;31:*.ace=01;31:*.zoo=01;31:*.cpio=01;31:*.7z=01;31:*.rz=01;31:*.cab=01;31:*.wim=01;31:*.swm=01;31:*.dwm=01;31:*.esd=01;31:*.avif=01;35:*.jpg=01;35:*.jpeg=01;35:*.mjpg=01;35:*.mjpeg=01;35:*.gif=01;35:*.bmp=01;35:*.pbm=01;35:*.pgm=01;35:*.ppm=01;35:*.tga=01;35:*.xbm=01;35:*.xpm=01;35:*.tif=01;35:*.tiff=01;35:*.png=01;35:*.svg=01;35:*.svgz=01;35:*.mng=01;35:*.pcx=01;35:*.mov=01;35:*.mpg=01;35:*.mpeg=01;35:*.m2v=01;35:*.mkv=01;35:*.webm=01;35:*.webp=01;35:*.ogm=01;35:*.mp4=01;35:*.m4v=01;35:*.mp4v=01;35:*.vob=01;35:*.qt=01;35:*.nuv=01;35:*.wmv=01;35:*.asf=01;35:*.rm=01;35:*.rmvb=01;35:*.flc=01;35:*.avi=01;35:*.fli=01;35:*.flv=01;35:*.gl=01;35:*.dl=01;35:*.xcf=01;35:*.xwd=01;35:*.yuv=01;35:*.cgm=01;35:*.emf=01;35:*.ogv=01;35:*.ogx=01;35:*.aac=00;36:*.au=00;36:*.flac=00;36:*.m4a=00;36:*.mid=00;36:*.midi=00;36:*.mka=00;36:*.mp3=00;36:*.mpc=00;36:*.ogg=00;36:*.ra=00;36:*.wav=00;36:*.oga=00;36:*.opus=00;36:*.spx=00;36:*.xspf=00;36:*~=00;90:*#=00;90:*.bak=00;90:*.crdownload=00;90:*.dpkg-dist=00;90:*.dpkg-new=00;90:*.dpkg-old=00;90:*.dpkg-tmp=00;90:*.old=00;90:*.orig=00;90:*.part=00;90:*.rej=00;90:*.rpmnew=00;90:*.rpmorig=00;90:*.rpmsave=00;90:*.swp=00;90:*.tmp=00;90:*.ucf-dist=00;90:*.ucf-new=00;90:*.ucf-old=00;90:', 'SSH_AUTH_SOCK': '/run/user/1000/keyring/ssh', 'AMENT_PREFIX_PATH': '/opt/ros/jazzy', 'SHELL': '/bin/bash', 'TERMINATOR_UUID': 'urn:uuid:d9c01e1d-4148-4ee8-8389-ff1a6dc9a537', 'QT_ACCESSIBILITY': '1', 'GDMSESSION': 'ubuntu', 'LESSCLOSE': '/usr/bin/lesspipe %s %s', 'GJS_DEBUG_OUTPUT': 'stderr', 'ROS_AUTOMATIC_DISCOVERY_RANGE': 'SUBNET', 'QT_IM_MODULE': 'ibus', 'PWD': '/home/vboxuser/bumperbot_ws/build/bumperbot_controller', 'LC_ALL': 'en_US.UTF-8', 'XDG_CONFIG_DIRS': '/etc/xdg/xdg-ubuntu:/etc/xdg', 'XDG_DATA_DIRS': '/usr/share/ubuntu:/usr/share/gnome:/usr/local/share/:/usr/share/:/var/lib/snapd/desktop', 'PYTHONPATH': '/opt/ros/jazzy/lib/python3.12/site-packages', 'COLCON': '1', 'MEMORY_PRESSURE_WRITE': 'c29tZSAyMDAwMDAgMjAwMDAwMAA=', 'VTE_VERSION': '7600', 'CMAKE_PREFIX_PATH': '/opt/ros/jazzy/opt/gz_sim_vendor:/opt/ros/jazzy/opt/gz_sensors_vendor:/opt/ros/jazzy/opt/gz_physics_vendor:/opt/ros/jazzy/opt/sdformat_vendor:/opt/ros/jazzy/opt/gz_gui_vendor:/opt/ros/jazzy/opt/gz_transport_vendor:/opt/ros/jazzy/opt/gz_rendering_vendor:/opt/ros/jazzy/opt/gz_plugin_vendor:/opt/ros/jazzy/opt/gz_fuel_tools_vendor:/opt/ros/jazzy/opt/gz_msgs_vendor:/opt/ros/jazzy/opt/gz_common_vendor:/opt/ros/jazzy/opt/gz_math_vendor:/opt/ros/jazzy/opt/gz_utils_vendor:/opt/ros/jazzy/opt/gz_tools_vendor:/opt/ros/jazzy/opt/gz_ogre_next_vendor:/opt/ros/jazzy/opt/gz_dartsim_vendor:/opt/ros/jazzy/opt/gz_cmake_vendor:/opt/ros/jazzy'}), 'shell': False}
[45.944203] (bumperbot_controller) StdoutLine: {'line': b'-- Install configuration: ""\n'}
[45.944470] (bumperbot_controller) StdoutLine: {'line': b'-- Installing: /home/vboxuser/bumperbot_ws/install/bumperbot_controller/share/bumperbot_controller/environment/pythonpath.sh\n'}
[45.944658] (bumperbot_controller) StdoutLine: {'line': b'-- Installing: /home/vboxuser/bumperbot_ws/install/bumperbot_controller/share/bumperbot_controller/environment/pythonpath.dsv\n'}
[45.944795] (bumperbot_controller) StdoutLine: {'line': b'-- Installing: /home/vboxuser/bumperbot_ws/install/bumperbot_controller/lib/python3.12/site-packages/bumperbot_controller-0.0.0-py3.12.egg-info\n'}
[45.944926] (bumperbot_controller) StdoutLine: {'line': b'-- Installing: /home/vboxuser/bumperbot_ws/install/bumperbot_controller/lib/python3.12/site-packages/bumperbot_controller-0.0.0-py3.12.egg-info/dependency_links.txt\n'}
[45.945031] (bumperbot_controller) StdoutLine: {'line': b'-- Installing: /home/vboxuser/bumperbot_ws/install/bumperbot_controller/lib/python3.12/site-packages/bumperbot_controller-0.0.0-py3.12.egg-info/PKG-INFO\n'}
[45.945212] (bumperbot_controller) StdoutLine: {'line': b'-- Installing: /home/vboxuser/bumperbot_ws/install/bumperbot_controller/lib/python3.12/site-packages/bumperbot_controller-0.0.0-py3.12.egg-info/SOURCES.txt\n'}
[45.945325] (bumperbot_controller) StdoutLine: {'line': b'-- Installing: /home/vboxuser/bumperbot_ws/install/bumperbot_controller/lib/python3.12/site-packages/bumperbot_controller-0.0.0-py3.12.egg-info/top_level.txt\n'}
[45.945457] (bumperbot_controller) StdoutLine: {'line': b'-- Installing: /home/vboxuser/bumperbot_ws/install/bumperbot_controller/lib/python3.12/site-packages/bumperbot_controller\n'}
[45.945555] (bumperbot_controller) StdoutLine: {'line': b'-- Installing: /home/vboxuser/bumperbot_ws/install/bumperbot_controller/lib/python3.12/site-packages/bumperbot_controller/__init__.py\n'}
[45.945729] (bumperbot_controller) StdoutLine: {'line': b'-- Installing: /home/vboxuser/bumperbot_ws/install/bumperbot_controller/lib/python3.12/site-packages/bumperbot_controller/noisy_controller.py\n'}
[45.945831] (bumperbot_controller) StdoutLine: {'line': b'-- Installing: /home/vboxuser/bumperbot_ws/install/bumperbot_controller/lib/python3.12/site-packages/bumperbot_controller/simple_controller.py\n'}
[45.946948] (bumperbot_controller) StdoutLine: {'line': b'-- Installing: /home/vboxuser/bumperbot_ws/install/bumperbot_controller/lib/python3.12/site-packages/bumperbot_controller/twist_relay.py\n'}
[45.962216] (-) TimerEvent: {}
[45.984484] (bumperbot_controller) StdoutLine: {'line': b"Listing '/home/vboxuser/bumperbot_ws/install/bumperbot_controller/lib/python3.12/site-packages/bumperbot_controller'...\n"}
[45.984593] (bumperbot_controller) StdoutLine: {'line': b"Compiling '/home/vboxuser/bumperbot_ws/install/bumperbot_controller/lib/python3.12/site-packages/bumperbot_controller/__init__.py'...\n"}
[45.984630] (bumperbot_controller) StdoutLine: {'line': b"Compiling '/home/vboxuser/bumperbot_ws/install/bumperbot_controller/lib/python3.12/site-packages/bumperbot_controller/noisy_controller.py'...\n"}
[45.984665] (bumperbot_controller) StdoutLine: {'line': b"Compiling '/home/vboxuser/bumperbot_ws/install/bumperbot_controller/lib/python3.12/site-packages/bumperbot_controller/simple_controller.py'...\n"}
[45.984694] (bumperbot_controller) StdoutLine: {'line': b"Compiling '/home/vboxuser/bumperbot_ws/install/bumperbot_controller/lib/python3.12/site-packages/bumperbot_controller/twist_relay.py'...\n"}
[45.988374] (bumperbot_controller) StdoutLine: {'line': b'-- Installing: /home/vboxuser/bumperbot_ws/install/bumperbot_controller/include/include\n'}
[45.988563] (bumperbot_controller) StdoutLine: {'line': b'-- Installing: /home/vboxuser/bumperbot_ws/install/bumperbot_controller/include/include/bumperbot_controller\n'}
[45.988682] (bumperbot_controller) StdoutLine: {'line': b'-- Installing: /home/vboxuser/bumperbot_ws/install/bumperbot_controller/include/include/bumperbot_controller/noisy_controller.hpp\n'}
[45.988816] (bumperbot_controller) StdoutLine: {'line': b'-- Installing: /home/vboxuser/bumperbot_ws/install/bumperbot_controller/include/include/bumperbot_controller/simple_controller.hpp\n'}
[45.989000] (bumperbot_controller) StdoutLine: {'line': b'-- Installing: /home/vboxuser/bumperbot_ws/install/bumperbot_controller/lib/bumperbot_controller/simple_controller\n'}
[45.993842] (bumperbot_controller) StdoutLine: {'line': b'-- Set non-toolchain portion of runtime path of "/home/vboxuser/bumperbot_ws/install/bumperbot_controller/lib/bumperbot_controller/simple_controller" to ""\n'}
[45.994042] (bumperbot_controller) StdoutLine: {'line': b'-- Installing: /home/vboxuser/bumperbot_ws/install/bumperbot_controller/lib/bumperbot_controller/noisy_controller\n'}
[45.996714] (bumperbot_controller) StdoutLine: {'line': b'-- Set non-toolchain portion of runtime path of "/home/vboxuser/bumperbot_ws/install/bumperbot_controller/lib/bumperbot_controller/noisy_controller" to ""\n'}
[45.996915] (bumperbot_controller) StdoutLine: {'line': b'-- Installing: /home/vboxuser/bumperbot_ws/install/bumperbot_controller/lib/bumperbot_controller/twist_relay\n'}
[45.999833] (bumperbot_controller) StdoutLine: {'line': b'-- Set non-toolchain portion of runtime path of "/home/vboxuser/bumperbot_ws/install/bumperbot_controller/lib/bumperbot_controller/twist_relay" to ""\n'}
[45.999971] (bumperbot_controller) StdoutLine: {'line': b'-- Installing: /home/vboxuser/bumperbot_ws/install/bumperbot_controller/share/bumperbot_controller/launch\n'}
[46.002110] (bumperbot_controller) StdoutLine: {'line': b'-- Installing: /home/vboxuser/bumperbot_ws/install/bumperbot_controller/share/bumperbot_controller/launch/joystick_teleop.launch.py\n'}
[46.002431] (bumperbot_controller) StdoutLine: {'line': b'-- Installing: /home/vboxuser/bumperbot_ws/install/bumperbot_controller/share/bumperbot_controller/launch/controller.launch.py\n'}
[46.003156] (bumperbot_controller) StdoutLine: {'line': b'-- Installing: /home/vboxuser/bumperbot_ws/install/bumperbot_controller/share/bumperbot_controller/config\n'}
[46.003678] (bumperbot_controller) StdoutLine: {'line': b'-- Installing: /home/vboxuser/bumperbot_ws/install/bumperbot_controller/share/bumperbot_controller/config/bumperbot_controllers.yaml\n'}
[46.004282] (bumperbot_controller) StdoutLine: {'line': b'-- Installing: /home/vboxuser/bumperbot_ws/install/bumperbot_controller/share/bumperbot_controller/config/twist_mux_joy.yaml\n'}
[46.004759] (bumperbot_controller) StdoutLine: {'line': b'-- Installing: /home/vboxuser/bumperbot_ws/install/bumperbot_controller/share/bumperbot_controller/config/joy_config.yaml\n'}
[46.005235] (bumperbot_controller) StdoutLine: {'line': b'-- Installing: /home/vboxuser/bumperbot_ws/install/bumperbot_controller/share/bumperbot_controller/config/twist_mux_topics.yaml\n'}
[46.005860] (bumperbot_controller) StdoutLine: {'line': b'-- Installing: /home/vboxuser/bumperbot_ws/install/bumperbot_controller/share/bumperbot_controller/config/joy_teleop.yaml\n'}
[46.006598] (bumperbot_controller) StdoutLine: {'line': b'-- Installing: /home/vboxuser/bumperbot_ws/install/bumperbot_controller/share/bumperbot_controller/config/twist_mux_locks.yaml\n'}
[46.006932] (bumperbot_controller) StdoutLine: {'line': b'-- Installing: /home/vboxuser/bumperbot_ws/install/bumperbot_controller/lib/bumperbot_controller/simple_controller.py\n'}
[46.007144] (bumperbot_controller) StdoutLine: {'line': b'-- Installing: /home/vboxuser/bumperbot_ws/install/bumperbot_controller/lib/bumperbot_controller/noisy_controller.py\n'}
[46.007378] (bumperbot_controller) StdoutLine: {'line': b'-- Installing: /home/vboxuser/bumperbot_ws/install/bumperbot_controller/lib/bumperbot_controller/twist_relay.py\n'}
[46.007446] (bumperbot_controller) StdoutLine: {'line': b'-- Installing: /home/vboxuser/bumperbot_ws/install/bumperbot_controller/share/ament_index/resource_index/package_run_dependencies/bumperbot_controller\n'}
[46.007594] (bumperbot_controller) StdoutLine: {'line': b'-- Installing: /home/vboxuser/bumperbot_ws/install/bumperbot_controller/share/ament_index/resource_index/parent_prefix_path/bumperbot_controller\n'}
[46.007729] (bumperbot_controller) StdoutLine: {'line': b'-- Installing: /home/vboxuser/bumperbot_ws/install/bumperbot_controller/share/bumperbot_controller/environment/ament_prefix_path.sh\n'}
[46.007942] (bumperbot_controller) StdoutLine: {'line': b'-- Installing: /home/vboxuser/bumperbot_ws/install/bumperbot_controller/share/bumperbot_controller/environment/ament_prefix_path.dsv\n'}
[46.008081] (bumperbot_controller) StdoutLine: {'line': b'-- Installing: /home/vboxuser/bumperbot_ws/install/bumperbot_controller/share/bumperbot_controller/environment/path.sh\n'}
[46.008206] (bumperbot_controller) StdoutLine: {'line': b'-- Installing: /home/vboxuser/bumperbot_ws/install/bumperbot_controller/share/bumperbot_controller/environment/path.dsv\n'}
[46.009266] (bumperbot_controller) StdoutLine: {'line': b'-- Installing: /home/vboxuser/bumperbot_ws/install/bumperbot_controller/share/bumperbot_controller/local_setup.bash\n'}
[46.010226] (bumperbot_controller) StdoutLine: {'line': b'-- Installing: /home/vboxuser/bumperbot_ws/install/bumperbot_controller/share/bumperbot_controller/local_setup.sh\n'}
[46.010408] (bumperbot_controller) StdoutLine: {'line': b'-- Installing: /home/vboxuser/bumperbot_ws/install/bumperbot_controller/share/bumperbot_controller/local_setup.zsh\n'}
[46.010539] (bumperbot_controller) StdoutLine: {'line': b'-- Installing: /home/vboxuser/bumperbot_ws/install/bumperbot_controller/share/bumperbot_controller/local_setup.dsv\n'}
[46.010600] (bumperbot_controller) StdoutLine: {'line': b'-- Installing: /home/vboxuser/bumperbot_ws/install/bumperbot_controller/share/bumperbot_controller/package.dsv\n'}
[46.010742] (bumperbot_controller) StdoutLine: {'line': b'-- Installing: /home/vboxuser/bumperbot_ws/install/bumperbot_controller/share/ament_index/resource_index/packages/bumperbot_controller\n'}
[46.010884] (bumperbot_controller) StdoutLine: {'line': b'-- Installing: /home/vboxuser/bumperbot_ws/install/bumperbot_controller/share/bumperbot_controller/cmake/bumperbot_controllerConfig.cmake\n'}
[46.010992] (bumperbot_controller) StdoutLine: {'line': b'-- Installing: /home/vboxuser/bumperbot_ws/install/bumperbot_controller/share/bumperbot_controller/cmake/bumperbot_controllerConfig-version.cmake\n'}
[46.011107] (bumperbot_controller) StdoutLine: {'line': b'-- Installing: /home/vboxuser/bumperbot_ws/install/bumperbot_controller/share/bumperbot_controller/package.xml\n'}
[46.013206] (bumperbot_controller) CommandEnded: {'returncode': 0}
[46.024884] (bumperbot_controller) JobEnded: {'identifier': 'bumperbot_controller', 'rc': 0}
[46.034449] (bumperbot_description) JobStarted: {'identifier': 'bumperbot_description'}
[46.046951] (bumperbot_description) JobProgress: {'identifier': 'bumperbot_description', 'progress': 'cmake'}
[46.047229] (bumperbot_description) Command: {'cmd': ['/usr/bin/cmake', '/home/vboxuser/bumperbot_ws/src/bumperbot_description', '-DCMAKE_INSTALL_PREFIX=/home/vboxuser/bumperbot_ws/install/bumperbot_description'], 'cwd': '/home/vboxuser/bumperbot_ws/build/bumperbot_description', 'env': OrderedDict({'GJS_DEBUG_TOPICS': 'JS ERROR;JS LOG', 'XDG_ACTIVATION_TOKEN': 'gnome-shell/Terminator/2065-1-Robotproj_TIME198317', 'LESSOPEN': '| /usr/bin/lesspipe %s', 'USER': 'vboxuser', 'GZ_CONFIG_PATH': '/opt/ros/jazzy/opt/gz_sim_vendor/share/gz:/opt/ros/jazzy/opt/sdformat_vendor/share/gz:/opt/ros/jazzy/opt/gz_gui_vendor/share/gz:/opt/ros/jazzy/opt/gz_transport_vendor/share/gz:/opt/ros/jazzy/opt/gz_rendering_vendor/share/gz:/opt/ros/jazzy/opt/gz_plugin_vendor/share/gz:/opt/ros/jazzy/opt/gz_fuel_tools_vendor/share/gz:/opt/ros/jazzy/opt/gz_msgs_vendor/share/gz:/opt/ros/jazzy/opt/gz_common_vendor/share/gz', 'XDG_SESSION_TYPE': 'wayland', 'CLUTTER_DISABLE_MIPMAPPED_TEXT': '1', 'SHLVL': '1', 'LD_LIBRARY_PATH': '/opt/ros/jazzy/opt/gz_sim_vendor/lib:/opt/ros/jazzy/opt/gz_sensors_vendor/lib:/opt/ros/jazzy/opt/gz_physics_vendor/lib:/opt/ros/jazzy/opt/sdformat_vendor/lib:/opt/ros/jazzy/opt/rviz_ogre_vendor/lib:/opt/ros/jazzy/lib/x86_64-linux-gnu:/opt/ros/jazzy/opt/gz_gui_vendor/lib:/opt/ros/jazzy/opt/gz_transport_vendor/lib:/opt/ros/jazzy/opt/gz_rendering_vendor/lib:/opt/ros/jazzy/opt/gz_plugin_vendor/lib:/opt/ros/jazzy/opt/gz_fuel_tools_vendor/lib:/opt/ros/jazzy/opt/gz_msgs_vendor/lib:/opt/ros/jazzy/opt/gz_common_vendor/lib:/opt/ros/jazzy/opt/gz_math_vendor/lib:/opt/ros/jazzy/opt/gz_utils_vendor/lib:/opt/ros/jazzy/opt/gz_tools_vendor/lib:/opt/ros/jazzy/opt/gz_ogre_next_vendor/lib:/opt/ros/jazzy/opt/gz_dartsim_vendor/lib:/opt/ros/jazzy/opt/gz_cmake_vendor/lib:/opt/ros/jazzy/lib', 'HOME': '/home/vboxuser', 'OLDPWD': '/home/vboxuser', 'DESKTOP_SESSION': 'ubuntu', 'GIO_LAUNCHED_DESKTOP_FILE': '/usr/share/applications/terminator.desktop', 'ROS_PYTHON_VERSION': '3', 'GNOME_SHELL_SESSION_MODE': 'ubuntu', 'GTK_MODULES': 'gail:atk-bridge', 'MANAGERPID': '1821', 'SYSTEMD_EXEC_PID': '2065', 'GSM_SKIP_SSH_AGENT_WORKAROUND': 'true', 'DBUS_SESSION_BUS_ADDRESS': 'unix:path=/run/user/1000/bus', 'COLORTERM': 'truecolor', 'TERMINATOR_DBUS_NAME': 'net.tenshu.Terminator25ef4b219e3b005583550f2b0f9f990c3', 'GIO_LAUNCHED_DESKTOP_FILE_PID': '2992', 'DEBUGINFOD_URLS': 'https://debuginfod.ubuntu.com', 'IM_CONFIG_PHASE': '1', 'WAYLAND_DISPLAY': 'wayland-0', 'ROS_DISTRO': 'jazzy', 'LOGNAME': 'vboxuser', 'JOURNAL_STREAM': '9:15131', '_': '/usr/bin/colcon', 'ROS_VERSION': '2', 'MEMORY_PRESSURE_WATCH': '/sys/fs/cgroup/user.slice/user-1000.slice/user@1000.service/session.slice/org.gnome.Shell@wayland.service/memory.pressure', 'XDG_SESSION_CLASS': 'user', 'USERNAME': 'vboxuser', 'TERM': 'xterm-256color', 'GNOME_DESKTOP_SESSION_ID': 'this-is-deprecated', 'PATH': '/opt/ros/jazzy/opt/gz_msgs_vendor/bin:/opt/ros/jazzy/opt/gz_tools_vendor/bin:/opt/ros/jazzy/opt/gz_ogre_next_vendor/bin:/opt/ros/jazzy/bin:/home/vboxuser/.local/bin:/usr/local/sbin:/usr/local/bin:/usr/sbin:/usr/bin:/sbin:/bin:/usr/games:/usr/local/games:/snap/bin:/snap/bin', 'SESSION_MANAGER': 'local/Robotproj:@/tmp/.ICE-unix/2021,unix/Robotproj:/tmp/.ICE-unix/2021', 'INVOCATION_ID': '0a4448d9e3fa415eb657cec0bbe459f4', 'XDG_MENU_PREFIX': 'gnome-', 'GNOME_SETUP_DISPLAY': ':1', 'XDG_RUNTIME_DIR': '/run/user/1000', 'DISPLAY': ':0', 'TERMINATOR_DBUS_PATH': '/net/tenshu/Terminator2', 'LANG': 'en_US.UTF-8', 'XDG_CURRENT_DESKTOP': 'ubuntu:GNOME', 'XMODIFIERS': '@im=ibus', 'XDG_SESSION_DESKTOP': 'ubuntu', 'XAUTHORITY': '/run/user/1000/.mutter-Xwaylandauth.N2SBM3', 'LS_COLORS': 'rs=0:di=01;34:ln=01;36:mh=00:pi=40;33:so=01;35:do=01;35:bd=40;33;01:cd=40;33;01:or=40;31;01:mi=00:su=37;41:sg=30;43:ca=00:tw=30;42:ow=34;42:st=37;44:ex=01;32:*.tar=01;31:*.tgz=01;31:*.arc=01;31:*.arj=01;31:*.taz=01;31:*.lha=01;31:*.lz4=01;31:*.lzh=01;31:*.lzma=01;31:*.tlz=01;31:*.txz=01;31:*.tzo=01;31:*.t7z=01;31:*.zip=01;31:*.z=01;31:*.dz=01;31:*.gz=01;31:*.lrz=01;31:*.lz=01;31:*.lzo=01;31:*.xz=01;31:*.zst=01;31:*.tzst=01;31:*.bz2=01;31:*.bz=01;31:*.tbz=01;31:*.tbz2=01;31:*.tz=01;31:*.deb=01;31:*.rpm=01;31:*.jar=01;31:*.war=01;31:*.ear=01;31:*.sar=01;31:*.rar=01;31:*.alz=01;31:*.ace=01;31:*.zoo=01;31:*.cpio=01;31:*.7z=01;31:*.rz=01;31:*.cab=01;31:*.wim=01;31:*.swm=01;31:*.dwm=01;31:*.esd=01;31:*.avif=01;35:*.jpg=01;35:*.jpeg=01;35:*.mjpg=01;35:*.mjpeg=01;35:*.gif=01;35:*.bmp=01;35:*.pbm=01;35:*.pgm=01;35:*.ppm=01;35:*.tga=01;35:*.xbm=01;35:*.xpm=01;35:*.tif=01;35:*.tiff=01;35:*.png=01;35:*.svg=01;35:*.svgz=01;35:*.mng=01;35:*.pcx=01;35:*.mov=01;35:*.mpg=01;35:*.mpeg=01;35:*.m2v=01;35:*.mkv=01;35:*.webm=01;35:*.webp=01;35:*.ogm=01;35:*.mp4=01;35:*.m4v=01;35:*.mp4v=01;35:*.vob=01;35:*.qt=01;35:*.nuv=01;35:*.wmv=01;35:*.asf=01;35:*.rm=01;35:*.rmvb=01;35:*.flc=01;35:*.avi=01;35:*.fli=01;35:*.flv=01;35:*.gl=01;35:*.dl=01;35:*.xcf=01;35:*.xwd=01;35:*.yuv=01;35:*.cgm=01;35:*.emf=01;35:*.ogv=01;35:*.ogx=01;35:*.aac=00;36:*.au=00;36:*.flac=00;36:*.m4a=00;36:*.mid=00;36:*.midi=00;36:*.mka=00;36:*.mp3=00;36:*.mpc=00;36:*.ogg=00;36:*.ra=00;36:*.wav=00;36:*.oga=00;36:*.opus=00;36:*.spx=00;36:*.xspf=00;36:*~=00;90:*#=00;90:*.bak=00;90:*.crdownload=00;90:*.dpkg-dist=00;90:*.dpkg-new=00;90:*.dpkg-old=00;90:*.dpkg-tmp=00;90:*.old=00;90:*.orig=00;90:*.part=00;90:*.rej=00;90:*.rpmnew=00;90:*.rpmorig=00;90:*.rpmsave=00;90:*.swp=00;90:*.tmp=00;90:*.ucf-dist=00;90:*.ucf-new=00;90:*.ucf-old=00;90:', 'SSH_AUTH_SOCK': '/run/user/1000/keyring/ssh', 'AMENT_PREFIX_PATH': '/opt/ros/jazzy', 'SHELL': '/bin/bash', 'TERMINATOR_UUID': 'urn:uuid:d9c01e1d-4148-4ee8-8389-ff1a6dc9a537', 'QT_ACCESSIBILITY': '1', 'GDMSESSION': 'ubuntu', 'LESSCLOSE': '/usr/bin/lesspipe %s %s', 'GJS_DEBUG_OUTPUT': 'stderr', 'ROS_AUTOMATIC_DISCOVERY_RANGE': 'SUBNET', 'QT_IM_MODULE': 'ibus', 'PWD': '/home/vboxuser/bumperbot_ws/build/bumperbot_description', 'LC_ALL': 'en_US.UTF-8', 'XDG_CONFIG_DIRS': '/etc/xdg/xdg-ubuntu:/etc/xdg', 'XDG_DATA_DIRS': '/usr/share/ubuntu:/usr/share/gnome:/usr/local/share/:/usr/share/:/var/lib/snapd/desktop', 'PYTHONPATH': '/opt/ros/jazzy/lib/python3.12/site-packages', 'COLCON': '1', 'MEMORY_PRESSURE_WRITE': 'c29tZSAyMDAwMDAgMjAwMDAwMAA=', 'VTE_VERSION': '7600', 'CMAKE_PREFIX_PATH': '/opt/ros/jazzy/opt/gz_sim_vendor:/opt/ros/jazzy/opt/gz_sensors_vendor:/opt/ros/jazzy/opt/gz_physics_vendor:/opt/ros/jazzy/opt/sdformat_vendor:/opt/ros/jazzy/opt/gz_gui_vendor:/opt/ros/jazzy/opt/gz_transport_vendor:/opt/ros/jazzy/opt/gz_rendering_vendor:/opt/ros/jazzy/opt/gz_plugin_vendor:/opt/ros/jazzy/opt/gz_fuel_tools_vendor:/opt/ros/jazzy/opt/gz_msgs_vendor:/opt/ros/jazzy/opt/gz_common_vendor:/opt/ros/jazzy/opt/gz_math_vendor:/opt/ros/jazzy/opt/gz_utils_vendor:/opt/ros/jazzy/opt/gz_tools_vendor:/opt/ros/jazzy/opt/gz_ogre_next_vendor:/opt/ros/jazzy/opt/gz_dartsim_vendor:/opt/ros/jazzy/opt/gz_cmake_vendor:/opt/ros/jazzy'}), 'shell': False}
[46.062458] (-) TimerEvent: {}
[46.113220] (bumperbot_description) StdoutLine: {'line': b'-- The C compiler identification is GNU 13.3.0\n'}
[46.157040] (bumperbot_description) StdoutLine: {'line': b'-- The CXX compiler identification is GNU 13.3.0\n'}
[46.162627] (-) TimerEvent: {}
[46.183954] (bumperbot_description) StdoutLine: {'line': b'-- Detecting C compiler ABI info\n'}
[46.259253] (bumperbot_description) StdoutLine: {'line': b'-- Detecting C compiler ABI info - done\n'}
[46.262706] (-) TimerEvent: {}
[46.278281] (bumperbot_description) StdoutLine: {'line': b'-- Check for working C compiler: /usr/bin/cc - skipped\n'}
[46.278643] (bumperbot_description) StdoutLine: {'line': b'-- Detecting C compile features\n'}
[46.278993] (bumperbot_description) StdoutLine: {'line': b'-- Detecting C compile features - done\n'}
[46.300419] (bumperbot_description) StdoutLine: {'line': b'-- Detecting CXX compiler ABI info\n'}
[46.362783] (-) TimerEvent: {}
[46.401976] (bumperbot_description) StdoutLine: {'line': b'-- Detecting CXX compiler ABI info - done\n'}
[46.408384] (bumperbot_description) StdoutLine: {'line': b'-- Check for working CXX compiler: /usr/bin/c++ - skipped\n'}
[46.408714] (bumperbot_description) StdoutLine: {'line': b'-- Detecting CXX compile features\n'}
[46.409109] (bumperbot_description) StdoutLine: {'line': b'-- Detecting CXX compile features - done\n'}
[46.416980] (bumperbot_description) StdoutLine: {'line': b'-- Found ament_cmake: 2.5.5 (/opt/ros/jazzy/share/ament_cmake/cmake)\n'}
[46.469020] (-) TimerEvent: {}
[46.531899] (bumperbot_description) StdoutLine: {'line': b'-- Found Python3: /usr/bin/python3 (found version "3.12.3") found components: Interpreter \n'}
[46.572344] (-) TimerEvent: {}
[46.629583] (bumperbot_description) StdoutLine: {'line': b'-- Found urdf: 2.10.0 (/opt/ros/jazzy/share/urdf/cmake)\n'}
[46.673222] (-) TimerEvent: {}
[46.687931] (bumperbot_description) StdoutLine: {'line': b'-- Found TinyXML2 via Config file: /usr/lib/x86_64-linux-gnu/cmake/tinyxml2\n'}
[46.706114] (bumperbot_description) StdoutLine: {'line': b'-- Found ament_lint_auto: 0.17.4 (/opt/ros/jazzy/share/ament_lint_auto/cmake)\n'}
[46.774529] (-) TimerEvent: {}
[46.818018] (bumperbot_description) StdoutLine: {'line': b"-- Added test 'copyright' to check source files copyright and LICENSE\n"}
[46.880393] (-) TimerEvent: {}
[46.980566] (-) TimerEvent: {}
[47.057563] (bumperbot_description) StdoutLine: {'line': b"-- Added test 'flake8' to check Python code syntax and style conventions\n"}
[47.057734] (bumperbot_description) StdoutLine: {'line': b"-- Configured 'flake8' exclude dirs and/or files: \n"}
[47.063090] (bumperbot_description) StdoutLine: {'line': b"-- Added test 'lint_cmake' to check CMake code style\n"}
[47.066597] (bumperbot_description) StdoutLine: {'line': b"-- Added test 'pep257' to check Python code against some of the docstring style conventions in PEP 257\n"}
[47.086131] (-) TimerEvent: {}
[47.099360] (bumperbot_description) StdoutLine: {'line': b"-- Added test 'xmllint' to check XML markup files\n"}
[47.099511] (bumperbot_description) StdoutLine: {'line': b'-- Configuring done (1.0s)\n'}
[47.101509] (bumperbot_description) StdoutLine: {'line': b'-- Generating done (0.0s)\n'}
[47.103704] (bumperbot_description) StdoutLine: {'line': b'-- Build files have been written to: /home/vboxuser/bumperbot_ws/build/bumperbot_description\n'}
[47.107558] (bumperbot_description) CommandEnded: {'returncode': 0}
[47.108167] (bumperbot_description) JobProgress: {'identifier': 'bumperbot_description', 'progress': 'build'}
[47.108294] (bumperbot_description) Command: {'cmd': ['/usr/bin/cmake', '--build', '/home/vboxuser/bumperbot_ws/build/bumperbot_description', '--', '-j1', '-l1'], 'cwd': '/home/vboxuser/bumperbot_ws/build/bumperbot_description', 'env': OrderedDict({'GJS_DEBUG_TOPICS': 'JS ERROR;JS LOG', 'XDG_ACTIVATION_TOKEN': 'gnome-shell/Terminator/2065-1-Robotproj_TIME198317', 'LESSOPEN': '| /usr/bin/lesspipe %s', 'USER': 'vboxuser', 'GZ_CONFIG_PATH': '/opt/ros/jazzy/opt/gz_sim_vendor/share/gz:/opt/ros/jazzy/opt/sdformat_vendor/share/gz:/opt/ros/jazzy/opt/gz_gui_vendor/share/gz:/opt/ros/jazzy/opt/gz_transport_vendor/share/gz:/opt/ros/jazzy/opt/gz_rendering_vendor/share/gz:/opt/ros/jazzy/opt/gz_plugin_vendor/share/gz:/opt/ros/jazzy/opt/gz_fuel_tools_vendor/share/gz:/opt/ros/jazzy/opt/gz_msgs_vendor/share/gz:/opt/ros/jazzy/opt/gz_common_vendor/share/gz', 'XDG_SESSION_TYPE': 'wayland', 'CLUTTER_DISABLE_MIPMAPPED_TEXT': '1', 'SHLVL': '1', 'LD_LIBRARY_PATH': '/opt/ros/jazzy/opt/gz_sim_vendor/lib:/opt/ros/jazzy/opt/gz_sensors_vendor/lib:/opt/ros/jazzy/opt/gz_physics_vendor/lib:/opt/ros/jazzy/opt/sdformat_vendor/lib:/opt/ros/jazzy/opt/rviz_ogre_vendor/lib:/opt/ros/jazzy/lib/x86_64-linux-gnu:/opt/ros/jazzy/opt/gz_gui_vendor/lib:/opt/ros/jazzy/opt/gz_transport_vendor/lib:/opt/ros/jazzy/opt/gz_rendering_vendor/lib:/opt/ros/jazzy/opt/gz_plugin_vendor/lib:/opt/ros/jazzy/opt/gz_fuel_tools_vendor/lib:/opt/ros/jazzy/opt/gz_msgs_vendor/lib:/opt/ros/jazzy/opt/gz_common_vendor/lib:/opt/ros/jazzy/opt/gz_math_vendor/lib:/opt/ros/jazzy/opt/gz_utils_vendor/lib:/opt/ros/jazzy/opt/gz_tools_vendor/lib:/opt/ros/jazzy/opt/gz_ogre_next_vendor/lib:/opt/ros/jazzy/opt/gz_dartsim_vendor/lib:/opt/ros/jazzy/opt/gz_cmake_vendor/lib:/opt/ros/jazzy/lib', 'HOME': '/home/vboxuser', 'OLDPWD': '/home/vboxuser', 'DESKTOP_SESSION': 'ubuntu', 'GIO_LAUNCHED_DESKTOP_FILE': '/usr/share/applications/terminator.desktop', 'ROS_PYTHON_VERSION': '3', 'GNOME_SHELL_SESSION_MODE': 'ubuntu', 'GTK_MODULES': 'gail:atk-bridge', 'MANAGERPID': '1821', 'SYSTEMD_EXEC_PID': '2065', 'GSM_SKIP_SSH_AGENT_WORKAROUND': 'true', 'DBUS_SESSION_BUS_ADDRESS': 'unix:path=/run/user/1000/bus', 'COLORTERM': 'truecolor', 'TERMINATOR_DBUS_NAME': 'net.tenshu.Terminator25ef4b219e3b005583550f2b0f9f990c3', 'GIO_LAUNCHED_DESKTOP_FILE_PID': '2992', 'DEBUGINFOD_URLS': 'https://debuginfod.ubuntu.com', 'IM_CONFIG_PHASE': '1', 'WAYLAND_DISPLAY': 'wayland-0', 'ROS_DISTRO': 'jazzy', 'LOGNAME': 'vboxuser', 'JOURNAL_STREAM': '9:15131', '_': '/usr/bin/colcon', 'ROS_VERSION': '2', 'MEMORY_PRESSURE_WATCH': '/sys/fs/cgroup/user.slice/user-1000.slice/user@1000.service/session.slice/org.gnome.Shell@wayland.service/memory.pressure', 'XDG_SESSION_CLASS': 'user', 'USERNAME': 'vboxuser', 'TERM': 'xterm-256color', 'GNOME_DESKTOP_SESSION_ID': 'this-is-deprecated', 'PATH': '/opt/ros/jazzy/opt/gz_msgs_vendor/bin:/opt/ros/jazzy/opt/gz_tools_vendor/bin:/opt/ros/jazzy/opt/gz_ogre_next_vendor/bin:/opt/ros/jazzy/bin:/home/vboxuser/.local/bin:/usr/local/sbin:/usr/local/bin:/usr/sbin:/usr/bin:/sbin:/bin:/usr/games:/usr/local/games:/snap/bin:/snap/bin', 'SESSION_MANAGER': 'local/Robotproj:@/tmp/.ICE-unix/2021,unix/Robotproj:/tmp/.ICE-unix/2021', 'INVOCATION_ID': '0a4448d9e3fa415eb657cec0bbe459f4', 'XDG_MENU_PREFIX': 'gnome-', 'GNOME_SETUP_DISPLAY': ':1', 'XDG_RUNTIME_DIR': '/run/user/1000', 'DISPLAY': ':0', 'TERMINATOR_DBUS_PATH': '/net/tenshu/Terminator2', 'LANG': 'en_US.UTF-8', 'XDG_CURRENT_DESKTOP': 'ubuntu:GNOME', 'XMODIFIERS': '@im=ibus', 'XDG_SESSION_DESKTOP': 'ubuntu', 'XAUTHORITY': '/run/user/1000/.mutter-Xwaylandauth.N2SBM3', 'LS_COLORS': 'rs=0:di=01;34:ln=01;36:mh=00:pi=40;33:so=01;35:do=01;35:bd=40;33;01:cd=40;33;01:or=40;31;01:mi=00:su=37;41:sg=30;43:ca=00:tw=30;42:ow=34;42:st=37;44:ex=01;32:*.tar=01;31:*.tgz=01;31:*.arc=01;31:*.arj=01;31:*.taz=01;31:*.lha=01;31:*.lz4=01;31:*.lzh=01;31:*.lzma=01;31:*.tlz=01;31:*.txz=01;31:*.tzo=01;31:*.t7z=01;31:*.zip=01;31:*.z=01;31:*.dz=01;31:*.gz=01;31:*.lrz=01;31:*.lz=01;31:*.lzo=01;31:*.xz=01;31:*.zst=01;31:*.tzst=01;31:*.bz2=01;31:*.bz=01;31:*.tbz=01;31:*.tbz2=01;31:*.tz=01;31:*.deb=01;31:*.rpm=01;31:*.jar=01;31:*.war=01;31:*.ear=01;31:*.sar=01;31:*.rar=01;31:*.alz=01;31:*.ace=01;31:*.zoo=01;31:*.cpio=01;31:*.7z=01;31:*.rz=01;31:*.cab=01;31:*.wim=01;31:*.swm=01;31:*.dwm=01;31:*.esd=01;31:*.avif=01;35:*.jpg=01;35:*.jpeg=01;35:*.mjpg=01;35:*.mjpeg=01;35:*.gif=01;35:*.bmp=01;35:*.pbm=01;35:*.pgm=01;35:*.ppm=01;35:*.tga=01;35:*.xbm=01;35:*.xpm=01;35:*.tif=01;35:*.tiff=01;35:*.png=01;35:*.svg=01;35:*.svgz=01;35:*.mng=01;35:*.pcx=01;35:*.mov=01;35:*.mpg=01;35:*.mpeg=01;35:*.m2v=01;35:*.mkv=01;35:*.webm=01;35:*.webp=01;35:*.ogm=01;35:*.mp4=01;35:*.m4v=01;35:*.mp4v=01;35:*.vob=01;35:*.qt=01;35:*.nuv=01;35:*.wmv=01;35:*.asf=01;35:*.rm=01;35:*.rmvb=01;35:*.flc=01;35:*.avi=01;35:*.fli=01;35:*.flv=01;35:*.gl=01;35:*.dl=01;35:*.xcf=01;35:*.xwd=01;35:*.yuv=01;35:*.cgm=01;35:*.emf=01;35:*.ogv=01;35:*.ogx=01;35:*.aac=00;36:*.au=00;36:*.flac=00;36:*.m4a=00;36:*.mid=00;36:*.midi=00;36:*.mka=00;36:*.mp3=00;36:*.mpc=00;36:*.ogg=00;36:*.ra=00;36:*.wav=00;36:*.oga=00;36:*.opus=00;36:*.spx=00;36:*.xspf=00;36:*~=00;90:*#=00;90:*.bak=00;90:*.crdownload=00;90:*.dpkg-dist=00;90:*.dpkg-new=00;90:*.dpkg-old=00;90:*.dpkg-tmp=00;90:*.old=00;90:*.orig=00;90:*.part=00;90:*.rej=00;90:*.rpmnew=00;90:*.rpmorig=00;90:*.rpmsave=00;90:*.swp=00;90:*.tmp=00;90:*.ucf-dist=00;90:*.ucf-new=00;90:*.ucf-old=00;90:', 'SSH_AUTH_SOCK': '/run/user/1000/keyring/ssh', 'AMENT_PREFIX_PATH': '/opt/ros/jazzy', 'SHELL': '/bin/bash', 'TERMINATOR_UUID': 'urn:uuid:d9c01e1d-4148-4ee8-8389-ff1a6dc9a537', 'QT_ACCESSIBILITY': '1', 'GDMSESSION': 'ubuntu', 'LESSCLOSE': '/usr/bin/lesspipe %s %s', 'GJS_DEBUG_OUTPUT': 'stderr', 'ROS_AUTOMATIC_DISCOVERY_RANGE': 'SUBNET', 'QT_IM_MODULE': 'ibus', 'PWD': '/home/vboxuser/bumperbot_ws/build/bumperbot_description', 'LC_ALL': 'en_US.UTF-8', 'XDG_CONFIG_DIRS': '/etc/xdg/xdg-ubuntu:/etc/xdg', 'XDG_DATA_DIRS': '/usr/share/ubuntu:/usr/share/gnome:/usr/local/share/:/usr/share/:/var/lib/snapd/desktop', 'PYTHONPATH': '/opt/ros/jazzy/lib/python3.12/site-packages', 'COLCON': '1', 'MEMORY_PRESSURE_WRITE': 'c29tZSAyMDAwMDAgMjAwMDAwMAA=', 'VTE_VERSION': '7600', 'CMAKE_PREFIX_PATH': '/opt/ros/jazzy/opt/gz_sim_vendor:/opt/ros/jazzy/opt/gz_sensors_vendor:/opt/ros/jazzy/opt/gz_physics_vendor:/opt/ros/jazzy/opt/sdformat_vendor:/opt/ros/jazzy/opt/gz_gui_vendor:/opt/ros/jazzy/opt/gz_transport_vendor:/opt/ros/jazzy/opt/gz_rendering_vendor:/opt/ros/jazzy/opt/gz_plugin_vendor:/opt/ros/jazzy/opt/gz_fuel_tools_vendor:/opt/ros/jazzy/opt/gz_msgs_vendor:/opt/ros/jazzy/opt/gz_common_vendor:/opt/ros/jazzy/opt/gz_math_vendor:/opt/ros/jazzy/opt/gz_utils_vendor:/opt/ros/jazzy/opt/gz_tools_vendor:/opt/ros/jazzy/opt/gz_ogre_next_vendor:/opt/ros/jazzy/opt/gz_dartsim_vendor:/opt/ros/jazzy/opt/gz_cmake_vendor:/opt/ros/jazzy'}), 'shell': False}
[47.144750] (bumperbot_description) CommandEnded: {'returncode': 0}
[47.145120] (bumperbot_description) JobProgress: {'identifier': 'bumperbot_description', 'progress': 'install'}
[47.145225] (bumperbot_description) Command: {'cmd': ['/usr/bin/cmake', '--install', '/home/vboxuser/bumperbot_ws/build/bumperbot_description'], 'cwd': '/home/vboxuser/bumperbot_ws/build/bumperbot_description', 'env': OrderedDict({'GJS_DEBUG_TOPICS': 'JS ERROR;JS LOG', 'XDG_ACTIVATION_TOKEN': 'gnome-shell/Terminator/2065-1-Robotproj_TIME198317', 'LESSOPEN': '| /usr/bin/lesspipe %s', 'USER': 'vboxuser', 'GZ_CONFIG_PATH': '/opt/ros/jazzy/opt/gz_sim_vendor/share/gz:/opt/ros/jazzy/opt/sdformat_vendor/share/gz:/opt/ros/jazzy/opt/gz_gui_vendor/share/gz:/opt/ros/jazzy/opt/gz_transport_vendor/share/gz:/opt/ros/jazzy/opt/gz_rendering_vendor/share/gz:/opt/ros/jazzy/opt/gz_plugin_vendor/share/gz:/opt/ros/jazzy/opt/gz_fuel_tools_vendor/share/gz:/opt/ros/jazzy/opt/gz_msgs_vendor/share/gz:/opt/ros/jazzy/opt/gz_common_vendor/share/gz', 'XDG_SESSION_TYPE': 'wayland', 'CLUTTER_DISABLE_MIPMAPPED_TEXT': '1', 'SHLVL': '1', 'LD_LIBRARY_PATH': '/opt/ros/jazzy/opt/gz_sim_vendor/lib:/opt/ros/jazzy/opt/gz_sensors_vendor/lib:/opt/ros/jazzy/opt/gz_physics_vendor/lib:/opt/ros/jazzy/opt/sdformat_vendor/lib:/opt/ros/jazzy/opt/rviz_ogre_vendor/lib:/opt/ros/jazzy/lib/x86_64-linux-gnu:/opt/ros/jazzy/opt/gz_gui_vendor/lib:/opt/ros/jazzy/opt/gz_transport_vendor/lib:/opt/ros/jazzy/opt/gz_rendering_vendor/lib:/opt/ros/jazzy/opt/gz_plugin_vendor/lib:/opt/ros/jazzy/opt/gz_fuel_tools_vendor/lib:/opt/ros/jazzy/opt/gz_msgs_vendor/lib:/opt/ros/jazzy/opt/gz_common_vendor/lib:/opt/ros/jazzy/opt/gz_math_vendor/lib:/opt/ros/jazzy/opt/gz_utils_vendor/lib:/opt/ros/jazzy/opt/gz_tools_vendor/lib:/opt/ros/jazzy/opt/gz_ogre_next_vendor/lib:/opt/ros/jazzy/opt/gz_dartsim_vendor/lib:/opt/ros/jazzy/opt/gz_cmake_vendor/lib:/opt/ros/jazzy/lib', 'HOME': '/home/vboxuser', 'OLDPWD': '/home/vboxuser', 'DESKTOP_SESSION': 'ubuntu', 'GIO_LAUNCHED_DESKTOP_FILE': '/usr/share/applications/terminator.desktop', 'ROS_PYTHON_VERSION': '3', 'GNOME_SHELL_SESSION_MODE': 'ubuntu', 'GTK_MODULES': 'gail:atk-bridge', 'MANAGERPID': '1821', 'SYSTEMD_EXEC_PID': '2065', 'GSM_SKIP_SSH_AGENT_WORKAROUND': 'true', 'DBUS_SESSION_BUS_ADDRESS': 'unix:path=/run/user/1000/bus', 'COLORTERM': 'truecolor', 'TERMINATOR_DBUS_NAME': 'net.tenshu.Terminator25ef4b219e3b005583550f2b0f9f990c3', 'GIO_LAUNCHED_DESKTOP_FILE_PID': '2992', 'DEBUGINFOD_URLS': 'https://debuginfod.ubuntu.com', 'IM_CONFIG_PHASE': '1', 'WAYLAND_DISPLAY': 'wayland-0', 'ROS_DISTRO': 'jazzy', 'LOGNAME': 'vboxuser', 'JOURNAL_STREAM': '9:15131', '_': '/usr/bin/colcon', 'ROS_VERSION': '2', 'MEMORY_PRESSURE_WATCH': '/sys/fs/cgroup/user.slice/user-1000.slice/user@1000.service/session.slice/org.gnome.Shell@wayland.service/memory.pressure', 'XDG_SESSION_CLASS': 'user', 'USERNAME': 'vboxuser', 'TERM': 'xterm-256color', 'GNOME_DESKTOP_SESSION_ID': 'this-is-deprecated', 'PATH': '/opt/ros/jazzy/opt/gz_msgs_vendor/bin:/opt/ros/jazzy/opt/gz_tools_vendor/bin:/opt/ros/jazzy/opt/gz_ogre_next_vendor/bin:/opt/ros/jazzy/bin:/home/vboxuser/.local/bin:/usr/local/sbin:/usr/local/bin:/usr/sbin:/usr/bin:/sbin:/bin:/usr/games:/usr/local/games:/snap/bin:/snap/bin', 'SESSION_MANAGER': 'local/Robotproj:@/tmp/.ICE-unix/2021,unix/Robotproj:/tmp/.ICE-unix/2021', 'INVOCATION_ID': '0a4448d9e3fa415eb657cec0bbe459f4', 'XDG_MENU_PREFIX': 'gnome-', 'GNOME_SETUP_DISPLAY': ':1', 'XDG_RUNTIME_DIR': '/run/user/1000', 'DISPLAY': ':0', 'TERMINATOR_DBUS_PATH': '/net/tenshu/Terminator2', 'LANG': 'en_US.UTF-8', 'XDG_CURRENT_DESKTOP': 'ubuntu:GNOME', 'XMODIFIERS': '@im=ibus', 'XDG_SESSION_DESKTOP': 'ubuntu', 'XAUTHORITY': '/run/user/1000/.mutter-Xwaylandauth.N2SBM3', 'LS_COLORS': 'rs=0:di=01;34:ln=01;36:mh=00:pi=40;33:so=01;35:do=01;35:bd=40;33;01:cd=40;33;01:or=40;31;01:mi=00:su=37;41:sg=30;43:ca=00:tw=30;42:ow=34;42:st=37;44:ex=01;32:*.tar=01;31:*.tgz=01;31:*.arc=01;31:*.arj=01;31:*.taz=01;31:*.lha=01;31:*.lz4=01;31:*.lzh=01;31:*.lzma=01;31:*.tlz=01;31:*.txz=01;31:*.tzo=01;31:*.t7z=01;31:*.zip=01;31:*.z=01;31:*.dz=01;31:*.gz=01;31:*.lrz=01;31:*.lz=01;31:*.lzo=01;31:*.xz=01;31:*.zst=01;31:*.tzst=01;31:*.bz2=01;31:*.bz=01;31:*.tbz=01;31:*.tbz2=01;31:*.tz=01;31:*.deb=01;31:*.rpm=01;31:*.jar=01;31:*.war=01;31:*.ear=01;31:*.sar=01;31:*.rar=01;31:*.alz=01;31:*.ace=01;31:*.zoo=01;31:*.cpio=01;31:*.7z=01;31:*.rz=01;31:*.cab=01;31:*.wim=01;31:*.swm=01;31:*.dwm=01;31:*.esd=01;31:*.avif=01;35:*.jpg=01;35:*.jpeg=01;35:*.mjpg=01;35:*.mjpeg=01;35:*.gif=01;35:*.bmp=01;35:*.pbm=01;35:*.pgm=01;35:*.ppm=01;35:*.tga=01;35:*.xbm=01;35:*.xpm=01;35:*.tif=01;35:*.tiff=01;35:*.png=01;35:*.svg=01;35:*.svgz=01;35:*.mng=01;35:*.pcx=01;35:*.mov=01;35:*.mpg=01;35:*.mpeg=01;35:*.m2v=01;35:*.mkv=01;35:*.webm=01;35:*.webp=01;35:*.ogm=01;35:*.mp4=01;35:*.m4v=01;35:*.mp4v=01;35:*.vob=01;35:*.qt=01;35:*.nuv=01;35:*.wmv=01;35:*.asf=01;35:*.rm=01;35:*.rmvb=01;35:*.flc=01;35:*.avi=01;35:*.fli=01;35:*.flv=01;35:*.gl=01;35:*.dl=01;35:*.xcf=01;35:*.xwd=01;35:*.yuv=01;35:*.cgm=01;35:*.emf=01;35:*.ogv=01;35:*.ogx=01;35:*.aac=00;36:*.au=00;36:*.flac=00;36:*.m4a=00;36:*.mid=00;36:*.midi=00;36:*.mka=00;36:*.mp3=00;36:*.mpc=00;36:*.ogg=00;36:*.ra=00;36:*.wav=00;36:*.oga=00;36:*.opus=00;36:*.spx=00;36:*.xspf=00;36:*~=00;90:*#=00;90:*.bak=00;90:*.crdownload=00;90:*.dpkg-dist=00;90:*.dpkg-new=00;90:*.dpkg-old=00;90:*.dpkg-tmp=00;90:*.old=00;90:*.orig=00;90:*.part=00;90:*.rej=00;90:*.rpmnew=00;90:*.rpmorig=00;90:*.rpmsave=00;90:*.swp=00;90:*.tmp=00;90:*.ucf-dist=00;90:*.ucf-new=00;90:*.ucf-old=00;90:', 'SSH_AUTH_SOCK': '/run/user/1000/keyring/ssh', 'AMENT_PREFIX_PATH': '/opt/ros/jazzy', 'SHELL': '/bin/bash', 'TERMINATOR_UUID': 'urn:uuid:d9c01e1d-4148-4ee8-8389-ff1a6dc9a537', 'QT_ACCESSIBILITY': '1', 'GDMSESSION': 'ubuntu', 'LESSCLOSE': '/usr/bin/lesspipe %s %s', 'GJS_DEBUG_OUTPUT': 'stderr', 'ROS_AUTOMATIC_DISCOVERY_RANGE': 'SUBNET', 'QT_IM_MODULE': 'ibus', 'PWD': '/home/vboxuser/bumperbot_ws/build/bumperbot_description', 'LC_ALL': 'en_US.UTF-8', 'XDG_CONFIG_DIRS': '/etc/xdg/xdg-ubuntu:/etc/xdg', 'XDG_DATA_DIRS': '/usr/share/ubuntu:/usr/share/gnome:/usr/local/share/:/usr/share/:/var/lib/snapd/desktop', 'PYTHONPATH': '/opt/ros/jazzy/lib/python3.12/site-packages', 'COLCON': '1', 'MEMORY_PRESSURE_WRITE': 'c29tZSAyMDAwMDAgMjAwMDAwMAA=', 'VTE_VERSION': '7600', 'CMAKE_PREFIX_PATH': '/opt/ros/jazzy/opt/gz_sim_vendor:/opt/ros/jazzy/opt/gz_sensors_vendor:/opt/ros/jazzy/opt/gz_physics_vendor:/opt/ros/jazzy/opt/sdformat_vendor:/opt/ros/jazzy/opt/gz_gui_vendor:/opt/ros/jazzy/opt/gz_transport_vendor:/opt/ros/jazzy/opt/gz_rendering_vendor:/opt/ros/jazzy/opt/gz_plugin_vendor:/opt/ros/jazzy/opt/gz_fuel_tools_vendor:/opt/ros/jazzy/opt/gz_msgs_vendor:/opt/ros/jazzy/opt/gz_common_vendor:/opt/ros/jazzy/opt/gz_math_vendor:/opt/ros/jazzy/opt/gz_utils_vendor:/opt/ros/jazzy/opt/gz_tools_vendor:/opt/ros/jazzy/opt/gz_ogre_next_vendor:/opt/ros/jazzy/opt/gz_dartsim_vendor:/opt/ros/jazzy/opt/gz_cmake_vendor:/opt/ros/jazzy'}), 'shell': False}
[47.153194] (bumperbot_description) StdoutLine: {'line': b'-- Install configuration: ""\n'}
[47.153383] (bumperbot_description) StdoutLine: {'line': b'-- Installing: /home/vboxuser/bumperbot_ws/install/bumperbot_description/share/bumperbot_description/launch\n'}
[47.153564] (bumperbot_description) StdoutLine: {'line': b'-- Installing: /home/vboxuser/bumperbot_ws/install/bumperbot_description/share/bumperbot_description/launch/display.launch.py\n'}
[47.155127] (bumperbot_description) StdoutLine: {'line': b'-- Installing: /home/vboxuser/bumperbot_ws/install/bumperbot_description/share/bumperbot_description/launch/gazebo.launch.py\n'}
[47.155266] (bumperbot_description) StdoutLine: {'line': b'-- Installing: /home/vboxuser/bumperbot_ws/install/bumperbot_description/share/bumperbot_description/meshes\n'}
[47.155373] (bumperbot_description) StdoutLine: {'line': b'-- Installing: /home/vboxuser/bumperbot_ws/install/bumperbot_description/share/bumperbot_description/meshes/wheel_right_link.STL\n'}
[47.157671] (bumperbot_description) StdoutLine: {'line': b'-- Installing: /home/vboxuser/bumperbot_ws/install/bumperbot_description/share/bumperbot_description/meshes/caster_front_link.STL\n'}
[47.159383] (bumperbot_description) StdoutLine: {'line': b'-- Installing: /home/vboxuser/bumperbot_ws/install/bumperbot_description/share/bumperbot_description/meshes/wheel_left_link.STL\n'}
[47.161575] (bumperbot_description) StdoutLine: {'line': b'-- Installing: /home/vboxuser/bumperbot_ws/install/bumperbot_description/share/bumperbot_description/meshes/caster_rear_link.STL\n'}
[47.162738] (bumperbot_description) StdoutLine: {'line': b'-- Installing: /home/vboxuser/bumperbot_ws/install/bumperbot_description/share/bumperbot_description/meshes/imu_link.STL\n'}
[47.164129] (bumperbot_description) StdoutLine: {'line': b'-- Installing: /home/vboxuser/bumperbot_ws/install/bumperbot_description/share/bumperbot_description/meshes/laser_link.STL\n'}
[47.168372] (bumperbot_description) StdoutLine: {'line': b'-- Installing: /home/vboxuser/bumperbot_ws/install/bumperbot_description/share/bumperbot_description/meshes/base_link.STL\n'}
[47.179037] (bumperbot_description) StdoutLine: {'line': b'-- Installing: /home/vboxuser/bumperbot_ws/install/bumperbot_description/share/bumperbot_description/models\n'}
[47.179294] (bumperbot_description) StdoutLine: {'line': b'-- Installing: /home/vboxuser/bumperbot_ws/install/bumperbot_description/share/bumperbot_description/models/aws_robomaker_residential_FitnessEquipment_01\n'}
[47.179351] (bumperbot_description) StdoutLine: {'line': b'-- Installing: /home/vboxuser/bumperbot_ws/install/bumperbot_description/share/bumperbot_description/models/aws_robomaker_residential_FitnessEquipment_01/materials\n'}
[47.180455] (bumperbot_description) StdoutLine: {'line': b'-- Installing: /home/vboxuser/bumperbot_ws/install/bumperbot_description/share/bumperbot_description/models/aws_robomaker_residential_FitnessEquipment_01/materials/textures\n'}
[47.180547] (bumperbot_description) StdoutLine: {'line': b'-- Installing: /home/vboxuser/bumperbot_ws/install/bumperbot_description/share/bumperbot_description/models/aws_robomaker_residential_FitnessEquipment_01/materials/textures/aws_FitnessEquipment_01.png\n'}
[47.181292] (bumperbot_description) StdoutLine: {'line': b'-- Installing: /home/vboxuser/bumperbot_ws/install/bumperbot_description/share/bumperbot_description/models/aws_robomaker_residential_FitnessEquipment_01/meshes\n'}
[47.181450] (bumperbot_description) StdoutLine: {'line': b'-- Installing: /home/vboxuser/bumperbot_ws/install/bumperbot_description/share/bumperbot_description/models/aws_robomaker_residential_FitnessEquipment_01/meshes/aws_FitnessEquipment_01_collision.DAE\n'}
[47.182206] (bumperbot_description) StdoutLine: {'line': b'-- Installing: /home/vboxuser/bumperbot_ws/install/bumperbot_description/share/bumperbot_description/models/aws_robomaker_residential_FitnessEquipment_01/meshes/aws_FitnessEquipment_01_visual.DAE\n'}
[47.183592] (bumperbot_description) StdoutLine: {'line': b'-- Installing: /home/vboxuser/bumperbot_ws/install/bumperbot_description/share/bumperbot_description/models/aws_robomaker_residential_FitnessEquipment_01/model.config\n'}
[47.184276] (bumperbot_description) StdoutLine: {'line': b'-- Installing: /home/vboxuser/bumperbot_ws/install/bumperbot_description/share/bumperbot_description/models/aws_robomaker_residential_FitnessEquipment_01/model.sdf\n'}
[47.184557] (bumperbot_description) StdoutLine: {'line': b'-- Installing: /home/vboxuser/bumperbot_ws/install/bumperbot_description/share/bumperbot_description/models/aws_robomaker_residential_PortraitA_02\n'}
[47.184691] (bumperbot_description) StdoutLine: {'line': b'-- Installing: /home/vboxuser/bumperbot_ws/install/bumperbot_description/share/bumperbot_description/models/aws_robomaker_residential_PortraitA_02/materials\n'}
[47.184836] (bumperbot_description) StdoutLine: {'line': b'-- Installing: /home/vboxuser/bumperbot_ws/install/bumperbot_description/share/bumperbot_description/models/aws_robomaker_residential_PortraitA_02/materials/textures\n'}
[47.185073] (bumperbot_description) StdoutLine: {'line': b'-- Installing: /home/vboxuser/bumperbot_ws/install/bumperbot_description/share/bumperbot_description/models/aws_robomaker_residential_PortraitA_02/materials/textures/aws_PortraitA_01.png\n'}
[47.185452] (bumperbot_description) StdoutLine: {'line': b'-- Installing: /home/vboxuser/bumperbot_ws/install/bumperbot_description/share/bumperbot_description/models/aws_robomaker_residential_PortraitA_02/materials/textures/aws_PortraitA_02.png\n'}
[47.186452] (-) TimerEvent: {}
[47.191352] (bumperbot_description) StdoutLine: {'line': b'-- Installing: /home/vboxuser/bumperbot_ws/install/bumperbot_description/share/bumperbot_description/models/aws_robomaker_residential_PortraitA_02/meshes\n'}
[47.192157] (bumperbot_description) StdoutLine: {'line': b'-- Installing: /home/vboxuser/bumperbot_ws/install/bumperbot_description/share/bumperbot_description/models/aws_robomaker_residential_PortraitA_02/meshes/aws_PortraitA_01_visual.DAE\n'}
[47.192306] (bumperbot_description) StdoutLine: {'line': b'-- Installing: /home/vboxuser/bumperbot_ws/install/bumperbot_description/share/bumperbot_description/models/aws_robomaker_residential_PortraitA_02/meshes/aws_PortraitA_01_collision.DAE\n'}
[47.193043] (bumperbot_description) StdoutLine: {'line': b'-- Installing: /home/vboxuser/bumperbot_ws/install/bumperbot_description/share/bumperbot_description/models/aws_robomaker_residential_PortraitA_02/model.config\n'}
[47.193504] (bumperbot_description) StdoutLine: {'line': b'-- Installing: /home/vboxuser/bumperbot_ws/install/bumperbot_description/share/bumperbot_description/models/aws_robomaker_residential_PortraitA_02/model.sdf\n'}
[47.194179] (bumperbot_description) StdoutLine: {'line': b'-- Installing: /home/vboxuser/bumperbot_ws/install/bumperbot_description/share/bumperbot_description/models/aws_robomaker_residential_PortraitB_02\n'}
[47.194336] (bumperbot_description) StdoutLine: {'line': b'-- Installing: /home/vboxuser/bumperbot_ws/install/bumperbot_description/share/bumperbot_description/models/aws_robomaker_residential_PortraitB_02/materials\n'}
[47.194423] (bumperbot_description) StdoutLine: {'line': b'-- Installing: /home/vboxuser/bumperbot_ws/install/bumperbot_description/share/bumperbot_description/models/aws_robomaker_residential_PortraitB_02/materials/textures\n'}
[47.194512] (bumperbot_description) StdoutLine: {'line': b'-- Installing: /home/vboxuser/bumperbot_ws/install/bumperbot_description/share/bumperbot_description/models/aws_robomaker_residential_PortraitB_02/materials/textures/aws_PortraitB_02.png\n'}
[47.200272] (bumperbot_description) StdoutLine: {'line': b'-- Installing: /home/vboxuser/bumperbot_ws/install/bumperbot_description/share/bumperbot_description/models/aws_robomaker_residential_PortraitB_02/materials/textures/aws_PortraitB_01.png\n'}
[47.201227] (bumperbot_description) StdoutLine: {'line': b'-- Installing: /home/vboxuser/bumperbot_ws/install/bumperbot_description/share/bumperbot_description/models/aws_robomaker_residential_PortraitB_02/meshes\n'}
[47.201420] (bumperbot_description) StdoutLine: {'line': b'-- Installing: /home/vboxuser/bumperbot_ws/install/bumperbot_description/share/bumperbot_description/models/aws_robomaker_residential_PortraitB_02/meshes/aws_PortraitB_01_collision.DAE\n'}
[47.202019] (bumperbot_description) StdoutLine: {'line': b'-- Installing: /home/vboxuser/bumperbot_ws/install/bumperbot_description/share/bumperbot_description/models/aws_robomaker_residential_PortraitB_02/meshes/aws_PortraitB_01_visual.DAE\n'}
[47.203551] (bumperbot_description) StdoutLine: {'line': b'-- Installing: /home/vboxuser/bumperbot_ws/install/bumperbot_description/share/bumperbot_description/models/aws_robomaker_residential_PortraitB_02/model.config\n'}
[47.203620] (bumperbot_description) StdoutLine: {'line': b'-- Installing: /home/vboxuser/bumperbot_ws/install/bumperbot_description/share/bumperbot_description/models/aws_robomaker_residential_PortraitB_02/model.sdf\n'}
[47.204055] (bumperbot_description) StdoutLine: {'line': b'-- Installing: /home/vboxuser/bumperbot_ws/install/bumperbot_description/share/bumperbot_description/models/aws_robomaker_residential_CoffeeTable_01\n'}
[47.204194] (bumperbot_description) StdoutLine: {'line': b'-- Installing: /home/vboxuser/bumperbot_ws/install/bumperbot_description/share/bumperbot_description/models/aws_robomaker_residential_CoffeeTable_01/materials\n'}
[47.204300] (bumperbot_description) StdoutLine: {'line': b'-- Installing: /home/vboxuser/bumperbot_ws/install/bumperbot_description/share/bumperbot_description/models/aws_robomaker_residential_CoffeeTable_01/materials/textures\n'}
[47.204993] (bumperbot_description) StdoutLine: {'line': b'-- Installing: /home/vboxuser/bumperbot_ws/install/bumperbot_description/share/bumperbot_description/models/aws_robomaker_residential_CoffeeTable_01/materials/textures/aws_CoffeeTable_01.png\n'}
[47.211346] (bumperbot_description) StdoutLine: {'line': b'-- Installing: /home/vboxuser/bumperbot_ws/install/bumperbot_description/share/bumperbot_description/models/aws_robomaker_residential_CoffeeTable_01/meshes\n'}
[47.211518] (bumperbot_description) StdoutLine: {'line': b'-- Installing: /home/vboxuser/bumperbot_ws/install/bumperbot_description/share/bumperbot_description/models/aws_robomaker_residential_CoffeeTable_01/meshes/aws_CoffeeTable_01_visual.DAE\n'}
[47.213110] (bumperbot_description) StdoutLine: {'line': b'-- Installing: /home/vboxuser/bumperbot_ws/install/bumperbot_description/share/bumperbot_description/models/aws_robomaker_residential_CoffeeTable_01/meshes/aws_CoffeeTable_01_collision.DAE\n'}
[47.214087] (bumperbot_description) StdoutLine: {'line': b'-- Installing: /home/vboxuser/bumperbot_ws/install/bumperbot_description/share/bumperbot_description/models/aws_robomaker_residential_CoffeeTable_01/model.config\n'}
[47.214739] (bumperbot_description) StdoutLine: {'line': b'-- Installing: /home/vboxuser/bumperbot_ws/install/bumperbot_description/share/bumperbot_description/models/aws_robomaker_residential_CoffeeTable_01/model.sdf\n'}
[47.215504] (bumperbot_description) StdoutLine: {'line': b'-- Installing: /home/vboxuser/bumperbot_ws/install/bumperbot_description/share/bumperbot_description/models/aws_robomaker_residential_Door_01\n'}
[47.215691] (bumperbot_description) StdoutLine: {'line': b'-- Installing: /home/vboxuser/bumperbot_ws/install/bumperbot_description/share/bumperbot_description/models/aws_robomaker_residential_Door_01/materials\n'}
[47.215838] (bumperbot_description) StdoutLine: {'line': b'-- Installing: /home/vboxuser/bumperbot_ws/install/bumperbot_description/share/bumperbot_description/models/aws_robomaker_residential_Door_01/materials/textures\n'}
[47.216097] (bumperbot_description) StdoutLine: {'line': b'-- Installing: /home/vboxuser/bumperbot_ws/install/bumperbot_description/share/bumperbot_description/models/aws_robomaker_residential_Door_01/materials/textures/aws_Door_01.png\n'}
[47.218004] (bumperbot_description) StdoutLine: {'line': b'-- Installing: /home/vboxuser/bumperbot_ws/install/bumperbot_description/share/bumperbot_description/models/aws_robomaker_residential_Door_01/meshes\n'}
[47.218150] (bumperbot_description) StdoutLine: {'line': b'-- Installing: /home/vboxuser/bumperbot_ws/install/bumperbot_description/share/bumperbot_description/models/aws_robomaker_residential_Door_01/meshes/aws_Door_01_visual.DAE\n'}
[47.221722] (bumperbot_description) StdoutLine: {'line': b'-- Installing: /home/vboxuser/bumperbot_ws/install/bumperbot_description/share/bumperbot_description/models/aws_robomaker_residential_Door_01/meshes/aws_Door_01_collision.DAE\n'}
[47.222434] (bumperbot_description) StdoutLine: {'line': b'-- Installing: /home/vboxuser/bumperbot_ws/install/bumperbot_description/share/bumperbot_description/models/aws_robomaker_residential_Door_01/model.config\n'}
[47.223168] (bumperbot_description) StdoutLine: {'line': b'-- Installing: /home/vboxuser/bumperbot_ws/install/bumperbot_description/share/bumperbot_description/models/aws_robomaker_residential_Door_01/model.sdf\n'}
[47.224073] (bumperbot_description) StdoutLine: {'line': b'-- Installing: /home/vboxuser/bumperbot_ws/install/bumperbot_description/share/bumperbot_description/models/aws_robomaker_residential_LightC_01\n'}
[47.224193] (bumperbot_description) StdoutLine: {'line': b'-- Installing: /home/vboxuser/bumperbot_ws/install/bumperbot_description/share/bumperbot_description/models/aws_robomaker_residential_LightC_01/materials\n'}
[47.224394] (bumperbot_description) StdoutLine: {'line': b'-- Installing: /home/vboxuser/bumperbot_ws/install/bumperbot_description/share/bumperbot_description/models/aws_robomaker_residential_LightC_01/materials/textures\n'}
[47.224451] (bumperbot_description) StdoutLine: {'line': b'-- Installing: /home/vboxuser/bumperbot_ws/install/bumperbot_description/share/bumperbot_description/models/aws_robomaker_residential_LightC_01/materials/textures/aws_LightC_01.png\n'}
[47.224742] (bumperbot_description) StdoutLine: {'line': b'-- Installing: /home/vboxuser/bumperbot_ws/install/bumperbot_description/share/bumperbot_description/models/aws_robomaker_residential_LightC_01/meshes\n'}
[47.224886] (bumperbot_description) StdoutLine: {'line': b'-- Installing: /home/vboxuser/bumperbot_ws/install/bumperbot_description/share/bumperbot_description/models/aws_robomaker_residential_LightC_01/meshes/aws_LightC_01_collision.DAE\n'}
[47.225418] (bumperbot_description) StdoutLine: {'line': b'-- Installing: /home/vboxuser/bumperbot_ws/install/bumperbot_description/share/bumperbot_description/models/aws_robomaker_residential_LightC_01/meshes/aws_LightC_01_visual.DAE\n'}
[47.226427] (bumperbot_description) StdoutLine: {'line': b'-- Installing: /home/vboxuser/bumperbot_ws/install/bumperbot_description/share/bumperbot_description/models/aws_robomaker_residential_LightC_01/model.config\n'}
[47.226878] (bumperbot_description) StdoutLine: {'line': b'-- Installing: /home/vboxuser/bumperbot_ws/install/bumperbot_description/share/bumperbot_description/models/aws_robomaker_residential_LightC_01/model.sdf\n'}
[47.227447] (bumperbot_description) StdoutLine: {'line': b'-- Installing: /home/vboxuser/bumperbot_ws/install/bumperbot_description/share/bumperbot_description/models/aws_robomaker_residential_SeasoningBox_01\n'}
[47.227774] (bumperbot_description) StdoutLine: {'line': b'-- Installing: /home/vboxuser/bumperbot_ws/install/bumperbot_description/share/bumperbot_description/models/aws_robomaker_residential_SeasoningBox_01/materials\n'}
[47.228575] (bumperbot_description) StdoutLine: {'line': b'-- Installing: /home/vboxuser/bumperbot_ws/install/bumperbot_description/share/bumperbot_description/models/aws_robomaker_residential_SeasoningBox_01/materials/textures\n'}
[47.228629] (bumperbot_description) StdoutLine: {'line': b'-- Installing: /home/vboxuser/bumperbot_ws/install/bumperbot_description/share/bumperbot_description/models/aws_robomaker_residential_SeasoningBox_01/materials/textures/aws_SeasoningBox_01.png\n'}
[47.228670] (bumperbot_description) StdoutLine: {'line': b'-- Installing: /home/vboxuser/bumperbot_ws/install/bumperbot_description/share/bumperbot_description/models/aws_robomaker_residential_SeasoningBox_01/meshes\n'}
[47.228702] (bumperbot_description) StdoutLine: {'line': b'-- Installing: /home/vboxuser/bumperbot_ws/install/bumperbot_description/share/bumperbot_description/models/aws_robomaker_residential_SeasoningBox_01/meshes/aws_SeasoningBox_01_collision.DAE\n'}
[47.228858] (bumperbot_description) StdoutLine: {'line': b'-- Installing: /home/vboxuser/bumperbot_ws/install/bumperbot_description/share/bumperbot_description/models/aws_robomaker_residential_SeasoningBox_01/meshes/aws_SeasoningBox_01_visual.DAE\n'}
[47.233153] (bumperbot_description) StdoutLine: {'line': b'-- Installing: /home/vboxuser/bumperbot_ws/install/bumperbot_description/share/bumperbot_description/models/aws_robomaker_residential_SeasoningBox_01/model.config\n'}
[47.234121] (bumperbot_description) StdoutLine: {'line': b'-- Installing: /home/vboxuser/bumperbot_ws/install/bumperbot_description/share/bumperbot_description/models/aws_robomaker_residential_SeasoningBox_01/model.sdf\n'}
[47.234641] (bumperbot_description) StdoutLine: {'line': b'-- Installing: /home/vboxuser/bumperbot_ws/install/bumperbot_description/share/bumperbot_description/models/aws_robomaker_residential_Curtain_01\n'}
[47.234785] (bumperbot_description) StdoutLine: {'line': b'-- Installing: /home/vboxuser/bumperbot_ws/install/bumperbot_description/share/bumperbot_description/models/aws_robomaker_residential_Curtain_01/materials\n'}
[47.234881] (bumperbot_description) StdoutLine: {'line': b'-- Installing: /home/vboxuser/bumperbot_ws/install/bumperbot_description/share/bumperbot_description/models/aws_robomaker_residential_Curtain_01/materials/textures\n'}
[47.234978] (bumperbot_description) StdoutLine: {'line': b'-- Installing: /home/vboxuser/bumperbot_ws/install/bumperbot_description/share/bumperbot_description/models/aws_robomaker_residential_Curtain_01/materials/textures/aws_Curtain_01.png\n'}
[47.236237] (bumperbot_description) StdoutLine: {'line': b'-- Installing: /home/vboxuser/bumperbot_ws/install/bumperbot_description/share/bumperbot_description/models/aws_robomaker_residential_Curtain_01/meshes\n'}
[47.236367] (bumperbot_description) StdoutLine: {'line': b'-- Installing: /home/vboxuser/bumperbot_ws/install/bumperbot_description/share/bumperbot_description/models/aws_robomaker_residential_Curtain_01/meshes/aws_Curtain_01_visual.DAE\n'}
[47.237294] (bumperbot_description) StdoutLine: {'line': b'-- Installing: /home/vboxuser/bumperbot_ws/install/bumperbot_description/share/bumperbot_description/models/aws_robomaker_residential_Curtain_01/meshes/aws_Curtain_01_collision.DAE\n'}
[47.238000] (bumperbot_description) StdoutLine: {'line': b'-- Installing: /home/vboxuser/bumperbot_ws/install/bumperbot_description/share/bumperbot_description/models/aws_robomaker_residential_Curtain_01/model.config\n'}
[47.238408] (bumperbot_description) StdoutLine: {'line': b'-- Installing: /home/vboxuser/bumperbot_ws/install/bumperbot_description/share/bumperbot_description/models/aws_robomaker_residential_Curtain_01/model.sdf\n'}
[47.238787] (bumperbot_description) StdoutLine: {'line': b'-- Installing: /home/vboxuser/bumperbot_ws/install/bumperbot_description/share/bumperbot_description/models/aws_robomaker_warehouse_ShelfE_01\n'}
[47.238938] (bumperbot_description) StdoutLine: {'line': b'-- Installing: /home/vboxuser/bumperbot_ws/install/bumperbot_description/share/bumperbot_description/models/aws_robomaker_warehouse_ShelfE_01/materials\n'}
[47.239224] (bumperbot_description) StdoutLine: {'line': b'-- Installing: /home/vboxuser/bumperbot_ws/install/bumperbot_description/share/bumperbot_description/models/aws_robomaker_warehouse_ShelfE_01/materials/textures\n'}
[47.239284] (bumperbot_description) StdoutLine: {'line': b'-- Installing: /home/vboxuser/bumperbot_ws/install/bumperbot_description/share/bumperbot_description/models/aws_robomaker_warehouse_ShelfE_01/materials/textures/aws_robomaker_warehouse_ShelfE_04.png\n'}
[47.242613] (bumperbot_description) StdoutLine: {'line': b'-- Installing: /home/vboxuser/bumperbot_ws/install/bumperbot_description/share/bumperbot_description/models/aws_robomaker_warehouse_ShelfE_01/materials/textures/aws_robomaker_warehouse_ShelfE_03.png\n'}
[47.243913] (bumperbot_description) StdoutLine: {'line': b'-- Installing: /home/vboxuser/bumperbot_ws/install/bumperbot_description/share/bumperbot_description/models/aws_robomaker_warehouse_ShelfE_01/materials/textures/aws_robomaker_warehouse_ShelfE_01.png\n'}
[47.244555] (bumperbot_description) StdoutLine: {'line': b'-- Installing: /home/vboxuser/bumperbot_ws/install/bumperbot_description/share/bumperbot_description/models/aws_robomaker_warehouse_ShelfE_01/materials/textures/aws_robomaker_warehouse_ShelfE_02.png\n'}
[47.252988] (bumperbot_description) StdoutLine: {'line': b'-- Installing: /home/vboxuser/bumperbot_ws/install/bumperbot_description/share/bumperbot_description/models/aws_robomaker_warehouse_ShelfE_01/materials/.DS_Store\n'}
[47.253285] (bumperbot_description) StdoutLine: {'line': b'-- Installing: /home/vboxuser/bumperbot_ws/install/bumperbot_description/share/bumperbot_description/models/aws_robomaker_warehouse_ShelfE_01/meshes\n'}
[47.253326] (bumperbot_description) StdoutLine: {'line': b'-- Installing: /home/vboxuser/bumperbot_ws/install/bumperbot_description/share/bumperbot_description/models/aws_robomaker_warehouse_ShelfE_01/meshes/aws_robomaker_warehouse_ShelfE_01_collision.DAE\n'}
[47.253547] (bumperbot_description) StdoutLine: {'line': b'-- Installing: /home/vboxuser/bumperbot_ws/install/bumperbot_description/share/bumperbot_description/models/aws_robomaker_warehouse_ShelfE_01/meshes/aws_robomaker_warehouse_ShelfE_01_visual.DAE\n'}
[47.255103] (bumperbot_description) StdoutLine: {'line': b'-- Installing: /home/vboxuser/bumperbot_ws/install/bumperbot_description/share/bumperbot_description/models/aws_robomaker_warehouse_ShelfE_01/model.config\n'}
[47.255233] (bumperbot_description) StdoutLine: {'line': b'-- Installing: /home/vboxuser/bumperbot_ws/install/bumperbot_description/share/bumperbot_description/models/aws_robomaker_warehouse_ShelfE_01/.DS_Store\n'}
[47.255691] (bumperbot_description) StdoutLine: {'line': b'-- Installing: /home/vboxuser/bumperbot_ws/install/bumperbot_description/share/bumperbot_description/models/aws_robomaker_warehouse_ShelfE_01/model.sdf\n'}
[47.256201] (bumperbot_description) StdoutLine: {'line': b'-- Installing: /home/vboxuser/bumperbot_ws/install/bumperbot_description/share/bumperbot_description/models/aws_robomaker_residential_Trash_01\n'}
[47.256399] (bumperbot_description) StdoutLine: {'line': b'-- Installing: /home/vboxuser/bumperbot_ws/install/bumperbot_description/share/bumperbot_description/models/aws_robomaker_residential_Trash_01/materials\n'}
[47.256605] (bumperbot_description) StdoutLine: {'line': b'-- Installing: /home/vboxuser/bumperbot_ws/install/bumperbot_description/share/bumperbot_description/models/aws_robomaker_residential_Trash_01/materials/textures\n'}
[47.256662] (bumperbot_description) StdoutLine: {'line': b'-- Installing: /home/vboxuser/bumperbot_ws/install/bumperbot_description/share/bumperbot_description/models/aws_robomaker_residential_Trash_01/materials/textures/aws_Trash_01.png\n'}
[47.257741] (bumperbot_description) StdoutLine: {'line': b'-- Installing: /home/vboxuser/bumperbot_ws/install/bumperbot_description/share/bumperbot_description/models/aws_robomaker_residential_Trash_01/meshes\n'}
[47.258038] (bumperbot_description) StdoutLine: {'line': b'-- Installing: /home/vboxuser/bumperbot_ws/install/bumperbot_description/share/bumperbot_description/models/aws_robomaker_residential_Trash_01/meshes/aws_Trash_01_collision.DAE\n'}
[47.258470] (bumperbot_description) StdoutLine: {'line': b'-- Installing: /home/vboxuser/bumperbot_ws/install/bumperbot_description/share/bumperbot_description/models/aws_robomaker_residential_Trash_01/meshes/aws_Trash_01_visual.DAE\n'}
[47.259263] (bumperbot_description) StdoutLine: {'line': b'-- Installing: /home/vboxuser/bumperbot_ws/install/bumperbot_description/share/bumperbot_description/models/aws_robomaker_residential_Trash_01/model.config\n'}
[47.259755] (bumperbot_description) StdoutLine: {'line': b'-- Installing: /home/vboxuser/bumperbot_ws/install/bumperbot_description/share/bumperbot_description/models/aws_robomaker_residential_Trash_01/model.sdf\n'}
[47.260278] (bumperbot_description) StdoutLine: {'line': b'-- Installing: /home/vboxuser/bumperbot_ws/install/bumperbot_description/share/bumperbot_description/models/aws_robomaker_residential_Wardrobe_01\n'}
[47.260402] (bumperbot_description) StdoutLine: {'line': b'-- Installing: /home/vboxuser/bumperbot_ws/install/bumperbot_description/share/bumperbot_description/models/aws_robomaker_residential_Wardrobe_01/materials\n'}
[47.260613] (bumperbot_description) StdoutLine: {'line': b'-- Installing: /home/vboxuser/bumperbot_ws/install/bumperbot_description/share/bumperbot_description/models/aws_robomaker_residential_Wardrobe_01/materials/textures\n'}
[47.260673] (bumperbot_description) StdoutLine: {'line': b'-- Installing: /home/vboxuser/bumperbot_ws/install/bumperbot_description/share/bumperbot_description/models/aws_robomaker_residential_Wardrobe_01/materials/textures/aws_Wardrobe_01.png\n'}
[47.263247] (bumperbot_description) StdoutLine: {'line': b'-- Installing: /home/vboxuser/bumperbot_ws/install/bumperbot_description/share/bumperbot_description/models/aws_robomaker_residential_Wardrobe_01/meshes\n'}
[47.263588] (bumperbot_description) StdoutLine: {'line': b'-- Installing: /home/vboxuser/bumperbot_ws/install/bumperbot_description/share/bumperbot_description/models/aws_robomaker_residential_Wardrobe_01/meshes/aws_Wardrobe_01_visual.DAE\n'}
[47.264960] (bumperbot_description) StdoutLine: {'line': b'-- Installing: /home/vboxuser/bumperbot_ws/install/bumperbot_description/share/bumperbot_description/models/aws_robomaker_residential_Wardrobe_01/meshes/aws_Wardrobe_01_collision.DAE\n'}
[47.265360] (bumperbot_description) StdoutLine: {'line': b'-- Installing: /home/vboxuser/bumperbot_ws/install/bumperbot_description/share/bumperbot_description/models/aws_robomaker_residential_Wardrobe_01/model.config\n'}
[47.265716] (bumperbot_description) StdoutLine: {'line': b'-- Installing: /home/vboxuser/bumperbot_ws/install/bumperbot_description/share/bumperbot_description/models/aws_robomaker_residential_Wardrobe_01/model.sdf\n'}
[47.266266] (bumperbot_description) StdoutLine: {'line': b'-- Installing: /home/vboxuser/bumperbot_ws/install/bumperbot_description/share/bumperbot_description/models/aws_robomaker_residential_FoldingDoor_02\n'}
[47.266420] (bumperbot_description) StdoutLine: {'line': b'-- Installing: /home/vboxuser/bumperbot_ws/install/bumperbot_description/share/bumperbot_description/models/aws_robomaker_residential_FoldingDoor_02/materials\n'}
[47.266515] (bumperbot_description) StdoutLine: {'line': b'-- Installing: /home/vboxuser/bumperbot_ws/install/bumperbot_description/share/bumperbot_description/models/aws_robomaker_residential_FoldingDoor_02/materials/textures\n'}
[47.266701] (bumperbot_description) StdoutLine: {'line': b'-- Installing: /home/vboxuser/bumperbot_ws/install/bumperbot_description/share/bumperbot_description/models/aws_robomaker_residential_FoldingDoor_02/materials/textures/aws_FoldingDoor_02.png\n'}
[47.267467] (bumperbot_description) StdoutLine: {'line': b'-- Installing: /home/vboxuser/bumperbot_ws/install/bumperbot_description/share/bumperbot_description/models/aws_robomaker_residential_FoldingDoor_02/meshes\n'}
[47.267592] (bumperbot_description) StdoutLine: {'line': b'-- Installing: /home/vboxuser/bumperbot_ws/install/bumperbot_description/share/bumperbot_description/models/aws_robomaker_residential_FoldingDoor_02/meshes/aws_FoldingDoor_02_visual.DAE\n'}
[47.268441] (bumperbot_description) StdoutLine: {'line': b'-- Installing: /home/vboxuser/bumperbot_ws/install/bumperbot_description/share/bumperbot_description/models/aws_robomaker_residential_FoldingDoor_02/meshes/aws_FoldingDoor_02_collision.DAE\n'}
[47.269156] (bumperbot_description) StdoutLine: {'line': b'-- Installing: /home/vboxuser/bumperbot_ws/install/bumperbot_description/share/bumperbot_description/models/aws_robomaker_residential_FoldingDoor_02/model.config\n'}
[47.269567] (bumperbot_description) StdoutLine: {'line': b'-- Installing: /home/vboxuser/bumperbot_ws/install/bumperbot_description/share/bumperbot_description/models/aws_robomaker_residential_FoldingDoor_02/model.sdf\n'}
[47.269922] (bumperbot_description) StdoutLine: {'line': b'-- Installing: /home/vboxuser/bumperbot_ws/install/bumperbot_description/share/bumperbot_description/models/aws_robomaker_warehouse_DeskC_01\n'}
[47.270037] (bumperbot_description) StdoutLine: {'line': b'-- Installing: /home/vboxuser/bumperbot_ws/install/bumperbot_description/share/bumperbot_description/models/aws_robomaker_warehouse_DeskC_01/materials\n'}
[47.270156] (bumperbot_description) StdoutLine: {'line': b'-- Installing: /home/vboxuser/bumperbot_ws/install/bumperbot_description/share/bumperbot_description/models/aws_robomaker_warehouse_DeskC_01/materials/textures\n'}
[47.270404] (bumperbot_description) StdoutLine: {'line': b'-- Installing: /home/vboxuser/bumperbot_ws/install/bumperbot_description/share/bumperbot_description/models/aws_robomaker_warehouse_DeskC_01/materials/textures/aws_robomaker_warehouse_DeskC_03.psd\n'}
[47.272660] (bumperbot_description) StdoutLine: {'line': b'-- Installing: /home/vboxuser/bumperbot_ws/install/bumperbot_description/share/bumperbot_description/models/aws_robomaker_warehouse_DeskC_01/materials/textures/aws_robomaker_warehouse_DeskC_04.png\n'}
[47.273649] (bumperbot_description) StdoutLine: {'line': b'-- Installing: /home/vboxuser/bumperbot_ws/install/bumperbot_description/share/bumperbot_description/models/aws_robomaker_warehouse_DeskC_01/materials/textures/aws_robomaker_warehouse_DeskC_02.png\n'}
[47.274720] (bumperbot_description) StdoutLine: {'line': b'-- Installing: /home/vboxuser/bumperbot_ws/install/bumperbot_description/share/bumperbot_description/models/aws_robomaker_warehouse_DeskC_01/materials/textures/aws_robomaker_warehouse_DeskC_01.png\n'}
[47.276473] (bumperbot_description) StdoutLine: {'line': b'-- Installing: /home/vboxuser/bumperbot_ws/install/bumperbot_description/share/bumperbot_description/models/aws_robomaker_warehouse_DeskC_01/materials/textures/aws_robomaker_warehouse_DeskC_03.png\n'}
[47.277573] (bumperbot_description) StdoutLine: {'line': b'-- Installing: /home/vboxuser/bumperbot_ws/install/bumperbot_description/share/bumperbot_description/models/aws_robomaker_warehouse_DeskC_01/materials/.DS_Store\n'}
[47.278139] (bumperbot_description) StdoutLine: {'line': b'-- Installing: /home/vboxuser/bumperbot_ws/install/bumperbot_description/share/bumperbot_description/models/aws_robomaker_warehouse_DeskC_01/meshes\n'}
[47.278273] (bumperbot_description) StdoutLine: {'line': b'-- Installing: /home/vboxuser/bumperbot_ws/install/bumperbot_description/share/bumperbot_description/models/aws_robomaker_warehouse_DeskC_01/meshes/aws_robomaker_warehouse_DeskC_01_visual.DAE\n'}
[47.279290] (bumperbot_description) StdoutLine: {'line': b'-- Installing: /home/vboxuser/bumperbot_ws/install/bumperbot_description/share/bumperbot_description/models/aws_robomaker_warehouse_DeskC_01/meshes/aws_robomaker_warehouse_DeskC_01_collision.DAE\n'}
[47.280258] (bumperbot_description) StdoutLine: {'line': b'-- Installing: /home/vboxuser/bumperbot_ws/install/bumperbot_description/share/bumperbot_description/models/aws_robomaker_warehouse_DeskC_01/model.config\n'}
[47.280628] (bumperbot_description) StdoutLine: {'line': b'-- Installing: /home/vboxuser/bumperbot_ws/install/bumperbot_description/share/bumperbot_description/models/aws_robomaker_warehouse_DeskC_01/model.sdf\n'}
[47.280952] (bumperbot_description) StdoutLine: {'line': b'-- Installing: /home/vboxuser/bumperbot_ws/install/bumperbot_description/share/bumperbot_description/models/aws_robomaker_residential_Pillow_01\n'}
[47.281114] (bumperbot_description) StdoutLine: {'line': b'-- Installing: /home/vboxuser/bumperbot_ws/install/bumperbot_description/share/bumperbot_description/models/aws_robomaker_residential_Pillow_01/materials\n'}
[47.281211] (bumperbot_description) StdoutLine: {'line': b'-- Installing: /home/vboxuser/bumperbot_ws/install/bumperbot_description/share/bumperbot_description/models/aws_robomaker_residential_Pillow_01/materials/textures\n'}
[47.281445] (bumperbot_description) StdoutLine: {'line': b'-- Installing: /home/vboxuser/bumperbot_ws/install/bumperbot_description/share/bumperbot_description/models/aws_robomaker_residential_Pillow_01/materials/textures/aws_Pillow_01.png\n'}
[47.283749] (bumperbot_description) StdoutLine: {'line': b'-- Installing: /home/vboxuser/bumperbot_ws/install/bumperbot_description/share/bumperbot_description/models/aws_robomaker_residential_Pillow_01/meshes\n'}
[47.283933] (bumperbot_description) StdoutLine: {'line': b'-- Installing: /home/vboxuser/bumperbot_ws/install/bumperbot_description/share/bumperbot_description/models/aws_robomaker_residential_Pillow_01/meshes/aws_Pillow_01_visual.DAE\n'}
[47.285700] (bumperbot_description) StdoutLine: {'line': b'-- Installing: /home/vboxuser/bumperbot_ws/install/bumperbot_description/share/bumperbot_description/models/aws_robomaker_residential_Pillow_01/meshes/aws_Pillow_01_collision.DAE\n'}
[47.286283] (bumperbot_description) StdoutLine: {'line': b'-- Installing: /home/vboxuser/bumperbot_ws/install/bumperbot_description/share/bumperbot_description/models/aws_robomaker_residential_Pillow_01/model.config\n'}
[47.286548] (-) TimerEvent: {}
[47.287263] (bumperbot_description) StdoutLine: {'line': b'-- Installing: /home/vboxuser/bumperbot_ws/install/bumperbot_description/share/bumperbot_description/models/aws_robomaker_residential_Pillow_01/model.sdf\n'}
[47.287580] (bumperbot_description) StdoutLine: {'line': b'-- Installing: /home/vboxuser/bumperbot_ws/install/bumperbot_description/share/bumperbot_description/models/aws_robomaker_warehouse_Lamp_01\n'}
[47.287638] (bumperbot_description) StdoutLine: {'line': b'-- Installing: /home/vboxuser/bumperbot_ws/install/bumperbot_description/share/bumperbot_description/models/aws_robomaker_warehouse_Lamp_01/materials\n'}
[47.294068] (bumperbot_description) StdoutLine: {'line': b'-- Installing: /home/vboxuser/bumperbot_ws/install/bumperbot_description/share/bumperbot_description/models/aws_robomaker_warehouse_Lamp_01/materials/textures\n'}
[47.294155] (bumperbot_description) StdoutLine: {'line': b'-- Installing: /home/vboxuser/bumperbot_ws/install/bumperbot_description/share/bumperbot_description/models/aws_robomaker_warehouse_Lamp_01/materials/textures/aws_robomaker_warehouse_Lamp_01.png\n'}
[47.294348] (bumperbot_description) StdoutLine: {'line': b'-- Installing: /home/vboxuser/bumperbot_ws/install/bumperbot_description/share/bumperbot_description/models/aws_robomaker_warehouse_Lamp_01/meshes\n'}
[47.294407] (bumperbot_description) StdoutLine: {'line': b'-- Installing: /home/vboxuser/bumperbot_ws/install/bumperbot_description/share/bumperbot_description/models/aws_robomaker_warehouse_Lamp_01/meshes/aws_robomaker_warehouse_Lamp_01_visual.DAE\n'}
[47.295414] (bumperbot_description) StdoutLine: {'line': b'-- Installing: /home/vboxuser/bumperbot_ws/install/bumperbot_description/share/bumperbot_description/models/aws_robomaker_warehouse_Lamp_01/meshes/aws_robomaker_warehouse_Lamp_01_collision.DAE\n'}
[47.296170] (bumperbot_description) StdoutLine: {'line': b'-- Installing: /home/vboxuser/bumperbot_ws/install/bumperbot_description/share/bumperbot_description/models/aws_robomaker_warehouse_Lamp_01/model.config\n'}
[47.297041] (bumperbot_description) StdoutLine: {'line': b'-- Installing: /home/vboxuser/bumperbot_ws/install/bumperbot_description/share/bumperbot_description/models/aws_robomaker_warehouse_Lamp_01/model.sdf\n'}
[47.297554] (bumperbot_description) StdoutLine: {'line': b'-- Installing: /home/vboxuser/bumperbot_ws/install/bumperbot_description/share/bumperbot_description/models/aws_robomaker_residential_HouseWallB_01\n'}
[47.297698] (bumperbot_description) StdoutLine: {'line': b'-- Installing: /home/vboxuser/bumperbot_ws/install/bumperbot_description/share/bumperbot_description/models/aws_robomaker_residential_HouseWallB_01/materials\n'}
[47.297803] (bumperbot_description) StdoutLine: {'line': b'-- Installing: /home/vboxuser/bumperbot_ws/install/bumperbot_description/share/bumperbot_description/models/aws_robomaker_residential_HouseWallB_01/materials/textures\n'}
[47.297898] (bumperbot_description) StdoutLine: {'line': b'-- Installing: /home/vboxuser/bumperbot_ws/install/bumperbot_description/share/bumperbot_description/models/aws_robomaker_residential_HouseWallB_01/materials/textures/aws_HouseWallB_01.png\n'}
[47.299286] (bumperbot_description) StdoutLine: {'line': b'-- Installing: /home/vboxuser/bumperbot_ws/install/bumperbot_description/share/bumperbot_description/models/aws_robomaker_residential_HouseWallB_01/meshes\n'}
[47.299486] (bumperbot_description) StdoutLine: {'line': b'-- Installing: /home/vboxuser/bumperbot_ws/install/bumperbot_description/share/bumperbot_description/models/aws_robomaker_residential_HouseWallB_01/meshes/aws_HouseWallB_01_visual.DAE\n'}
[47.303129] (bumperbot_description) StdoutLine: {'line': b'-- Installing: /home/vboxuser/bumperbot_ws/install/bumperbot_description/share/bumperbot_description/models/aws_robomaker_residential_HouseWallB_01/meshes/aws_HouseWallB_01_collision.DAE\n'}
[47.313023] (bumperbot_description) StdoutLine: {'line': b'-- Installing: /home/vboxuser/bumperbot_ws/install/bumperbot_description/share/bumperbot_description/models/aws_robomaker_residential_HouseWallB_01/model.config\n'}
[47.313282] (bumperbot_description) StdoutLine: {'line': b'-- Installing: /home/vboxuser/bumperbot_ws/install/bumperbot_description/share/bumperbot_description/models/aws_robomaker_residential_HouseWallB_01/model.sdf\n'}
[47.313323] (bumperbot_description) StdoutLine: {'line': b'-- Installing: /home/vboxuser/bumperbot_ws/install/bumperbot_description/share/bumperbot_description/models/aws_robomaker_residential_Bed_01\n'}
[47.313355] (bumperbot_description) StdoutLine: {'line': b'-- Installing: /home/vboxuser/bumperbot_ws/install/bumperbot_description/share/bumperbot_description/models/aws_robomaker_residential_Bed_01/materials\n'}
[47.313384] (bumperbot_description) StdoutLine: {'line': b'-- Installing: /home/vboxuser/bumperbot_ws/install/bumperbot_description/share/bumperbot_description/models/aws_robomaker_residential_Bed_01/materials/textures\n'}
[47.313414] (bumperbot_description) StdoutLine: {'line': b'-- Installing: /home/vboxuser/bumperbot_ws/install/bumperbot_description/share/bumperbot_description/models/aws_robomaker_residential_Bed_01/materials/textures/aws_BedB_01.png\n'}
[47.316017] (bumperbot_description) StdoutLine: {'line': b'-- Installing: /home/vboxuser/bumperbot_ws/install/bumperbot_description/share/bumperbot_description/models/aws_robomaker_residential_Bed_01/materials/textures/aws_BedC_01.png\n'}
[47.317951] (bumperbot_description) StdoutLine: {'line': b'-- Installing: /home/vboxuser/bumperbot_ws/install/bumperbot_description/share/bumperbot_description/models/aws_robomaker_residential_Bed_01/materials/textures/aws_BedA_01.png\n'}
[47.319634] (bumperbot_description) StdoutLine: {'line': b'-- Installing: /home/vboxuser/bumperbot_ws/install/bumperbot_description/share/bumperbot_description/models/aws_robomaker_residential_Bed_01/materials/textures/aws_Bed_01.png\n'}
[47.321008] (bumperbot_description) StdoutLine: {'line': b'-- Installing: /home/vboxuser/bumperbot_ws/install/bumperbot_description/share/bumperbot_description/models/aws_robomaker_residential_Bed_01/meshes\n'}
[47.321169] (bumperbot_description) StdoutLine: {'line': b'-- Installing: /home/vboxuser/bumperbot_ws/install/bumperbot_description/share/bumperbot_description/models/aws_robomaker_residential_Bed_01/meshes/aws_Bed_01_visual.DAE\n'}
[47.323550] (bumperbot_description) StdoutLine: {'line': b'-- Installing: /home/vboxuser/bumperbot_ws/install/bumperbot_description/share/bumperbot_description/models/aws_robomaker_residential_Bed_01/meshes/aws_Bed_01_collision.DAE\n'}
[47.323923] (bumperbot_description) StdoutLine: {'line': b'-- Installing: /home/vboxuser/bumperbot_ws/install/bumperbot_description/share/bumperbot_description/models/aws_robomaker_residential_Bed_01/model.config\n'}
[47.324561] (bumperbot_description) StdoutLine: {'line': b'-- Installing: /home/vboxuser/bumperbot_ws/install/bumperbot_description/share/bumperbot_description/models/aws_robomaker_residential_Bed_01/model.sdf\n'}
[47.324957] (bumperbot_description) StdoutLine: {'line': b'-- Installing: /home/vboxuser/bumperbot_ws/install/bumperbot_description/share/bumperbot_description/models/aws_robomaker_residential_PortraitB_01\n'}
[47.325079] (bumperbot_description) StdoutLine: {'line': b'-- Installing: /home/vboxuser/bumperbot_ws/install/bumperbot_description/share/bumperbot_description/models/aws_robomaker_residential_PortraitB_01/materials\n'}
[47.325170] (bumperbot_description) StdoutLine: {'line': b'-- Installing: /home/vboxuser/bumperbot_ws/install/bumperbot_description/share/bumperbot_description/models/aws_robomaker_residential_PortraitB_01/materials/textures\n'}
[47.325336] (bumperbot_description) StdoutLine: {'line': b'-- Installing: /home/vboxuser/bumperbot_ws/install/bumperbot_description/share/bumperbot_description/models/aws_robomaker_residential_PortraitB_01/materials/textures/aws_PortraitB_02.png\n'}
[47.326571] (bumperbot_description) StdoutLine: {'line': b'-- Installing: /home/vboxuser/bumperbot_ws/install/bumperbot_description/share/bumperbot_description/models/aws_robomaker_residential_PortraitB_01/materials/textures/aws_PortraitB_01.png\n'}
[47.327193] (bumperbot_description) StdoutLine: {'line': b'-- Installing: /home/vboxuser/bumperbot_ws/install/bumperbot_description/share/bumperbot_description/models/aws_robomaker_residential_PortraitB_01/meshes\n'}
[47.327327] (bumperbot_description) StdoutLine: {'line': b'-- Installing: /home/vboxuser/bumperbot_ws/install/bumperbot_description/share/bumperbot_description/models/aws_robomaker_residential_PortraitB_01/meshes/aws_PortraitB_01_collision.DAE\n'}
[47.327810] (bumperbot_description) StdoutLine: {'line': b'-- Installing: /home/vboxuser/bumperbot_ws/install/bumperbot_description/share/bumperbot_description/models/aws_robomaker_residential_PortraitB_01/meshes/aws_PortraitB_01_visual.DAE\n'}
[47.328492] (bumperbot_description) StdoutLine: {'line': b'-- Installing: /home/vboxuser/bumperbot_ws/install/bumperbot_description/share/bumperbot_description/models/aws_robomaker_residential_PortraitB_01/model.config\n'}
[47.329000] (bumperbot_description) StdoutLine: {'line': b'-- Installing: /home/vboxuser/bumperbot_ws/install/bumperbot_description/share/bumperbot_description/models/aws_robomaker_residential_PortraitB_01/model.sdf\n'}
[47.329358] (bumperbot_description) StdoutLine: {'line': b'-- Installing: /home/vboxuser/bumperbot_ws/install/bumperbot_description/share/bumperbot_description/models/aws_robomaker_residential_DeskPortraitD_03\n'}
[47.329484] (bumperbot_description) StdoutLine: {'line': b'-- Installing: /home/vboxuser/bumperbot_ws/install/bumperbot_description/share/bumperbot_description/models/aws_robomaker_residential_DeskPortraitD_03/materials\n'}
[47.329580] (bumperbot_description) StdoutLine: {'line': b'-- Installing: /home/vboxuser/bumperbot_ws/install/bumperbot_description/share/bumperbot_description/models/aws_robomaker_residential_DeskPortraitD_03/materials/textures\n'}
[47.329743] (bumperbot_description) StdoutLine: {'line': b'-- Installing: /home/vboxuser/bumperbot_ws/install/bumperbot_description/share/bumperbot_description/models/aws_robomaker_residential_DeskPortraitD_03/materials/textures/aws_DeskPortraitD_02.png\n'}
[47.332033] (bumperbot_description) StdoutLine: {'line': b'-- Installing: /home/vboxuser/bumperbot_ws/install/bumperbot_description/share/bumperbot_description/models/aws_robomaker_residential_DeskPortraitD_03/materials/textures/aws_DeskPortraitD_01.png\n'}
[47.332598] (bumperbot_description) StdoutLine: {'line': b'-- Installing: /home/vboxuser/bumperbot_ws/install/bumperbot_description/share/bumperbot_description/models/aws_robomaker_residential_DeskPortraitD_03/meshes\n'}
[47.332728] (bumperbot_description) StdoutLine: {'line': b'-- Installing: /home/vboxuser/bumperbot_ws/install/bumperbot_description/share/bumperbot_description/models/aws_robomaker_residential_DeskPortraitD_03/meshes/aws_DeskPortraitD_01_collision.DAE\n'}
[47.333258] (bumperbot_description) StdoutLine: {'line': b'-- Installing: /home/vboxuser/bumperbot_ws/install/bumperbot_description/share/bumperbot_description/models/aws_robomaker_residential_DeskPortraitD_03/meshes/aws_DeskPortraitD_01_visual.DAE\n'}
[47.333819] (bumperbot_description) StdoutLine: {'line': b'-- Installing: /home/vboxuser/bumperbot_ws/install/bumperbot_description/share/bumperbot_description/models/aws_robomaker_residential_DeskPortraitD_03/model.config\n'}
[47.334280] (bumperbot_description) StdoutLine: {'line': b'-- Installing: /home/vboxuser/bumperbot_ws/install/bumperbot_description/share/bumperbot_description/models/aws_robomaker_residential_DeskPortraitD_03/model.sdf\n'}
[47.334636] (bumperbot_description) StdoutLine: {'line': b'-- Installing: /home/vboxuser/bumperbot_ws/install/bumperbot_description/share/bumperbot_description/models/aws_robomaker_residential_RoomWindow_01\n'}
[47.334745] (bumperbot_description) StdoutLine: {'line': b'-- Installing: /home/vboxuser/bumperbot_ws/install/bumperbot_description/share/bumperbot_description/models/aws_robomaker_residential_RoomWindow_01/materials\n'}
[47.334928] (bumperbot_description) StdoutLine: {'line': b'-- Installing: /home/vboxuser/bumperbot_ws/install/bumperbot_description/share/bumperbot_description/models/aws_robomaker_residential_RoomWindow_01/materials/textures\n'}
[47.335254] (bumperbot_description) StdoutLine: {'line': b'-- Installing: /home/vboxuser/bumperbot_ws/install/bumperbot_description/share/bumperbot_description/models/aws_robomaker_residential_RoomWindow_01/materials/textures/aws_RoomWindow_01.png\n'}
[47.336060] (bumperbot_description) StdoutLine: {'line': b'-- Installing: /home/vboxuser/bumperbot_ws/install/bumperbot_description/share/bumperbot_description/models/aws_robomaker_residential_RoomWindow_01/meshes\n'}
[47.336247] (bumperbot_description) StdoutLine: {'line': b'-- Installing: /home/vboxuser/bumperbot_ws/install/bumperbot_description/share/bumperbot_description/models/aws_robomaker_residential_RoomWindow_01/meshes/aws_RoomWindow_01_collision.DAE\n'}
[47.336792] (bumperbot_description) StdoutLine: {'line': b'-- Installing: /home/vboxuser/bumperbot_ws/install/bumperbot_description/share/bumperbot_description/models/aws_robomaker_residential_RoomWindow_01/meshes/aws_RoomWindow_01_visual.DAE\n'}
[47.337636] (bumperbot_description) StdoutLine: {'line': b'-- Installing: /home/vboxuser/bumperbot_ws/install/bumperbot_description/share/bumperbot_description/models/aws_robomaker_residential_RoomWindow_01/model.config\n'}
[47.338180] (bumperbot_description) StdoutLine: {'line': b'-- Installing: /home/vboxuser/bumperbot_ws/install/bumperbot_description/share/bumperbot_description/models/aws_robomaker_residential_RoomWindow_01/model.sdf\n'}
[47.338670] (bumperbot_description) StdoutLine: {'line': b'-- Installing: /home/vboxuser/bumperbot_ws/install/bumperbot_description/share/bumperbot_description/models/aws_robomaker_residential_DeskPortraitB_02\n'}
[47.338874] (bumperbot_description) StdoutLine: {'line': b'-- Installing: /home/vboxuser/bumperbot_ws/install/bumperbot_description/share/bumperbot_description/models/aws_robomaker_residential_DeskPortraitB_02/materials\n'}
[47.339162] (bumperbot_description) StdoutLine: {'line': b'-- Installing: /home/vboxuser/bumperbot_ws/install/bumperbot_description/share/bumperbot_description/models/aws_robomaker_residential_DeskPortraitB_02/materials/textures\n'}
[47.339570] (bumperbot_description) StdoutLine: {'line': b'-- Installing: /home/vboxuser/bumperbot_ws/install/bumperbot_description/share/bumperbot_description/models/aws_robomaker_residential_DeskPortraitB_02/materials/textures/aws_DeskPortraitB_02.png\n'}
[47.341151] (bumperbot_description) StdoutLine: {'line': b'-- Installing: /home/vboxuser/bumperbot_ws/install/bumperbot_description/share/bumperbot_description/models/aws_robomaker_residential_DeskPortraitB_02/materials/textures/aws_DeskPortraitB_01.png\n'}
[47.341692] (bumperbot_description) StdoutLine: {'line': b'-- Installing: /home/vboxuser/bumperbot_ws/install/bumperbot_description/share/bumperbot_description/models/aws_robomaker_residential_DeskPortraitB_02/meshes\n'}
[47.341825] (bumperbot_description) StdoutLine: {'line': b'-- Installing: /home/vboxuser/bumperbot_ws/install/bumperbot_description/share/bumperbot_description/models/aws_robomaker_residential_DeskPortraitB_02/meshes/aws_DeskPortraitB_01_visual.DAE\n'}
[47.342680] (bumperbot_description) StdoutLine: {'line': b'-- Installing: /home/vboxuser/bumperbot_ws/install/bumperbot_description/share/bumperbot_description/models/aws_robomaker_residential_DeskPortraitB_02/meshes/aws_DeskPortraitB_01_collision.DAE\n'}
[47.343243] (bumperbot_description) StdoutLine: {'line': b'-- Installing: /home/vboxuser/bumperbot_ws/install/bumperbot_description/share/bumperbot_description/models/aws_robomaker_residential_DeskPortraitB_02/model.config\n'}
[47.343783] (bumperbot_description) StdoutLine: {'line': b'-- Installing: /home/vboxuser/bumperbot_ws/install/bumperbot_description/share/bumperbot_description/models/aws_robomaker_residential_DeskPortraitB_02/model.sdf\n'}
[47.344194] (bumperbot_description) StdoutLine: {'line': b'-- Installing: /home/vboxuser/bumperbot_ws/install/bumperbot_description/share/bumperbot_description/models/aws_robomaker_residential_DeskPortraitB_01\n'}
[47.344338] (bumperbot_description) StdoutLine: {'line': b'-- Installing: /home/vboxuser/bumperbot_ws/install/bumperbot_description/share/bumperbot_description/models/aws_robomaker_residential_DeskPortraitB_01/materials\n'}
[47.344470] (bumperbot_description) StdoutLine: {'line': b'-- Installing: /home/vboxuser/bumperbot_ws/install/bumperbot_description/share/bumperbot_description/models/aws_robomaker_residential_DeskPortraitB_01/materials/textures\n'}
[47.344647] (bumperbot_description) StdoutLine: {'line': b'-- Installing: /home/vboxuser/bumperbot_ws/install/bumperbot_description/share/bumperbot_description/models/aws_robomaker_residential_DeskPortraitB_01/materials/textures/aws_DeskPortraitB_02.png\n'}
[47.346740] (bumperbot_description) StdoutLine: {'line': b'-- Installing: /home/vboxuser/bumperbot_ws/install/bumperbot_description/share/bumperbot_description/models/aws_robomaker_residential_DeskPortraitB_01/materials/textures/aws_DeskPortraitB_01.png\n'}
[47.347330] (bumperbot_description) StdoutLine: {'line': b'-- Installing: /home/vboxuser/bumperbot_ws/install/bumperbot_description/share/bumperbot_description/models/aws_robomaker_residential_DeskPortraitB_01/meshes\n'}
[47.347523] (bumperbot_description) StdoutLine: {'line': b'-- Installing: /home/vboxuser/bumperbot_ws/install/bumperbot_description/share/bumperbot_description/models/aws_robomaker_residential_DeskPortraitB_01/meshes/aws_DeskPortraitB_01_visual.DAE\n'}
[47.348246] (bumperbot_description) StdoutLine: {'line': b'-- Installing: /home/vboxuser/bumperbot_ws/install/bumperbot_description/share/bumperbot_description/models/aws_robomaker_residential_DeskPortraitB_01/meshes/aws_DeskPortraitB_01_collision.DAE\n'}
[47.348767] (bumperbot_description) StdoutLine: {'line': b'-- Installing: /home/vboxuser/bumperbot_ws/install/bumperbot_description/share/bumperbot_description/models/aws_robomaker_residential_DeskPortraitB_01/model.config\n'}
[47.349284] (bumperbot_description) StdoutLine: {'line': b'-- Installing: /home/vboxuser/bumperbot_ws/install/bumperbot_description/share/bumperbot_description/models/aws_robomaker_residential_DeskPortraitB_01/model.sdf\n'}
[47.349758] (bumperbot_description) StdoutLine: {'line': b'-- Installing: /home/vboxuser/bumperbot_ws/install/bumperbot_description/share/bumperbot_description/models/aws_robomaker_residential_DeskPortraitC_01\n'}
[47.349949] (bumperbot_description) StdoutLine: {'line': b'-- Installing: /home/vboxuser/bumperbot_ws/install/bumperbot_description/share/bumperbot_description/models/aws_robomaker_residential_DeskPortraitC_01/materials\n'}
[47.350093] (bumperbot_description) StdoutLine: {'line': b'-- Installing: /home/vboxuser/bumperbot_ws/install/bumperbot_description/share/bumperbot_description/models/aws_robomaker_residential_DeskPortraitC_01/materials/textures\n'}
[47.350343] (bumperbot_description) StdoutLine: {'line': b'-- Installing: /home/vboxuser/bumperbot_ws/install/bumperbot_description/share/bumperbot_description/models/aws_robomaker_residential_DeskPortraitC_01/materials/textures/aws_DeskPortraitC_01.png\n'}
[47.350678] (bumperbot_description) StdoutLine: {'line': b'-- Installing: /home/vboxuser/bumperbot_ws/install/bumperbot_description/share/bumperbot_description/models/aws_robomaker_residential_DeskPortraitC_01/materials/textures/aws_DeskPortraitC_02.png\n'}
[47.352784] (bumperbot_description) StdoutLine: {'line': b'-- Installing: /home/vboxuser/bumperbot_ws/install/bumperbot_description/share/bumperbot_description/models/aws_robomaker_residential_DeskPortraitC_01/meshes\n'}
[47.353091] (bumperbot_description) StdoutLine: {'line': b'-- Installing: /home/vboxuser/bumperbot_ws/install/bumperbot_description/share/bumperbot_description/models/aws_robomaker_residential_DeskPortraitC_01/meshes/aws_DeskPortraitC_01_visual.DAE\n'}
[47.354426] (bumperbot_description) StdoutLine: {'line': b'-- Installing: /home/vboxuser/bumperbot_ws/install/bumperbot_description/share/bumperbot_description/models/aws_robomaker_residential_DeskPortraitC_01/meshes/aws_DeskPortraitC_01_collision.DAE\n'}
[47.355008] (bumperbot_description) StdoutLine: {'line': b'-- Installing: /home/vboxuser/bumperbot_ws/install/bumperbot_description/share/bumperbot_description/models/aws_robomaker_residential_DeskPortraitC_01/model.config\n'}
[47.355536] (bumperbot_description) StdoutLine: {'line': b'-- Installing: /home/vboxuser/bumperbot_ws/install/bumperbot_description/share/bumperbot_description/models/aws_robomaker_residential_DeskPortraitC_01/model.sdf\n'}
[47.356048] (bumperbot_description) StdoutLine: {'line': b'-- Installing: /home/vboxuser/bumperbot_ws/install/bumperbot_description/share/bumperbot_description/models/aws_robomaker_residential_Rangehood_01\n'}
[47.356198] (bumperbot_description) StdoutLine: {'line': b'-- Installing: /home/vboxuser/bumperbot_ws/install/bumperbot_description/share/bumperbot_description/models/aws_robomaker_residential_Rangehood_01/materials\n'}
[47.356345] (bumperbot_description) StdoutLine: {'line': b'-- Installing: /home/vboxuser/bumperbot_ws/install/bumperbot_description/share/bumperbot_description/models/aws_robomaker_residential_Rangehood_01/materials/textures\n'}
[47.356472] (bumperbot_description) StdoutLine: {'line': b'-- Installing: /home/vboxuser/bumperbot_ws/install/bumperbot_description/share/bumperbot_description/models/aws_robomaker_residential_Rangehood_01/materials/textures/aws_Rangehood_01.png\n'}
[47.357288] (bumperbot_description) StdoutLine: {'line': b'-- Installing: /home/vboxuser/bumperbot_ws/install/bumperbot_description/share/bumperbot_description/models/aws_robomaker_residential_Rangehood_01/meshes\n'}
[47.357489] (bumperbot_description) StdoutLine: {'line': b'-- Installing: /home/vboxuser/bumperbot_ws/install/bumperbot_description/share/bumperbot_description/models/aws_robomaker_residential_Rangehood_01/meshes/aws_Rangehood_01_visual.DAE\n'}
[47.358598] (bumperbot_description) StdoutLine: {'line': b'-- Installing: /home/vboxuser/bumperbot_ws/install/bumperbot_description/share/bumperbot_description/models/aws_robomaker_residential_Rangehood_01/meshes/aws_Rangehood_01_collision.DAE\n'}
[47.359177] (bumperbot_description) StdoutLine: {'line': b'-- Installing: /home/vboxuser/bumperbot_ws/install/bumperbot_description/share/bumperbot_description/models/aws_robomaker_residential_Rangehood_01/model.config\n'}
[47.359738] (bumperbot_description) StdoutLine: {'line': b'-- Installing: /home/vboxuser/bumperbot_ws/install/bumperbot_description/share/bumperbot_description/models/aws_robomaker_residential_Rangehood_01/model.sdf\n'}
[47.360204] (bumperbot_description) StdoutLine: {'line': b'-- Installing: /home/vboxuser/bumperbot_ws/install/bumperbot_description/share/bumperbot_description/models/aws_robomaker_warehouse_Bucket_01\n'}
[47.360351] (bumperbot_description) StdoutLine: {'line': b'-- Installing: /home/vboxuser/bumperbot_ws/install/bumperbot_description/share/bumperbot_description/models/aws_robomaker_warehouse_Bucket_01/materials\n'}
[47.360477] (bumperbot_description) StdoutLine: {'line': b'-- Installing: /home/vboxuser/bumperbot_ws/install/bumperbot_description/share/bumperbot_description/models/aws_robomaker_warehouse_Bucket_01/materials/textures\n'}
[47.360699] (bumperbot_description) StdoutLine: {'line': b'-- Installing: /home/vboxuser/bumperbot_ws/install/bumperbot_description/share/bumperbot_description/models/aws_robomaker_warehouse_Bucket_01/materials/textures/aws_robomaker_warehouse_Bucket_01.png\n'}
[47.361892] (bumperbot_description) StdoutLine: {'line': b'-- Installing: /home/vboxuser/bumperbot_ws/install/bumperbot_description/share/bumperbot_description/models/aws_robomaker_warehouse_Bucket_01/materials/.DS_Store\n'}
[47.362527] (bumperbot_description) StdoutLine: {'line': b'-- Installing: /home/vboxuser/bumperbot_ws/install/bumperbot_description/share/bumperbot_description/models/aws_robomaker_warehouse_Bucket_01/meshes\n'}
[47.362809] (bumperbot_description) StdoutLine: {'line': b'-- Installing: /home/vboxuser/bumperbot_ws/install/bumperbot_description/share/bumperbot_description/models/aws_robomaker_warehouse_Bucket_01/meshes/aws_robomaker_warehouse_Bucket_01_visual.DAE\n'}
[47.363249] (bumperbot_description) StdoutLine: {'line': b'-- Installing: /home/vboxuser/bumperbot_ws/install/bumperbot_description/share/bumperbot_description/models/aws_robomaker_warehouse_Bucket_01/meshes/aws_robomaker_warehouse_Bucket_01_collision.DAE\n'}
[47.363810] (bumperbot_description) StdoutLine: {'line': b'-- Installing: /home/vboxuser/bumperbot_ws/install/bumperbot_description/share/bumperbot_description/models/aws_robomaker_warehouse_Bucket_01/model.config\n'}
[47.364468] (bumperbot_description) StdoutLine: {'line': b'-- Installing: /home/vboxuser/bumperbot_ws/install/bumperbot_description/share/bumperbot_description/models/aws_robomaker_warehouse_Bucket_01/.DS_Store\n'}
[47.364883] (bumperbot_description) StdoutLine: {'line': b'-- Installing: /home/vboxuser/bumperbot_ws/install/bumperbot_description/share/bumperbot_description/models/aws_robomaker_warehouse_Bucket_01/model.sdf\n'}
[47.365326] (bumperbot_description) StdoutLine: {'line': b'-- Installing: /home/vboxuser/bumperbot_ws/install/bumperbot_description/share/bumperbot_description/models/aws_robomaker_warehouse_ClutteringC_01\n'}
[47.365468] (bumperbot_description) StdoutLine: {'line': b'-- Installing: /home/vboxuser/bumperbot_ws/install/bumperbot_description/share/bumperbot_description/models/aws_robomaker_warehouse_ClutteringC_01/materials\n'}
[47.365603] (bumperbot_description) StdoutLine: {'line': b'-- Installing: /home/vboxuser/bumperbot_ws/install/bumperbot_description/share/bumperbot_description/models/aws_robomaker_warehouse_ClutteringC_01/materials/textures\n'}
[47.365813] (bumperbot_description) StdoutLine: {'line': b'-- Installing: /home/vboxuser/bumperbot_ws/install/bumperbot_description/share/bumperbot_description/models/aws_robomaker_warehouse_ClutteringC_01/materials/textures/aws_robomaker_warehouse_ClutteringC_01.png\n'}
[47.366831] (bumperbot_description) StdoutLine: {'line': b'-- Installing: /home/vboxuser/bumperbot_ws/install/bumperbot_description/share/bumperbot_description/models/aws_robomaker_warehouse_ClutteringC_01/materials/textures/aws_robomaker_warehouse_ClutteringC_02.png\n'}
[47.367853] (bumperbot_description) StdoutLine: {'line': b'-- Installing: /home/vboxuser/bumperbot_ws/install/bumperbot_description/share/bumperbot_description/models/aws_robomaker_warehouse_ClutteringC_01/meshes\n'}
[47.368013] (bumperbot_description) StdoutLine: {'line': b'-- Installing: /home/vboxuser/bumperbot_ws/install/bumperbot_description/share/bumperbot_description/models/aws_robomaker_warehouse_ClutteringC_01/meshes/aws_robomaker_warehouse_ClutteringC_01_visual.DAE\n'}
[47.368929] (bumperbot_description) StdoutLine: {'line': b'-- Installing: /home/vboxuser/bumperbot_ws/install/bumperbot_description/share/bumperbot_description/models/aws_robomaker_warehouse_ClutteringC_01/meshes/aws_robomaker_warehouse_ClutteringC_01_collision.DAE\n'}
[47.369436] (bumperbot_description) StdoutLine: {'line': b'-- Installing: /home/vboxuser/bumperbot_ws/install/bumperbot_description/share/bumperbot_description/models/aws_robomaker_warehouse_ClutteringC_01/model.config\n'}
[47.370261] (bumperbot_description) StdoutLine: {'line': b'-- Installing: /home/vboxuser/bumperbot_ws/install/bumperbot_description/share/bumperbot_description/models/aws_robomaker_warehouse_ClutteringC_01/model.sdf\n'}
[47.370648] (bumperbot_description) StdoutLine: {'line': b'-- Installing: /home/vboxuser/bumperbot_ws/install/bumperbot_description/share/bumperbot_description/models/aws_robomaker_warehouse_TrashCanC_01\n'}
[47.370783] (bumperbot_description) StdoutLine: {'line': b'-- Installing: /home/vboxuser/bumperbot_ws/install/bumperbot_description/share/bumperbot_description/models/aws_robomaker_warehouse_TrashCanC_01/materials\n'}
[47.370921] (bumperbot_description) StdoutLine: {'line': b'-- Installing: /home/vboxuser/bumperbot_ws/install/bumperbot_description/share/bumperbot_description/models/aws_robomaker_warehouse_TrashCanC_01/materials/textures\n'}
[47.371164] (bumperbot_description) StdoutLine: {'line': b'-- Installing: /home/vboxuser/bumperbot_ws/install/bumperbot_description/share/bumperbot_description/models/aws_robomaker_warehouse_TrashCanC_01/materials/textures/aws_robomaker_warehouse_TrashCanC_01.png\n'}
[47.372021] (bumperbot_description) StdoutLine: {'line': b'-- Installing: /home/vboxuser/bumperbot_ws/install/bumperbot_description/share/bumperbot_description/models/aws_robomaker_warehouse_TrashCanC_01/meshes\n'}
[47.372182] (bumperbot_description) StdoutLine: {'line': b'-- Installing: /home/vboxuser/bumperbot_ws/install/bumperbot_description/share/bumperbot_description/models/aws_robomaker_warehouse_TrashCanC_01/meshes/aws_robomaker_warehouse_TrashCanC_01_visual.DAE\n'}
[47.373230] (bumperbot_description) StdoutLine: {'line': b'-- Installing: /home/vboxuser/bumperbot_ws/install/bumperbot_description/share/bumperbot_description/models/aws_robomaker_warehouse_TrashCanC_01/meshes/aws_robomaker_warehouse_TrashCanC_01_collision.DAE\n'}
[47.373863] (bumperbot_description) StdoutLine: {'line': b'-- Installing: /home/vboxuser/bumperbot_ws/install/bumperbot_description/share/bumperbot_description/models/aws_robomaker_warehouse_TrashCanC_01/model.config\n'}
[47.374392] (bumperbot_description) StdoutLine: {'line': b'-- Installing: /home/vboxuser/bumperbot_ws/install/bumperbot_description/share/bumperbot_description/models/aws_robomaker_warehouse_TrashCanC_01/model.sdf\n'}
[47.374864] (bumperbot_description) StdoutLine: {'line': b'-- Installing: /home/vboxuser/bumperbot_ws/install/bumperbot_description/share/bumperbot_description/models/aws_robomaker_residential_BalconyTable_01\n'}
[47.375013] (bumperbot_description) StdoutLine: {'line': b'-- Installing: /home/vboxuser/bumperbot_ws/install/bumperbot_description/share/bumperbot_description/models/aws_robomaker_residential_BalconyTable_01/materials\n'}
[47.375138] (bumperbot_description) StdoutLine: {'line': b'-- Installing: /home/vboxuser/bumperbot_ws/install/bumperbot_description/share/bumperbot_description/models/aws_robomaker_residential_BalconyTable_01/materials/textures\n'}
[47.375260] (bumperbot_description) StdoutLine: {'line': b'-- Installing: /home/vboxuser/bumperbot_ws/install/bumperbot_description/share/bumperbot_description/models/aws_robomaker_residential_BalconyTable_01/materials/textures/aws_BalconyTable_01.png\n'}
[47.375756] (bumperbot_description) StdoutLine: {'line': b'-- Installing: /home/vboxuser/bumperbot_ws/install/bumperbot_description/share/bumperbot_description/models/aws_robomaker_residential_BalconyTable_01/meshes\n'}
[47.376152] (bumperbot_description) StdoutLine: {'line': b'-- Installing: /home/vboxuser/bumperbot_ws/install/bumperbot_description/share/bumperbot_description/models/aws_robomaker_residential_BalconyTable_01/meshes/aws_BalconyTable_01_collision.DAE\n'}
[47.376643] (bumperbot_description) StdoutLine: {'line': b'-- Installing: /home/vboxuser/bumperbot_ws/install/bumperbot_description/share/bumperbot_description/models/aws_robomaker_residential_BalconyTable_01/meshes/aws_BalconyTable_01_visual.DAE\n'}
[47.377444] (bumperbot_description) StdoutLine: {'line': b'-- Installing: /home/vboxuser/bumperbot_ws/install/bumperbot_description/share/bumperbot_description/models/aws_robomaker_residential_BalconyTable_01/model.config\n'}
[47.377845] (bumperbot_description) StdoutLine: {'line': b'-- Installing: /home/vboxuser/bumperbot_ws/install/bumperbot_description/share/bumperbot_description/models/aws_robomaker_residential_BalconyTable_01/model.sdf\n'}
[47.378245] (bumperbot_description) StdoutLine: {'line': b'-- Installing: /home/vboxuser/bumperbot_ws/install/bumperbot_description/share/bumperbot_description/models/aws_robomaker_residential_RoomWall_01\n'}
[47.378411] (bumperbot_description) StdoutLine: {'line': b'-- Installing: /home/vboxuser/bumperbot_ws/install/bumperbot_description/share/bumperbot_description/models/aws_robomaker_residential_RoomWall_01/materials\n'}
[47.378551] (bumperbot_description) StdoutLine: {'line': b'-- Installing: /home/vboxuser/bumperbot_ws/install/bumperbot_description/share/bumperbot_description/models/aws_robomaker_residential_RoomWall_01/materials/textures\n'}
[47.378674] (bumperbot_description) StdoutLine: {'line': b'-- Installing: /home/vboxuser/bumperbot_ws/install/bumperbot_description/share/bumperbot_description/models/aws_robomaker_residential_RoomWall_01/materials/textures/aws_RoomWall_01.png\n'}
[47.382388] (bumperbot_description) StdoutLine: {'line': b'-- Installing: /home/vboxuser/bumperbot_ws/install/bumperbot_description/share/bumperbot_description/models/aws_robomaker_residential_RoomWall_01/meshes\n'}
[47.382680] (bumperbot_description) StdoutLine: {'line': b'-- Installing: /home/vboxuser/bumperbot_ws/install/bumperbot_description/share/bumperbot_description/models/aws_robomaker_residential_RoomWall_01/meshes/aws_RoomWall_01_collision.DAE\n'}
[47.383170] (bumperbot_description) StdoutLine: {'line': b'-- Installing: /home/vboxuser/bumperbot_ws/install/bumperbot_description/share/bumperbot_description/models/aws_robomaker_residential_RoomWall_01/meshes/aws_RoomWall_01_visual.DAE\n'}
[47.383470] (bumperbot_description) StdoutLine: {'line': b'-- Installing: /home/vboxuser/bumperbot_ws/install/bumperbot_description/share/bumperbot_description/models/aws_robomaker_residential_RoomWall_01/model.config\n'}
[47.384092] (bumperbot_description) StdoutLine: {'line': b'-- Installing: /home/vboxuser/bumperbot_ws/install/bumperbot_description/share/bumperbot_description/models/aws_robomaker_residential_RoomWall_01/model.sdf\n'}
[47.384574] (bumperbot_description) StdoutLine: {'line': b'-- Installing: /home/vboxuser/bumperbot_ws/install/bumperbot_description/share/bumperbot_description/models/aws_robomaker_residential_DeskPortraitD_02\n'}
[47.384732] (bumperbot_description) StdoutLine: {'line': b'-- Installing: /home/vboxuser/bumperbot_ws/install/bumperbot_description/share/bumperbot_description/models/aws_robomaker_residential_DeskPortraitD_02/materials\n'}
[47.384860] (bumperbot_description) StdoutLine: {'line': b'-- Installing: /home/vboxuser/bumperbot_ws/install/bumperbot_description/share/bumperbot_description/models/aws_robomaker_residential_DeskPortraitD_02/materials/textures\n'}
[47.384983] (bumperbot_description) StdoutLine: {'line': b'-- Installing: /home/vboxuser/bumperbot_ws/install/bumperbot_description/share/bumperbot_description/models/aws_robomaker_residential_DeskPortraitD_02/materials/textures/aws_DeskPortraitD_02.png\n'}
[47.386621] (-) TimerEvent: {}
[47.397867] (bumperbot_description) StdoutLine: {'line': b'-- Installing: /home/vboxuser/bumperbot_ws/install/bumperbot_description/share/bumperbot_description/models/aws_robomaker_residential_DeskPortraitD_02/materials/textures/aws_DeskPortraitD_01.png\n'}
[47.398156] (bumperbot_description) StdoutLine: {'line': b'-- Installing: /home/vboxuser/bumperbot_ws/install/bumperbot_description/share/bumperbot_description/models/aws_robomaker_residential_DeskPortraitD_02/meshes\n'}
[47.398348] (bumperbot_description) StdoutLine: {'line': b'-- Installing: /home/vboxuser/bumperbot_ws/install/bumperbot_description/share/bumperbot_description/models/aws_robomaker_residential_DeskPortraitD_02/meshes/aws_DeskPortraitD_01_collision.DAE\n'}
[47.399299] (bumperbot_description) StdoutLine: {'line': b'-- Installing: /home/vboxuser/bumperbot_ws/install/bumperbot_description/share/bumperbot_description/models/aws_robomaker_residential_DeskPortraitD_02/meshes/aws_DeskPortraitD_01_visual.DAE\n'}
[47.399776] (bumperbot_description) StdoutLine: {'line': b'-- Installing: /home/vboxuser/bumperbot_ws/install/bumperbot_description/share/bumperbot_description/models/aws_robomaker_residential_DeskPortraitD_02/model.config\n'}
[47.400376] (bumperbot_description) StdoutLine: {'line': b'-- Installing: /home/vboxuser/bumperbot_ws/install/bumperbot_description/share/bumperbot_description/models/aws_robomaker_residential_DeskPortraitD_02/model.sdf\n'}
[47.400641] (bumperbot_description) StdoutLine: {'line': b'-- Installing: /home/vboxuser/bumperbot_ws/install/bumperbot_description/share/bumperbot_description/models/aws_robomaker_residential_RoomCeiling_01\n'}
[47.400705] (bumperbot_description) StdoutLine: {'line': b'-- Installing: /home/vboxuser/bumperbot_ws/install/bumperbot_description/share/bumperbot_description/models/aws_robomaker_residential_RoomCeiling_01/materials\n'}
[47.400908] (bumperbot_description) StdoutLine: {'line': b'-- Installing: /home/vboxuser/bumperbot_ws/install/bumperbot_description/share/bumperbot_description/models/aws_robomaker_residential_RoomCeiling_01/materials/textures\n'}
[47.400968] (bumperbot_description) StdoutLine: {'line': b'-- Installing: /home/vboxuser/bumperbot_ws/install/bumperbot_description/share/bumperbot_description/models/aws_robomaker_residential_RoomCeiling_01/materials/textures/aws_RoomCeiling_01.png\n'}
[47.401960] (bumperbot_description) StdoutLine: {'line': b'-- Installing: /home/vboxuser/bumperbot_ws/install/bumperbot_description/share/bumperbot_description/models/aws_robomaker_residential_RoomCeiling_01/meshes\n'}
[47.402085] (bumperbot_description) StdoutLine: {'line': b'-- Installing: /home/vboxuser/bumperbot_ws/install/bumperbot_description/share/bumperbot_description/models/aws_robomaker_residential_RoomCeiling_01/meshes/aws_RoomCeiling_01_visual.DAE\n'}
[47.402949] (bumperbot_description) StdoutLine: {'line': b'-- Installing: /home/vboxuser/bumperbot_ws/install/bumperbot_description/share/bumperbot_description/models/aws_robomaker_residential_RoomCeiling_01/meshes/aws_RoomCeiling_01_collision.DAE\n'}
[47.403490] (bumperbot_description) StdoutLine: {'line': b'-- Installing: /home/vboxuser/bumperbot_ws/install/bumperbot_description/share/bumperbot_description/models/aws_robomaker_residential_RoomCeiling_01/model.config\n'}
[47.404014] (bumperbot_description) StdoutLine: {'line': b'-- Installing: /home/vboxuser/bumperbot_ws/install/bumperbot_description/share/bumperbot_description/models/aws_robomaker_residential_RoomCeiling_01/model.sdf\n'}
[47.404526] (bumperbot_description) StdoutLine: {'line': b'-- Installing: /home/vboxuser/bumperbot_ws/install/bumperbot_description/share/bumperbot_description/models/aws_robomaker_residential_SofaB_01\n'}
[47.404740] (bumperbot_description) StdoutLine: {'line': b'-- Installing: /home/vboxuser/bumperbot_ws/install/bumperbot_description/share/bumperbot_description/models/aws_robomaker_residential_SofaB_01/materials\n'}
[47.404875] (bumperbot_description) StdoutLine: {'line': b'-- Installing: /home/vboxuser/bumperbot_ws/install/bumperbot_description/share/bumperbot_description/models/aws_robomaker_residential_SofaB_01/materials/textures\n'}
[47.405121] (bumperbot_description) StdoutLine: {'line': b'-- Installing: /home/vboxuser/bumperbot_ws/install/bumperbot_description/share/bumperbot_description/models/aws_robomaker_residential_SofaB_01/materials/textures/aws_SofaB_01.png\n'}
[47.405410] (bumperbot_description) StdoutLine: {'line': b'-- Installing: /home/vboxuser/bumperbot_ws/install/bumperbot_description/share/bumperbot_description/models/aws_robomaker_residential_SofaB_01/meshes\n'}
[47.405552] (bumperbot_description) StdoutLine: {'line': b'-- Installing: /home/vboxuser/bumperbot_ws/install/bumperbot_description/share/bumperbot_description/models/aws_robomaker_residential_SofaB_01/meshes/aws_SofaB_01_visual.DAE\n'}
[47.406493] (bumperbot_description) StdoutLine: {'line': b'-- Installing: /home/vboxuser/bumperbot_ws/install/bumperbot_description/share/bumperbot_description/models/aws_robomaker_residential_SofaB_01/meshes/aws_SofaB_01_collision.DAE\n'}
[47.407141] (bumperbot_description) StdoutLine: {'line': b'-- Installing: /home/vboxuser/bumperbot_ws/install/bumperbot_description/share/bumperbot_description/models/aws_robomaker_residential_SofaB_01/model.config\n'}
[47.407674] (bumperbot_description) StdoutLine: {'line': b'-- Installing: /home/vboxuser/bumperbot_ws/install/bumperbot_description/share/bumperbot_description/models/aws_robomaker_residential_SofaB_01/model.sdf\n'}
[47.408294] (bumperbot_description) StdoutLine: {'line': b'-- Installing: /home/vboxuser/bumperbot_ws/install/bumperbot_description/share/bumperbot_description/models/aws_robomaker_residential_Chandelier_01\n'}
[47.408455] (bumperbot_description) StdoutLine: {'line': b'-- Installing: /home/vboxuser/bumperbot_ws/install/bumperbot_description/share/bumperbot_description/models/aws_robomaker_residential_Chandelier_01/materials\n'}
[47.408598] (bumperbot_description) StdoutLine: {'line': b'-- Installing: /home/vboxuser/bumperbot_ws/install/bumperbot_description/share/bumperbot_description/models/aws_robomaker_residential_Chandelier_01/materials/textures\n'}
[47.408776] (bumperbot_description) StdoutLine: {'line': b'-- Installing: /home/vboxuser/bumperbot_ws/install/bumperbot_description/share/bumperbot_description/models/aws_robomaker_residential_Chandelier_01/materials/textures/aws_Chandelier_01.png\n'}
[47.410364] (bumperbot_description) StdoutLine: {'line': b'-- Installing: /home/vboxuser/bumperbot_ws/install/bumperbot_description/share/bumperbot_description/models/aws_robomaker_residential_Chandelier_01/meshes\n'}
[47.410602] (bumperbot_description) StdoutLine: {'line': b'-- Installing: /home/vboxuser/bumperbot_ws/install/bumperbot_description/share/bumperbot_description/models/aws_robomaker_residential_Chandelier_01/meshes/aws_Chandelier_01.DAE\n'}
[47.411852] (bumperbot_description) StdoutLine: {'line': b'-- Installing: /home/vboxuser/bumperbot_ws/install/bumperbot_description/share/bumperbot_description/models/aws_robomaker_residential_Chandelier_01/meshes/aws_Chandelier_01_visual.DAE\n'}
[47.413053] (bumperbot_description) StdoutLine: {'line': b'-- Installing: /home/vboxuser/bumperbot_ws/install/bumperbot_description/share/bumperbot_description/models/aws_robomaker_residential_Chandelier_01/meshes/aws_Chandelier_01_collision.DAE\n'}
[47.413664] (bumperbot_description) StdoutLine: {'line': b'-- Installing: /home/vboxuser/bumperbot_ws/install/bumperbot_description/share/bumperbot_description/models/aws_robomaker_residential_Chandelier_01/model.config\n'}
[47.414123] (bumperbot_description) StdoutLine: {'line': b'-- Installing: /home/vboxuser/bumperbot_ws/install/bumperbot_description/share/bumperbot_description/models/aws_robomaker_residential_Chandelier_01/model.sdf\n'}
[47.414583] (bumperbot_description) StdoutLine: {'line': b'-- Installing: /home/vboxuser/bumperbot_ws/install/bumperbot_description/share/bumperbot_description/models/aws_robomaker_residential_DeskPortraitC_02\n'}
[47.414645] (bumperbot_description) StdoutLine: {'line': b'-- Installing: /home/vboxuser/bumperbot_ws/install/bumperbot_description/share/bumperbot_description/models/aws_robomaker_residential_DeskPortraitC_02/materials\n'}
[47.414684] (bumperbot_description) StdoutLine: {'line': b'-- Installing: /home/vboxuser/bumperbot_ws/install/bumperbot_description/share/bumperbot_description/models/aws_robomaker_residential_DeskPortraitC_02/materials/textures\n'}
[47.414866] (bumperbot_description) StdoutLine: {'line': b'-- Installing: /home/vboxuser/bumperbot_ws/install/bumperbot_description/share/bumperbot_description/models/aws_robomaker_residential_DeskPortraitC_02/materials/textures/aws_DeskPortraitC_01.png\n'}
[47.415604] (bumperbot_description) StdoutLine: {'line': b'-- Installing: /home/vboxuser/bumperbot_ws/install/bumperbot_description/share/bumperbot_description/models/aws_robomaker_residential_DeskPortraitC_02/materials/textures/aws_DeskPortraitC_02.png\n'}
[47.417809] (bumperbot_description) StdoutLine: {'line': b'-- Installing: /home/vboxuser/bumperbot_ws/install/bumperbot_description/share/bumperbot_description/models/aws_robomaker_residential_DeskPortraitC_02/meshes\n'}
[47.417978] (bumperbot_description) StdoutLine: {'line': b'-- Installing: /home/vboxuser/bumperbot_ws/install/bumperbot_description/share/bumperbot_description/models/aws_robomaker_residential_DeskPortraitC_02/meshes/aws_DeskPortraitC_01_visual.DAE\n'}
[47.418949] (bumperbot_description) StdoutLine: {'line': b'-- Installing: /home/vboxuser/bumperbot_ws/install/bumperbot_description/share/bumperbot_description/models/aws_robomaker_residential_DeskPortraitC_02/meshes/aws_DeskPortraitC_01_collision.DAE\n'}
[47.419481] (bumperbot_description) StdoutLine: {'line': b'-- Installing: /home/vboxuser/bumperbot_ws/install/bumperbot_description/share/bumperbot_description/models/aws_robomaker_residential_DeskPortraitC_02/model.config\n'}
[47.419948] (bumperbot_description) StdoutLine: {'line': b'-- Installing: /home/vboxuser/bumperbot_ws/install/bumperbot_description/share/bumperbot_description/models/aws_robomaker_residential_DeskPortraitC_02/model.sdf\n'}
[47.420496] (bumperbot_description) StdoutLine: {'line': b'-- Installing: /home/vboxuser/bumperbot_ws/install/bumperbot_description/share/bumperbot_description/models/aws_robomaker_residential_PortraitA_01\n'}
[47.420664] (bumperbot_description) StdoutLine: {'line': b'-- Installing: /home/vboxuser/bumperbot_ws/install/bumperbot_description/share/bumperbot_description/models/aws_robomaker_residential_PortraitA_01/materials\n'}
[47.420850] (bumperbot_description) StdoutLine: {'line': b'-- Installing: /home/vboxuser/bumperbot_ws/install/bumperbot_description/share/bumperbot_description/models/aws_robomaker_residential_PortraitA_01/materials/textures\n'}
[47.421099] (bumperbot_description) StdoutLine: {'line': b'-- Installing: /home/vboxuser/bumperbot_ws/install/bumperbot_description/share/bumperbot_description/models/aws_robomaker_residential_PortraitA_01/materials/textures/aws_PortraitA_01.png\n'}
[47.421554] (bumperbot_description) StdoutLine: {'line': b'-- Installing: /home/vboxuser/bumperbot_ws/install/bumperbot_description/share/bumperbot_description/models/aws_robomaker_residential_PortraitA_01/materials/textures/aws_PortraitA_02.png\n'}
[47.422712] (bumperbot_description) StdoutLine: {'line': b'-- Installing: /home/vboxuser/bumperbot_ws/install/bumperbot_description/share/bumperbot_description/models/aws_robomaker_residential_PortraitA_01/meshes\n'}
[47.422883] (bumperbot_description) StdoutLine: {'line': b'-- Installing: /home/vboxuser/bumperbot_ws/install/bumperbot_description/share/bumperbot_description/models/aws_robomaker_residential_PortraitA_01/meshes/aws_PortraitA_01_visual.DAE\n'}
[47.423581] (bumperbot_description) StdoutLine: {'line': b'-- Installing: /home/vboxuser/bumperbot_ws/install/bumperbot_description/share/bumperbot_description/models/aws_robomaker_residential_PortraitA_01/meshes/aws_PortraitA_01_collision.DAE\n'}
[47.423898] (bumperbot_description) StdoutLine: {'line': b'-- Installing: /home/vboxuser/bumperbot_ws/install/bumperbot_description/share/bumperbot_description/models/aws_robomaker_residential_PortraitA_01/model.config\n'}
[47.424390] (bumperbot_description) StdoutLine: {'line': b'-- Installing: /home/vboxuser/bumperbot_ws/install/bumperbot_description/share/bumperbot_description/models/aws_robomaker_residential_PortraitA_01/model.sdf\n'}
[47.424875] (bumperbot_description) StdoutLine: {'line': b'-- Installing: /home/vboxuser/bumperbot_ws/install/bumperbot_description/share/bumperbot_description/models/aws_robomaker_residential_PortraitD_02\n'}
[47.425062] (bumperbot_description) StdoutLine: {'line': b'-- Installing: /home/vboxuser/bumperbot_ws/install/bumperbot_description/share/bumperbot_description/models/aws_robomaker_residential_PortraitD_02/materials\n'}
[47.425191] (bumperbot_description) StdoutLine: {'line': b'-- Installing: /home/vboxuser/bumperbot_ws/install/bumperbot_description/share/bumperbot_description/models/aws_robomaker_residential_PortraitD_02/materials/textures\n'}
[47.425592] (bumperbot_description) StdoutLine: {'line': b'-- Installing: /home/vboxuser/bumperbot_ws/install/bumperbot_description/share/bumperbot_description/models/aws_robomaker_residential_PortraitD_02/materials/textures/aws_PortraitD_01.png\n'}
[47.425972] (bumperbot_description) StdoutLine: {'line': b'-- Installing: /home/vboxuser/bumperbot_ws/install/bumperbot_description/share/bumperbot_description/models/aws_robomaker_residential_PortraitD_02/materials/textures/aws_PortraitD_02.png\n'}
[47.427561] (bumperbot_description) StdoutLine: {'line': b'-- Installing: /home/vboxuser/bumperbot_ws/install/bumperbot_description/share/bumperbot_description/models/aws_robomaker_residential_PortraitD_02/meshes\n'}
[47.427788] (bumperbot_description) StdoutLine: {'line': b'-- Installing: /home/vboxuser/bumperbot_ws/install/bumperbot_description/share/bumperbot_description/models/aws_robomaker_residential_PortraitD_02/meshes/aws_PortraitD_01_visual.DAE\n'}
[47.428323] (bumperbot_description) StdoutLine: {'line': b'-- Installing: /home/vboxuser/bumperbot_ws/install/bumperbot_description/share/bumperbot_description/models/aws_robomaker_residential_PortraitD_02/meshes/aws_PortraitD_01_collision.DAE\n'}
[47.429012] (bumperbot_description) StdoutLine: {'line': b'-- Installing: /home/vboxuser/bumperbot_ws/install/bumperbot_description/share/bumperbot_description/models/aws_robomaker_residential_PortraitD_02/model.config\n'}
[47.429501] (bumperbot_description) StdoutLine: {'line': b'-- Installing: /home/vboxuser/bumperbot_ws/install/bumperbot_description/share/bumperbot_description/models/aws_robomaker_residential_PortraitD_02/model.sdf\n'}
[47.430043] (bumperbot_description) StdoutLine: {'line': b'-- Installing: /home/vboxuser/bumperbot_ws/install/bumperbot_description/share/bumperbot_description/models/aws_robomaker_residential_ChairA_01\n'}
[47.430191] (bumperbot_description) StdoutLine: {'line': b'-- Installing: /home/vboxuser/bumperbot_ws/install/bumperbot_description/share/bumperbot_description/models/aws_robomaker_residential_ChairA_01/materials\n'}
[47.430332] (bumperbot_description) StdoutLine: {'line': b'-- Installing: /home/vboxuser/bumperbot_ws/install/bumperbot_description/share/bumperbot_description/models/aws_robomaker_residential_ChairA_01/materials/textures\n'}
[47.430454] (bumperbot_description) StdoutLine: {'line': b'-- Installing: /home/vboxuser/bumperbot_ws/install/bumperbot_description/share/bumperbot_description/models/aws_robomaker_residential_ChairA_01/materials/textures/aws_ChairA_01.png\n'}
[47.432180] (bumperbot_description) StdoutLine: {'line': b'-- Installing: /home/vboxuser/bumperbot_ws/install/bumperbot_description/share/bumperbot_description/models/aws_robomaker_residential_ChairA_01/meshes\n'}
[47.432374] (bumperbot_description) StdoutLine: {'line': b'-- Installing: /home/vboxuser/bumperbot_ws/install/bumperbot_description/share/bumperbot_description/models/aws_robomaker_residential_ChairA_01/meshes/aws_ChairA_01_visual.DAE\n'}
[47.433558] (bumperbot_description) StdoutLine: {'line': b'-- Installing: /home/vboxuser/bumperbot_ws/install/bumperbot_description/share/bumperbot_description/models/aws_robomaker_residential_ChairA_01/meshes/aws_ChairA_01_collision.DAE\n'}
[47.434176] (bumperbot_description) StdoutLine: {'line': b'-- Installing: /home/vboxuser/bumperbot_ws/install/bumperbot_description/share/bumperbot_description/models/aws_robomaker_residential_ChairA_01/model.config\n'}
[47.434669] (bumperbot_description) StdoutLine: {'line': b'-- Installing: /home/vboxuser/bumperbot_ws/install/bumperbot_description/share/bumperbot_description/models/aws_robomaker_residential_ChairA_01/model.sdf\n'}
[47.435257] (bumperbot_description) StdoutLine: {'line': b'-- Installing: /home/vboxuser/bumperbot_ws/install/bumperbot_description/share/bumperbot_description/models/aws_robomaker_residential_SecurityCamera_01\n'}
[47.435393] (bumperbot_description) StdoutLine: {'line': b'-- Installing: /home/vboxuser/bumperbot_ws/install/bumperbot_description/share/bumperbot_description/models/aws_robomaker_residential_SecurityCamera_01/materials\n'}
[47.435647] (bumperbot_description) StdoutLine: {'line': b'-- Installing: /home/vboxuser/bumperbot_ws/install/bumperbot_description/share/bumperbot_description/models/aws_robomaker_residential_SecurityCamera_01/materials/textures\n'}
[47.435704] (bumperbot_description) StdoutLine: {'line': b'-- Installing: /home/vboxuser/bumperbot_ws/install/bumperbot_description/share/bumperbot_description/models/aws_robomaker_residential_SecurityCamera_01/materials/textures/aws_SecurityCamera_01.png\n'}
[47.436322] (bumperbot_description) StdoutLine: {'line': b'-- Installing: /home/vboxuser/bumperbot_ws/install/bumperbot_description/share/bumperbot_description/models/aws_robomaker_residential_SecurityCamera_01/meshes\n'}
[47.436496] (bumperbot_description) StdoutLine: {'line': b'-- Installing: /home/vboxuser/bumperbot_ws/install/bumperbot_description/share/bumperbot_description/models/aws_robomaker_residential_SecurityCamera_01/meshes/aws_SecurityCamera_01_collision.DAE\n'}
[47.436817] (bumperbot_description) StdoutLine: {'line': b'-- Installing: /home/vboxuser/bumperbot_ws/install/bumperbot_description/share/bumperbot_description/models/aws_robomaker_residential_SecurityCamera_01/meshes/aws_SecurityCamera_01_visual.DAE\n'}
[47.437748] (bumperbot_description) StdoutLine: {'line': b'-- Installing: /home/vboxuser/bumperbot_ws/install/bumperbot_description/share/bumperbot_description/models/aws_robomaker_residential_SecurityCamera_01/model.config\n'}
[47.438535] (bumperbot_description) StdoutLine: {'line': b'-- Installing: /home/vboxuser/bumperbot_ws/install/bumperbot_description/share/bumperbot_description/models/aws_robomaker_residential_SecurityCamera_01/model.sdf\n'}
[47.439452] (bumperbot_description) StdoutLine: {'line': b'-- Installing: /home/vboxuser/bumperbot_ws/install/bumperbot_description/share/bumperbot_description/models/aws_robomaker_residential_DeskPortraitA_01\n'}
[47.439524] (bumperbot_description) StdoutLine: {'line': b'-- Installing: /home/vboxuser/bumperbot_ws/install/bumperbot_description/share/bumperbot_description/models/aws_robomaker_residential_DeskPortraitA_01/materials\n'}
[47.439735] (bumperbot_description) StdoutLine: {'line': b'-- Installing: /home/vboxuser/bumperbot_ws/install/bumperbot_description/share/bumperbot_description/models/aws_robomaker_residential_DeskPortraitA_01/materials/textures\n'}
[47.439785] (bumperbot_description) StdoutLine: {'line': b'-- Installing: /home/vboxuser/bumperbot_ws/install/bumperbot_description/share/bumperbot_description/models/aws_robomaker_residential_DeskPortraitA_01/materials/textures/aws_DeskPortraitA_01.png\n'}
[47.440113] (bumperbot_description) StdoutLine: {'line': b'-- Installing: /home/vboxuser/bumperbot_ws/install/bumperbot_description/share/bumperbot_description/models/aws_robomaker_residential_DeskPortraitA_01/materials/textures/aws_DeskPortraitA_02.png\n'}
[47.441494] (bumperbot_description) StdoutLine: {'line': b'-- Installing: /home/vboxuser/bumperbot_ws/install/bumperbot_description/share/bumperbot_description/models/aws_robomaker_residential_DeskPortraitA_01/meshes\n'}
[47.441645] (bumperbot_description) StdoutLine: {'line': b'-- Installing: /home/vboxuser/bumperbot_ws/install/bumperbot_description/share/bumperbot_description/models/aws_robomaker_residential_DeskPortraitA_01/meshes/aws_DeskPortraitA_01_collision.DAE\n'}
[47.442355] (bumperbot_description) StdoutLine: {'line': b'-- Installing: /home/vboxuser/bumperbot_ws/install/bumperbot_description/share/bumperbot_description/models/aws_robomaker_residential_DeskPortraitA_01/meshes/aws_DeskPortraitA_01_visual.DAE\n'}
[47.443483] (bumperbot_description) StdoutLine: {'line': b'-- Installing: /home/vboxuser/bumperbot_ws/install/bumperbot_description/share/bumperbot_description/models/aws_robomaker_residential_DeskPortraitA_01/model.config\n'}
[47.444237] (bumperbot_description) StdoutLine: {'line': b'-- Installing: /home/vboxuser/bumperbot_ws/install/bumperbot_description/share/bumperbot_description/models/aws_robomaker_residential_DeskPortraitA_01/model.sdf\n'}
[47.444594] (bumperbot_description) StdoutLine: {'line': b'-- Installing: /home/vboxuser/bumperbot_ws/install/bumperbot_description/share/bumperbot_description/models/aws_robomaker_residential_ShoeRack_01\n'}
[47.444726] (bumperbot_description) StdoutLine: {'line': b'-- Installing: /home/vboxuser/bumperbot_ws/install/bumperbot_description/share/bumperbot_description/models/aws_robomaker_residential_ShoeRack_01/materials\n'}
[47.444900] (bumperbot_description) StdoutLine: {'line': b'-- Installing: /home/vboxuser/bumperbot_ws/install/bumperbot_description/share/bumperbot_description/models/aws_robomaker_residential_ShoeRack_01/materials/textures\n'}
[47.445174] (bumperbot_description) StdoutLine: {'line': b'-- Installing: /home/vboxuser/bumperbot_ws/install/bumperbot_description/share/bumperbot_description/models/aws_robomaker_residential_ShoeRack_01/materials/textures/aws_ShoeRack_01.png\n'}
[47.446715] (bumperbot_description) StdoutLine: {'line': b'-- Installing: /home/vboxuser/bumperbot_ws/install/bumperbot_description/share/bumperbot_description/models/aws_robomaker_residential_ShoeRack_01/meshes\n'}
[47.446869] (bumperbot_description) StdoutLine: {'line': b'-- Installing: /home/vboxuser/bumperbot_ws/install/bumperbot_description/share/bumperbot_description/models/aws_robomaker_residential_ShoeRack_01/meshes/aws_ShoeRack_01_visual.DAE\n'}
[47.447703] (bumperbot_description) StdoutLine: {'line': b'-- Installing: /home/vboxuser/bumperbot_ws/install/bumperbot_description/share/bumperbot_description/models/aws_robomaker_residential_ShoeRack_01/meshes/aws_ShoeRack_01_collision.DAE\n'}
[47.448358] (bumperbot_description) StdoutLine: {'line': b'-- Installing: /home/vboxuser/bumperbot_ws/install/bumperbot_description/share/bumperbot_description/models/aws_robomaker_residential_ShoeRack_01/model.config\n'}
[47.448671] (bumperbot_description) StdoutLine: {'line': b'-- Installing: /home/vboxuser/bumperbot_ws/install/bumperbot_description/share/bumperbot_description/models/aws_robomaker_residential_ShoeRack_01/model.sdf\n'}
[47.449245] (bumperbot_description) StdoutLine: {'line': b'-- Installing: /home/vboxuser/bumperbot_ws/install/bumperbot_description/share/bumperbot_description/models/aws_robomaker_residential_FoldingDoor_01\n'}
[47.449388] (bumperbot_description) StdoutLine: {'line': b'-- Installing: /home/vboxuser/bumperbot_ws/install/bumperbot_description/share/bumperbot_description/models/aws_robomaker_residential_FoldingDoor_01/materials\n'}
[47.449518] (bumperbot_description) StdoutLine: {'line': b'-- Installing: /home/vboxuser/bumperbot_ws/install/bumperbot_description/share/bumperbot_description/models/aws_robomaker_residential_FoldingDoor_01/materials/textures\n'}
[47.449693] (bumperbot_description) StdoutLine: {'line': b'-- Installing: /home/vboxuser/bumperbot_ws/install/bumperbot_description/share/bumperbot_description/models/aws_robomaker_residential_FoldingDoor_01/materials/textures/aws_FoldingDoor_01.png\n'}
[47.450630] (bumperbot_description) StdoutLine: {'line': b'-- Installing: /home/vboxuser/bumperbot_ws/install/bumperbot_description/share/bumperbot_description/models/aws_robomaker_residential_FoldingDoor_01/meshes\n'}
[47.450784] (bumperbot_description) StdoutLine: {'line': b'-- Installing: /home/vboxuser/bumperbot_ws/install/bumperbot_description/share/bumperbot_description/models/aws_robomaker_residential_FoldingDoor_01/meshes/aws_FoldingDoor_01_visual.DAE\n'}
[47.453053] (bumperbot_description) StdoutLine: {'line': b'-- Installing: /home/vboxuser/bumperbot_ws/install/bumperbot_description/share/bumperbot_description/models/aws_robomaker_residential_FoldingDoor_01/meshes/aws_FoldingDoor_01_collision.DAE\n'}
[47.453565] (bumperbot_description) StdoutLine: {'line': b'-- Installing: /home/vboxuser/bumperbot_ws/install/bumperbot_description/share/bumperbot_description/models/aws_robomaker_residential_FoldingDoor_01/model.config\n'}
[47.454160] (bumperbot_description) StdoutLine: {'line': b'-- Installing: /home/vboxuser/bumperbot_ws/install/bumperbot_description/share/bumperbot_description/models/aws_robomaker_residential_FoldingDoor_01/model.sdf\n'}
[47.454650] (bumperbot_description) StdoutLine: {'line': b'-- Installing: /home/vboxuser/bumperbot_ws/install/bumperbot_description/share/bumperbot_description/models/aws_robomaker_residential_Tablet_01\n'}
[47.454792] (bumperbot_description) StdoutLine: {'line': b'-- Installing: /home/vboxuser/bumperbot_ws/install/bumperbot_description/share/bumperbot_description/models/aws_robomaker_residential_Tablet_01/materials\n'}
[47.455125] (bumperbot_description) StdoutLine: {'line': b'-- Installing: /home/vboxuser/bumperbot_ws/install/bumperbot_description/share/bumperbot_description/models/aws_robomaker_residential_Tablet_01/materials/textures\n'}
[47.455350] (bumperbot_description) StdoutLine: {'line': b'-- Installing: /home/vboxuser/bumperbot_ws/install/bumperbot_description/share/bumperbot_description/models/aws_robomaker_residential_Tablet_01/materials/textures/aws_Tablet_01_nologo.png\n'}
[47.455839] (bumperbot_description) StdoutLine: {'line': b'-- Installing: /home/vboxuser/bumperbot_ws/install/bumperbot_description/share/bumperbot_description/models/aws_robomaker_residential_Tablet_01/meshes\n'}
[47.455998] (bumperbot_description) StdoutLine: {'line': b'-- Installing: /home/vboxuser/bumperbot_ws/install/bumperbot_description/share/bumperbot_description/models/aws_robomaker_residential_Tablet_01/meshes/aws_Tablet_01_visual.DAE\n'}
[47.456786] (bumperbot_description) StdoutLine: {'line': b'-- Installing: /home/vboxuser/bumperbot_ws/install/bumperbot_description/share/bumperbot_description/models/aws_robomaker_residential_Tablet_01/meshes/aws_Tablet_01_collision.DAE\n'}
[47.457382] (bumperbot_description) StdoutLine: {'line': b'-- Installing: /home/vboxuser/bumperbot_ws/install/bumperbot_description/share/bumperbot_description/models/aws_robomaker_residential_Tablet_01/model.config\n'}
[47.457783] (bumperbot_description) StdoutLine: {'line': b'-- Installing: /home/vboxuser/bumperbot_ws/install/bumperbot_description/share/bumperbot_description/models/aws_robomaker_residential_Tablet_01/model.sdf\n'}
[47.458230] (bumperbot_description) StdoutLine: {'line': b'-- Installing: /home/vboxuser/bumperbot_ws/install/bumperbot_description/share/bumperbot_description/models/aws_robomaker_residential_Vase_01\n'}
[47.458383] (bumperbot_description) StdoutLine: {'line': b'-- Installing: /home/vboxuser/bumperbot_ws/install/bumperbot_description/share/bumperbot_description/models/aws_robomaker_residential_Vase_01/materials\n'}
[47.458517] (bumperbot_description) StdoutLine: {'line': b'-- Installing: /home/vboxuser/bumperbot_ws/install/bumperbot_description/share/bumperbot_description/models/aws_robomaker_residential_Vase_01/materials/textures\n'}
[47.458720] (bumperbot_description) StdoutLine: {'line': b'-- Installing: /home/vboxuser/bumperbot_ws/install/bumperbot_description/share/bumperbot_description/models/aws_robomaker_residential_Vase_01/materials/textures/aws_Vase_01.png\n'}
[47.459529] (bumperbot_description) StdoutLine: {'line': b'-- Installing: /home/vboxuser/bumperbot_ws/install/bumperbot_description/share/bumperbot_description/models/aws_robomaker_residential_Vase_01/meshes\n'}
[47.459686] (bumperbot_description) StdoutLine: {'line': b'-- Installing: /home/vboxuser/bumperbot_ws/install/bumperbot_description/share/bumperbot_description/models/aws_robomaker_residential_Vase_01/meshes/aws_Vase_01_visual.DAE\n'}
[47.460937] (bumperbot_description) StdoutLine: {'line': b'-- Installing: /home/vboxuser/bumperbot_ws/install/bumperbot_description/share/bumperbot_description/models/aws_robomaker_residential_Vase_01/meshes/aws_Vase_01_collision.DAE\n'}
[47.461487] (bumperbot_description) StdoutLine: {'line': b'-- Installing: /home/vboxuser/bumperbot_ws/install/bumperbot_description/share/bumperbot_description/models/aws_robomaker_residential_Vase_01/model.config\n'}
[47.461944] (bumperbot_description) StdoutLine: {'line': b'-- Installing: /home/vboxuser/bumperbot_ws/install/bumperbot_description/share/bumperbot_description/models/aws_robomaker_residential_Vase_01/model.sdf\n'}
[47.462534] (bumperbot_description) StdoutLine: {'line': b'-- Installing: /home/vboxuser/bumperbot_ws/install/bumperbot_description/share/bumperbot_description/models/aws_robomaker_residential_KitchenCabinet_01\n'}
[47.462676] (bumperbot_description) StdoutLine: {'line': b'-- Installing: /home/vboxuser/bumperbot_ws/install/bumperbot_description/share/bumperbot_description/models/aws_robomaker_residential_KitchenCabinet_01/materials\n'}
[47.462807] (bumperbot_description) StdoutLine: {'line': b'-- Installing: /home/vboxuser/bumperbot_ws/install/bumperbot_description/share/bumperbot_description/models/aws_robomaker_residential_KitchenCabinet_01/materials/textures\n'}
[47.463060] (bumperbot_description) StdoutLine: {'line': b'-- Installing: /home/vboxuser/bumperbot_ws/install/bumperbot_description/share/bumperbot_description/models/aws_robomaker_residential_KitchenCabinet_01/materials/textures/aws_KitchenCabinet_01.png\n'}
[47.464139] (bumperbot_description) StdoutLine: {'line': b'-- Installing: /home/vboxuser/bumperbot_ws/install/bumperbot_description/share/bumperbot_description/models/aws_robomaker_residential_KitchenCabinet_01/meshes\n'}
[47.464285] (bumperbot_description) StdoutLine: {'line': b'-- Installing: /home/vboxuser/bumperbot_ws/install/bumperbot_description/share/bumperbot_description/models/aws_robomaker_residential_KitchenCabinet_01/meshes/aws_KitchenCabinet_01_visual.DAE\n'}
[47.466966] (bumperbot_description) StdoutLine: {'line': b'-- Installing: /home/vboxuser/bumperbot_ws/install/bumperbot_description/share/bumperbot_description/models/aws_robomaker_residential_KitchenCabinet_01/meshes/aws_KitchenCabinet_01_collision.DAE\n'}
[47.467521] (bumperbot_description) StdoutLine: {'line': b'-- Installing: /home/vboxuser/bumperbot_ws/install/bumperbot_description/share/bumperbot_description/models/aws_robomaker_residential_KitchenCabinet_01/model.config\n'}
[47.468093] (bumperbot_description) StdoutLine: {'line': b'-- Installing: /home/vboxuser/bumperbot_ws/install/bumperbot_description/share/bumperbot_description/models/aws_robomaker_residential_KitchenCabinet_01/model.sdf\n'}
[47.468813] (bumperbot_description) StdoutLine: {'line': b'-- Installing: /home/vboxuser/bumperbot_ws/install/bumperbot_description/share/bumperbot_description/models/aws_robomaker_residential_DeskPortraitD_04\n'}
[47.468918] (bumperbot_description) StdoutLine: {'line': b'-- Installing: /home/vboxuser/bumperbot_ws/install/bumperbot_description/share/bumperbot_description/models/aws_robomaker_residential_DeskPortraitD_04/materials\n'}
[47.468956] (bumperbot_description) StdoutLine: {'line': b'-- Installing: /home/vboxuser/bumperbot_ws/install/bumperbot_description/share/bumperbot_description/models/aws_robomaker_residential_DeskPortraitD_04/materials/textures\n'}
[47.468988] (bumperbot_description) StdoutLine: {'line': b'-- Installing: /home/vboxuser/bumperbot_ws/install/bumperbot_description/share/bumperbot_description/models/aws_robomaker_residential_DeskPortraitD_04/materials/textures/aws_DeskPortraitD_02.png\n'}
[47.471303] (bumperbot_description) StdoutLine: {'line': b'-- Installing: /home/vboxuser/bumperbot_ws/install/bumperbot_description/share/bumperbot_description/models/aws_robomaker_residential_DeskPortraitD_04/materials/textures/aws_DeskPortraitD_01.png\n'}
[47.471616] (bumperbot_description) StdoutLine: {'line': b'-- Installing: /home/vboxuser/bumperbot_ws/install/bumperbot_description/share/bumperbot_description/models/aws_robomaker_residential_DeskPortraitD_04/meshes\n'}
[47.471756] (bumperbot_description) StdoutLine: {'line': b'-- Installing: /home/vboxuser/bumperbot_ws/install/bumperbot_description/share/bumperbot_description/models/aws_robomaker_residential_DeskPortraitD_04/meshes/aws_DeskPortraitD_01_collision.DAE\n'}
[47.472241] (bumperbot_description) StdoutLine: {'line': b'-- Installing: /home/vboxuser/bumperbot_ws/install/bumperbot_description/share/bumperbot_description/models/aws_robomaker_residential_DeskPortraitD_04/meshes/aws_DeskPortraitD_01_visual.DAE\n'}
[47.472835] (bumperbot_description) StdoutLine: {'line': b'-- Installing: /home/vboxuser/bumperbot_ws/install/bumperbot_description/share/bumperbot_description/models/aws_robomaker_residential_DeskPortraitD_04/model.config\n'}
[47.473374] (bumperbot_description) StdoutLine: {'line': b'-- Installing: /home/vboxuser/bumperbot_ws/install/bumperbot_description/share/bumperbot_description/models/aws_robomaker_residential_DeskPortraitD_04/model.sdf\n'}
[47.473765] (bumperbot_description) StdoutLine: {'line': b'-- Installing: /home/vboxuser/bumperbot_ws/install/bumperbot_description/share/bumperbot_description/models/aws_robomaker_residential_Handle_01\n'}
[47.473906] (bumperbot_description) StdoutLine: {'line': b'-- Installing: /home/vboxuser/bumperbot_ws/install/bumperbot_description/share/bumperbot_description/models/aws_robomaker_residential_Handle_01/materials\n'}
[47.474035] (bumperbot_description) StdoutLine: {'line': b'-- Installing: /home/vboxuser/bumperbot_ws/install/bumperbot_description/share/bumperbot_description/models/aws_robomaker_residential_Handle_01/materials/textures\n'}
[47.474279] (bumperbot_description) StdoutLine: {'line': b'-- Installing: /home/vboxuser/bumperbot_ws/install/bumperbot_description/share/bumperbot_description/models/aws_robomaker_residential_Handle_01/materials/textures/aws_Handle_01.png\n'}
[47.475724] (bumperbot_description) StdoutLine: {'line': b'-- Installing: /home/vboxuser/bumperbot_ws/install/bumperbot_description/share/bumperbot_description/models/aws_robomaker_residential_Handle_01/meshes\n'}
[47.475885] (bumperbot_description) StdoutLine: {'line': b'-- Installing: /home/vboxuser/bumperbot_ws/install/bumperbot_description/share/bumperbot_description/models/aws_robomaker_residential_Handle_01/meshes/aws_Handle_01_visual.DAE\n'}
[47.477730] (bumperbot_description) StdoutLine: {'line': b'-- Installing: /home/vboxuser/bumperbot_ws/install/bumperbot_description/share/bumperbot_description/models/aws_robomaker_residential_Handle_01/meshes/aws_Handle_01_collision.DAE\n'}
[47.478377] (bumperbot_description) StdoutLine: {'line': b'-- Installing: /home/vboxuser/bumperbot_ws/install/bumperbot_description/share/bumperbot_description/models/aws_robomaker_residential_Handle_01/meshes/aws_ handle_01_collision.DAE\n'}
[47.479047] (bumperbot_description) StdoutLine: {'line': b'-- Installing: /home/vboxuser/bumperbot_ws/install/bumperbot_description/share/bumperbot_description/models/aws_robomaker_residential_Handle_01/model.config\n'}
[47.479592] (bumperbot_description) StdoutLine: {'line': b'-- Installing: /home/vboxuser/bumperbot_ws/install/bumperbot_description/share/bumperbot_description/models/aws_robomaker_residential_Handle_01/model.sdf\n'}
[47.480172] (bumperbot_description) StdoutLine: {'line': b'-- Installing: /home/vboxuser/bumperbot_ws/install/bumperbot_description/share/bumperbot_description/models/aws_robomaker_residential_ChairD_01\n'}
[47.480323] (bumperbot_description) StdoutLine: {'line': b'-- Installing: /home/vboxuser/bumperbot_ws/install/bumperbot_description/share/bumperbot_description/models/aws_robomaker_residential_ChairD_01/materials\n'}
[47.480494] (bumperbot_description) StdoutLine: {'line': b'-- Installing: /home/vboxuser/bumperbot_ws/install/bumperbot_description/share/bumperbot_description/models/aws_robomaker_residential_ChairD_01/materials/textures\n'}
[47.480669] (bumperbot_description) StdoutLine: {'line': b'-- Installing: /home/vboxuser/bumperbot_ws/install/bumperbot_description/share/bumperbot_description/models/aws_robomaker_residential_ChairD_01/materials/textures/aws_ChairD_01.png\n'}
[47.481089] (bumperbot_description) StdoutLine: {'line': b'-- Installing: /home/vboxuser/bumperbot_ws/install/bumperbot_description/share/bumperbot_description/models/aws_robomaker_residential_ChairD_01/meshes\n'}
[47.481260] (bumperbot_description) StdoutLine: {'line': b'-- Installing: /home/vboxuser/bumperbot_ws/install/bumperbot_description/share/bumperbot_description/models/aws_robomaker_residential_ChairD_01/meshes/aws_ChairD_01_collision.DAE\n'}
[47.481775] (bumperbot_description) StdoutLine: {'line': b'-- Installing: /home/vboxuser/bumperbot_ws/install/bumperbot_description/share/bumperbot_description/models/aws_robomaker_residential_ChairD_01/meshes/aws_ChairD_01_visual.DAE\n'}
[47.482785] (bumperbot_description) StdoutLine: {'line': b'-- Installing: /home/vboxuser/bumperbot_ws/install/bumperbot_description/share/bumperbot_description/models/aws_robomaker_residential_ChairD_01/model.config\n'}
[47.483224] (bumperbot_description) StdoutLine: {'line': b'-- Installing: /home/vboxuser/bumperbot_ws/install/bumperbot_description/share/bumperbot_description/models/aws_robomaker_residential_ChairD_01/model.sdf\n'}
[47.483734] (bumperbot_description) StdoutLine: {'line': b'-- Installing: /home/vboxuser/bumperbot_ws/install/bumperbot_description/share/bumperbot_description/models/aws_robomaker_residential_Quilt_01\n'}
[47.483883] (bumperbot_description) StdoutLine: {'line': b'-- Installing: /home/vboxuser/bumperbot_ws/install/bumperbot_description/share/bumperbot_description/models/aws_robomaker_residential_Quilt_01/materials\n'}
[47.484079] (bumperbot_description) StdoutLine: {'line': b'-- Installing: /home/vboxuser/bumperbot_ws/install/bumperbot_description/share/bumperbot_description/models/aws_robomaker_residential_Quilt_01/materials/textures\n'}
[47.484370] (bumperbot_description) StdoutLine: {'line': b'-- Installing: /home/vboxuser/bumperbot_ws/install/bumperbot_description/share/bumperbot_description/models/aws_robomaker_residential_Quilt_01/materials/textures/aws_Quilt_01.png\n'}
[47.486342] (bumperbot_description) StdoutLine: {'line': b'-- Installing: /home/vboxuser/bumperbot_ws/install/bumperbot_description/share/bumperbot_description/models/aws_robomaker_residential_Quilt_01/meshes\n'}
[47.486563] (bumperbot_description) StdoutLine: {'line': b'-- Installing: /home/vboxuser/bumperbot_ws/install/bumperbot_description/share/bumperbot_description/models/aws_robomaker_residential_Quilt_01/meshes/aws_Quilt_01_visual.DAE\n'}
[47.486628] (-) TimerEvent: {}
[47.491300] (bumperbot_description) StdoutLine: {'line': b'-- Installing: /home/vboxuser/bumperbot_ws/install/bumperbot_description/share/bumperbot_description/models/aws_robomaker_residential_Quilt_01/meshes/aws_Quilt_01_collision.DAE\n'}
[47.492336] (bumperbot_description) StdoutLine: {'line': b'-- Installing: /home/vboxuser/bumperbot_ws/install/bumperbot_description/share/bumperbot_description/models/aws_robomaker_residential_Quilt_01/model.config\n'}
[47.493026] (bumperbot_description) StdoutLine: {'line': b'-- Installing: /home/vboxuser/bumperbot_ws/install/bumperbot_description/share/bumperbot_description/models/aws_robomaker_residential_Quilt_01/model.sdf\n'}
[47.493508] (bumperbot_description) StdoutLine: {'line': b'-- Installing: /home/vboxuser/bumperbot_ws/install/bumperbot_description/share/bumperbot_description/models/aws_robomaker_residential_SofaC_01\n'}
[47.493671] (bumperbot_description) StdoutLine: {'line': b'-- Installing: /home/vboxuser/bumperbot_ws/install/bumperbot_description/share/bumperbot_description/models/aws_robomaker_residential_SofaC_01/materials\n'}
[47.493946] (bumperbot_description) StdoutLine: {'line': b'-- Installing: /home/vboxuser/bumperbot_ws/install/bumperbot_description/share/bumperbot_description/models/aws_robomaker_residential_SofaC_01/materials/textures\n'}
[47.494006] (bumperbot_description) StdoutLine: {'line': b'-- Installing: /home/vboxuser/bumperbot_ws/install/bumperbot_description/share/bumperbot_description/models/aws_robomaker_residential_SofaC_01/materials/textures/aws_SofaC_01.png\n'}
[47.494443] (bumperbot_description) StdoutLine: {'line': b'-- Installing: /home/vboxuser/bumperbot_ws/install/bumperbot_description/share/bumperbot_description/models/aws_robomaker_residential_SofaC_01/meshes\n'}
[47.500070] (bumperbot_description) StdoutLine: {'line': b'-- Installing: /home/vboxuser/bumperbot_ws/install/bumperbot_description/share/bumperbot_description/models/aws_robomaker_residential_SofaC_01/meshes/aws_SofaC_01_collision.DAE\n'}
[47.501139] (bumperbot_description) StdoutLine: {'line': b'-- Installing: /home/vboxuser/bumperbot_ws/install/bumperbot_description/share/bumperbot_description/models/aws_robomaker_residential_SofaC_01/meshes/aws_SofaC_01_visual.DAE\n'}
[47.512318] (bumperbot_description) StdoutLine: {'line': b'-- Installing: /home/vboxuser/bumperbot_ws/install/bumperbot_description/share/bumperbot_description/models/aws_robomaker_residential_SofaC_01/model.config\n'}
[47.512624] (bumperbot_description) StdoutLine: {'line': b'-- Installing: /home/vboxuser/bumperbot_ws/install/bumperbot_description/share/bumperbot_description/models/aws_robomaker_residential_SofaC_01/model.sdf\n'}
[47.513358] (bumperbot_description) StdoutLine: {'line': b'-- Installing: /home/vboxuser/bumperbot_ws/install/bumperbot_description/share/bumperbot_description/models/aws_robomaker_residential_Refrigerator_01\n'}
[47.513434] (bumperbot_description) StdoutLine: {'line': b'-- Installing: /home/vboxuser/bumperbot_ws/install/bumperbot_description/share/bumperbot_description/models/aws_robomaker_residential_Refrigerator_01/materials\n'}
[47.513469] (bumperbot_description) StdoutLine: {'line': b'-- Installing: /home/vboxuser/bumperbot_ws/install/bumperbot_description/share/bumperbot_description/models/aws_robomaker_residential_Refrigerator_01/materials/textures\n'}
[47.513499] (bumperbot_description) StdoutLine: {'line': b'-- Installing: /home/vboxuser/bumperbot_ws/install/bumperbot_description/share/bumperbot_description/models/aws_robomaker_residential_Refrigerator_01/materials/textures/aws_Refrigerator_01.png\n'}
[47.514319] (bumperbot_description) StdoutLine: {'line': b'-- Installing: /home/vboxuser/bumperbot_ws/install/bumperbot_description/share/bumperbot_description/models/aws_robomaker_residential_Refrigerator_01/materials/textures/aws_Refrigerator_02.png\n'}
[47.515590] (bumperbot_description) StdoutLine: {'line': b'-- Installing: /home/vboxuser/bumperbot_ws/install/bumperbot_description/share/bumperbot_description/models/aws_robomaker_residential_Refrigerator_01/meshes\n'}
[47.515735] (bumperbot_description) StdoutLine: {'line': b'-- Installing: /home/vboxuser/bumperbot_ws/install/bumperbot_description/share/bumperbot_description/models/aws_robomaker_residential_Refrigerator_01/meshes/aws_Refrigerator_01.DAE\n'}
[47.517112] (bumperbot_description) StdoutLine: {'line': b'-- Installing: /home/vboxuser/bumperbot_ws/install/bumperbot_description/share/bumperbot_description/models/aws_robomaker_residential_Refrigerator_01/meshes/aws_Refrigerator_01_visual.DAE\n'}
[47.518229] (bumperbot_description) StdoutLine: {'line': b'-- Installing: /home/vboxuser/bumperbot_ws/install/bumperbot_description/share/bumperbot_description/models/aws_robomaker_residential_Refrigerator_01/meshes/aws_Refrigerator_01_collision.DAE\n'}
[47.518731] (bumperbot_description) StdoutLine: {'line': b'-- Installing: /home/vboxuser/bumperbot_ws/install/bumperbot_description/share/bumperbot_description/models/aws_robomaker_residential_Refrigerator_01/model.config\n'}
[47.519280] (bumperbot_description) StdoutLine: {'line': b'-- Installing: /home/vboxuser/bumperbot_ws/install/bumperbot_description/share/bumperbot_description/models/aws_robomaker_residential_Refrigerator_01/model.sdf\n'}
[47.519673] (bumperbot_description) StdoutLine: {'line': b'-- Installing: /home/vboxuser/bumperbot_ws/install/bumperbot_description/share/bumperbot_description/models/aws_robomaker_warehouse_ClutteringD_01\n'}
[47.519800] (bumperbot_description) StdoutLine: {'line': b'-- Installing: /home/vboxuser/bumperbot_ws/install/bumperbot_description/share/bumperbot_description/models/aws_robomaker_warehouse_ClutteringD_01/materials\n'}
[47.519903] (bumperbot_description) StdoutLine: {'line': b'-- Installing: /home/vboxuser/bumperbot_ws/install/bumperbot_description/share/bumperbot_description/models/aws_robomaker_warehouse_ClutteringD_01/materials/textures\n'}
[47.520149] (bumperbot_description) StdoutLine: {'line': b'-- Installing: /home/vboxuser/bumperbot_ws/install/bumperbot_description/share/bumperbot_description/models/aws_robomaker_warehouse_ClutteringD_01/materials/textures/aws_robomaker_warehouse_ClutteringD_01.png\n'}
[47.521349] (bumperbot_description) StdoutLine: {'line': b'-- Installing: /home/vboxuser/bumperbot_ws/install/bumperbot_description/share/bumperbot_description/models/aws_robomaker_warehouse_ClutteringD_01/materials/textures/aws_robomaker_warehouse_ClutteringD_02.png\n'}
[47.522486] (bumperbot_description) StdoutLine: {'line': b'-- Installing: /home/vboxuser/bumperbot_ws/install/bumperbot_description/share/bumperbot_description/models/aws_robomaker_warehouse_ClutteringD_01/meshes\n'}
[47.522576] (bumperbot_description) StdoutLine: {'line': b'-- Installing: /home/vboxuser/bumperbot_ws/install/bumperbot_description/share/bumperbot_description/models/aws_robomaker_warehouse_ClutteringD_01/meshes/aws_robomaker_warehouse_ClutteringD_01_visual.DAE\n'}
[47.523566] (bumperbot_description) StdoutLine: {'line': b'-- Installing: /home/vboxuser/bumperbot_ws/install/bumperbot_description/share/bumperbot_description/models/aws_robomaker_warehouse_ClutteringD_01/meshes/aws_robomaker_warehouse_ClutteringD_01_collision.DAE\n'}
[47.523944] (bumperbot_description) StdoutLine: {'line': b'-- Installing: /home/vboxuser/bumperbot_ws/install/bumperbot_description/share/bumperbot_description/models/aws_robomaker_warehouse_ClutteringD_01/model.config\n'}
[47.524305] (bumperbot_description) StdoutLine: {'line': b'-- Installing: /home/vboxuser/bumperbot_ws/install/bumperbot_description/share/bumperbot_description/models/aws_robomaker_warehouse_ClutteringD_01/model.sdf\n'}
[47.524836] (bumperbot_description) StdoutLine: {'line': b'-- Installing: /home/vboxuser/bumperbot_ws/install/bumperbot_description/share/bumperbot_description/models/aws_robomaker_residential_DeskPortraitA_02\n'}
[47.524972] (bumperbot_description) StdoutLine: {'line': b'-- Installing: /home/vboxuser/bumperbot_ws/install/bumperbot_description/share/bumperbot_description/models/aws_robomaker_residential_DeskPortraitA_02/materials\n'}
[47.525124] (bumperbot_description) StdoutLine: {'line': b'-- Installing: /home/vboxuser/bumperbot_ws/install/bumperbot_description/share/bumperbot_description/models/aws_robomaker_residential_DeskPortraitA_02/materials/textures\n'}
[47.525371] (bumperbot_description) StdoutLine: {'line': b'-- Installing: /home/vboxuser/bumperbot_ws/install/bumperbot_description/share/bumperbot_description/models/aws_robomaker_residential_DeskPortraitA_02/materials/textures/aws_DeskPortraitA_01.png\n'}
[47.525760] (bumperbot_description) StdoutLine: {'line': b'-- Installing: /home/vboxuser/bumperbot_ws/install/bumperbot_description/share/bumperbot_description/models/aws_robomaker_residential_DeskPortraitA_02/materials/textures/aws_DeskPortraitA_02.png\n'}
[47.527590] (bumperbot_description) StdoutLine: {'line': b'-- Installing: /home/vboxuser/bumperbot_ws/install/bumperbot_description/share/bumperbot_description/models/aws_robomaker_residential_DeskPortraitA_02/meshes\n'}
[47.527746] (bumperbot_description) StdoutLine: {'line': b'-- Installing: /home/vboxuser/bumperbot_ws/install/bumperbot_description/share/bumperbot_description/models/aws_robomaker_residential_DeskPortraitA_02/meshes/aws_DeskPortraitA_01_collision.DAE\n'}
[47.528301] (bumperbot_description) StdoutLine: {'line': b'-- Installing: /home/vboxuser/bumperbot_ws/install/bumperbot_description/share/bumperbot_description/models/aws_robomaker_residential_DeskPortraitA_02/meshes/aws_DeskPortraitA_01_visual.DAE\n'}
[47.529265] (bumperbot_description) StdoutLine: {'line': b'-- Installing: /home/vboxuser/bumperbot_ws/install/bumperbot_description/share/bumperbot_description/models/aws_robomaker_residential_DeskPortraitA_02/model.config\n'}
[47.529729] (bumperbot_description) StdoutLine: {'line': b'-- Installing: /home/vboxuser/bumperbot_ws/install/bumperbot_description/share/bumperbot_description/models/aws_robomaker_residential_DeskPortraitA_02/model.sdf\n'}
[47.530217] (bumperbot_description) StdoutLine: {'line': b'-- Installing: /home/vboxuser/bumperbot_ws/install/bumperbot_description/share/bumperbot_description/models/aws_robomaker_residential_Carpet_01\n'}
[47.530366] (bumperbot_description) StdoutLine: {'line': b'-- Installing: /home/vboxuser/bumperbot_ws/install/bumperbot_description/share/bumperbot_description/models/aws_robomaker_residential_Carpet_01/materials\n'}
[47.530498] (bumperbot_description) StdoutLine: {'line': b'-- Installing: /home/vboxuser/bumperbot_ws/install/bumperbot_description/share/bumperbot_description/models/aws_robomaker_residential_Carpet_01/materials/textures\n'}
[47.530818] (bumperbot_description) StdoutLine: {'line': b'-- Installing: /home/vboxuser/bumperbot_ws/install/bumperbot_description/share/bumperbot_description/models/aws_robomaker_residential_Carpet_01/materials/textures/aws_Carpet_01.png\n'}
[47.536184] (bumperbot_description) StdoutLine: {'line': b'-- Installing: /home/vboxuser/bumperbot_ws/install/bumperbot_description/share/bumperbot_description/models/aws_robomaker_residential_Carpet_01/meshes\n'}
[47.536507] (bumperbot_description) StdoutLine: {'line': b'-- Installing: /home/vboxuser/bumperbot_ws/install/bumperbot_description/share/bumperbot_description/models/aws_robomaker_residential_Carpet_01/meshes/aws_Carpet_01_visual.DAE\n'}
[47.537144] (bumperbot_description) StdoutLine: {'line': b'-- Installing: /home/vboxuser/bumperbot_ws/install/bumperbot_description/share/bumperbot_description/models/aws_robomaker_residential_Carpet_01/meshes/aws_Carpet_01_collision.DAE\n'}
[47.537551] (bumperbot_description) StdoutLine: {'line': b'-- Installing: /home/vboxuser/bumperbot_ws/install/bumperbot_description/share/bumperbot_description/models/aws_robomaker_residential_Carpet_01/model.config\n'}
[47.537998] (bumperbot_description) StdoutLine: {'line': b'-- Installing: /home/vboxuser/bumperbot_ws/install/bumperbot_description/share/bumperbot_description/models/aws_robomaker_residential_Carpet_01/model.sdf\n'}
[47.538513] (bumperbot_description) StdoutLine: {'line': b'-- Installing: /home/vboxuser/bumperbot_ws/install/bumperbot_description/share/bumperbot_description/models/aws_robomaker_residential_ReadingDesk_01\n'}
[47.538692] (bumperbot_description) StdoutLine: {'line': b'-- Installing: /home/vboxuser/bumperbot_ws/install/bumperbot_description/share/bumperbot_description/models/aws_robomaker_residential_ReadingDesk_01/materials\n'}
[47.538828] (bumperbot_description) StdoutLine: {'line': b'-- Installing: /home/vboxuser/bumperbot_ws/install/bumperbot_description/share/bumperbot_description/models/aws_robomaker_residential_ReadingDesk_01/materials/textures\n'}
[47.538955] (bumperbot_description) StdoutLine: {'line': b'-- Installing: /home/vboxuser/bumperbot_ws/install/bumperbot_description/share/bumperbot_description/models/aws_robomaker_residential_ReadingDesk_01/materials/textures/aws_ReadingDesk_01.png\n'}
[47.540795] (bumperbot_description) StdoutLine: {'line': b'-- Installing: /home/vboxuser/bumperbot_ws/install/bumperbot_description/share/bumperbot_description/models/aws_robomaker_residential_ReadingDesk_01/meshes\n'}
[47.540968] (bumperbot_description) StdoutLine: {'line': b'-- Installing: /home/vboxuser/bumperbot_ws/install/bumperbot_description/share/bumperbot_description/models/aws_robomaker_residential_ReadingDesk_01/meshes/aws_ReadingDesk_01_collision.DAE\n'}
[47.541716] (bumperbot_description) StdoutLine: {'line': b'-- Installing: /home/vboxuser/bumperbot_ws/install/bumperbot_description/share/bumperbot_description/models/aws_robomaker_residential_ReadingDesk_01/meshes/aws_ReadingDesk_01_visual.DAE\n'}
[47.542513] (bumperbot_description) StdoutLine: {'line': b'-- Installing: /home/vboxuser/bumperbot_ws/install/bumperbot_description/share/bumperbot_description/models/aws_robomaker_residential_ReadingDesk_01/model.config\n'}
[47.543200] (bumperbot_description) StdoutLine: {'line': b'-- Installing: /home/vboxuser/bumperbot_ws/install/bumperbot_description/share/bumperbot_description/models/aws_robomaker_residential_ReadingDesk_01/model.sdf\n'}
[47.543683] (bumperbot_description) StdoutLine: {'line': b'-- Installing: /home/vboxuser/bumperbot_ws/install/bumperbot_description/share/bumperbot_description/models/aws_robomaker_residential_Tableware_01\n'}
[47.543743] (bumperbot_description) StdoutLine: {'line': b'-- Installing: /home/vboxuser/bumperbot_ws/install/bumperbot_description/share/bumperbot_description/models/aws_robomaker_residential_Tableware_01/materials\n'}
[47.543775] (bumperbot_description) StdoutLine: {'line': b'-- Installing: /home/vboxuser/bumperbot_ws/install/bumperbot_description/share/bumperbot_description/models/aws_robomaker_residential_Tableware_01/materials/textures\n'}
[47.544012] (bumperbot_description) StdoutLine: {'line': b'-- Installing: /home/vboxuser/bumperbot_ws/install/bumperbot_description/share/bumperbot_description/models/aws_robomaker_residential_Tableware_01/materials/textures/aws_Tableware_01.png\n'}
[47.544595] (bumperbot_description) StdoutLine: {'line': b'-- Installing: /home/vboxuser/bumperbot_ws/install/bumperbot_description/share/bumperbot_description/models/aws_robomaker_residential_Tableware_01/meshes\n'}
[47.544740] (bumperbot_description) StdoutLine: {'line': b'-- Installing: /home/vboxuser/bumperbot_ws/install/bumperbot_description/share/bumperbot_description/models/aws_robomaker_residential_Tableware_01/meshes/aws_Tableware_01_visual.DAE\n'}
[47.547629] (bumperbot_description) StdoutLine: {'line': b'-- Installing: /home/vboxuser/bumperbot_ws/install/bumperbot_description/share/bumperbot_description/models/aws_robomaker_residential_Tableware_01/meshes/aws_Tableware_01_collision.DAE\n'}
[47.548201] (bumperbot_description) StdoutLine: {'line': b'-- Installing: /home/vboxuser/bumperbot_ws/install/bumperbot_description/share/bumperbot_description/models/aws_robomaker_residential_Tableware_01/model.config\n'}
[47.548706] (bumperbot_description) StdoutLine: {'line': b'-- Installing: /home/vboxuser/bumperbot_ws/install/bumperbot_description/share/bumperbot_description/models/aws_robomaker_residential_Tableware_01/model.sdf\n'}
[47.549558] (bumperbot_description) StdoutLine: {'line': b'-- Installing: /home/vboxuser/bumperbot_ws/install/bumperbot_description/share/bumperbot_description/models/aws_robomaker_residential_PortraitE_01\n'}
[47.549726] (bumperbot_description) StdoutLine: {'line': b'-- Installing: /home/vboxuser/bumperbot_ws/install/bumperbot_description/share/bumperbot_description/models/aws_robomaker_residential_PortraitE_01/materials\n'}
[47.549883] (bumperbot_description) StdoutLine: {'line': b'-- Installing: /home/vboxuser/bumperbot_ws/install/bumperbot_description/share/bumperbot_description/models/aws_robomaker_residential_PortraitE_01/materials/textures\n'}
[47.550132] (bumperbot_description) StdoutLine: {'line': b'-- Installing: /home/vboxuser/bumperbot_ws/install/bumperbot_description/share/bumperbot_description/models/aws_robomaker_residential_PortraitE_01/materials/textures/aws_PortraitE_02.png\n'}
[47.552107] (bumperbot_description) StdoutLine: {'line': b'-- Installing: /home/vboxuser/bumperbot_ws/install/bumperbot_description/share/bumperbot_description/models/aws_robomaker_residential_PortraitE_01/materials/textures/aws_PortraitE_01.png\n'}
[47.552666] (bumperbot_description) StdoutLine: {'line': b'-- Installing: /home/vboxuser/bumperbot_ws/install/bumperbot_description/share/bumperbot_description/models/aws_robomaker_residential_PortraitE_01/meshes\n'}
[47.552822] (bumperbot_description) StdoutLine: {'line': b'-- Installing: /home/vboxuser/bumperbot_ws/install/bumperbot_description/share/bumperbot_description/models/aws_robomaker_residential_PortraitE_01/meshes/aws_PortraitE_01_visual.DAE\n'}
[47.553424] (bumperbot_description) StdoutLine: {'line': b'-- Installing: /home/vboxuser/bumperbot_ws/install/bumperbot_description/share/bumperbot_description/models/aws_robomaker_residential_PortraitE_01/meshes/aws_PortraitE_01_collision.DAE\n'}
[47.553997] (bumperbot_description) StdoutLine: {'line': b'-- Installing: /home/vboxuser/bumperbot_ws/install/bumperbot_description/share/bumperbot_description/models/aws_robomaker_residential_PortraitE_01/model.config\n'}
[47.554525] (bumperbot_description) StdoutLine: {'line': b'-- Installing: /home/vboxuser/bumperbot_ws/install/bumperbot_description/share/bumperbot_description/models/aws_robomaker_residential_PortraitE_01/model.sdf\n'}
[47.555129] (bumperbot_description) StdoutLine: {'line': b'-- Installing: /home/vboxuser/bumperbot_ws/install/bumperbot_description/share/bumperbot_description/models/aws_robomaker_residential_TVCabinet_01\n'}
[47.555356] (bumperbot_description) StdoutLine: {'line': b'-- Installing: /home/vboxuser/bumperbot_ws/install/bumperbot_description/share/bumperbot_description/models/aws_robomaker_residential_TVCabinet_01/materials\n'}
[47.555496] (bumperbot_description) StdoutLine: {'line': b'-- Installing: /home/vboxuser/bumperbot_ws/install/bumperbot_description/share/bumperbot_description/models/aws_robomaker_residential_TVCabinet_01/materials/textures\n'}
[47.555670] (bumperbot_description) StdoutLine: {'line': b'-- Installing: /home/vboxuser/bumperbot_ws/install/bumperbot_description/share/bumperbot_description/models/aws_robomaker_residential_TVCabinet_01/materials/textures/aws_TVCabinet_01.png\n'}
[47.557227] (bumperbot_description) StdoutLine: {'line': b'-- Installing: /home/vboxuser/bumperbot_ws/install/bumperbot_description/share/bumperbot_description/models/aws_robomaker_residential_TVCabinet_01/meshes\n'}
[47.557403] (bumperbot_description) StdoutLine: {'line': b'-- Installing: /home/vboxuser/bumperbot_ws/install/bumperbot_description/share/bumperbot_description/models/aws_robomaker_residential_TVCabinet_01/meshes/aws_TVCabinet_01_visual.DAE\n'}
[47.557880] (bumperbot_description) StdoutLine: {'line': b'-- Installing: /home/vboxuser/bumperbot_ws/install/bumperbot_description/share/bumperbot_description/models/aws_robomaker_residential_TVCabinet_01/meshes/aws_TVCabinet_01_collision.DAE\n'}
[47.558477] (bumperbot_description) StdoutLine: {'line': b'-- Installing: /home/vboxuser/bumperbot_ws/install/bumperbot_description/share/bumperbot_description/models/aws_robomaker_residential_TVCabinet_01/model.config\n'}
[47.559168] (bumperbot_description) StdoutLine: {'line': b'-- Installing: /home/vboxuser/bumperbot_ws/install/bumperbot_description/share/bumperbot_description/models/aws_robomaker_residential_TVCabinet_01/model.sdf\n'}
[47.559776] (bumperbot_description) StdoutLine: {'line': b'-- Installing: /home/vboxuser/bumperbot_ws/install/bumperbot_description/share/bumperbot_description/models/aws_robomaker_residential_PortraitC_01\n'}
[47.559921] (bumperbot_description) StdoutLine: {'line': b'-- Installing: /home/vboxuser/bumperbot_ws/install/bumperbot_description/share/bumperbot_description/models/aws_robomaker_residential_PortraitC_01/materials\n'}
[47.560099] (bumperbot_description) StdoutLine: {'line': b'-- Installing: /home/vboxuser/bumperbot_ws/install/bumperbot_description/share/bumperbot_description/models/aws_robomaker_residential_PortraitC_01/materials/textures\n'}
[47.560355] (bumperbot_description) StdoutLine: {'line': b'-- Installing: /home/vboxuser/bumperbot_ws/install/bumperbot_description/share/bumperbot_description/models/aws_robomaker_residential_PortraitC_01/materials/textures/aws_PortraitC_01.png\n'}
[47.560740] (bumperbot_description) StdoutLine: {'line': b'-- Installing: /home/vboxuser/bumperbot_ws/install/bumperbot_description/share/bumperbot_description/models/aws_robomaker_residential_PortraitC_01/materials/textures/aws_PortraitC_02.png\n'}
[47.562487] (bumperbot_description) StdoutLine: {'line': b'-- Installing: /home/vboxuser/bumperbot_ws/install/bumperbot_description/share/bumperbot_description/models/aws_robomaker_residential_PortraitC_01/meshes\n'}
[47.562653] (bumperbot_description) StdoutLine: {'line': b'-- Installing: /home/vboxuser/bumperbot_ws/install/bumperbot_description/share/bumperbot_description/models/aws_robomaker_residential_PortraitC_01/meshes/aws_PortraitC_01_visual.DAE\n'}
[47.563180] (bumperbot_description) StdoutLine: {'line': b'-- Installing: /home/vboxuser/bumperbot_ws/install/bumperbot_description/share/bumperbot_description/models/aws_robomaker_residential_PortraitC_01/meshes/aws_PortraitC_01_collision.DAE\n'}
[47.563832] (bumperbot_description) StdoutLine: {'line': b'-- Installing: /home/vboxuser/bumperbot_ws/install/bumperbot_description/share/bumperbot_description/models/aws_robomaker_residential_PortraitC_01/model.config\n'}
[47.564270] (bumperbot_description) StdoutLine: {'line': b'-- Installing: /home/vboxuser/bumperbot_ws/install/bumperbot_description/share/bumperbot_description/models/aws_robomaker_residential_PortraitC_01/model.sdf\n'}
[47.564579] (bumperbot_description) StdoutLine: {'line': b'-- Installing: /home/vboxuser/bumperbot_ws/install/bumperbot_description/share/bumperbot_description/models/aws_robomaker_residential_AirconditionerB_01\n'}
[47.564728] (bumperbot_description) StdoutLine: {'line': b'-- Installing: /home/vboxuser/bumperbot_ws/install/bumperbot_description/share/bumperbot_description/models/aws_robomaker_residential_AirconditionerB_01/materials\n'}
[47.564855] (bumperbot_description) StdoutLine: {'line': b'-- Installing: /home/vboxuser/bumperbot_ws/install/bumperbot_description/share/bumperbot_description/models/aws_robomaker_residential_AirconditionerB_01/materials/textures\n'}
[47.565153] (bumperbot_description) StdoutLine: {'line': b'-- Installing: /home/vboxuser/bumperbot_ws/install/bumperbot_description/share/bumperbot_description/models/aws_robomaker_residential_AirconditionerB_01/materials/textures/aws_AirconditionerB_01.png\n'}
[47.566537] (bumperbot_description) StdoutLine: {'line': b'-- Installing: /home/vboxuser/bumperbot_ws/install/bumperbot_description/share/bumperbot_description/models/aws_robomaker_residential_AirconditionerB_01/meshes\n'}
[47.566601] (bumperbot_description) StdoutLine: {'line': b'-- Installing: /home/vboxuser/bumperbot_ws/install/bumperbot_description/share/bumperbot_description/models/aws_robomaker_residential_AirconditionerB_01/meshes/aws_AirconditionerB_01_collision.DAE\n'}
[47.570205] (bumperbot_description) StdoutLine: {'line': b'-- Installing: /home/vboxuser/bumperbot_ws/install/bumperbot_description/share/bumperbot_description/models/aws_robomaker_residential_AirconditionerB_01/meshes/aws_AirconditionerB_01_visual.DAE\n'}
[47.570695] (bumperbot_description) StdoutLine: {'line': b'-- Installing: /home/vboxuser/bumperbot_ws/install/bumperbot_description/share/bumperbot_description/models/aws_robomaker_residential_AirconditionerB_01/model.config\n'}
[47.572127] (bumperbot_description) StdoutLine: {'line': b'-- Installing: /home/vboxuser/bumperbot_ws/install/bumperbot_description/share/bumperbot_description/models/aws_robomaker_residential_AirconditionerB_01/model.sdf\n'}
[47.572850] (bumperbot_description) StdoutLine: {'line': b'-- Installing: /home/vboxuser/bumperbot_ws/install/bumperbot_description/share/bumperbot_description/models/aws_robomaker_residential_Sofa_01\n'}
[47.572917] (bumperbot_description) StdoutLine: {'line': b'-- Installing: /home/vboxuser/bumperbot_ws/install/bumperbot_description/share/bumperbot_description/models/aws_robomaker_residential_Sofa_01/materials\n'}
[47.576237] (bumperbot_description) StdoutLine: {'line': b'-- Installing: /home/vboxuser/bumperbot_ws/install/bumperbot_description/share/bumperbot_description/models/aws_robomaker_residential_Sofa_01/materials/textures\n'}
[47.576280] (bumperbot_description) StdoutLine: {'line': b'-- Installing: /home/vboxuser/bumperbot_ws/install/bumperbot_description/share/bumperbot_description/models/aws_robomaker_residential_Sofa_01/materials/textures/aws_Sofa_01.png\n'}
[47.576446] (bumperbot_description) StdoutLine: {'line': b'-- Installing: /home/vboxuser/bumperbot_ws/install/bumperbot_description/share/bumperbot_description/models/aws_robomaker_residential_Sofa_01/meshes\n'}
[47.576498] (bumperbot_description) StdoutLine: {'line': b'-- Installing: /home/vboxuser/bumperbot_ws/install/bumperbot_description/share/bumperbot_description/models/aws_robomaker_residential_Sofa_01/meshes/aws_Sofa_01_collision.DAE\n'}
[47.577229] (bumperbot_description) StdoutLine: {'line': b'-- Installing: /home/vboxuser/bumperbot_ws/install/bumperbot_description/share/bumperbot_description/models/aws_robomaker_residential_Sofa_01/meshes/aws_Sofa_01.DAE\n'}
[47.582169] (bumperbot_description) StdoutLine: {'line': b'-- Installing: /home/vboxuser/bumperbot_ws/install/bumperbot_description/share/bumperbot_description/models/aws_robomaker_residential_Sofa_01/meshes/aws_Sofa_01_visual.DAE\n'}
[47.584046] (bumperbot_description) StdoutLine: {'line': b'-- Installing: /home/vboxuser/bumperbot_ws/install/bumperbot_description/share/bumperbot_description/models/aws_robomaker_residential_Sofa_01/model.config\n'}
[47.585565] (bumperbot_description) StdoutLine: {'line': b'-- Installing: /home/vboxuser/bumperbot_ws/install/bumperbot_description/share/bumperbot_description/models/aws_robomaker_residential_Sofa_01/model.sdf\n'}
[47.588002] (-) TimerEvent: {}
[47.588273] (bumperbot_description) StdoutLine: {'line': b'-- Installing: /home/vboxuser/bumperbot_ws/install/bumperbot_description/share/bumperbot_description/models/aws_robomaker_warehouse_RoofB_01\n'}
[47.588373] (bumperbot_description) StdoutLine: {'line': b'-- Installing: /home/vboxuser/bumperbot_ws/install/bumperbot_description/share/bumperbot_description/models/aws_robomaker_warehouse_RoofB_01/materials\n'}
[47.588410] (bumperbot_description) StdoutLine: {'line': b'-- Installing: /home/vboxuser/bumperbot_ws/install/bumperbot_description/share/bumperbot_description/models/aws_robomaker_warehouse_RoofB_01/materials/textures\n'}
[47.588441] (bumperbot_description) StdoutLine: {'line': b'-- Installing: /home/vboxuser/bumperbot_ws/install/bumperbot_description/share/bumperbot_description/models/aws_robomaker_warehouse_RoofB_01/materials/textures/aws_robomaker_warehouse_RoofB_01.png\n'}
[47.607813] (bumperbot_description) StdoutLine: {'line': b'-- Installing: /home/vboxuser/bumperbot_ws/install/bumperbot_description/share/bumperbot_description/models/aws_robomaker_warehouse_RoofB_01/meshes\n'}
[47.608151] (bumperbot_description) StdoutLine: {'line': b'-- Installing: /home/vboxuser/bumperbot_ws/install/bumperbot_description/share/bumperbot_description/models/aws_robomaker_warehouse_RoofB_01/meshes/aws_robomaker_warehouse_RoofB_01_visual.DAE\n'}
[47.608192] (bumperbot_description) StdoutLine: {'line': b'-- Installing: /home/vboxuser/bumperbot_ws/install/bumperbot_description/share/bumperbot_description/models/aws_robomaker_warehouse_RoofB_01/meshes/aws_robomaker_warehouse_RoofB_01_collision.DAE\n'}
[47.608223] (bumperbot_description) StdoutLine: {'line': b'-- Installing: /home/vboxuser/bumperbot_ws/install/bumperbot_description/share/bumperbot_description/models/aws_robomaker_warehouse_RoofB_01/model.config\n'}
[47.608251] (bumperbot_description) StdoutLine: {'line': b'-- Installing: /home/vboxuser/bumperbot_ws/install/bumperbot_description/share/bumperbot_description/models/aws_robomaker_warehouse_RoofB_01/model.sdf\n'}
[47.608561] (bumperbot_description) StdoutLine: {'line': b'-- Installing: /home/vboxuser/bumperbot_ws/install/bumperbot_description/share/bumperbot_description/models/aws_robomaker_residential_PortraitB_03\n'}
[47.608630] (bumperbot_description) StdoutLine: {'line': b'-- Installing: /home/vboxuser/bumperbot_ws/install/bumperbot_description/share/bumperbot_description/models/aws_robomaker_residential_PortraitB_03/materials\n'}
[47.609072] (bumperbot_description) StdoutLine: {'line': b'-- Installing: /home/vboxuser/bumperbot_ws/install/bumperbot_description/share/bumperbot_description/models/aws_robomaker_residential_PortraitB_03/materials/textures\n'}
[47.609135] (bumperbot_description) StdoutLine: {'line': b'-- Installing: /home/vboxuser/bumperbot_ws/install/bumperbot_description/share/bumperbot_description/models/aws_robomaker_residential_PortraitB_03/materials/textures/aws_PortraitB_02.png\n'}
[47.614219] (bumperbot_description) StdoutLine: {'line': b'-- Installing: /home/vboxuser/bumperbot_ws/install/bumperbot_description/share/bumperbot_description/models/aws_robomaker_residential_PortraitB_03/materials/textures/aws_PortraitB_01.png\n'}
[47.615099] (bumperbot_description) StdoutLine: {'line': b'-- Installing: /home/vboxuser/bumperbot_ws/install/bumperbot_description/share/bumperbot_description/models/aws_robomaker_residential_PortraitB_03/meshes\n'}
[47.615167] (bumperbot_description) StdoutLine: {'line': b'-- Installing: /home/vboxuser/bumperbot_ws/install/bumperbot_description/share/bumperbot_description/models/aws_robomaker_residential_PortraitB_03/meshes/aws_PortraitB_01_collision.DAE\n'}
[47.615200] (bumperbot_description) StdoutLine: {'line': b'-- Installing: /home/vboxuser/bumperbot_ws/install/bumperbot_description/share/bumperbot_description/models/aws_robomaker_residential_PortraitB_03/meshes/aws_PortraitB_01_visual.DAE\n'}
[47.616022] (bumperbot_description) StdoutLine: {'line': b'-- Installing: /home/vboxuser/bumperbot_ws/install/bumperbot_description/share/bumperbot_description/models/aws_robomaker_residential_PortraitB_03/model.config\n'}
[47.621229] (bumperbot_description) StdoutLine: {'line': b'-- Installing: /home/vboxuser/bumperbot_ws/install/bumperbot_description/share/bumperbot_description/models/aws_robomaker_residential_PortraitB_03/model.sdf\n'}
[47.622382] (bumperbot_description) StdoutLine: {'line': b'-- Installing: /home/vboxuser/bumperbot_ws/install/bumperbot_description/share/bumperbot_description/models/aws_robomaker_warehouse_PalletJackB_01\n'}
[47.622450] (bumperbot_description) StdoutLine: {'line': b'-- Installing: /home/vboxuser/bumperbot_ws/install/bumperbot_description/share/bumperbot_description/models/aws_robomaker_warehouse_PalletJackB_01/materials\n'}
[47.622722] (bumperbot_description) StdoutLine: {'line': b'-- Installing: /home/vboxuser/bumperbot_ws/install/bumperbot_description/share/bumperbot_description/models/aws_robomaker_warehouse_PalletJackB_01/materials/textures\n'}
[47.622757] (bumperbot_description) StdoutLine: {'line': b'-- Installing: /home/vboxuser/bumperbot_ws/install/bumperbot_description/share/bumperbot_description/models/aws_robomaker_warehouse_PalletJackB_01/materials/textures/aws_robomaker_warehouse_PalletJackB_01.png\n'}
[47.623709] (bumperbot_description) StdoutLine: {'line': b'-- Installing: /home/vboxuser/bumperbot_ws/install/bumperbot_description/share/bumperbot_description/models/aws_robomaker_warehouse_PalletJackB_01/materials/textures/aws_robomaker_warehouse_PalletJackB_02.png\n'}
[47.624402] (bumperbot_description) StdoutLine: {'line': b'-- Installing: /home/vboxuser/bumperbot_ws/install/bumperbot_description/share/bumperbot_description/models/aws_robomaker_warehouse_PalletJackB_01/materials/.DS_Store\n'}
[47.625187] (bumperbot_description) StdoutLine: {'line': b'-- Installing: /home/vboxuser/bumperbot_ws/install/bumperbot_description/share/bumperbot_description/models/aws_robomaker_warehouse_PalletJackB_01/meshes\n'}
[47.625324] (bumperbot_description) StdoutLine: {'line': b'-- Installing: /home/vboxuser/bumperbot_ws/install/bumperbot_description/share/bumperbot_description/models/aws_robomaker_warehouse_PalletJackB_01/meshes/aws_robomaker_warehouse_PalletJackB_01_collision.DAE\n'}
[47.626336] (bumperbot_description) StdoutLine: {'line': b'-- Installing: /home/vboxuser/bumperbot_ws/install/bumperbot_description/share/bumperbot_description/models/aws_robomaker_warehouse_PalletJackB_01/meshes/aws_robomaker_warehouse_PalletJackB_01_visual.DAE\n'}
[47.629112] (bumperbot_description) StdoutLine: {'line': b'-- Installing: /home/vboxuser/bumperbot_ws/install/bumperbot_description/share/bumperbot_description/models/aws_robomaker_warehouse_PalletJackB_01/model.config\n'}
[47.630102] (bumperbot_description) StdoutLine: {'line': b'-- Installing: /home/vboxuser/bumperbot_ws/install/bumperbot_description/share/bumperbot_description/models/aws_robomaker_warehouse_PalletJackB_01/.DS_Store\n'}
[47.630336] (bumperbot_description) StdoutLine: {'line': b'-- Installing: /home/vboxuser/bumperbot_ws/install/bumperbot_description/share/bumperbot_description/models/aws_robomaker_warehouse_PalletJackB_01/model.sdf\n'}
[47.630645] (bumperbot_description) StdoutLine: {'line': b'-- Installing: /home/vboxuser/bumperbot_ws/install/bumperbot_description/share/bumperbot_description/models/aws_robomaker_residential_PortraitD_01\n'}
[47.631001] (bumperbot_description) StdoutLine: {'line': b'-- Installing: /home/vboxuser/bumperbot_ws/install/bumperbot_description/share/bumperbot_description/models/aws_robomaker_residential_PortraitD_01/materials\n'}
[47.631271] (bumperbot_description) StdoutLine: {'line': b'-- Installing: /home/vboxuser/bumperbot_ws/install/bumperbot_description/share/bumperbot_description/models/aws_robomaker_residential_PortraitD_01/materials/textures\n'}
[47.631579] (bumperbot_description) StdoutLine: {'line': b'-- Installing: /home/vboxuser/bumperbot_ws/install/bumperbot_description/share/bumperbot_description/models/aws_robomaker_residential_PortraitD_01/materials/textures/aws_PortraitD_01.png\n'}
[47.634082] (bumperbot_description) StdoutLine: {'line': b'-- Installing: /home/vboxuser/bumperbot_ws/install/bumperbot_description/share/bumperbot_description/models/aws_robomaker_residential_PortraitD_01/materials/textures/aws_PortraitD_02.png\n'}
[47.637910] (bumperbot_description) StdoutLine: {'line': b'-- Installing: /home/vboxuser/bumperbot_ws/install/bumperbot_description/share/bumperbot_description/models/aws_robomaker_residential_PortraitD_01/meshes\n'}
[47.638007] (bumperbot_description) StdoutLine: {'line': b'-- Installing: /home/vboxuser/bumperbot_ws/install/bumperbot_description/share/bumperbot_description/models/aws_robomaker_residential_PortraitD_01/meshes/aws_PortraitD_01_visual.DAE\n'}
[47.638605] (bumperbot_description) StdoutLine: {'line': b'-- Installing: /home/vboxuser/bumperbot_ws/install/bumperbot_description/share/bumperbot_description/models/aws_robomaker_residential_PortraitD_01/meshes/aws_PortraitD_01_collision.DAE\n'}
[47.639171] (bumperbot_description) StdoutLine: {'line': b'-- Installing: /home/vboxuser/bumperbot_ws/install/bumperbot_description/share/bumperbot_description/models/aws_robomaker_residential_PortraitD_01/model.config\n'}
[47.640002] (bumperbot_description) StdoutLine: {'line': b'-- Installing: /home/vboxuser/bumperbot_ws/install/bumperbot_description/share/bumperbot_description/models/aws_robomaker_residential_PortraitD_01/model.sdf\n'}
[47.640524] (bumperbot_description) StdoutLine: {'line': b'-- Installing: /home/vboxuser/bumperbot_ws/install/bumperbot_description/share/bumperbot_description/models/aws_robomaker_residential_TV_02\n'}
[47.640646] (bumperbot_description) StdoutLine: {'line': b'-- Installing: /home/vboxuser/bumperbot_ws/install/bumperbot_description/share/bumperbot_description/models/aws_robomaker_residential_TV_02/materials\n'}
[47.640742] (bumperbot_description) StdoutLine: {'line': b'-- Installing: /home/vboxuser/bumperbot_ws/install/bumperbot_description/share/bumperbot_description/models/aws_robomaker_residential_TV_02/materials/textures\n'}
[47.640833] (bumperbot_description) StdoutLine: {'line': b'-- Installing: /home/vboxuser/bumperbot_ws/install/bumperbot_description/share/bumperbot_description/models/aws_robomaker_residential_TV_02/materials/textures/aws_TV_01.png\n'}
[47.642539] (bumperbot_description) StdoutLine: {'line': b'-- Installing: /home/vboxuser/bumperbot_ws/install/bumperbot_description/share/bumperbot_description/models/aws_robomaker_residential_TV_02/meshes\n'}
[47.642711] (bumperbot_description) StdoutLine: {'line': b'-- Installing: /home/vboxuser/bumperbot_ws/install/bumperbot_description/share/bumperbot_description/models/aws_robomaker_residential_TV_02/meshes/aws_TV_01_collision.DAE\n'}
[47.643157] (bumperbot_description) StdoutLine: {'line': b'-- Installing: /home/vboxuser/bumperbot_ws/install/bumperbot_description/share/bumperbot_description/models/aws_robomaker_residential_TV_02/meshes/aws_TV_01_visual.DAE\n'}
[47.644119] (bumperbot_description) StdoutLine: {'line': b'-- Installing: /home/vboxuser/bumperbot_ws/install/bumperbot_description/share/bumperbot_description/models/aws_robomaker_residential_TV_02/model.config\n'}
[47.644586] (bumperbot_description) StdoutLine: {'line': b'-- Installing: /home/vboxuser/bumperbot_ws/install/bumperbot_description/share/bumperbot_description/models/aws_robomaker_residential_TV_02/model.sdf\n'}
[47.645072] (bumperbot_description) StdoutLine: {'line': b'-- Installing: /home/vboxuser/bumperbot_ws/install/bumperbot_description/share/bumperbot_description/models/aws_robomaker_residential_CookingBench_01\n'}
[47.645249] (bumperbot_description) StdoutLine: {'line': b'-- Installing: /home/vboxuser/bumperbot_ws/install/bumperbot_description/share/bumperbot_description/models/aws_robomaker_residential_CookingBench_01/materials\n'}
[47.645444] (bumperbot_description) StdoutLine: {'line': b'-- Installing: /home/vboxuser/bumperbot_ws/install/bumperbot_description/share/bumperbot_description/models/aws_robomaker_residential_CookingBench_01/materials/textures\n'}
[47.645530] (bumperbot_description) StdoutLine: {'line': b'-- Installing: /home/vboxuser/bumperbot_ws/install/bumperbot_description/share/bumperbot_description/models/aws_robomaker_residential_CookingBench_01/materials/textures/aws_CookingBench_01.png\n'}
[47.646746] (bumperbot_description) StdoutLine: {'line': b'-- Installing: /home/vboxuser/bumperbot_ws/install/bumperbot_description/share/bumperbot_description/models/aws_robomaker_residential_CookingBench_01/meshes\n'}
[47.646917] (bumperbot_description) StdoutLine: {'line': b'-- Installing: /home/vboxuser/bumperbot_ws/install/bumperbot_description/share/bumperbot_description/models/aws_robomaker_residential_CookingBench_01/meshes/aws_CookingBench_01_visual.DAE\n'}
[47.648230] (bumperbot_description) StdoutLine: {'line': b'-- Installing: /home/vboxuser/bumperbot_ws/install/bumperbot_description/share/bumperbot_description/models/aws_robomaker_residential_CookingBench_01/meshes/aws_CookingBench_01_collision.DAE\n'}
[47.648783] (bumperbot_description) StdoutLine: {'line': b'-- Installing: /home/vboxuser/bumperbot_ws/install/bumperbot_description/share/bumperbot_description/models/aws_robomaker_residential_CookingBench_01/meshes/aws_CookingBench_01.DAE\n'}
[47.649827] (bumperbot_description) StdoutLine: {'line': b'-- Installing: /home/vboxuser/bumperbot_ws/install/bumperbot_description/share/bumperbot_description/models/aws_robomaker_residential_CookingBench_01/model.config\n'}
[47.650295] (bumperbot_description) StdoutLine: {'line': b'-- Installing: /home/vboxuser/bumperbot_ws/install/bumperbot_description/share/bumperbot_description/models/aws_robomaker_residential_CookingBench_01/model.sdf\n'}
[47.650660] (bumperbot_description) StdoutLine: {'line': b'-- Installing: /home/vboxuser/bumperbot_ws/install/bumperbot_description/share/bumperbot_description/models/aws_robomaker_residential_DeskPortraitD_01\n'}
[47.650823] (bumperbot_description) StdoutLine: {'line': b'-- Installing: /home/vboxuser/bumperbot_ws/install/bumperbot_description/share/bumperbot_description/models/aws_robomaker_residential_DeskPortraitD_01/materials\n'}
[47.650962] (bumperbot_description) StdoutLine: {'line': b'-- Installing: /home/vboxuser/bumperbot_ws/install/bumperbot_description/share/bumperbot_description/models/aws_robomaker_residential_DeskPortraitD_01/materials/textures\n'}
[47.651224] (bumperbot_description) StdoutLine: {'line': b'-- Installing: /home/vboxuser/bumperbot_ws/install/bumperbot_description/share/bumperbot_description/models/aws_robomaker_residential_DeskPortraitD_01/materials/textures/aws_DeskPortraitD_02.png\n'}
[47.653347] (bumperbot_description) StdoutLine: {'line': b'-- Installing: /home/vboxuser/bumperbot_ws/install/bumperbot_description/share/bumperbot_description/models/aws_robomaker_residential_DeskPortraitD_01/materials/textures/aws_DeskPortraitD_01.png\n'}
[47.654016] (bumperbot_description) StdoutLine: {'line': b'-- Installing: /home/vboxuser/bumperbot_ws/install/bumperbot_description/share/bumperbot_description/models/aws_robomaker_residential_DeskPortraitD_01/meshes\n'}
[47.654174] (bumperbot_description) StdoutLine: {'line': b'-- Installing: /home/vboxuser/bumperbot_ws/install/bumperbot_description/share/bumperbot_description/models/aws_robomaker_residential_DeskPortraitD_01/meshes/aws_DeskPortraitD_01_collision.DAE\n'}
[47.654668] (bumperbot_description) StdoutLine: {'line': b'-- Installing: /home/vboxuser/bumperbot_ws/install/bumperbot_description/share/bumperbot_description/models/aws_robomaker_residential_DeskPortraitD_01/meshes/aws_DeskPortraitD_01_visual.DAE\n'}
[47.655212] (bumperbot_description) StdoutLine: {'line': b'-- Installing: /home/vboxuser/bumperbot_ws/install/bumperbot_description/share/bumperbot_description/models/aws_robomaker_residential_DeskPortraitD_01/model.config\n'}
[47.655709] (bumperbot_description) StdoutLine: {'line': b'-- Installing: /home/vboxuser/bumperbot_ws/install/bumperbot_description/share/bumperbot_description/models/aws_robomaker_residential_DeskPortraitD_01/model.sdf\n'}
[47.656162] (bumperbot_description) StdoutLine: {'line': b'-- Installing: /home/vboxuser/bumperbot_ws/install/bumperbot_description/share/bumperbot_description/models/aws_robomaker_warehouse_ShelfD_01\n'}
[47.656304] (bumperbot_description) StdoutLine: {'line': b'-- Installing: /home/vboxuser/bumperbot_ws/install/bumperbot_description/share/bumperbot_description/models/aws_robomaker_warehouse_ShelfD_01/materials\n'}
[47.656478] (bumperbot_description) StdoutLine: {'line': b'-- Installing: /home/vboxuser/bumperbot_ws/install/bumperbot_description/share/bumperbot_description/models/aws_robomaker_warehouse_ShelfD_01/materials/textures\n'}
[47.656641] (bumperbot_description) StdoutLine: {'line': b'-- Installing: /home/vboxuser/bumperbot_ws/install/bumperbot_description/share/bumperbot_description/models/aws_robomaker_warehouse_ShelfD_01/materials/textures/aws_robomaker_warehouse_ShelfD_01.png\n'}
[47.657187] (bumperbot_description) StdoutLine: {'line': b'-- Installing: /home/vboxuser/bumperbot_ws/install/bumperbot_description/share/bumperbot_description/models/aws_robomaker_warehouse_ShelfD_01/materials/textures/aws_robomaker_warehouse_ShelfD_02.png\n'}
[47.658328] (bumperbot_description) StdoutLine: {'line': b'-- Installing: /home/vboxuser/bumperbot_ws/install/bumperbot_description/share/bumperbot_description/models/aws_robomaker_warehouse_ShelfD_01/materials/textures/aws_robomaker_warehouse_ShelfD_03.png\n'}
[47.659578] (bumperbot_description) StdoutLine: {'line': b'-- Installing: /home/vboxuser/bumperbot_ws/install/bumperbot_description/share/bumperbot_description/models/aws_robomaker_warehouse_ShelfD_01/materials/textures/aws_robomaker_warehouse_ShelfD_04.png\n'}
[47.660896] (bumperbot_description) StdoutLine: {'line': b'-- Installing: /home/vboxuser/bumperbot_ws/install/bumperbot_description/share/bumperbot_description/models/aws_robomaker_warehouse_ShelfD_01/meshes\n'}
[47.661168] (bumperbot_description) StdoutLine: {'line': b'-- Installing: /home/vboxuser/bumperbot_ws/install/bumperbot_description/share/bumperbot_description/models/aws_robomaker_warehouse_ShelfD_01/meshes/aws_robomaker_warehouse_ShelfD_01_collision.DAE\n'}
[47.661511] (bumperbot_description) StdoutLine: {'line': b'-- Installing: /home/vboxuser/bumperbot_ws/install/bumperbot_description/share/bumperbot_description/models/aws_robomaker_warehouse_ShelfD_01/meshes/aws_robomaker_warehouse_ShelfD_01_visual.DAE\n'}
[47.662482] (bumperbot_description) StdoutLine: {'line': b'-- Installing: /home/vboxuser/bumperbot_ws/install/bumperbot_description/share/bumperbot_description/models/aws_robomaker_warehouse_ShelfD_01/model.config\n'}
[47.662957] (bumperbot_description) StdoutLine: {'line': b'-- Installing: /home/vboxuser/bumperbot_ws/install/bumperbot_description/share/bumperbot_description/models/aws_robomaker_warehouse_ShelfD_01/model.sdf\n'}
[47.663429] (bumperbot_description) StdoutLine: {'line': b'-- Installing: /home/vboxuser/bumperbot_ws/install/bumperbot_description/share/bumperbot_description/models/aws_robomaker_residential_KitchenTable_01\n'}
[47.663591] (bumperbot_description) StdoutLine: {'line': b'-- Installing: /home/vboxuser/bumperbot_ws/install/bumperbot_description/share/bumperbot_description/models/aws_robomaker_residential_KitchenTable_01/materials\n'}
[47.663769] (bumperbot_description) StdoutLine: {'line': b'-- Installing: /home/vboxuser/bumperbot_ws/install/bumperbot_description/share/bumperbot_description/models/aws_robomaker_residential_KitchenTable_01/materials/textures\n'}
[47.663908] (bumperbot_description) StdoutLine: {'line': b'-- Installing: /home/vboxuser/bumperbot_ws/install/bumperbot_description/share/bumperbot_description/models/aws_robomaker_residential_KitchenTable_01/materials/textures/aws_KitchenTable_01.png\n'}
[47.665927] (bumperbot_description) StdoutLine: {'line': b'-- Installing: /home/vboxuser/bumperbot_ws/install/bumperbot_description/share/bumperbot_description/models/aws_robomaker_residential_KitchenTable_01/meshes\n'}
[47.666223] (bumperbot_description) StdoutLine: {'line': b'-- Installing: /home/vboxuser/bumperbot_ws/install/bumperbot_description/share/bumperbot_description/models/aws_robomaker_residential_KitchenTable_01/meshes/aws_KitchenTable_01_visual.DAE\n'}
[47.666865] (bumperbot_description) StdoutLine: {'line': b'-- Installing: /home/vboxuser/bumperbot_ws/install/bumperbot_description/share/bumperbot_description/models/aws_robomaker_residential_KitchenTable_01/meshes/aws_KitchenTable_01_collision.DAE\n'}
[47.667717] (bumperbot_description) StdoutLine: {'line': b'-- Installing: /home/vboxuser/bumperbot_ws/install/bumperbot_description/share/bumperbot_description/models/aws_robomaker_residential_KitchenTable_01/model.config\n'}
[47.668228] (bumperbot_description) StdoutLine: {'line': b'-- Installing: /home/vboxuser/bumperbot_ws/install/bumperbot_description/share/bumperbot_description/models/aws_robomaker_residential_KitchenTable_01/model.sdf\n'}
[47.668710] (bumperbot_description) StdoutLine: {'line': b'-- Installing: /home/vboxuser/bumperbot_ws/install/bumperbot_description/share/bumperbot_description/models/aws_robomaker_warehouse_ShelfF_01\n'}
[47.668855] (bumperbot_description) StdoutLine: {'line': b'-- Installing: /home/vboxuser/bumperbot_ws/install/bumperbot_description/share/bumperbot_description/models/aws_robomaker_warehouse_ShelfF_01/materials\n'}
[47.669007] (bumperbot_description) StdoutLine: {'line': b'-- Installing: /home/vboxuser/bumperbot_ws/install/bumperbot_description/share/bumperbot_description/models/aws_robomaker_warehouse_ShelfF_01/materials/textures\n'}
[47.669301] (bumperbot_description) StdoutLine: {'line': b'-- Installing: /home/vboxuser/bumperbot_ws/install/bumperbot_description/share/bumperbot_description/models/aws_robomaker_warehouse_ShelfF_01/materials/textures/aws_robomaker_warehouse_ShelfF_02.png\n'}
[47.670445] (bumperbot_description) StdoutLine: {'line': b'-- Installing: /home/vboxuser/bumperbot_ws/install/bumperbot_description/share/bumperbot_description/models/aws_robomaker_warehouse_ShelfF_01/materials/textures/aws_robomaker_warehouse_ShelfF_01.png\n'}
[47.671206] (bumperbot_description) StdoutLine: {'line': b'-- Installing: /home/vboxuser/bumperbot_ws/install/bumperbot_description/share/bumperbot_description/models/aws_robomaker_warehouse_ShelfF_01/materials/textures/aws_robomaker_warehouse_ShelfF_03.png\n'}
[47.671996] (bumperbot_description) StdoutLine: {'line': b'-- Installing: /home/vboxuser/bumperbot_ws/install/bumperbot_description/share/bumperbot_description/models/aws_robomaker_warehouse_ShelfF_01/meshes\n'}
[47.672078] (bumperbot_description) StdoutLine: {'line': b'-- Installing: /home/vboxuser/bumperbot_ws/install/bumperbot_description/share/bumperbot_description/models/aws_robomaker_warehouse_ShelfF_01/meshes/aws_robomaker_warehouse_ShelfF_01_visual.DAE\n'}
[47.673391] (bumperbot_description) StdoutLine: {'line': b'-- Installing: /home/vboxuser/bumperbot_ws/install/bumperbot_description/share/bumperbot_description/models/aws_robomaker_warehouse_ShelfF_01/meshes/aws_robomaker_warehouse_ShelfF_01_collision.DAE\n'}
[47.674137] (bumperbot_description) StdoutLine: {'line': b'-- Installing: /home/vboxuser/bumperbot_ws/install/bumperbot_description/share/bumperbot_description/models/aws_robomaker_warehouse_ShelfF_01/model.config\n'}
[47.674451] (bumperbot_description) StdoutLine: {'line': b'-- Installing: /home/vboxuser/bumperbot_ws/install/bumperbot_description/share/bumperbot_description/models/aws_robomaker_warehouse_ShelfF_01/model.sdf\n'}
[47.674993] (bumperbot_description) StdoutLine: {'line': b'-- Installing: /home/vboxuser/bumperbot_ws/install/bumperbot_description/share/bumperbot_description/models/aws_robomaker_residential_FloorB_01\n'}
[47.675140] (bumperbot_description) StdoutLine: {'line': b'-- Installing: /home/vboxuser/bumperbot_ws/install/bumperbot_description/share/bumperbot_description/models/aws_robomaker_residential_FloorB_01/materials\n'}
[47.675315] (bumperbot_description) StdoutLine: {'line': b'-- Installing: /home/vboxuser/bumperbot_ws/install/bumperbot_description/share/bumperbot_description/models/aws_robomaker_residential_FloorB_01/materials/textures\n'}
[47.675535] (bumperbot_description) StdoutLine: {'line': b'-- Installing: /home/vboxuser/bumperbot_ws/install/bumperbot_description/share/bumperbot_description/models/aws_robomaker_residential_FloorB_01/materials/textures/aws_FloorB_01.png\n'}
[47.676477] (bumperbot_description) StdoutLine: {'line': b'-- Installing: /home/vboxuser/bumperbot_ws/install/bumperbot_description/share/bumperbot_description/models/aws_robomaker_residential_FloorB_01/meshes\n'}
[47.676650] (bumperbot_description) StdoutLine: {'line': b'-- Installing: /home/vboxuser/bumperbot_ws/install/bumperbot_description/share/bumperbot_description/models/aws_robomaker_residential_FloorB_01/meshes/aws_FloorB_01_collision.DAE\n'}
[47.677192] (bumperbot_description) StdoutLine: {'line': b'-- Installing: /home/vboxuser/bumperbot_ws/install/bumperbot_description/share/bumperbot_description/models/aws_robomaker_residential_FloorB_01/meshes/aws_FloorB_01_visual.DAE\n'}
[47.678005] (bumperbot_description) StdoutLine: {'line': b'-- Installing: /home/vboxuser/bumperbot_ws/install/bumperbot_description/share/bumperbot_description/models/aws_robomaker_residential_FloorB_01/model.config\n'}
[47.678377] (bumperbot_description) StdoutLine: {'line': b'-- Installing: /home/vboxuser/bumperbot_ws/install/bumperbot_description/share/bumperbot_description/models/aws_robomaker_residential_FloorB_01/model.sdf\n'}
[47.678729] (bumperbot_description) StdoutLine: {'line': b'-- Installing: /home/vboxuser/bumperbot_ws/install/bumperbot_description/share/bumperbot_description/models/aws_robomaker_warehouse_GroundB_01\n'}
[47.678925] (bumperbot_description) StdoutLine: {'line': b'-- Installing: /home/vboxuser/bumperbot_ws/install/bumperbot_description/share/bumperbot_description/models/aws_robomaker_warehouse_GroundB_01/materials\n'}
[47.678979] (bumperbot_description) StdoutLine: {'line': b'-- Installing: /home/vboxuser/bumperbot_ws/install/bumperbot_description/share/bumperbot_description/models/aws_robomaker_warehouse_GroundB_01/materials/textures\n'}
[47.679204] (bumperbot_description) StdoutLine: {'line': b'-- Installing: /home/vboxuser/bumperbot_ws/install/bumperbot_description/share/bumperbot_description/models/aws_robomaker_warehouse_GroundB_01/materials/textures/aws_robomaker_warehouse_GroundB_02.png\n'}
[47.679880] (bumperbot_description) StdoutLine: {'line': b'-- Installing: /home/vboxuser/bumperbot_ws/install/bumperbot_description/share/bumperbot_description/models/aws_robomaker_warehouse_GroundB_01/materials/textures/aws_robomaker_warehouse_GroundB_01.png\n'}
[47.682206] (bumperbot_description) StdoutLine: {'line': b'-- Installing: /home/vboxuser/bumperbot_ws/install/bumperbot_description/share/bumperbot_description/models/aws_robomaker_warehouse_GroundB_01/meshes\n'}
[47.682372] (bumperbot_description) StdoutLine: {'line': b'-- Installing: /home/vboxuser/bumperbot_ws/install/bumperbot_description/share/bumperbot_description/models/aws_robomaker_warehouse_GroundB_01/meshes/aws_robomaker_warehouse_GroundB_01_collision.DAE\n'}
[47.683035] (bumperbot_description) StdoutLine: {'line': b'-- Installing: /home/vboxuser/bumperbot_ws/install/bumperbot_description/share/bumperbot_description/models/aws_robomaker_warehouse_GroundB_01/meshes/aws_robomaker_warehouse_GroundB_01_visual.DAE\n'}
[47.683706] (bumperbot_description) StdoutLine: {'line': b'-- Installing: /home/vboxuser/bumperbot_ws/install/bumperbot_description/share/bumperbot_description/models/aws_robomaker_warehouse_GroundB_01/model.config\n'}
[47.684222] (bumperbot_description) StdoutLine: {'line': b'-- Installing: /home/vboxuser/bumperbot_ws/install/bumperbot_description/share/bumperbot_description/models/aws_robomaker_warehouse_GroundB_01/model.sdf\n'}
[47.684566] (bumperbot_description) StdoutLine: {'line': b'-- Installing: /home/vboxuser/bumperbot_ws/install/bumperbot_description/share/bumperbot_description/models/aws_robomaker_residential_PortraitE_02\n'}
[47.684705] (bumperbot_description) StdoutLine: {'line': b'-- Installing: /home/vboxuser/bumperbot_ws/install/bumperbot_description/share/bumperbot_description/models/aws_robomaker_residential_PortraitE_02/materials\n'}
[47.684833] (bumperbot_description) StdoutLine: {'line': b'-- Installing: /home/vboxuser/bumperbot_ws/install/bumperbot_description/share/bumperbot_description/models/aws_robomaker_residential_PortraitE_02/materials/textures\n'}
[47.685078] (bumperbot_description) StdoutLine: {'line': b'-- Installing: /home/vboxuser/bumperbot_ws/install/bumperbot_description/share/bumperbot_description/models/aws_robomaker_residential_PortraitE_02/materials/textures/aws_PortraitE_02.png\n'}
[47.686895] (bumperbot_description) StdoutLine: {'line': b'-- Installing: /home/vboxuser/bumperbot_ws/install/bumperbot_description/share/bumperbot_description/models/aws_robomaker_residential_PortraitE_02/materials/textures/aws_PortraitE_01.png\n'}
[47.687441] (bumperbot_description) StdoutLine: {'line': b'-- Installing: /home/vboxuser/bumperbot_ws/install/bumperbot_description/share/bumperbot_description/models/aws_robomaker_residential_PortraitE_02/meshes\n'}
[47.687734] (bumperbot_description) StdoutLine: {'line': b'-- Installing: /home/vboxuser/bumperbot_ws/install/bumperbot_description/share/bumperbot_description/models/aws_robomaker_residential_PortraitE_02/meshes/aws_PortraitE_01_visual.DAE\n'}
[47.688128] (-) TimerEvent: {}
[47.698338] (bumperbot_description) StdoutLine: {'line': b'-- Installing: /home/vboxuser/bumperbot_ws/install/bumperbot_description/share/bumperbot_description/models/aws_robomaker_residential_PortraitE_02/meshes/aws_PortraitE_01_collision.DAE\n'}
[47.698735] (bumperbot_description) StdoutLine: {'line': b'-- Installing: /home/vboxuser/bumperbot_ws/install/bumperbot_description/share/bumperbot_description/models/aws_robomaker_residential_PortraitE_02/model.config\n'}
[47.699382] (bumperbot_description) StdoutLine: {'line': b'-- Installing: /home/vboxuser/bumperbot_ws/install/bumperbot_description/share/bumperbot_description/models/aws_robomaker_residential_PortraitE_02/model.sdf\n'}
[47.699685] (bumperbot_description) StdoutLine: {'line': b'-- Installing: /home/vboxuser/bumperbot_ws/install/bumperbot_description/share/bumperbot_description/models/aws_robomaker_residential_Board_01\n'}
[47.699797] (bumperbot_description) StdoutLine: {'line': b'-- Installing: /home/vboxuser/bumperbot_ws/install/bumperbot_description/share/bumperbot_description/models/aws_robomaker_residential_Board_01/materials\n'}
[47.699966] (bumperbot_description) StdoutLine: {'line': b'-- Installing: /home/vboxuser/bumperbot_ws/install/bumperbot_description/share/bumperbot_description/models/aws_robomaker_residential_Board_01/materials/textures\n'}
[47.700065] (bumperbot_description) StdoutLine: {'line': b'-- Installing: /home/vboxuser/bumperbot_ws/install/bumperbot_description/share/bumperbot_description/models/aws_robomaker_residential_Board_01/materials/textures/aws_Board_01.png\n'}
[47.701455] (bumperbot_description) StdoutLine: {'line': b'-- Installing: /home/vboxuser/bumperbot_ws/install/bumperbot_description/share/bumperbot_description/models/aws_robomaker_residential_Board_01/meshes\n'}
[47.701515] (bumperbot_description) StdoutLine: {'line': b'-- Installing: /home/vboxuser/bumperbot_ws/install/bumperbot_description/share/bumperbot_description/models/aws_robomaker_residential_Board_01/meshes/aws_Board_01_visual.DAE\n'}
[47.702525] (bumperbot_description) StdoutLine: {'line': b'-- Installing: /home/vboxuser/bumperbot_ws/install/bumperbot_description/share/bumperbot_description/models/aws_robomaker_residential_Board_01/meshes/aws_Board_01_collision.DAE\n'}
[47.703160] (bumperbot_description) StdoutLine: {'line': b'-- Installing: /home/vboxuser/bumperbot_ws/install/bumperbot_description/share/bumperbot_description/models/aws_robomaker_residential_Board_01/model.config\n'}
[47.703650] (bumperbot_description) StdoutLine: {'line': b'-- Installing: /home/vboxuser/bumperbot_ws/install/bumperbot_description/share/bumperbot_description/models/aws_robomaker_residential_Board_01/model.sdf\n'}
[47.704248] (bumperbot_description) StdoutLine: {'line': b'-- Installing: /home/vboxuser/bumperbot_ws/install/bumperbot_description/share/bumperbot_description/models/aws_robomaker_residential_Ball_01\n'}
[47.706542] (bumperbot_description) StdoutLine: {'line': b'-- Installing: /home/vboxuser/bumperbot_ws/install/bumperbot_description/share/bumperbot_description/models/aws_robomaker_residential_Ball_01/materials\n'}
[47.706617] (bumperbot_description) StdoutLine: {'line': b'-- Installing: /home/vboxuser/bumperbot_ws/install/bumperbot_description/share/bumperbot_description/models/aws_robomaker_residential_Ball_01/materials/textures\n'}
[47.707134] (bumperbot_description) StdoutLine: {'line': b'-- Installing: /home/vboxuser/bumperbot_ws/install/bumperbot_description/share/bumperbot_description/models/aws_robomaker_residential_Ball_01/materials/textures/aws_Ball_01.png\n'}
[47.707679] (bumperbot_description) StdoutLine: {'line': b'-- Installing: /home/vboxuser/bumperbot_ws/install/bumperbot_description/share/bumperbot_description/models/aws_robomaker_residential_Ball_01/meshes\n'}
[47.707834] (bumperbot_description) StdoutLine: {'line': b'-- Installing: /home/vboxuser/bumperbot_ws/install/bumperbot_description/share/bumperbot_description/models/aws_robomaker_residential_Ball_01/meshes/aws_Ball_01_collision.DAE\n'}
[47.708417] (bumperbot_description) StdoutLine: {'line': b'-- Installing: /home/vboxuser/bumperbot_ws/install/bumperbot_description/share/bumperbot_description/models/aws_robomaker_residential_Ball_01/meshes/aws_Ball_01_visual.DAE\n'}
[47.709418] (bumperbot_description) StdoutLine: {'line': b'-- Installing: /home/vboxuser/bumperbot_ws/install/bumperbot_description/share/bumperbot_description/models/aws_robomaker_residential_Ball_01/model.config\n'}
[47.710036] (bumperbot_description) StdoutLine: {'line': b'-- Installing: /home/vboxuser/bumperbot_ws/install/bumperbot_description/share/bumperbot_description/models/aws_robomaker_residential_Ball_01/model.sdf\n'}
[47.717252] (bumperbot_description) StdoutLine: {'line': b'-- Installing: /home/vboxuser/bumperbot_ws/install/bumperbot_description/share/bumperbot_description/models/aws_robomaker_residential_Dumbbell_01\n'}
[47.717359] (bumperbot_description) StdoutLine: {'line': b'-- Installing: /home/vboxuser/bumperbot_ws/install/bumperbot_description/share/bumperbot_description/models/aws_robomaker_residential_Dumbbell_01/materials\n'}
[47.718835] (bumperbot_description) StdoutLine: {'line': b'-- Installing: /home/vboxuser/bumperbot_ws/install/bumperbot_description/share/bumperbot_description/models/aws_robomaker_residential_Dumbbell_01/materials/textures\n'}
[47.718896] (bumperbot_description) StdoutLine: {'line': b'-- Installing: /home/vboxuser/bumperbot_ws/install/bumperbot_description/share/bumperbot_description/models/aws_robomaker_residential_Dumbbell_01/materials/textures/aws_Dumbbell_01.png\n'}
[47.718931] (bumperbot_description) StdoutLine: {'line': b'-- Installing: /home/vboxuser/bumperbot_ws/install/bumperbot_description/share/bumperbot_description/models/aws_robomaker_residential_Dumbbell_01/meshes\n'}
[47.718961] (bumperbot_description) StdoutLine: {'line': b'-- Installing: /home/vboxuser/bumperbot_ws/install/bumperbot_description/share/bumperbot_description/models/aws_robomaker_residential_Dumbbell_01/meshes/aws_Dumbbell_01_visual.DAE\n'}
[47.719019] (bumperbot_description) StdoutLine: {'line': b'-- Installing: /home/vboxuser/bumperbot_ws/install/bumperbot_description/share/bumperbot_description/models/aws_robomaker_residential_Dumbbell_01/meshes/aws_Dumbbell_01_collision.DAE\n'}
[47.719577] (bumperbot_description) StdoutLine: {'line': b'-- Installing: /home/vboxuser/bumperbot_ws/install/bumperbot_description/share/bumperbot_description/models/aws_robomaker_residential_Dumbbell_01/model.config\n'}
[47.720193] (bumperbot_description) StdoutLine: {'line': b'-- Installing: /home/vboxuser/bumperbot_ws/install/bumperbot_description/share/bumperbot_description/models/aws_robomaker_residential_Dumbbell_01/model.sdf\n'}
[47.721000] (bumperbot_description) StdoutLine: {'line': b'-- Installing: /home/vboxuser/bumperbot_ws/install/bumperbot_description/share/bumperbot_description/models/aws_robomaker_warehouse_WallB_01\n'}
[47.721173] (bumperbot_description) StdoutLine: {'line': b'-- Installing: /home/vboxuser/bumperbot_ws/install/bumperbot_description/share/bumperbot_description/models/aws_robomaker_warehouse_WallB_01/materials\n'}
[47.721354] (bumperbot_description) StdoutLine: {'line': b'-- Installing: /home/vboxuser/bumperbot_ws/install/bumperbot_description/share/bumperbot_description/models/aws_robomaker_warehouse_WallB_01/materials/textures\n'}
[47.721532] (bumperbot_description) StdoutLine: {'line': b'-- Installing: /home/vboxuser/bumperbot_ws/install/bumperbot_description/share/bumperbot_description/models/aws_robomaker_warehouse_WallB_01/materials/textures/aws_robomaker_warehouse_WallB_01.png\n'}
[47.722642] (bumperbot_description) StdoutLine: {'line': b'-- Installing: /home/vboxuser/bumperbot_ws/install/bumperbot_description/share/bumperbot_description/models/aws_robomaker_warehouse_WallB_01/meshes\n'}
[47.722803] (bumperbot_description) StdoutLine: {'line': b'-- Installing: /home/vboxuser/bumperbot_ws/install/bumperbot_description/share/bumperbot_description/models/aws_robomaker_warehouse_WallB_01/meshes/aws_robomaker_warehouse_WallB_01_collision.DAE\n'}
[47.723331] (bumperbot_description) StdoutLine: {'line': b'-- Installing: /home/vboxuser/bumperbot_ws/install/bumperbot_description/share/bumperbot_description/models/aws_robomaker_warehouse_WallB_01/meshes/aws_robomaker_warehouse_WallB_01_visual.DAE\n'}
[47.724122] (bumperbot_description) StdoutLine: {'line': b'-- Installing: /home/vboxuser/bumperbot_ws/install/bumperbot_description/share/bumperbot_description/models/aws_robomaker_warehouse_WallB_01/model.config\n'}
[47.724556] (bumperbot_description) StdoutLine: {'line': b'-- Installing: /home/vboxuser/bumperbot_ws/install/bumperbot_description/share/bumperbot_description/models/aws_robomaker_warehouse_WallB_01/model.sdf\n'}
[47.724970] (bumperbot_description) StdoutLine: {'line': b'-- Installing: /home/vboxuser/bumperbot_ws/install/bumperbot_description/share/bumperbot_description/models/aws_robomaker_residential_TV_01\n'}
[47.725115] (bumperbot_description) StdoutLine: {'line': b'-- Installing: /home/vboxuser/bumperbot_ws/install/bumperbot_description/share/bumperbot_description/models/aws_robomaker_residential_TV_01/materials\n'}
[47.725249] (bumperbot_description) StdoutLine: {'line': b'-- Installing: /home/vboxuser/bumperbot_ws/install/bumperbot_description/share/bumperbot_description/models/aws_robomaker_residential_TV_01/materials/textures\n'}
[47.725488] (bumperbot_description) StdoutLine: {'line': b'-- Installing: /home/vboxuser/bumperbot_ws/install/bumperbot_description/share/bumperbot_description/models/aws_robomaker_residential_TV_01/materials/textures/aws_TV_01.png\n'}
[47.727214] (bumperbot_description) StdoutLine: {'line': b'-- Installing: /home/vboxuser/bumperbot_ws/install/bumperbot_description/share/bumperbot_description/models/aws_robomaker_residential_TV_01/meshes\n'}
[47.727396] (bumperbot_description) StdoutLine: {'line': b'-- Installing: /home/vboxuser/bumperbot_ws/install/bumperbot_description/share/bumperbot_description/models/aws_robomaker_residential_TV_01/meshes/aws_TV_01_collision.DAE\n'}
[47.727931] (bumperbot_description) StdoutLine: {'line': b'-- Installing: /home/vboxuser/bumperbot_ws/install/bumperbot_description/share/bumperbot_description/models/aws_robomaker_residential_TV_01/meshes/aws_TV_01_visual.DAE\n'}
[47.728722] (bumperbot_description) StdoutLine: {'line': b'-- Installing: /home/vboxuser/bumperbot_ws/install/bumperbot_description/share/bumperbot_description/models/aws_robomaker_residential_TV_01/model.config\n'}
[47.729335] (bumperbot_description) StdoutLine: {'line': b'-- Installing: /home/vboxuser/bumperbot_ws/install/bumperbot_description/share/bumperbot_description/models/aws_robomaker_residential_TV_01/model.sdf\n'}
[47.729933] (bumperbot_description) StdoutLine: {'line': b'-- Installing: /home/vboxuser/bumperbot_ws/install/bumperbot_description/share/bumperbot_description/models/aws_robomaker_residential_AirconditionerA_01\n'}
[47.730094] (bumperbot_description) StdoutLine: {'line': b'-- Installing: /home/vboxuser/bumperbot_ws/install/bumperbot_description/share/bumperbot_description/models/aws_robomaker_residential_AirconditionerA_01/materials\n'}
[47.730271] (bumperbot_description) StdoutLine: {'line': b'-- Installing: /home/vboxuser/bumperbot_ws/install/bumperbot_description/share/bumperbot_description/models/aws_robomaker_residential_AirconditionerA_01/materials/textures\n'}
[47.730513] (bumperbot_description) StdoutLine: {'line': b'-- Installing: /home/vboxuser/bumperbot_ws/install/bumperbot_description/share/bumperbot_description/models/aws_robomaker_residential_AirconditionerA_01/materials/textures/aws_AirconditionerA_01.png\n'}
[47.732622] (bumperbot_description) StdoutLine: {'line': b'-- Installing: /home/vboxuser/bumperbot_ws/install/bumperbot_description/share/bumperbot_description/models/aws_robomaker_residential_AirconditionerA_01/meshes\n'}
[47.733076] (bumperbot_description) StdoutLine: {'line': b'-- Installing: /home/vboxuser/bumperbot_ws/install/bumperbot_description/share/bumperbot_description/models/aws_robomaker_residential_AirconditionerA_01/meshes/aws_AirconditionerA_01_visual.DAE\n'}
[47.733756] (bumperbot_description) StdoutLine: {'line': b'-- Installing: /home/vboxuser/bumperbot_ws/install/bumperbot_description/share/bumperbot_description/models/aws_robomaker_residential_AirconditionerA_01/meshes/aws__Air conditioner_01.DAE\n'}
[47.734616] (bumperbot_description) StdoutLine: {'line': b'-- Installing: /home/vboxuser/bumperbot_ws/install/bumperbot_description/share/bumperbot_description/models/aws_robomaker_residential_AirconditionerA_01/meshes/aws_AirconditionerA_01_collision.DAE\n'}
[47.735159] (bumperbot_description) StdoutLine: {'line': b'-- Installing: /home/vboxuser/bumperbot_ws/install/bumperbot_description/share/bumperbot_description/models/aws_robomaker_residential_AirconditionerA_01/model.config\n'}
[47.735656] (bumperbot_description) StdoutLine: {'line': b'-- Installing: /home/vboxuser/bumperbot_ws/install/bumperbot_description/share/bumperbot_description/models/aws_robomaker_residential_AirconditionerA_01/model.sdf\n'}
[47.736282] (bumperbot_description) StdoutLine: {'line': b'-- Installing: /home/vboxuser/bumperbot_ws/install/bumperbot_description/share/bumperbot_description/models/aws_robomaker_residential_NightStand_01\n'}
[47.736460] (bumperbot_description) StdoutLine: {'line': b'-- Installing: /home/vboxuser/bumperbot_ws/install/bumperbot_description/share/bumperbot_description/models/aws_robomaker_residential_NightStand_01/materials\n'}
[47.736609] (bumperbot_description) StdoutLine: {'line': b'-- Installing: /home/vboxuser/bumperbot_ws/install/bumperbot_description/share/bumperbot_description/models/aws_robomaker_residential_NightStand_01/materials/textures\n'}
[47.736847] (bumperbot_description) StdoutLine: {'line': b'-- Installing: /home/vboxuser/bumperbot_ws/install/bumperbot_description/share/bumperbot_description/models/aws_robomaker_residential_NightStand_01/materials/textures/aws_NightStand_01.png\n'}
[47.737428] (bumperbot_description) StdoutLine: {'line': b'-- Installing: /home/vboxuser/bumperbot_ws/install/bumperbot_description/share/bumperbot_description/models/aws_robomaker_residential_NightStand_01/meshes\n'}
[47.737629] (bumperbot_description) StdoutLine: {'line': b'-- Installing: /home/vboxuser/bumperbot_ws/install/bumperbot_description/share/bumperbot_description/models/aws_robomaker_residential_NightStand_01/meshes/aws_NightStand_01_visual.DAE\n'}
[47.738284] (bumperbot_description) StdoutLine: {'line': b'-- Installing: /home/vboxuser/bumperbot_ws/install/bumperbot_description/share/bumperbot_description/models/aws_robomaker_residential_NightStand_01/meshes/aws_NightStand_01_collision.DAE\n'}
[47.738877] (bumperbot_description) StdoutLine: {'line': b'-- Installing: /home/vboxuser/bumperbot_ws/install/bumperbot_description/share/bumperbot_description/models/aws_robomaker_residential_NightStand_01/model.config\n'}
[47.739283] (bumperbot_description) StdoutLine: {'line': b'-- Installing: /home/vboxuser/bumperbot_ws/install/bumperbot_description/share/bumperbot_description/models/aws_robomaker_residential_NightStand_01/model.sdf\n'}
[47.739713] (bumperbot_description) StdoutLine: {'line': b'-- Installing: /home/vboxuser/bumperbot_ws/install/bumperbot_description/share/bumperbot_description/models/aws_robomaker_residential_KitchenUtensils_01\n'}
[47.739858] (bumperbot_description) StdoutLine: {'line': b'-- Installing: /home/vboxuser/bumperbot_ws/install/bumperbot_description/share/bumperbot_description/models/aws_robomaker_residential_KitchenUtensils_01/materials\n'}
[47.740031] (bumperbot_description) StdoutLine: {'line': b'-- Installing: /home/vboxuser/bumperbot_ws/install/bumperbot_description/share/bumperbot_description/models/aws_robomaker_residential_KitchenUtensils_01/materials/textures\n'}
[47.740291] (bumperbot_description) StdoutLine: {'line': b'-- Installing: /home/vboxuser/bumperbot_ws/install/bumperbot_description/share/bumperbot_description/models/aws_robomaker_residential_KitchenUtensils_01/materials/textures/aws_KitchenUtensils_01.png\n'}
[47.741408] (bumperbot_description) StdoutLine: {'line': b'-- Installing: /home/vboxuser/bumperbot_ws/install/bumperbot_description/share/bumperbot_description/models/aws_robomaker_residential_KitchenUtensils_01/meshes\n'}
[47.741571] (bumperbot_description) StdoutLine: {'line': b'-- Installing: /home/vboxuser/bumperbot_ws/install/bumperbot_description/share/bumperbot_description/models/aws_robomaker_residential_KitchenUtensils_01/meshes/aws_KitchenUtensils_01_visual.DAE\n'}
[47.744083] (bumperbot_description) StdoutLine: {'line': b'-- Installing: /home/vboxuser/bumperbot_ws/install/bumperbot_description/share/bumperbot_description/models/aws_robomaker_residential_KitchenUtensils_01/meshes/aws_KitchenUtensils_01_collision.DAE\n'}
[47.744672] (bumperbot_description) StdoutLine: {'line': b'-- Installing: /home/vboxuser/bumperbot_ws/install/bumperbot_description/share/bumperbot_description/models/aws_robomaker_residential_KitchenUtensils_01/model.config\n'}
[47.745221] (bumperbot_description) StdoutLine: {'line': b'-- Installing: /home/vboxuser/bumperbot_ws/install/bumperbot_description/share/bumperbot_description/models/aws_robomaker_residential_KitchenUtensils_01/model.sdf\n'}
[47.745677] (bumperbot_description) StdoutLine: {'line': b'-- Installing: /home/vboxuser/bumperbot_ws/install/bumperbot_description/share/bumperbot_description/models/aws_robomaker_warehouse_ClutteringA_01\n'}
[47.745826] (bumperbot_description) StdoutLine: {'line': b'-- Installing: /home/vboxuser/bumperbot_ws/install/bumperbot_description/share/bumperbot_description/models/aws_robomaker_warehouse_ClutteringA_01/materials\n'}
[47.746004] (bumperbot_description) StdoutLine: {'line': b'-- Installing: /home/vboxuser/bumperbot_ws/install/bumperbot_description/share/bumperbot_description/models/aws_robomaker_warehouse_ClutteringA_01/materials/textures\n'}
[47.746260] (bumperbot_description) StdoutLine: {'line': b'-- Installing: /home/vboxuser/bumperbot_ws/install/bumperbot_description/share/bumperbot_description/models/aws_robomaker_warehouse_ClutteringA_01/materials/textures/aws_robomaker_warehouse_ClutteringA_01.png\n'}
[47.747231] (bumperbot_description) StdoutLine: {'line': b'-- Installing: /home/vboxuser/bumperbot_ws/install/bumperbot_description/share/bumperbot_description/models/aws_robomaker_warehouse_ClutteringA_01/materials/textures/aws_robomaker_warehouse_ClutteringA_03.png\n'}
[47.748577] (bumperbot_description) StdoutLine: {'line': b'-- Installing: /home/vboxuser/bumperbot_ws/install/bumperbot_description/share/bumperbot_description/models/aws_robomaker_warehouse_ClutteringA_01/materials/textures/aws_robomaker_warehouse_ClutteringA_02.png\n'}
[47.749442] (bumperbot_description) StdoutLine: {'line': b'-- Installing: /home/vboxuser/bumperbot_ws/install/bumperbot_description/share/bumperbot_description/models/aws_robomaker_warehouse_ClutteringA_01/materials/textures/.DS_Store\n'}
[47.749926] (bumperbot_description) StdoutLine: {'line': b'-- Installing: /home/vboxuser/bumperbot_ws/install/bumperbot_description/share/bumperbot_description/models/aws_robomaker_warehouse_ClutteringA_01/materials/.DS_Store\n'}
[47.750502] (bumperbot_description) StdoutLine: {'line': b'-- Installing: /home/vboxuser/bumperbot_ws/install/bumperbot_description/share/bumperbot_description/models/aws_robomaker_warehouse_ClutteringA_01/meshes\n'}
[47.750678] (bumperbot_description) StdoutLine: {'line': b'-- Installing: /home/vboxuser/bumperbot_ws/install/bumperbot_description/share/bumperbot_description/models/aws_robomaker_warehouse_ClutteringA_01/meshes/aws_robomaker_warehouse_ClutteringA_01_collision.DAE\n'}
[47.751066] (bumperbot_description) StdoutLine: {'line': b'-- Installing: /home/vboxuser/bumperbot_ws/install/bumperbot_description/share/bumperbot_description/models/aws_robomaker_warehouse_ClutteringA_01/meshes/aws_robomaker_warehouse_ClutteringA_01_visual.DAE\n'}
[47.752073] (bumperbot_description) StdoutLine: {'line': b'-- Installing: /home/vboxuser/bumperbot_ws/install/bumperbot_description/share/bumperbot_description/models/aws_robomaker_warehouse_ClutteringA_01/model.config\n'}
[47.752449] (bumperbot_description) StdoutLine: {'line': b'-- Installing: /home/vboxuser/bumperbot_ws/install/bumperbot_description/share/bumperbot_description/models/aws_robomaker_warehouse_ClutteringA_01/.DS_Store\n'}
[47.752817] (bumperbot_description) StdoutLine: {'line': b'-- Installing: /home/vboxuser/bumperbot_ws/install/bumperbot_description/share/bumperbot_description/models/aws_robomaker_warehouse_ClutteringA_01/model.sdf\n'}
[47.753194] (bumperbot_description) StdoutLine: {'line': b'-- Installing: /home/vboxuser/bumperbot_ws/install/bumperbot_description/share/bumperbot_description/photos\n'}
[47.753353] (bumperbot_description) StdoutLine: {'line': b'-- Installing: /home/vboxuser/bumperbot_ws/install/bumperbot_description/share/bumperbot_description/photos/DeskPortraitC_01.jpg\n'}
[47.758396] (bumperbot_description) StdoutLine: {'line': b'-- Installing: /home/vboxuser/bumperbot_ws/install/bumperbot_description/share/bumperbot_description/photos/DeskPortraitA_01.jpg\n'}
[47.759657] (bumperbot_description) StdoutLine: {'line': b'-- Installing: /home/vboxuser/bumperbot_ws/install/bumperbot_description/share/bumperbot_description/photos/DeskPortraitD_03.jpg\n'}
[47.761148] (bumperbot_description) StdoutLine: {'line': b'-- Installing: /home/vboxuser/bumperbot_ws/install/bumperbot_description/share/bumperbot_description/photos/DeskPortraitC_02.jpg\n'}
[47.762316] (bumperbot_description) StdoutLine: {'line': b'-- Installing: /home/vboxuser/bumperbot_ws/install/bumperbot_description/share/bumperbot_description/photos/PortraitA_02.jpg\n'}
[47.763869] (bumperbot_description) StdoutLine: {'line': b'-- Installing: /home/vboxuser/bumperbot_ws/install/bumperbot_description/share/bumperbot_description/photos/PortraitE_02.jpg\n'}
[47.765099] (bumperbot_description) StdoutLine: {'line': b'-- Installing: /home/vboxuser/bumperbot_ws/install/bumperbot_description/share/bumperbot_description/photos/PortraitD_02.jpg\n'}
[47.766138] (bumperbot_description) StdoutLine: {'line': b'-- Installing: /home/vboxuser/bumperbot_ws/install/bumperbot_description/share/bumperbot_description/photos/PortraitB_01.jpg\n'}
[47.768230] (bumperbot_description) StdoutLine: {'line': b'-- Installing: /home/vboxuser/bumperbot_ws/install/bumperbot_description/share/bumperbot_description/photos/PortraitE_01.jpg\n'}
[47.769205] (bumperbot_description) StdoutLine: {'line': b'-- Installing: /home/vboxuser/bumperbot_ws/install/bumperbot_description/share/bumperbot_description/photos/PortraitB_02.jpg\n'}
[47.772527] (bumperbot_description) StdoutLine: {'line': b'-- Installing: /home/vboxuser/bumperbot_ws/install/bumperbot_description/share/bumperbot_description/photos/PortraitA_01.jpg\n'}
[47.773985] (bumperbot_description) StdoutLine: {'line': b'-- Installing: /home/vboxuser/bumperbot_ws/install/bumperbot_description/share/bumperbot_description/photos/DeskPortraitB_02.jpg\n'}
[47.779797] (bumperbot_description) StdoutLine: {'line': b'-- Installing: /home/vboxuser/bumperbot_ws/install/bumperbot_description/share/bumperbot_description/photos/DeskPortraitA_02.jpg\n'}
[47.782026] (bumperbot_description) StdoutLine: {'line': b'-- Installing: /home/vboxuser/bumperbot_ws/install/bumperbot_description/share/bumperbot_description/photos/DeskPortraitB_01.jpg\n'}
[47.783426] (bumperbot_description) StdoutLine: {'line': b'-- Installing: /home/vboxuser/bumperbot_ws/install/bumperbot_description/share/bumperbot_description/photos/PortraitD_01.jpg\n'}
[47.784508] (bumperbot_description) StdoutLine: {'line': b'-- Installing: /home/vboxuser/bumperbot_ws/install/bumperbot_description/share/bumperbot_description/photos/DeskPortraitD_02.jpg\n'}
[47.786016] (bumperbot_description) StdoutLine: {'line': b'-- Installing: /home/vboxuser/bumperbot_ws/install/bumperbot_description/share/bumperbot_description/photos/PortraitC_01.jpg\n'}
[47.786878] (bumperbot_description) StdoutLine: {'line': b'-- Installing: /home/vboxuser/bumperbot_ws/install/bumperbot_description/share/bumperbot_description/photos/DeskPortraitD_01.jpg\n'}
[47.788210] (bumperbot_description) StdoutLine: {'line': b'-- Installing: /home/vboxuser/bumperbot_ws/install/bumperbot_description/share/bumperbot_description/photos/PortraitB_03.jpg\n'}
[47.788286] (-) TimerEvent: {}
[47.798231] (bumperbot_description) StdoutLine: {'line': b'-- Installing: /home/vboxuser/bumperbot_ws/install/bumperbot_description/share/bumperbot_description/photos/DeskPortraitD_04.jpg\n'}
[47.799357] (bumperbot_description) StdoutLine: {'line': b'-- Installing: /home/vboxuser/bumperbot_ws/install/bumperbot_description/share/bumperbot_description/urdf\n'}
[47.799533] (bumperbot_description) StdoutLine: {'line': b'-- Installing: /home/vboxuser/bumperbot_ws/install/bumperbot_description/share/bumperbot_description/urdf/bumperbot_ros2_control.xacro\n'}
[47.800147] (bumperbot_description) StdoutLine: {'line': b'-- Installing: /home/vboxuser/bumperbot_ws/install/bumperbot_description/share/bumperbot_description/urdf/bumperbot_gazebo.xacro\n'}
[47.801060] (bumperbot_description) StdoutLine: {'line': b'-- Installing: /home/vboxuser/bumperbot_ws/install/bumperbot_description/share/bumperbot_description/urdf/bumperbot.urdf.xacro\n'}
[47.801517] (bumperbot_description) StdoutLine: {'line': b'-- Installing: /home/vboxuser/bumperbot_ws/install/bumperbot_description/share/bumperbot_description/rviz\n'}
[47.802116] (bumperbot_description) StdoutLine: {'line': b'-- Installing: /home/vboxuser/bumperbot_ws/install/bumperbot_description/share/bumperbot_description/rviz/display.rviz\n'}
[47.802234] (bumperbot_description) StdoutLine: {'line': b'-- Installing: /home/vboxuser/bumperbot_ws/install/bumperbot_description/share/bumperbot_description/worlds\n'}
[47.802331] (bumperbot_description) StdoutLine: {'line': b'-- Installing: /home/vboxuser/bumperbot_ws/install/bumperbot_description/share/bumperbot_description/worlds/empty.world\n'}
[47.803039] (bumperbot_description) StdoutLine: {'line': b'-- Installing: /home/vboxuser/bumperbot_ws/install/bumperbot_description/share/bumperbot_description/worlds/small_warehouse.world\n'}
[47.807149] (bumperbot_description) StdoutLine: {'line': b'-- Installing: /home/vboxuser/bumperbot_ws/install/bumperbot_description/share/bumperbot_description/worlds/small_house.world\n'}
[47.810015] (bumperbot_description) StdoutLine: {'line': b'-- Installing: /home/vboxuser/bumperbot_ws/install/bumperbot_description/share/ament_index/resource_index/package_run_dependencies/bumperbot_description\n'}
[47.810105] (bumperbot_description) StdoutLine: {'line': b'-- Installing: /home/vboxuser/bumperbot_ws/install/bumperbot_description/share/ament_index/resource_index/parent_prefix_path/bumperbot_description\n'}
[47.810141] (bumperbot_description) StdoutLine: {'line': b'-- Installing: /home/vboxuser/bumperbot_ws/install/bumperbot_description/share/bumperbot_description/environment/ament_prefix_path.sh\n'}
[47.810174] (bumperbot_description) StdoutLine: {'line': b'-- Installing: /home/vboxuser/bumperbot_ws/install/bumperbot_description/share/bumperbot_description/environment/ament_prefix_path.dsv\n'}
[47.810208] (bumperbot_description) StdoutLine: {'line': b'-- Installing: /home/vboxuser/bumperbot_ws/install/bumperbot_description/share/bumperbot_description/environment/path.sh\n'}
[47.810236] (bumperbot_description) StdoutLine: {'line': b'-- Installing: /home/vboxuser/bumperbot_ws/install/bumperbot_description/share/bumperbot_description/environment/path.dsv\n'}
[47.810264] (bumperbot_description) StdoutLine: {'line': b'-- Installing: /home/vboxuser/bumperbot_ws/install/bumperbot_description/share/bumperbot_description/local_setup.bash\n'}
[47.810292] (bumperbot_description) StdoutLine: {'line': b'-- Installing: /home/vboxuser/bumperbot_ws/install/bumperbot_description/share/bumperbot_description/local_setup.sh\n'}
[47.810319] (bumperbot_description) StdoutLine: {'line': b'-- Installing: /home/vboxuser/bumperbot_ws/install/bumperbot_description/share/bumperbot_description/local_setup.zsh\n'}
[47.810347] (bumperbot_description) StdoutLine: {'line': b'-- Installing: /home/vboxuser/bumperbot_ws/install/bumperbot_description/share/bumperbot_description/local_setup.dsv\n'}
[47.810402] (bumperbot_description) StdoutLine: {'line': b'-- Installing: /home/vboxuser/bumperbot_ws/install/bumperbot_description/share/bumperbot_description/package.dsv\n'}
[47.810437] (bumperbot_description) StdoutLine: {'line': b'-- Installing: /home/vboxuser/bumperbot_ws/install/bumperbot_description/share/ament_index/resource_index/packages/bumperbot_description\n'}
[47.810470] (bumperbot_description) StdoutLine: {'line': b'-- Installing: /home/vboxuser/bumperbot_ws/install/bumperbot_description/share/bumperbot_description/cmake/bumperbot_descriptionConfig.cmake\n'}
[47.810500] (bumperbot_description) StdoutLine: {'line': b'-- Installing: /home/vboxuser/bumperbot_ws/install/bumperbot_description/share/bumperbot_description/cmake/bumperbot_descriptionConfig-version.cmake\n'}
[47.810530] (bumperbot_description) StdoutLine: {'line': b'-- Installing: /home/vboxuser/bumperbot_ws/install/bumperbot_description/share/bumperbot_description/package.xml\n'}
[47.811112] (bumperbot_description) CommandEnded: {'returncode': 0}
[47.822141] (bumperbot_description) JobEnded: {'identifier': 'bumperbot_description', 'rc': 0}
[47.823579] (bumperbot_firmware) JobStarted: {'identifier': 'bumperbot_firmware'}
[47.835192] (bumperbot_firmware) JobProgress: {'identifier': 'bumperbot_firmware', 'progress': 'cmake'}
[47.835414] (bumperbot_firmware) Command: {'cmd': ['/usr/bin/cmake', '/home/vboxuser/bumperbot_ws/src/bumperbot_firmware', '-DCMAKE_INSTALL_PREFIX=/home/vboxuser/bumperbot_ws/install/bumperbot_firmware'], 'cwd': '/home/vboxuser/bumperbot_ws/build/bumperbot_firmware', 'env': OrderedDict({'GJS_DEBUG_TOPICS': 'JS ERROR;JS LOG', 'XDG_ACTIVATION_TOKEN': 'gnome-shell/Terminator/2065-1-Robotproj_TIME198317', 'LESSOPEN': '| /usr/bin/lesspipe %s', 'USER': 'vboxuser', 'GZ_CONFIG_PATH': '/opt/ros/jazzy/opt/gz_sim_vendor/share/gz:/opt/ros/jazzy/opt/sdformat_vendor/share/gz:/opt/ros/jazzy/opt/gz_gui_vendor/share/gz:/opt/ros/jazzy/opt/gz_transport_vendor/share/gz:/opt/ros/jazzy/opt/gz_rendering_vendor/share/gz:/opt/ros/jazzy/opt/gz_plugin_vendor/share/gz:/opt/ros/jazzy/opt/gz_fuel_tools_vendor/share/gz:/opt/ros/jazzy/opt/gz_msgs_vendor/share/gz:/opt/ros/jazzy/opt/gz_common_vendor/share/gz', 'XDG_SESSION_TYPE': 'wayland', 'CLUTTER_DISABLE_MIPMAPPED_TEXT': '1', 'SHLVL': '1', 'LD_LIBRARY_PATH': '/opt/ros/jazzy/opt/gz_sim_vendor/lib:/opt/ros/jazzy/opt/gz_sensors_vendor/lib:/opt/ros/jazzy/opt/gz_physics_vendor/lib:/opt/ros/jazzy/opt/sdformat_vendor/lib:/opt/ros/jazzy/opt/rviz_ogre_vendor/lib:/opt/ros/jazzy/lib/x86_64-linux-gnu:/opt/ros/jazzy/opt/gz_gui_vendor/lib:/opt/ros/jazzy/opt/gz_transport_vendor/lib:/opt/ros/jazzy/opt/gz_rendering_vendor/lib:/opt/ros/jazzy/opt/gz_plugin_vendor/lib:/opt/ros/jazzy/opt/gz_fuel_tools_vendor/lib:/opt/ros/jazzy/opt/gz_msgs_vendor/lib:/opt/ros/jazzy/opt/gz_common_vendor/lib:/opt/ros/jazzy/opt/gz_math_vendor/lib:/opt/ros/jazzy/opt/gz_utils_vendor/lib:/opt/ros/jazzy/opt/gz_tools_vendor/lib:/opt/ros/jazzy/opt/gz_ogre_next_vendor/lib:/opt/ros/jazzy/opt/gz_dartsim_vendor/lib:/opt/ros/jazzy/opt/gz_cmake_vendor/lib:/opt/ros/jazzy/lib', 'HOME': '/home/vboxuser', 'OLDPWD': '/home/vboxuser', 'DESKTOP_SESSION': 'ubuntu', 'GIO_LAUNCHED_DESKTOP_FILE': '/usr/share/applications/terminator.desktop', 'ROS_PYTHON_VERSION': '3', 'GNOME_SHELL_SESSION_MODE': 'ubuntu', 'GTK_MODULES': 'gail:atk-bridge', 'MANAGERPID': '1821', 'SYSTEMD_EXEC_PID': '2065', 'GSM_SKIP_SSH_AGENT_WORKAROUND': 'true', 'DBUS_SESSION_BUS_ADDRESS': 'unix:path=/run/user/1000/bus', 'COLORTERM': 'truecolor', 'TERMINATOR_DBUS_NAME': 'net.tenshu.Terminator25ef4b219e3b005583550f2b0f9f990c3', 'GIO_LAUNCHED_DESKTOP_FILE_PID': '2992', 'DEBUGINFOD_URLS': 'https://debuginfod.ubuntu.com', 'IM_CONFIG_PHASE': '1', 'WAYLAND_DISPLAY': 'wayland-0', 'ROS_DISTRO': 'jazzy', 'LOGNAME': 'vboxuser', 'JOURNAL_STREAM': '9:15131', '_': '/usr/bin/colcon', 'ROS_VERSION': '2', 'MEMORY_PRESSURE_WATCH': '/sys/fs/cgroup/user.slice/user-1000.slice/user@1000.service/session.slice/org.gnome.Shell@wayland.service/memory.pressure', 'XDG_SESSION_CLASS': 'user', 'USERNAME': 'vboxuser', 'TERM': 'xterm-256color', 'GNOME_DESKTOP_SESSION_ID': 'this-is-deprecated', 'PATH': '/opt/ros/jazzy/opt/gz_msgs_vendor/bin:/opt/ros/jazzy/opt/gz_tools_vendor/bin:/opt/ros/jazzy/opt/gz_ogre_next_vendor/bin:/opt/ros/jazzy/bin:/home/vboxuser/.local/bin:/usr/local/sbin:/usr/local/bin:/usr/sbin:/usr/bin:/sbin:/bin:/usr/games:/usr/local/games:/snap/bin:/snap/bin', 'SESSION_MANAGER': 'local/Robotproj:@/tmp/.ICE-unix/2021,unix/Robotproj:/tmp/.ICE-unix/2021', 'INVOCATION_ID': '0a4448d9e3fa415eb657cec0bbe459f4', 'XDG_MENU_PREFIX': 'gnome-', 'GNOME_SETUP_DISPLAY': ':1', 'XDG_RUNTIME_DIR': '/run/user/1000', 'DISPLAY': ':0', 'TERMINATOR_DBUS_PATH': '/net/tenshu/Terminator2', 'LANG': 'en_US.UTF-8', 'XDG_CURRENT_DESKTOP': 'ubuntu:GNOME', 'XMODIFIERS': '@im=ibus', 'XDG_SESSION_DESKTOP': 'ubuntu', 'XAUTHORITY': '/run/user/1000/.mutter-Xwaylandauth.N2SBM3', 'LS_COLORS': 'rs=0:di=01;34:ln=01;36:mh=00:pi=40;33:so=01;35:do=01;35:bd=40;33;01:cd=40;33;01:or=40;31;01:mi=00:su=37;41:sg=30;43:ca=00:tw=30;42:ow=34;42:st=37;44:ex=01;32:*.tar=01;31:*.tgz=01;31:*.arc=01;31:*.arj=01;31:*.taz=01;31:*.lha=01;31:*.lz4=01;31:*.lzh=01;31:*.lzma=01;31:*.tlz=01;31:*.txz=01;31:*.tzo=01;31:*.t7z=01;31:*.zip=01;31:*.z=01;31:*.dz=01;31:*.gz=01;31:*.lrz=01;31:*.lz=01;31:*.lzo=01;31:*.xz=01;31:*.zst=01;31:*.tzst=01;31:*.bz2=01;31:*.bz=01;31:*.tbz=01;31:*.tbz2=01;31:*.tz=01;31:*.deb=01;31:*.rpm=01;31:*.jar=01;31:*.war=01;31:*.ear=01;31:*.sar=01;31:*.rar=01;31:*.alz=01;31:*.ace=01;31:*.zoo=01;31:*.cpio=01;31:*.7z=01;31:*.rz=01;31:*.cab=01;31:*.wim=01;31:*.swm=01;31:*.dwm=01;31:*.esd=01;31:*.avif=01;35:*.jpg=01;35:*.jpeg=01;35:*.mjpg=01;35:*.mjpeg=01;35:*.gif=01;35:*.bmp=01;35:*.pbm=01;35:*.pgm=01;35:*.ppm=01;35:*.tga=01;35:*.xbm=01;35:*.xpm=01;35:*.tif=01;35:*.tiff=01;35:*.png=01;35:*.svg=01;35:*.svgz=01;35:*.mng=01;35:*.pcx=01;35:*.mov=01;35:*.mpg=01;35:*.mpeg=01;35:*.m2v=01;35:*.mkv=01;35:*.webm=01;35:*.webp=01;35:*.ogm=01;35:*.mp4=01;35:*.m4v=01;35:*.mp4v=01;35:*.vob=01;35:*.qt=01;35:*.nuv=01;35:*.wmv=01;35:*.asf=01;35:*.rm=01;35:*.rmvb=01;35:*.flc=01;35:*.avi=01;35:*.fli=01;35:*.flv=01;35:*.gl=01;35:*.dl=01;35:*.xcf=01;35:*.xwd=01;35:*.yuv=01;35:*.cgm=01;35:*.emf=01;35:*.ogv=01;35:*.ogx=01;35:*.aac=00;36:*.au=00;36:*.flac=00;36:*.m4a=00;36:*.mid=00;36:*.midi=00;36:*.mka=00;36:*.mp3=00;36:*.mpc=00;36:*.ogg=00;36:*.ra=00;36:*.wav=00;36:*.oga=00;36:*.opus=00;36:*.spx=00;36:*.xspf=00;36:*~=00;90:*#=00;90:*.bak=00;90:*.crdownload=00;90:*.dpkg-dist=00;90:*.dpkg-new=00;90:*.dpkg-old=00;90:*.dpkg-tmp=00;90:*.old=00;90:*.orig=00;90:*.part=00;90:*.rej=00;90:*.rpmnew=00;90:*.rpmorig=00;90:*.rpmsave=00;90:*.swp=00;90:*.tmp=00;90:*.ucf-dist=00;90:*.ucf-new=00;90:*.ucf-old=00;90:', 'SSH_AUTH_SOCK': '/run/user/1000/keyring/ssh', 'AMENT_PREFIX_PATH': '/opt/ros/jazzy', 'SHELL': '/bin/bash', 'TERMINATOR_UUID': 'urn:uuid:d9c01e1d-4148-4ee8-8389-ff1a6dc9a537', 'QT_ACCESSIBILITY': '1', 'GDMSESSION': 'ubuntu', 'LESSCLOSE': '/usr/bin/lesspipe %s %s', 'GJS_DEBUG_OUTPUT': 'stderr', 'ROS_AUTOMATIC_DISCOVERY_RANGE': 'SUBNET', 'QT_IM_MODULE': 'ibus', 'PWD': '/home/vboxuser/bumperbot_ws/build/bumperbot_firmware', 'LC_ALL': 'en_US.UTF-8', 'XDG_CONFIG_DIRS': '/etc/xdg/xdg-ubuntu:/etc/xdg', 'XDG_DATA_DIRS': '/usr/share/ubuntu:/usr/share/gnome:/usr/local/share/:/usr/share/:/var/lib/snapd/desktop', 'PYTHONPATH': '/opt/ros/jazzy/lib/python3.12/site-packages', 'COLCON': '1', 'MEMORY_PRESSURE_WRITE': 'c29tZSAyMDAwMDAgMjAwMDAwMAA=', 'VTE_VERSION': '7600', 'CMAKE_PREFIX_PATH': '/opt/ros/jazzy/opt/gz_sim_vendor:/opt/ros/jazzy/opt/gz_sensors_vendor:/opt/ros/jazzy/opt/gz_physics_vendor:/opt/ros/jazzy/opt/sdformat_vendor:/opt/ros/jazzy/opt/gz_gui_vendor:/opt/ros/jazzy/opt/gz_transport_vendor:/opt/ros/jazzy/opt/gz_rendering_vendor:/opt/ros/jazzy/opt/gz_plugin_vendor:/opt/ros/jazzy/opt/gz_fuel_tools_vendor:/opt/ros/jazzy/opt/gz_msgs_vendor:/opt/ros/jazzy/opt/gz_common_vendor:/opt/ros/jazzy/opt/gz_math_vendor:/opt/ros/jazzy/opt/gz_utils_vendor:/opt/ros/jazzy/opt/gz_tools_vendor:/opt/ros/jazzy/opt/gz_ogre_next_vendor:/opt/ros/jazzy/opt/gz_dartsim_vendor:/opt/ros/jazzy/opt/gz_cmake_vendor:/opt/ros/jazzy'}), 'shell': False}
[47.892196] (-) TimerEvent: {}
[47.922768] (bumperbot_firmware) StdoutLine: {'line': b'-- The C compiler identification is GNU 13.3.0\n'}
[47.965520] (bumperbot_firmware) StdoutLine: {'line': b'-- The CXX compiler identification is GNU 13.3.0\n'}
[47.980145] (bumperbot_firmware) StdoutLine: {'line': b'-- Detecting C compiler ABI info\n'}
[47.993138] (-) TimerEvent: {}
[48.077598] (bumperbot_firmware) StdoutLine: {'line': b'-- Detecting C compiler ABI info - done\n'}
[48.079222] (bumperbot_firmware) StdoutLine: {'line': b'-- Check for working C compiler: /usr/bin/cc - skipped\n'}
[48.079540] (bumperbot_firmware) StdoutLine: {'line': b'-- Detecting C compile features\n'}
[48.079925] (bumperbot_firmware) StdoutLine: {'line': b'-- Detecting C compile features - done\n'}
[48.089940] (bumperbot_firmware) StdoutLine: {'line': b'-- Detecting CXX compiler ABI info\n'}
[48.094988] (-) TimerEvent: {}
[48.186451] (bumperbot_firmware) StdoutLine: {'line': b'-- Detecting CXX compiler ABI info - done\n'}
[48.192916] (bumperbot_firmware) StdoutLine: {'line': b'-- Check for working CXX compiler: /usr/bin/c++ - skipped\n'}
[48.193231] (bumperbot_firmware) StdoutLine: {'line': b'-- Detecting CXX compile features\n'}
[48.193703] (bumperbot_firmware) StdoutLine: {'line': b'-- Detecting CXX compile features - done\n'}
[48.196009] (bumperbot_firmware) StdoutLine: {'line': b'-- Found ament_cmake: 2.5.5 (/opt/ros/jazzy/share/ament_cmake/cmake)\n'}
[48.196079] (-) TimerEvent: {}
[48.306029] (-) TimerEvent: {}
[48.336791] (bumperbot_firmware) StdoutLine: {'line': b'-- Found Python3: /usr/bin/python3 (found version "3.12.3") found components: Interpreter \n'}
[48.409370] (-) TimerEvent: {}
[48.427124] (bumperbot_firmware) StdoutLine: {'line': b'-- Found rclcpp: 28.1.16 (/opt/ros/jazzy/share/rclcpp/cmake)\n'}
[48.470853] (bumperbot_firmware) StdoutLine: {'line': b'-- Found rosidl_generator_c: 4.6.7 (/opt/ros/jazzy/share/rosidl_generator_c/cmake)\n'}
[48.491991] (bumperbot_firmware) StdoutLine: {'line': b'-- Found rosidl_generator_cpp: 4.6.7 (/opt/ros/jazzy/share/rosidl_generator_cpp/cmake)\n'}
[48.496200] (bumperbot_firmware) StdoutLine: {'line': b'-- Using all available rosidl_typesupport_c: rosidl_typesupport_fastrtps_c;rosidl_typesupport_introspection_c\n'}
[48.509327] (bumperbot_firmware) StdoutLine: {'line': b'-- Using all available rosidl_typesupport_cpp: rosidl_typesupport_fastrtps_cpp;rosidl_typesupport_introspection_cpp\n'}
[48.509414] (-) TimerEvent: {}
[48.588469] (bumperbot_firmware) StdoutLine: {'line': b'-- Found rmw_implementation_cmake: 7.3.3 (/opt/ros/jazzy/share/rmw_implementation_cmake/cmake)\n'}
[48.590961] (bumperbot_firmware) StdoutLine: {'line': b'-- Found rmw_fastrtps_cpp: 8.4.3 (/opt/ros/jazzy/share/rmw_fastrtps_cpp/cmake)\n'}
[48.614143] (-) TimerEvent: {}
[48.686545] (bumperbot_firmware) StdoutLine: {'line': b'-- Found OpenSSL: /usr/lib/x86_64-linux-gnu/libcrypto.so (found version "3.0.13")  \n'}
[48.701975] (bumperbot_firmware) StdoutLine: {'line': b'-- Found FastRTPS: /opt/ros/jazzy/include (Required is at least version "2.13") \n'}
[48.714245] (-) TimerEvent: {}
[48.731652] (bumperbot_firmware) StdoutLine: {'line': b"-- Using RMW implementation 'rmw_fastrtps_cpp' as default\n"}
[48.788610] (bumperbot_firmware) StdoutLine: {'line': b'-- Found rclpy: 7.1.9 (/opt/ros/jazzy/share/rclpy/cmake)\n'}
[48.791402] (bumperbot_firmware) StdoutLine: {'line': b'-- Found std_msgs: 5.3.6 (/opt/ros/jazzy/share/std_msgs/cmake)\n'}
[48.804289] (bumperbot_firmware) StdoutLine: {'line': b'-- Found hardware_interface: 4.42.2 (/opt/ros/jazzy/share/hardware_interface/cmake)\n'}
[48.814400] (-) TimerEvent: {}
[48.915103] (-) TimerEvent: {}
[49.018460] (-) TimerEvent: {}
[49.130009] (-) TimerEvent: {}
[49.230459] (-) TimerEvent: {}
[49.256789] (bumperbot_firmware) StdoutLine: {'line': b'-- Found PkgConfig: /usr/bin/pkg-config (found version "1.8.1") \n'}
[49.256939] (bumperbot_firmware) StdoutLine: {'line': b"-- Checking for module 'libserial'\n"}
[49.273136] (bumperbot_firmware) StdoutLine: {'line': b'--   Found libserial, version 1.0.0\n'}
[49.340131] (-) TimerEvent: {}
[49.453137] (-) TimerEvent: {}
[49.481025] (bumperbot_firmware) StdoutLine: {'line': b'-- Configuring done (1.6s)\n'}
[49.510043] (bumperbot_firmware) StdoutLine: {'line': b'-- Generating done (0.0s)\n'}
[49.516088] (bumperbot_firmware) StdoutLine: {'line': b'-- Build files have been written to: /home/vboxuser/bumperbot_ws/build/bumperbot_firmware\n'}
[49.523327] (bumperbot_firmware) CommandEnded: {'returncode': 0}
[49.523668] (bumperbot_firmware) JobProgress: {'identifier': 'bumperbot_firmware', 'progress': 'build'}
[49.523805] (bumperbot_firmware) Command: {'cmd': ['/usr/bin/cmake', '--build', '/home/vboxuser/bumperbot_ws/build/bumperbot_firmware', '--', '-j1', '-l1'], 'cwd': '/home/vboxuser/bumperbot_ws/build/bumperbot_firmware', 'env': OrderedDict({'GJS_DEBUG_TOPICS': 'JS ERROR;JS LOG', 'XDG_ACTIVATION_TOKEN': 'gnome-shell/Terminator/2065-1-Robotproj_TIME198317', 'LESSOPEN': '| /usr/bin/lesspipe %s', 'USER': 'vboxuser', 'GZ_CONFIG_PATH': '/opt/ros/jazzy/opt/gz_sim_vendor/share/gz:/opt/ros/jazzy/opt/sdformat_vendor/share/gz:/opt/ros/jazzy/opt/gz_gui_vendor/share/gz:/opt/ros/jazzy/opt/gz_transport_vendor/share/gz:/opt/ros/jazzy/opt/gz_rendering_vendor/share/gz:/opt/ros/jazzy/opt/gz_plugin_vendor/share/gz:/opt/ros/jazzy/opt/gz_fuel_tools_vendor/share/gz:/opt/ros/jazzy/opt/gz_msgs_vendor/share/gz:/opt/ros/jazzy/opt/gz_common_vendor/share/gz', 'XDG_SESSION_TYPE': 'wayland', 'CLUTTER_DISABLE_MIPMAPPED_TEXT': '1', 'SHLVL': '1', 'LD_LIBRARY_PATH': '/opt/ros/jazzy/opt/gz_sim_vendor/lib:/opt/ros/jazzy/opt/gz_sensors_vendor/lib:/opt/ros/jazzy/opt/gz_physics_vendor/lib:/opt/ros/jazzy/opt/sdformat_vendor/lib:/opt/ros/jazzy/opt/rviz_ogre_vendor/lib:/opt/ros/jazzy/lib/x86_64-linux-gnu:/opt/ros/jazzy/opt/gz_gui_vendor/lib:/opt/ros/jazzy/opt/gz_transport_vendor/lib:/opt/ros/jazzy/opt/gz_rendering_vendor/lib:/opt/ros/jazzy/opt/gz_plugin_vendor/lib:/opt/ros/jazzy/opt/gz_fuel_tools_vendor/lib:/opt/ros/jazzy/opt/gz_msgs_vendor/lib:/opt/ros/jazzy/opt/gz_common_vendor/lib:/opt/ros/jazzy/opt/gz_math_vendor/lib:/opt/ros/jazzy/opt/gz_utils_vendor/lib:/opt/ros/jazzy/opt/gz_tools_vendor/lib:/opt/ros/jazzy/opt/gz_ogre_next_vendor/lib:/opt/ros/jazzy/opt/gz_dartsim_vendor/lib:/opt/ros/jazzy/opt/gz_cmake_vendor/lib:/opt/ros/jazzy/lib', 'HOME': '/home/vboxuser', 'OLDPWD': '/home/vboxuser', 'DESKTOP_SESSION': 'ubuntu', 'GIO_LAUNCHED_DESKTOP_FILE': '/usr/share/applications/terminator.desktop', 'ROS_PYTHON_VERSION': '3', 'GNOME_SHELL_SESSION_MODE': 'ubuntu', 'GTK_MODULES': 'gail:atk-bridge', 'MANAGERPID': '1821', 'SYSTEMD_EXEC_PID': '2065', 'GSM_SKIP_SSH_AGENT_WORKAROUND': 'true', 'DBUS_SESSION_BUS_ADDRESS': 'unix:path=/run/user/1000/bus', 'COLORTERM': 'truecolor', 'TERMINATOR_DBUS_NAME': 'net.tenshu.Terminator25ef4b219e3b005583550f2b0f9f990c3', 'GIO_LAUNCHED_DESKTOP_FILE_PID': '2992', 'DEBUGINFOD_URLS': 'https://debuginfod.ubuntu.com', 'IM_CONFIG_PHASE': '1', 'WAYLAND_DISPLAY': 'wayland-0', 'ROS_DISTRO': 'jazzy', 'LOGNAME': 'vboxuser', 'JOURNAL_STREAM': '9:15131', '_': '/usr/bin/colcon', 'ROS_VERSION': '2', 'MEMORY_PRESSURE_WATCH': '/sys/fs/cgroup/user.slice/user-1000.slice/user@1000.service/session.slice/org.gnome.Shell@wayland.service/memory.pressure', 'XDG_SESSION_CLASS': 'user', 'USERNAME': 'vboxuser', 'TERM': 'xterm-256color', 'GNOME_DESKTOP_SESSION_ID': 'this-is-deprecated', 'PATH': '/opt/ros/jazzy/opt/gz_msgs_vendor/bin:/opt/ros/jazzy/opt/gz_tools_vendor/bin:/opt/ros/jazzy/opt/gz_ogre_next_vendor/bin:/opt/ros/jazzy/bin:/home/vboxuser/.local/bin:/usr/local/sbin:/usr/local/bin:/usr/sbin:/usr/bin:/sbin:/bin:/usr/games:/usr/local/games:/snap/bin:/snap/bin', 'SESSION_MANAGER': 'local/Robotproj:@/tmp/.ICE-unix/2021,unix/Robotproj:/tmp/.ICE-unix/2021', 'INVOCATION_ID': '0a4448d9e3fa415eb657cec0bbe459f4', 'XDG_MENU_PREFIX': 'gnome-', 'GNOME_SETUP_DISPLAY': ':1', 'XDG_RUNTIME_DIR': '/run/user/1000', 'DISPLAY': ':0', 'TERMINATOR_DBUS_PATH': '/net/tenshu/Terminator2', 'LANG': 'en_US.UTF-8', 'XDG_CURRENT_DESKTOP': 'ubuntu:GNOME', 'XMODIFIERS': '@im=ibus', 'XDG_SESSION_DESKTOP': 'ubuntu', 'XAUTHORITY': '/run/user/1000/.mutter-Xwaylandauth.N2SBM3', 'LS_COLORS': 'rs=0:di=01;34:ln=01;36:mh=00:pi=40;33:so=01;35:do=01;35:bd=40;33;01:cd=40;33;01:or=40;31;01:mi=00:su=37;41:sg=30;43:ca=00:tw=30;42:ow=34;42:st=37;44:ex=01;32:*.tar=01;31:*.tgz=01;31:*.arc=01;31:*.arj=01;31:*.taz=01;31:*.lha=01;31:*.lz4=01;31:*.lzh=01;31:*.lzma=01;31:*.tlz=01;31:*.txz=01;31:*.tzo=01;31:*.t7z=01;31:*.zip=01;31:*.z=01;31:*.dz=01;31:*.gz=01;31:*.lrz=01;31:*.lz=01;31:*.lzo=01;31:*.xz=01;31:*.zst=01;31:*.tzst=01;31:*.bz2=01;31:*.bz=01;31:*.tbz=01;31:*.tbz2=01;31:*.tz=01;31:*.deb=01;31:*.rpm=01;31:*.jar=01;31:*.war=01;31:*.ear=01;31:*.sar=01;31:*.rar=01;31:*.alz=01;31:*.ace=01;31:*.zoo=01;31:*.cpio=01;31:*.7z=01;31:*.rz=01;31:*.cab=01;31:*.wim=01;31:*.swm=01;31:*.dwm=01;31:*.esd=01;31:*.avif=01;35:*.jpg=01;35:*.jpeg=01;35:*.mjpg=01;35:*.mjpeg=01;35:*.gif=01;35:*.bmp=01;35:*.pbm=01;35:*.pgm=01;35:*.ppm=01;35:*.tga=01;35:*.xbm=01;35:*.xpm=01;35:*.tif=01;35:*.tiff=01;35:*.png=01;35:*.svg=01;35:*.svgz=01;35:*.mng=01;35:*.pcx=01;35:*.mov=01;35:*.mpg=01;35:*.mpeg=01;35:*.m2v=01;35:*.mkv=01;35:*.webm=01;35:*.webp=01;35:*.ogm=01;35:*.mp4=01;35:*.m4v=01;35:*.mp4v=01;35:*.vob=01;35:*.qt=01;35:*.nuv=01;35:*.wmv=01;35:*.asf=01;35:*.rm=01;35:*.rmvb=01;35:*.flc=01;35:*.avi=01;35:*.fli=01;35:*.flv=01;35:*.gl=01;35:*.dl=01;35:*.xcf=01;35:*.xwd=01;35:*.yuv=01;35:*.cgm=01;35:*.emf=01;35:*.ogv=01;35:*.ogx=01;35:*.aac=00;36:*.au=00;36:*.flac=00;36:*.m4a=00;36:*.mid=00;36:*.midi=00;36:*.mka=00;36:*.mp3=00;36:*.mpc=00;36:*.ogg=00;36:*.ra=00;36:*.wav=00;36:*.oga=00;36:*.opus=00;36:*.spx=00;36:*.xspf=00;36:*~=00;90:*#=00;90:*.bak=00;90:*.crdownload=00;90:*.dpkg-dist=00;90:*.dpkg-new=00;90:*.dpkg-old=00;90:*.dpkg-tmp=00;90:*.old=00;90:*.orig=00;90:*.part=00;90:*.rej=00;90:*.rpmnew=00;90:*.rpmorig=00;90:*.rpmsave=00;90:*.swp=00;90:*.tmp=00;90:*.ucf-dist=00;90:*.ucf-new=00;90:*.ucf-old=00;90:', 'SSH_AUTH_SOCK': '/run/user/1000/keyring/ssh', 'AMENT_PREFIX_PATH': '/opt/ros/jazzy', 'SHELL': '/bin/bash', 'TERMINATOR_UUID': 'urn:uuid:d9c01e1d-4148-4ee8-8389-ff1a6dc9a537', 'QT_ACCESSIBILITY': '1', 'GDMSESSION': 'ubuntu', 'LESSCLOSE': '/usr/bin/lesspipe %s %s', 'GJS_DEBUG_OUTPUT': 'stderr', 'ROS_AUTOMATIC_DISCOVERY_RANGE': 'SUBNET', 'QT_IM_MODULE': 'ibus', 'PWD': '/home/vboxuser/bumperbot_ws/build/bumperbot_firmware', 'LC_ALL': 'en_US.UTF-8', 'XDG_CONFIG_DIRS': '/etc/xdg/xdg-ubuntu:/etc/xdg', 'XDG_DATA_DIRS': '/usr/share/ubuntu:/usr/share/gnome:/usr/local/share/:/usr/share/:/var/lib/snapd/desktop', 'PYTHONPATH': '/opt/ros/jazzy/lib/python3.12/site-packages', 'COLCON': '1', 'MEMORY_PRESSURE_WRITE': 'c29tZSAyMDAwMDAgMjAwMDAwMAA=', 'VTE_VERSION': '7600', 'CMAKE_PREFIX_PATH': '/opt/ros/jazzy/opt/gz_sim_vendor:/opt/ros/jazzy/opt/gz_sensors_vendor:/opt/ros/jazzy/opt/gz_physics_vendor:/opt/ros/jazzy/opt/sdformat_vendor:/opt/ros/jazzy/opt/gz_gui_vendor:/opt/ros/jazzy/opt/gz_transport_vendor:/opt/ros/jazzy/opt/gz_rendering_vendor:/opt/ros/jazzy/opt/gz_plugin_vendor:/opt/ros/jazzy/opt/gz_fuel_tools_vendor:/opt/ros/jazzy/opt/gz_msgs_vendor:/opt/ros/jazzy/opt/gz_common_vendor:/opt/ros/jazzy/opt/gz_math_vendor:/opt/ros/jazzy/opt/gz_utils_vendor:/opt/ros/jazzy/opt/gz_tools_vendor:/opt/ros/jazzy/opt/gz_ogre_next_vendor:/opt/ros/jazzy/opt/gz_dartsim_vendor:/opt/ros/jazzy/opt/gz_cmake_vendor:/opt/ros/jazzy'}), 'shell': False}
[49.553233] (-) TimerEvent: {}
[49.604631] (bumperbot_firmware) StdoutLine: {'line': b'[  0%] Built target ament_cmake_python_copy_bumperbot_firmware\n'}
[49.660023] (-) TimerEvent: {}
[49.762964] (-) TimerEvent: {}
[49.784369] (bumperbot_firmware) StdoutLine: {'line': b'running egg_info\n'}
[49.784487] (bumperbot_firmware) StdoutLine: {'line': b'creating bumperbot_firmware.egg-info\n'}
[49.792878] (bumperbot_firmware) StdoutLine: {'line': b'writing bumperbot_firmware.egg-info/PKG-INFO\n'}
[49.794384] (bumperbot_firmware) StdoutLine: {'line': b'writing dependency_links to bumperbot_firmware.egg-info/dependency_links.txt\n'}
[49.794635] (bumperbot_firmware) StdoutLine: {'line': b'writing top-level names to bumperbot_firmware.egg-info/top_level.txt\n'}
[49.794794] (bumperbot_firmware) StdoutLine: {'line': b"writing manifest file 'bumperbot_firmware.egg-info/SOURCES.txt'\n"}
[49.843150] (bumperbot_firmware) StdoutLine: {'line': b"reading manifest file 'bumperbot_firmware.egg-info/SOURCES.txt'\n"}
[49.843668] (bumperbot_firmware) StdoutLine: {'line': b"writing manifest file 'bumperbot_firmware.egg-info/SOURCES.txt'\n"}
[49.864419] (-) TimerEvent: {}
[49.875566] (bumperbot_firmware) StdoutLine: {'line': b'[  0%] Built target ament_cmake_python_build_bumperbot_firmware_egg\n'}
[49.908497] (bumperbot_firmware) StdoutLine: {'line': b'[ 16%] \x1b[32mBuilding CXX object CMakeFiles/bumperbot_firmware.dir/src/bumperbot_interface.cpp.o\x1b[0m\n'}
[49.970086] (-) TimerEvent: {}
[50.072979] (-) TimerEvent: {}
[50.182710] (-) TimerEvent: {}
[50.297054] (-) TimerEvent: {}
[50.403017] (-) TimerEvent: {}
[50.516986] (-) TimerEvent: {}
[50.630544] (-) TimerEvent: {}
[50.734025] (-) TimerEvent: {}
[50.836993] (-) TimerEvent: {}
[50.940150] (-) TimerEvent: {}
[51.043585] (-) TimerEvent: {}
[51.157226] (-) TimerEvent: {}
[51.260971] (-) TimerEvent: {}
[51.364013] (-) TimerEvent: {}
[51.467008] (-) TimerEvent: {}
[51.570285] (-) TimerEvent: {}
[51.684088] (-) TimerEvent: {}
[51.787412] (-) TimerEvent: {}
[51.900321] (-) TimerEvent: {}
[52.004050] (-) TimerEvent: {}
[52.045791] (bumperbot_firmware) StderrLine: {'line': b'\x1b[01m\x1b[K/home/vboxuser/bumperbot_ws/src/bumperbot_firmware/src/bumperbot_interface.cpp:\x1b[m\x1b[K In member function \xe2\x80\x98\x1b[01m\x1b[Kvirtual bumperbot_firmware::CallbackReturn bumperbot_firmware::BumperbotInterface::\x1b[01;32m\x1b[Kon_init\x1b[m\x1b[K(const hardware_interface::HardwareInfo&)\x1b[m\x1b[K\xe2\x80\x99:\n'}
[52.045949] (bumperbot_firmware) StderrLine: {'line': b'\x1b[01m\x1b[K/home/vboxuser/bumperbot_ws/src/bumperbot_firmware/src/bumperbot_interface.cpp:32:71:\x1b[m\x1b[K \x1b[01;35m\x1b[Kwarning: \x1b[m\x1b[K\xe2\x80\x98\x1b[01m\x1b[Kvirtual rclcpp_lifecycle::node_interfaces::LifecycleNodeInterface::CallbackReturn hardware_interface::HardwareComponentInterface::\x1b[01;32m\x1b[Kon_init\x1b[m\x1b[K(const hardware_interface::HardwareInfo&)\x1b[m\x1b[K\xe2\x80\x99 is deprecated: Use on_init(const HardwareComponentInterfaceParams & params) instead. [\x1b[01;35m\x1b[K\x1b]8;;https://gcc.gnu.org/onlinedocs/gcc/Warning-Options.html#index-Wdeprecated-declarations\x07-Wdeprecated-declarations\x1b]8;;\x07\x1b[m\x1b[K]\n'}
[52.045993] (bumperbot_firmware) StderrLine: {'line': b'   32 | Return result = \x1b[01;35m\x1b[Khardware_interface::SystemInterface::on_init(hardware_info)\x1b[m\x1b[K;\n'}
[52.046026] (bumperbot_firmware) StderrLine: {'line': b'      |                 \x1b[01;35m\x1b[K~~~~~~~~~~~~~~~~~~~~~~~~~~~~~~~~~~~~~~~~~~~~^~~~~~~~~~~~~~~\x1b[m\x1b[K\n'}
[52.046055] (bumperbot_firmware) StderrLine: {'line': b'\n'}
[52.046085] (bumperbot_firmware) StderrLine: {'line': b'In file included from \x1b[01m\x1b[K/opt/ros/jazzy/include/hardware_interface/hardware_interface/system_interface.hpp:18\x1b[m\x1b[K,\n'}
[52.046119] (bumperbot_firmware) StderrLine: {'line': b'                 from \x1b[01m\x1b[K/home/vboxuser/bumperbot_ws/src/bumperbot_firmware/include/bumperbot_firmware/bumperbot_interface.hpp:5\x1b[m\x1b[K,\n'}
[52.046148] (bumperbot_firmware) StderrLine: {'line': b'                 from \x1b[01m\x1b[K/home/vboxuser/bumperbot_ws/src/bumperbot_firmware/src/bumperbot_interface.cpp:1\x1b[m\x1b[K:\n'}
[52.046178] (bumperbot_firmware) StderrLine: {'line': b'\x1b[01m\x1b[K/opt/ros/jazzy/include/hardware_interface/hardware_interface/hardware_component_interface.hpp:140:26:\x1b[m\x1b[K \x1b[01;36m\x1b[Knote: \x1b[m\x1b[Kdeclared here\n'}
[52.046205] (bumperbot_firmware) StderrLine: {'line': b'  140 |   virtual CallbackReturn \x1b[01;36m\x1b[Kon_init\x1b[m\x1b[K(const HardwareInfo & hardware_info);\n'}
[52.046234] (bumperbot_firmware) StderrLine: {'line': b'      |                          \x1b[01;36m\x1b[K^~~~~~~\x1b[m\x1b[K\n'}
[52.107361] (-) TimerEvent: {}
[52.211016] (-) TimerEvent: {}
[52.314010] (-) TimerEvent: {}
[52.417069] (-) TimerEvent: {}
[52.521012] (-) TimerEvent: {}
[52.624035] (-) TimerEvent: {}
[52.738182] (-) TimerEvent: {}
[52.841010] (-) TimerEvent: {}
[52.954543] (-) TimerEvent: {}
[53.057981] (-) TimerEvent: {}
[53.161027] (-) TimerEvent: {}
[53.274226] (-) TimerEvent: {}
[53.377423] (-) TimerEvent: {}
[53.491291] (-) TimerEvent: {}
[53.559033] (bumperbot_firmware) StdoutLine: {'line': b'[ 33%] \x1b[32m\x1b[1mLinking CXX shared library libbumperbot_firmware.so\x1b[0m\n'}
[53.591501] (-) TimerEvent: {}
[53.694230] (-) TimerEvent: {}
[53.793052] (bumperbot_firmware) StdoutLine: {'line': b'[ 33%] Built target bumperbot_firmware\n'}
[53.794309] (-) TimerEvent: {}
[53.828047] (bumperbot_firmware) StdoutLine: {'line': b'[ 50%] \x1b[32mBuilding CXX object CMakeFiles/simple_serial_receiver.dir/src/simple_serial_receiver.cpp.o\x1b[0m\n'}
[53.894394] (-) TimerEvent: {}
[54.018021] (-) TimerEvent: {}
[54.121019] (-) TimerEvent: {}
[54.234312] (-) TimerEvent: {}
[54.338040] (-) TimerEvent: {}
[54.451745] (-) TimerEvent: {}
[54.554516] (-) TimerEvent: {}
[54.657992] (-) TimerEvent: {}
[54.761001] (-) TimerEvent: {}
[54.864316] (-) TimerEvent: {}
[54.967735] (-) TimerEvent: {}
[55.070418] (-) TimerEvent: {}
[55.173992] (-) TimerEvent: {}
[55.277025] (-) TimerEvent: {}
[55.380344] (-) TimerEvent: {}
[55.483522] (-) TimerEvent: {}
[55.597295] (-) TimerEvent: {}
[55.700308] (-) TimerEvent: {}
[55.801616] (-) TimerEvent: {}
[55.906510] (-) TimerEvent: {}
[56.009975] (-) TimerEvent: {}
[56.113085] (-) TimerEvent: {}
[56.216995] (-) TimerEvent: {}
[56.319997] (-) TimerEvent: {}
[56.423678] (-) TimerEvent: {}
[56.536976] (-) TimerEvent: {}
[56.639994] (-) TimerEvent: {}
[56.742994] (-) TimerEvent: {}
[56.846488] (-) TimerEvent: {}
[56.960078] (-) TimerEvent: {}
[57.075128] (-) TimerEvent: {}
[57.121004] (bumperbot_firmware) StdoutLine: {'line': b'[ 66%] \x1b[32m\x1b[1mLinking CXX executable simple_serial_receiver\x1b[0m\n'}
[57.176440] (-) TimerEvent: {}
[57.258060] (bumperbot_firmware) StdoutLine: {'line': b'[ 66%] Built target simple_serial_receiver\n'}
[57.276539] (-) TimerEvent: {}
[57.287627] (bumperbot_firmware) StdoutLine: {'line': b'[ 83%] \x1b[32mBuilding CXX object CMakeFiles/simple_serial_transmitter.dir/src/simple_serial_transmitter.cpp.o\x1b[0m\n'}
[57.383985] (-) TimerEvent: {}
[57.487319] (-) TimerEvent: {}
[57.591007] (-) TimerEvent: {}
[57.695017] (-) TimerEvent: {}
[57.797041] (-) TimerEvent: {}
[57.910682] (-) TimerEvent: {}
[58.013925] (-) TimerEvent: {}
[58.116981] (-) TimerEvent: {}
[58.220231] (-) TimerEvent: {}
[58.333689] (-) TimerEvent: {}
[58.436436] (-) TimerEvent: {}
[58.550366] (-) TimerEvent: {}
[58.653992] (-) TimerEvent: {}
[58.756945] (-) TimerEvent: {}
[58.870045] (-) TimerEvent: {}
[58.981268] (-) TimerEvent: {}
[59.086641] (-) TimerEvent: {}
[59.188091] (-) TimerEvent: {}
[59.289311] (-) TimerEvent: {}
[59.392270] (-) TimerEvent: {}
[59.493290] (-) TimerEvent: {}
[59.602286] (-) TimerEvent: {}
[59.705995] (-) TimerEvent: {}
[59.815626] (-) TimerEvent: {}
[59.922533] (-) TimerEvent: {}
[60.036182] (-) TimerEvent: {}
[60.139954] (-) TimerEvent: {}
[60.242021] (-) TimerEvent: {}
[60.345176] (-) TimerEvent: {}
[60.448265] (-) TimerEvent: {}
[60.552013] (-) TimerEvent: {}
[60.654453] (-) TimerEvent: {}
[60.758021] (-) TimerEvent: {}
[60.861341] (-) TimerEvent: {}
[60.964753] (-) TimerEvent: {}
[61.079109] (-) TimerEvent: {}
[61.191997] (-) TimerEvent: {}
[61.295010] (-) TimerEvent: {}
[61.398174] (-) TimerEvent: {}
[61.500546] (-) TimerEvent: {}
[61.614004] (-) TimerEvent: {}
[61.717375] (-) TimerEvent: {}
[61.820430] (-) TimerEvent: {}
[61.924028] (-) TimerEvent: {}
[62.027120] (-) TimerEvent: {}
[62.139988] (-) TimerEvent: {}
[62.243240] (-) TimerEvent: {}
[62.347001] (-) TimerEvent: {}
[62.460158] (-) TimerEvent: {}
[62.563902] (-) TimerEvent: {}
[62.677003] (-) TimerEvent: {}
[62.781021] (-) TimerEvent: {}
[62.883679] (-) TimerEvent: {}
[62.987014] (-) TimerEvent: {}
[63.089373] (-) TimerEvent: {}
[63.192643] (-) TimerEvent: {}
[63.306173] (-) TimerEvent: {}
[63.409874] (-) TimerEvent: {}
[63.523012] (-) TimerEvent: {}
[63.625999] (-) TimerEvent: {}
[63.729033] (-) TimerEvent: {}
[63.832654] (-) TimerEvent: {}
[63.935995] (-) TimerEvent: {}
[64.038993] (-) TimerEvent: {}
[64.142005] (-) TimerEvent: {}
[64.246112] (-) TimerEvent: {}
[64.348090] (-) TimerEvent: {}
[64.412870] (bumperbot_firmware) StdoutLine: {'line': b'[100%] \x1b[32m\x1b[1mLinking CXX executable simple_serial_transmitter\x1b[0m\n'}
[64.451550] (-) TimerEvent: {}
[64.555543] (-) TimerEvent: {}
[64.610594] (bumperbot_firmware) StdoutLine: {'line': b'[100%] Built target simple_serial_transmitter\n'}
[64.619331] (bumperbot_firmware) CommandEnded: {'returncode': 0}
[64.619711] (bumperbot_firmware) JobProgress: {'identifier': 'bumperbot_firmware', 'progress': 'install'}
[64.619844] (bumperbot_firmware) Command: {'cmd': ['/usr/bin/cmake', '--install', '/home/vboxuser/bumperbot_ws/build/bumperbot_firmware'], 'cwd': '/home/vboxuser/bumperbot_ws/build/bumperbot_firmware', 'env': OrderedDict({'GJS_DEBUG_TOPICS': 'JS ERROR;JS LOG', 'XDG_ACTIVATION_TOKEN': 'gnome-shell/Terminator/2065-1-Robotproj_TIME198317', 'LESSOPEN': '| /usr/bin/lesspipe %s', 'USER': 'vboxuser', 'GZ_CONFIG_PATH': '/opt/ros/jazzy/opt/gz_sim_vendor/share/gz:/opt/ros/jazzy/opt/sdformat_vendor/share/gz:/opt/ros/jazzy/opt/gz_gui_vendor/share/gz:/opt/ros/jazzy/opt/gz_transport_vendor/share/gz:/opt/ros/jazzy/opt/gz_rendering_vendor/share/gz:/opt/ros/jazzy/opt/gz_plugin_vendor/share/gz:/opt/ros/jazzy/opt/gz_fuel_tools_vendor/share/gz:/opt/ros/jazzy/opt/gz_msgs_vendor/share/gz:/opt/ros/jazzy/opt/gz_common_vendor/share/gz', 'XDG_SESSION_TYPE': 'wayland', 'CLUTTER_DISABLE_MIPMAPPED_TEXT': '1', 'SHLVL': '1', 'LD_LIBRARY_PATH': '/opt/ros/jazzy/opt/gz_sim_vendor/lib:/opt/ros/jazzy/opt/gz_sensors_vendor/lib:/opt/ros/jazzy/opt/gz_physics_vendor/lib:/opt/ros/jazzy/opt/sdformat_vendor/lib:/opt/ros/jazzy/opt/rviz_ogre_vendor/lib:/opt/ros/jazzy/lib/x86_64-linux-gnu:/opt/ros/jazzy/opt/gz_gui_vendor/lib:/opt/ros/jazzy/opt/gz_transport_vendor/lib:/opt/ros/jazzy/opt/gz_rendering_vendor/lib:/opt/ros/jazzy/opt/gz_plugin_vendor/lib:/opt/ros/jazzy/opt/gz_fuel_tools_vendor/lib:/opt/ros/jazzy/opt/gz_msgs_vendor/lib:/opt/ros/jazzy/opt/gz_common_vendor/lib:/opt/ros/jazzy/opt/gz_math_vendor/lib:/opt/ros/jazzy/opt/gz_utils_vendor/lib:/opt/ros/jazzy/opt/gz_tools_vendor/lib:/opt/ros/jazzy/opt/gz_ogre_next_vendor/lib:/opt/ros/jazzy/opt/gz_dartsim_vendor/lib:/opt/ros/jazzy/opt/gz_cmake_vendor/lib:/opt/ros/jazzy/lib', 'HOME': '/home/vboxuser', 'OLDPWD': '/home/vboxuser', 'DESKTOP_SESSION': 'ubuntu', 'GIO_LAUNCHED_DESKTOP_FILE': '/usr/share/applications/terminator.desktop', 'ROS_PYTHON_VERSION': '3', 'GNOME_SHELL_SESSION_MODE': 'ubuntu', 'GTK_MODULES': 'gail:atk-bridge', 'MANAGERPID': '1821', 'SYSTEMD_EXEC_PID': '2065', 'GSM_SKIP_SSH_AGENT_WORKAROUND': 'true', 'DBUS_SESSION_BUS_ADDRESS': 'unix:path=/run/user/1000/bus', 'COLORTERM': 'truecolor', 'TERMINATOR_DBUS_NAME': 'net.tenshu.Terminator25ef4b219e3b005583550f2b0f9f990c3', 'GIO_LAUNCHED_DESKTOP_FILE_PID': '2992', 'DEBUGINFOD_URLS': 'https://debuginfod.ubuntu.com', 'IM_CONFIG_PHASE': '1', 'WAYLAND_DISPLAY': 'wayland-0', 'ROS_DISTRO': 'jazzy', 'LOGNAME': 'vboxuser', 'JOURNAL_STREAM': '9:15131', '_': '/usr/bin/colcon', 'ROS_VERSION': '2', 'MEMORY_PRESSURE_WATCH': '/sys/fs/cgroup/user.slice/user-1000.slice/user@1000.service/session.slice/org.gnome.Shell@wayland.service/memory.pressure', 'XDG_SESSION_CLASS': 'user', 'USERNAME': 'vboxuser', 'TERM': 'xterm-256color', 'GNOME_DESKTOP_SESSION_ID': 'this-is-deprecated', 'PATH': '/opt/ros/jazzy/opt/gz_msgs_vendor/bin:/opt/ros/jazzy/opt/gz_tools_vendor/bin:/opt/ros/jazzy/opt/gz_ogre_next_vendor/bin:/opt/ros/jazzy/bin:/home/vboxuser/.local/bin:/usr/local/sbin:/usr/local/bin:/usr/sbin:/usr/bin:/sbin:/bin:/usr/games:/usr/local/games:/snap/bin:/snap/bin', 'SESSION_MANAGER': 'local/Robotproj:@/tmp/.ICE-unix/2021,unix/Robotproj:/tmp/.ICE-unix/2021', 'INVOCATION_ID': '0a4448d9e3fa415eb657cec0bbe459f4', 'XDG_MENU_PREFIX': 'gnome-', 'GNOME_SETUP_DISPLAY': ':1', 'XDG_RUNTIME_DIR': '/run/user/1000', 'DISPLAY': ':0', 'TERMINATOR_DBUS_PATH': '/net/tenshu/Terminator2', 'LANG': 'en_US.UTF-8', 'XDG_CURRENT_DESKTOP': 'ubuntu:GNOME', 'XMODIFIERS': '@im=ibus', 'XDG_SESSION_DESKTOP': 'ubuntu', 'XAUTHORITY': '/run/user/1000/.mutter-Xwaylandauth.N2SBM3', 'LS_COLORS': 'rs=0:di=01;34:ln=01;36:mh=00:pi=40;33:so=01;35:do=01;35:bd=40;33;01:cd=40;33;01:or=40;31;01:mi=00:su=37;41:sg=30;43:ca=00:tw=30;42:ow=34;42:st=37;44:ex=01;32:*.tar=01;31:*.tgz=01;31:*.arc=01;31:*.arj=01;31:*.taz=01;31:*.lha=01;31:*.lz4=01;31:*.lzh=01;31:*.lzma=01;31:*.tlz=01;31:*.txz=01;31:*.tzo=01;31:*.t7z=01;31:*.zip=01;31:*.z=01;31:*.dz=01;31:*.gz=01;31:*.lrz=01;31:*.lz=01;31:*.lzo=01;31:*.xz=01;31:*.zst=01;31:*.tzst=01;31:*.bz2=01;31:*.bz=01;31:*.tbz=01;31:*.tbz2=01;31:*.tz=01;31:*.deb=01;31:*.rpm=01;31:*.jar=01;31:*.war=01;31:*.ear=01;31:*.sar=01;31:*.rar=01;31:*.alz=01;31:*.ace=01;31:*.zoo=01;31:*.cpio=01;31:*.7z=01;31:*.rz=01;31:*.cab=01;31:*.wim=01;31:*.swm=01;31:*.dwm=01;31:*.esd=01;31:*.avif=01;35:*.jpg=01;35:*.jpeg=01;35:*.mjpg=01;35:*.mjpeg=01;35:*.gif=01;35:*.bmp=01;35:*.pbm=01;35:*.pgm=01;35:*.ppm=01;35:*.tga=01;35:*.xbm=01;35:*.xpm=01;35:*.tif=01;35:*.tiff=01;35:*.png=01;35:*.svg=01;35:*.svgz=01;35:*.mng=01;35:*.pcx=01;35:*.mov=01;35:*.mpg=01;35:*.mpeg=01;35:*.m2v=01;35:*.mkv=01;35:*.webm=01;35:*.webp=01;35:*.ogm=01;35:*.mp4=01;35:*.m4v=01;35:*.mp4v=01;35:*.vob=01;35:*.qt=01;35:*.nuv=01;35:*.wmv=01;35:*.asf=01;35:*.rm=01;35:*.rmvb=01;35:*.flc=01;35:*.avi=01;35:*.fli=01;35:*.flv=01;35:*.gl=01;35:*.dl=01;35:*.xcf=01;35:*.xwd=01;35:*.yuv=01;35:*.cgm=01;35:*.emf=01;35:*.ogv=01;35:*.ogx=01;35:*.aac=00;36:*.au=00;36:*.flac=00;36:*.m4a=00;36:*.mid=00;36:*.midi=00;36:*.mka=00;36:*.mp3=00;36:*.mpc=00;36:*.ogg=00;36:*.ra=00;36:*.wav=00;36:*.oga=00;36:*.opus=00;36:*.spx=00;36:*.xspf=00;36:*~=00;90:*#=00;90:*.bak=00;90:*.crdownload=00;90:*.dpkg-dist=00;90:*.dpkg-new=00;90:*.dpkg-old=00;90:*.dpkg-tmp=00;90:*.old=00;90:*.orig=00;90:*.part=00;90:*.rej=00;90:*.rpmnew=00;90:*.rpmorig=00;90:*.rpmsave=00;90:*.swp=00;90:*.tmp=00;90:*.ucf-dist=00;90:*.ucf-new=00;90:*.ucf-old=00;90:', 'SSH_AUTH_SOCK': '/run/user/1000/keyring/ssh', 'AMENT_PREFIX_PATH': '/opt/ros/jazzy', 'SHELL': '/bin/bash', 'TERMINATOR_UUID': 'urn:uuid:d9c01e1d-4148-4ee8-8389-ff1a6dc9a537', 'QT_ACCESSIBILITY': '1', 'GDMSESSION': 'ubuntu', 'LESSCLOSE': '/usr/bin/lesspipe %s %s', 'GJS_DEBUG_OUTPUT': 'stderr', 'ROS_AUTOMATIC_DISCOVERY_RANGE': 'SUBNET', 'QT_IM_MODULE': 'ibus', 'PWD': '/home/vboxuser/bumperbot_ws/build/bumperbot_firmware', 'LC_ALL': 'en_US.UTF-8', 'XDG_CONFIG_DIRS': '/etc/xdg/xdg-ubuntu:/etc/xdg', 'XDG_DATA_DIRS': '/usr/share/ubuntu:/usr/share/gnome:/usr/local/share/:/usr/share/:/var/lib/snapd/desktop', 'PYTHONPATH': '/opt/ros/jazzy/lib/python3.12/site-packages', 'COLCON': '1', 'MEMORY_PRESSURE_WRITE': 'c29tZSAyMDAwMDAgMjAwMDAwMAA=', 'VTE_VERSION': '7600', 'CMAKE_PREFIX_PATH': '/opt/ros/jazzy/opt/gz_sim_vendor:/opt/ros/jazzy/opt/gz_sensors_vendor:/opt/ros/jazzy/opt/gz_physics_vendor:/opt/ros/jazzy/opt/sdformat_vendor:/opt/ros/jazzy/opt/gz_gui_vendor:/opt/ros/jazzy/opt/gz_transport_vendor:/opt/ros/jazzy/opt/gz_rendering_vendor:/opt/ros/jazzy/opt/gz_plugin_vendor:/opt/ros/jazzy/opt/gz_fuel_tools_vendor:/opt/ros/jazzy/opt/gz_msgs_vendor:/opt/ros/jazzy/opt/gz_common_vendor:/opt/ros/jazzy/opt/gz_math_vendor:/opt/ros/jazzy/opt/gz_utils_vendor:/opt/ros/jazzy/opt/gz_tools_vendor:/opt/ros/jazzy/opt/gz_ogre_next_vendor:/opt/ros/jazzy/opt/gz_dartsim_vendor:/opt/ros/jazzy/opt/gz_cmake_vendor:/opt/ros/jazzy'}), 'shell': False}
[64.628232] (bumperbot_firmware) StdoutLine: {'line': b'-- Install configuration: ""\n'}
[64.628507] (bumperbot_firmware) StdoutLine: {'line': b'-- Installing: /home/vboxuser/bumperbot_ws/install/bumperbot_firmware/share/bumperbot_firmware/environment/pythonpath.sh\n'}
[64.628702] (bumperbot_firmware) StdoutLine: {'line': b'-- Installing: /home/vboxuser/bumperbot_ws/install/bumperbot_firmware/share/bumperbot_firmware/environment/pythonpath.dsv\n'}
[64.628846] (bumperbot_firmware) StdoutLine: {'line': b'-- Installing: /home/vboxuser/bumperbot_ws/install/bumperbot_firmware/lib/python3.12/site-packages/bumperbot_firmware-0.0.0-py3.12.egg-info\n'}
[64.628984] (bumperbot_firmware) StdoutLine: {'line': b'-- Installing: /home/vboxuser/bumperbot_ws/install/bumperbot_firmware/lib/python3.12/site-packages/bumperbot_firmware-0.0.0-py3.12.egg-info/dependency_links.txt\n'}
[64.629097] (bumperbot_firmware) StdoutLine: {'line': b'-- Installing: /home/vboxuser/bumperbot_ws/install/bumperbot_firmware/lib/python3.12/site-packages/bumperbot_firmware-0.0.0-py3.12.egg-info/PKG-INFO\n'}
[64.629205] (bumperbot_firmware) StdoutLine: {'line': b'-- Installing: /home/vboxuser/bumperbot_ws/install/bumperbot_firmware/lib/python3.12/site-packages/bumperbot_firmware-0.0.0-py3.12.egg-info/SOURCES.txt\n'}
[64.629309] (bumperbot_firmware) StdoutLine: {'line': b'-- Installing: /home/vboxuser/bumperbot_ws/install/bumperbot_firmware/lib/python3.12/site-packages/bumperbot_firmware-0.0.0-py3.12.egg-info/top_level.txt\n'}
[64.629465] (bumperbot_firmware) StdoutLine: {'line': b'-- Installing: /home/vboxuser/bumperbot_ws/install/bumperbot_firmware/lib/python3.12/site-packages/bumperbot_firmware\n'}
[64.629615] (bumperbot_firmware) StdoutLine: {'line': b'-- Installing: /home/vboxuser/bumperbot_ws/install/bumperbot_firmware/lib/python3.12/site-packages/bumperbot_firmware/__init__.py\n'}
[64.629771] (bumperbot_firmware) StdoutLine: {'line': b'-- Installing: /home/vboxuser/bumperbot_ws/install/bumperbot_firmware/lib/python3.12/site-packages/bumperbot_firmware/simple_serial_transmitter.py\n'}
[64.629831] (bumperbot_firmware) StdoutLine: {'line': b'-- Installing: /home/vboxuser/bumperbot_ws/install/bumperbot_firmware/lib/python3.12/site-packages/bumperbot_firmware/simple_serial_receiver.py\n'}
[64.629928] (bumperbot_firmware) StdoutLine: {'line': b'-- Installing: /home/vboxuser/bumperbot_ws/install/bumperbot_firmware/lib/python3.12/site-packages/bumperbot_firmware/mpu6050_driver.py\n'}
[64.656514] (-) TimerEvent: {}
[64.678516] (bumperbot_firmware) StdoutLine: {'line': b"Listing '/home/vboxuser/bumperbot_ws/install/bumperbot_firmware/lib/python3.12/site-packages/bumperbot_firmware'...\n"}
[64.678647] (bumperbot_firmware) StdoutLine: {'line': b"Compiling '/home/vboxuser/bumperbot_ws/install/bumperbot_firmware/lib/python3.12/site-packages/bumperbot_firmware/__init__.py'...\n"}
[64.678685] (bumperbot_firmware) StdoutLine: {'line': b"Compiling '/home/vboxuser/bumperbot_ws/install/bumperbot_firmware/lib/python3.12/site-packages/bumperbot_firmware/mpu6050_driver.py'...\n"}
[64.678716] (bumperbot_firmware) StdoutLine: {'line': b"Compiling '/home/vboxuser/bumperbot_ws/install/bumperbot_firmware/lib/python3.12/site-packages/bumperbot_firmware/simple_serial_receiver.py'...\n"}
[64.678747] (bumperbot_firmware) StdoutLine: {'line': b"Compiling '/home/vboxuser/bumperbot_ws/install/bumperbot_firmware/lib/python3.12/site-packages/bumperbot_firmware/simple_serial_transmitter.py'...\n"}
[64.684016] (bumperbot_firmware) StdoutLine: {'line': b'-- Installing: /home/vboxuser/bumperbot_ws/install/bumperbot_firmware/share/bumperbot_firmware/bumperbot_interface.xml\n'}
[64.685357] (bumperbot_firmware) StdoutLine: {'line': b'-- Installing: /home/vboxuser/bumperbot_ws/install/bumperbot_firmware/lib/libbumperbot_firmware.so\n'}
[64.685893] (bumperbot_firmware) StdoutLine: {'line': b'-- Set non-toolchain portion of runtime path of "/home/vboxuser/bumperbot_ws/install/bumperbot_firmware/lib/libbumperbot_firmware.so" to ""\n'}
[64.686045] (bumperbot_firmware) StdoutLine: {'line': b'-- Installing: /home/vboxuser/bumperbot_ws/install/bumperbot_firmware/include/include\n'}
[64.686206] (bumperbot_firmware) StdoutLine: {'line': b'-- Installing: /home/vboxuser/bumperbot_ws/install/bumperbot_firmware/include/include/bumperbot_firmware\n'}
[64.686273] (bumperbot_firmware) StdoutLine: {'line': b'-- Installing: /home/vboxuser/bumperbot_ws/install/bumperbot_firmware/include/include/bumperbot_firmware/bumperbot_interface.hpp\n'}
[64.686606] (bumperbot_firmware) StdoutLine: {'line': b'-- Installing: /home/vboxuser/bumperbot_ws/install/bumperbot_firmware/share/bumperbot_firmware/launch\n'}
[64.687082] (bumperbot_firmware) StdoutLine: {'line': b'-- Installing: /home/vboxuser/bumperbot_ws/install/bumperbot_firmware/share/bumperbot_firmware/launch/hardware_interface.launch.py\n'}
[64.687570] (bumperbot_firmware) StdoutLine: {'line': b'-- Installing: /home/vboxuser/bumperbot_ws/install/bumperbot_firmware/lib/bumperbot_firmware/simple_serial_transmitter.py\n'}
[64.687631] (bumperbot_firmware) StdoutLine: {'line': b'-- Installing: /home/vboxuser/bumperbot_ws/install/bumperbot_firmware/lib/bumperbot_firmware/simple_serial_receiver.py\n'}
[64.687770] (bumperbot_firmware) StdoutLine: {'line': b'-- Installing: /home/vboxuser/bumperbot_ws/install/bumperbot_firmware/lib/bumperbot_firmware/mpu6050_driver.py\n'}
[64.688442] (bumperbot_firmware) StdoutLine: {'line': b'-- Installing: /home/vboxuser/bumperbot_ws/install/bumperbot_firmware/lib/bumperbot_firmware/simple_serial_receiver\n'}
[64.688514] (bumperbot_firmware) StdoutLine: {'line': b'-- Set non-toolchain portion of runtime path of "/home/vboxuser/bumperbot_ws/install/bumperbot_firmware/lib/bumperbot_firmware/simple_serial_receiver" to ""\n'}
[64.688618] (bumperbot_firmware) StdoutLine: {'line': b'-- Installing: /home/vboxuser/bumperbot_ws/install/bumperbot_firmware/lib/bumperbot_firmware/simple_serial_transmitter\n'}
[64.690509] (bumperbot_firmware) StdoutLine: {'line': b'-- Set non-toolchain portion of runtime path of "/home/vboxuser/bumperbot_ws/install/bumperbot_firmware/lib/bumperbot_firmware/simple_serial_transmitter" to ""\n'}
[64.690631] (bumperbot_firmware) StdoutLine: {'line': b'-- Installing: /home/vboxuser/bumperbot_ws/install/bumperbot_firmware/share/bumperbot_firmware/environment/library_path.sh\n'}
[64.690764] (bumperbot_firmware) StdoutLine: {'line': b'-- Installing: /home/vboxuser/bumperbot_ws/install/bumperbot_firmware/share/bumperbot_firmware/environment/library_path.dsv\n'}
[64.691053] (bumperbot_firmware) StdoutLine: {'line': b'-- Installing: /home/vboxuser/bumperbot_ws/install/bumperbot_firmware/share/ament_index/resource_index/package_run_dependencies/bumperbot_firmware\n'}
[64.691116] (bumperbot_firmware) StdoutLine: {'line': b'-- Installing: /home/vboxuser/bumperbot_ws/install/bumperbot_firmware/share/ament_index/resource_index/parent_prefix_path/bumperbot_firmware\n'}
[64.691321] (bumperbot_firmware) StdoutLine: {'line': b'-- Installing: /home/vboxuser/bumperbot_ws/install/bumperbot_firmware/share/bumperbot_firmware/environment/ament_prefix_path.sh\n'}
[64.691379] (bumperbot_firmware) StdoutLine: {'line': b'-- Installing: /home/vboxuser/bumperbot_ws/install/bumperbot_firmware/share/bumperbot_firmware/environment/ament_prefix_path.dsv\n'}
[64.691499] (bumperbot_firmware) StdoutLine: {'line': b'-- Installing: /home/vboxuser/bumperbot_ws/install/bumperbot_firmware/share/bumperbot_firmware/environment/path.sh\n'}
[64.691620] (bumperbot_firmware) StdoutLine: {'line': b'-- Installing: /home/vboxuser/bumperbot_ws/install/bumperbot_firmware/share/bumperbot_firmware/environment/path.dsv\n'}
[64.691743] (bumperbot_firmware) StdoutLine: {'line': b'-- Installing: /home/vboxuser/bumperbot_ws/install/bumperbot_firmware/share/bumperbot_firmware/local_setup.bash\n'}
[64.691861] (bumperbot_firmware) StdoutLine: {'line': b'-- Installing: /home/vboxuser/bumperbot_ws/install/bumperbot_firmware/share/bumperbot_firmware/local_setup.sh\n'}
[64.691984] (bumperbot_firmware) StdoutLine: {'line': b'-- Installing: /home/vboxuser/bumperbot_ws/install/bumperbot_firmware/share/bumperbot_firmware/local_setup.zsh\n'}
[64.692109] (bumperbot_firmware) StdoutLine: {'line': b'-- Installing: /home/vboxuser/bumperbot_ws/install/bumperbot_firmware/share/bumperbot_firmware/local_setup.dsv\n'}
[64.692230] (bumperbot_firmware) StdoutLine: {'line': b'-- Installing: /home/vboxuser/bumperbot_ws/install/bumperbot_firmware/share/bumperbot_firmware/package.dsv\n'}
[64.692366] (bumperbot_firmware) StdoutLine: {'line': b'-- Installing: /home/vboxuser/bumperbot_ws/install/bumperbot_firmware/share/ament_index/resource_index/packages/bumperbot_firmware\n'}
[64.692504] (bumperbot_firmware) StdoutLine: {'line': b'-- Installing: /home/vboxuser/bumperbot_ws/install/bumperbot_firmware/share/ament_index/resource_index/hardware_interface__pluginlib__plugin/bumperbot_firmware\n'}
[64.692643] (bumperbot_firmware) StdoutLine: {'line': b'-- Installing: /home/vboxuser/bumperbot_ws/install/bumperbot_firmware/share/bumperbot_firmware/cmake/ament_cmake_export_include_directories-extras.cmake\n'}
[64.692763] (bumperbot_firmware) StdoutLine: {'line': b'-- Installing: /home/vboxuser/bumperbot_ws/install/bumperbot_firmware/share/bumperbot_firmware/cmake/ament_cmake_export_libraries-extras.cmake\n'}
[64.692925] (bumperbot_firmware) StdoutLine: {'line': b'-- Installing: /home/vboxuser/bumperbot_ws/install/bumperbot_firmware/share/bumperbot_firmware/cmake/ament_cmake_export_dependencies-extras.cmake\n'}
[64.693051] (bumperbot_firmware) StdoutLine: {'line': b'-- Installing: /home/vboxuser/bumperbot_ws/install/bumperbot_firmware/share/bumperbot_firmware/cmake/bumperbot_firmwareConfig.cmake\n'}
[64.693211] (bumperbot_firmware) StdoutLine: {'line': b'-- Installing: /home/vboxuser/bumperbot_ws/install/bumperbot_firmware/share/bumperbot_firmware/cmake/bumperbot_firmwareConfig-version.cmake\n'}
[64.694194] (bumperbot_firmware) StdoutLine: {'line': b'-- Installing: /home/vboxuser/bumperbot_ws/install/bumperbot_firmware/share/bumperbot_firmware/package.xml\n'}
[64.699052] (bumperbot_firmware) CommandEnded: {'returncode': 0}
[64.709410] (bumperbot_firmware) JobEnded: {'identifier': 'bumperbot_firmware', 'rc': 0}
[64.720139] (bumperbot_localization) JobStarted: {'identifier': 'bumperbot_localization'}
[64.740684] (bumperbot_localization) JobProgress: {'identifier': 'bumperbot_localization', 'progress': 'cmake'}
[64.741141] (bumperbot_localization) Command: {'cmd': ['/usr/bin/cmake', '/home/vboxuser/bumperbot_ws/src/bumperbot_localization', '-DCMAKE_INSTALL_PREFIX=/home/vboxuser/bumperbot_ws/install/bumperbot_localization'], 'cwd': '/home/vboxuser/bumperbot_ws/build/bumperbot_localization', 'env': OrderedDict({'GJS_DEBUG_TOPICS': 'JS ERROR;JS LOG', 'XDG_ACTIVATION_TOKEN': 'gnome-shell/Terminator/2065-1-Robotproj_TIME198317', 'LESSOPEN': '| /usr/bin/lesspipe %s', 'USER': 'vboxuser', 'GZ_CONFIG_PATH': '/opt/ros/jazzy/opt/gz_sim_vendor/share/gz:/opt/ros/jazzy/opt/sdformat_vendor/share/gz:/opt/ros/jazzy/opt/gz_gui_vendor/share/gz:/opt/ros/jazzy/opt/gz_transport_vendor/share/gz:/opt/ros/jazzy/opt/gz_rendering_vendor/share/gz:/opt/ros/jazzy/opt/gz_plugin_vendor/share/gz:/opt/ros/jazzy/opt/gz_fuel_tools_vendor/share/gz:/opt/ros/jazzy/opt/gz_msgs_vendor/share/gz:/opt/ros/jazzy/opt/gz_common_vendor/share/gz', 'XDG_SESSION_TYPE': 'wayland', 'CLUTTER_DISABLE_MIPMAPPED_TEXT': '1', 'SHLVL': '1', 'LD_LIBRARY_PATH': '/opt/ros/jazzy/opt/gz_sim_vendor/lib:/opt/ros/jazzy/opt/gz_sensors_vendor/lib:/opt/ros/jazzy/opt/gz_physics_vendor/lib:/opt/ros/jazzy/opt/sdformat_vendor/lib:/opt/ros/jazzy/opt/rviz_ogre_vendor/lib:/opt/ros/jazzy/lib/x86_64-linux-gnu:/opt/ros/jazzy/opt/gz_gui_vendor/lib:/opt/ros/jazzy/opt/gz_transport_vendor/lib:/opt/ros/jazzy/opt/gz_rendering_vendor/lib:/opt/ros/jazzy/opt/gz_plugin_vendor/lib:/opt/ros/jazzy/opt/gz_fuel_tools_vendor/lib:/opt/ros/jazzy/opt/gz_msgs_vendor/lib:/opt/ros/jazzy/opt/gz_common_vendor/lib:/opt/ros/jazzy/opt/gz_math_vendor/lib:/opt/ros/jazzy/opt/gz_utils_vendor/lib:/opt/ros/jazzy/opt/gz_tools_vendor/lib:/opt/ros/jazzy/opt/gz_ogre_next_vendor/lib:/opt/ros/jazzy/opt/gz_dartsim_vendor/lib:/opt/ros/jazzy/opt/gz_cmake_vendor/lib:/opt/ros/jazzy/lib', 'HOME': '/home/vboxuser', 'OLDPWD': '/home/vboxuser', 'DESKTOP_SESSION': 'ubuntu', 'GIO_LAUNCHED_DESKTOP_FILE': '/usr/share/applications/terminator.desktop', 'ROS_PYTHON_VERSION': '3', 'GNOME_SHELL_SESSION_MODE': 'ubuntu', 'GTK_MODULES': 'gail:atk-bridge', 'MANAGERPID': '1821', 'SYSTEMD_EXEC_PID': '2065', 'GSM_SKIP_SSH_AGENT_WORKAROUND': 'true', 'DBUS_SESSION_BUS_ADDRESS': 'unix:path=/run/user/1000/bus', 'COLORTERM': 'truecolor', 'TERMINATOR_DBUS_NAME': 'net.tenshu.Terminator25ef4b219e3b005583550f2b0f9f990c3', 'GIO_LAUNCHED_DESKTOP_FILE_PID': '2992', 'DEBUGINFOD_URLS': 'https://debuginfod.ubuntu.com', 'IM_CONFIG_PHASE': '1', 'WAYLAND_DISPLAY': 'wayland-0', 'ROS_DISTRO': 'jazzy', 'LOGNAME': 'vboxuser', 'JOURNAL_STREAM': '9:15131', '_': '/usr/bin/colcon', 'ROS_VERSION': '2', 'MEMORY_PRESSURE_WATCH': '/sys/fs/cgroup/user.slice/user-1000.slice/user@1000.service/session.slice/org.gnome.Shell@wayland.service/memory.pressure', 'XDG_SESSION_CLASS': 'user', 'USERNAME': 'vboxuser', 'TERM': 'xterm-256color', 'GNOME_DESKTOP_SESSION_ID': 'this-is-deprecated', 'PATH': '/opt/ros/jazzy/opt/gz_msgs_vendor/bin:/opt/ros/jazzy/opt/gz_tools_vendor/bin:/opt/ros/jazzy/opt/gz_ogre_next_vendor/bin:/opt/ros/jazzy/bin:/home/vboxuser/.local/bin:/usr/local/sbin:/usr/local/bin:/usr/sbin:/usr/bin:/sbin:/bin:/usr/games:/usr/local/games:/snap/bin:/snap/bin', 'SESSION_MANAGER': 'local/Robotproj:@/tmp/.ICE-unix/2021,unix/Robotproj:/tmp/.ICE-unix/2021', 'INVOCATION_ID': '0a4448d9e3fa415eb657cec0bbe459f4', 'XDG_MENU_PREFIX': 'gnome-', 'GNOME_SETUP_DISPLAY': ':1', 'XDG_RUNTIME_DIR': '/run/user/1000', 'DISPLAY': ':0', 'TERMINATOR_DBUS_PATH': '/net/tenshu/Terminator2', 'LANG': 'en_US.UTF-8', 'XDG_CURRENT_DESKTOP': 'ubuntu:GNOME', 'XMODIFIERS': '@im=ibus', 'XDG_SESSION_DESKTOP': 'ubuntu', 'XAUTHORITY': '/run/user/1000/.mutter-Xwaylandauth.N2SBM3', 'LS_COLORS': 'rs=0:di=01;34:ln=01;36:mh=00:pi=40;33:so=01;35:do=01;35:bd=40;33;01:cd=40;33;01:or=40;31;01:mi=00:su=37;41:sg=30;43:ca=00:tw=30;42:ow=34;42:st=37;44:ex=01;32:*.tar=01;31:*.tgz=01;31:*.arc=01;31:*.arj=01;31:*.taz=01;31:*.lha=01;31:*.lz4=01;31:*.lzh=01;31:*.lzma=01;31:*.tlz=01;31:*.txz=01;31:*.tzo=01;31:*.t7z=01;31:*.zip=01;31:*.z=01;31:*.dz=01;31:*.gz=01;31:*.lrz=01;31:*.lz=01;31:*.lzo=01;31:*.xz=01;31:*.zst=01;31:*.tzst=01;31:*.bz2=01;31:*.bz=01;31:*.tbz=01;31:*.tbz2=01;31:*.tz=01;31:*.deb=01;31:*.rpm=01;31:*.jar=01;31:*.war=01;31:*.ear=01;31:*.sar=01;31:*.rar=01;31:*.alz=01;31:*.ace=01;31:*.zoo=01;31:*.cpio=01;31:*.7z=01;31:*.rz=01;31:*.cab=01;31:*.wim=01;31:*.swm=01;31:*.dwm=01;31:*.esd=01;31:*.avif=01;35:*.jpg=01;35:*.jpeg=01;35:*.mjpg=01;35:*.mjpeg=01;35:*.gif=01;35:*.bmp=01;35:*.pbm=01;35:*.pgm=01;35:*.ppm=01;35:*.tga=01;35:*.xbm=01;35:*.xpm=01;35:*.tif=01;35:*.tiff=01;35:*.png=01;35:*.svg=01;35:*.svgz=01;35:*.mng=01;35:*.pcx=01;35:*.mov=01;35:*.mpg=01;35:*.mpeg=01;35:*.m2v=01;35:*.mkv=01;35:*.webm=01;35:*.webp=01;35:*.ogm=01;35:*.mp4=01;35:*.m4v=01;35:*.mp4v=01;35:*.vob=01;35:*.qt=01;35:*.nuv=01;35:*.wmv=01;35:*.asf=01;35:*.rm=01;35:*.rmvb=01;35:*.flc=01;35:*.avi=01;35:*.fli=01;35:*.flv=01;35:*.gl=01;35:*.dl=01;35:*.xcf=01;35:*.xwd=01;35:*.yuv=01;35:*.cgm=01;35:*.emf=01;35:*.ogv=01;35:*.ogx=01;35:*.aac=00;36:*.au=00;36:*.flac=00;36:*.m4a=00;36:*.mid=00;36:*.midi=00;36:*.mka=00;36:*.mp3=00;36:*.mpc=00;36:*.ogg=00;36:*.ra=00;36:*.wav=00;36:*.oga=00;36:*.opus=00;36:*.spx=00;36:*.xspf=00;36:*~=00;90:*#=00;90:*.bak=00;90:*.crdownload=00;90:*.dpkg-dist=00;90:*.dpkg-new=00;90:*.dpkg-old=00;90:*.dpkg-tmp=00;90:*.old=00;90:*.orig=00;90:*.part=00;90:*.rej=00;90:*.rpmnew=00;90:*.rpmorig=00;90:*.rpmsave=00;90:*.swp=00;90:*.tmp=00;90:*.ucf-dist=00;90:*.ucf-new=00;90:*.ucf-old=00;90:', 'SSH_AUTH_SOCK': '/run/user/1000/keyring/ssh', 'AMENT_PREFIX_PATH': '/opt/ros/jazzy', 'SHELL': '/bin/bash', 'TERMINATOR_UUID': 'urn:uuid:d9c01e1d-4148-4ee8-8389-ff1a6dc9a537', 'QT_ACCESSIBILITY': '1', 'GDMSESSION': 'ubuntu', 'LESSCLOSE': '/usr/bin/lesspipe %s %s', 'GJS_DEBUG_OUTPUT': 'stderr', 'ROS_AUTOMATIC_DISCOVERY_RANGE': 'SUBNET', 'QT_IM_MODULE': 'ibus', 'PWD': '/home/vboxuser/bumperbot_ws/build/bumperbot_localization', 'LC_ALL': 'en_US.UTF-8', 'XDG_CONFIG_DIRS': '/etc/xdg/xdg-ubuntu:/etc/xdg', 'XDG_DATA_DIRS': '/usr/share/ubuntu:/usr/share/gnome:/usr/local/share/:/usr/share/:/var/lib/snapd/desktop', 'PYTHONPATH': '/opt/ros/jazzy/lib/python3.12/site-packages', 'COLCON': '1', 'MEMORY_PRESSURE_WRITE': 'c29tZSAyMDAwMDAgMjAwMDAwMAA=', 'VTE_VERSION': '7600', 'CMAKE_PREFIX_PATH': '/opt/ros/jazzy/opt/gz_sim_vendor:/opt/ros/jazzy/opt/gz_sensors_vendor:/opt/ros/jazzy/opt/gz_physics_vendor:/opt/ros/jazzy/opt/sdformat_vendor:/opt/ros/jazzy/opt/gz_gui_vendor:/opt/ros/jazzy/opt/gz_transport_vendor:/opt/ros/jazzy/opt/gz_rendering_vendor:/opt/ros/jazzy/opt/gz_plugin_vendor:/opt/ros/jazzy/opt/gz_fuel_tools_vendor:/opt/ros/jazzy/opt/gz_msgs_vendor:/opt/ros/jazzy/opt/gz_common_vendor:/opt/ros/jazzy/opt/gz_math_vendor:/opt/ros/jazzy/opt/gz_utils_vendor:/opt/ros/jazzy/opt/gz_tools_vendor:/opt/ros/jazzy/opt/gz_ogre_next_vendor:/opt/ros/jazzy/opt/gz_dartsim_vendor:/opt/ros/jazzy/opt/gz_cmake_vendor:/opt/ros/jazzy'}), 'shell': False}
[64.759984] (-) TimerEvent: {}
[64.804228] (bumperbot_localization) StdoutLine: {'line': b'-- The C compiler identification is GNU 13.3.0\n'}
[64.852372] (bumperbot_localization) StdoutLine: {'line': b'-- The CXX compiler identification is GNU 13.3.0\n'}
[64.860982] (-) TimerEvent: {}
[64.880954] (bumperbot_localization) StdoutLine: {'line': b'-- Detecting C compiler ABI info\n'}
[64.961089] (-) TimerEvent: {}
[64.996738] (bumperbot_localization) StdoutLine: {'line': b'-- Detecting C compiler ABI info - done\n'}
[65.002628] (bumperbot_localization) StdoutLine: {'line': b'-- Check for working C compiler: /usr/bin/cc - skipped\n'}
[65.002960] (bumperbot_localization) StdoutLine: {'line': b'-- Detecting C compile features\n'}
[65.003445] (bumperbot_localization) StdoutLine: {'line': b'-- Detecting C compile features - done\n'}
[65.012768] (bumperbot_localization) StdoutLine: {'line': b'-- Detecting CXX compiler ABI info\n'}
[65.064412] (-) TimerEvent: {}
[65.116444] (bumperbot_localization) StdoutLine: {'line': b'-- Detecting CXX compiler ABI info - done\n'}
[65.123423] (bumperbot_localization) StdoutLine: {'line': b'-- Check for working CXX compiler: /usr/bin/c++ - skipped\n'}
[65.123528] (bumperbot_localization) StdoutLine: {'line': b'-- Detecting CXX compile features\n'}
[65.123897] (bumperbot_localization) StdoutLine: {'line': b'-- Detecting CXX compile features - done\n'}
[65.126154] (bumperbot_localization) StdoutLine: {'line': b'-- Found ament_cmake: 2.5.5 (/opt/ros/jazzy/share/ament_cmake/cmake)\n'}
[65.170648] (-) TimerEvent: {}
[65.258402] (bumperbot_localization) StdoutLine: {'line': b'-- Found Python3: /usr/bin/python3 (found version "3.12.3") found components: Interpreter \n'}
[65.277069] (-) TimerEvent: {}
[65.363945] (bumperbot_localization) StdoutLine: {'line': b'-- Found rclcpp: 28.1.16 (/opt/ros/jazzy/share/rclcpp/cmake)\n'}
[65.380081] (-) TimerEvent: {}
[65.412239] (bumperbot_localization) StdoutLine: {'line': b'-- Found rosidl_generator_c: 4.6.7 (/opt/ros/jazzy/share/rosidl_generator_c/cmake)\n'}
[65.426197] (bumperbot_localization) StdoutLine: {'line': b'-- Found rosidl_generator_cpp: 4.6.7 (/opt/ros/jazzy/share/rosidl_generator_cpp/cmake)\n'}
[65.440601] (bumperbot_localization) StdoutLine: {'line': b'-- Using all available rosidl_typesupport_c: rosidl_typesupport_fastrtps_c;rosidl_typesupport_introspection_c\n'}
[65.456194] (bumperbot_localization) StdoutLine: {'line': b'-- Using all available rosidl_typesupport_cpp: rosidl_typesupport_fastrtps_cpp;rosidl_typesupport_introspection_cpp\n'}
[65.483005] (-) TimerEvent: {}
[65.545795] (bumperbot_localization) StdoutLine: {'line': b'-- Found rmw_implementation_cmake: 7.3.3 (/opt/ros/jazzy/share/rmw_implementation_cmake/cmake)\n'}
[65.548357] (bumperbot_localization) StdoutLine: {'line': b'-- Found rmw_fastrtps_cpp: 8.4.3 (/opt/ros/jazzy/share/rmw_fastrtps_cpp/cmake)\n'}
[65.584402] (-) TimerEvent: {}
[65.649448] (bumperbot_localization) StdoutLine: {'line': b'-- Found OpenSSL: /usr/lib/x86_64-linux-gnu/libcrypto.so (found version "3.0.13")  \n'}
[65.668985] (bumperbot_localization) StdoutLine: {'line': b'-- Found FastRTPS: /opt/ros/jazzy/include (Required is at least version "2.13") \n'}
[65.684715] (bumperbot_localization) StdoutLine: {'line': b"-- Using RMW implementation 'rmw_fastrtps_cpp' as default\n"}
[65.684838] (-) TimerEvent: {}
[65.757415] (bumperbot_localization) StdoutLine: {'line': b'-- Found rclpy: 7.1.9 (/opt/ros/jazzy/share/rclpy/cmake)\n'}
[65.759195] (bumperbot_localization) StdoutLine: {'line': b'-- Found nav_msgs: 5.3.6 (/opt/ros/jazzy/share/nav_msgs/cmake)\n'}
[65.793031] (-) TimerEvent: {}
[65.828771] (bumperbot_localization) StdoutLine: {'line': b'-- Found sensor_msgs: 5.3.6 (/opt/ros/jazzy/share/sensor_msgs/cmake)\n'}
[65.853018] (bumperbot_localization) StdoutLine: {'line': b'-- Found tf2: 0.36.19 (/opt/ros/jazzy/share/tf2/cmake)\n'}
[65.896286] (-) TimerEvent: {}
[65.999104] (-) TimerEvent: {}
[66.058806] (bumperbot_localization) StdoutLine: {'line': b'-- Configuring done (1.3s)\n'}
[66.074973] (bumperbot_localization) StdoutLine: {'line': b'-- Generating done (0.0s)\n'}
[66.081512] (bumperbot_localization) StdoutLine: {'line': b'-- Build files have been written to: /home/vboxuser/bumperbot_ws/build/bumperbot_localization\n'}
[66.089546] (bumperbot_localization) CommandEnded: {'returncode': 0}
[66.089987] (bumperbot_localization) JobProgress: {'identifier': 'bumperbot_localization', 'progress': 'build'}
[66.090143] (bumperbot_localization) Command: {'cmd': ['/usr/bin/cmake', '--build', '/home/vboxuser/bumperbot_ws/build/bumperbot_localization', '--', '-j1', '-l1'], 'cwd': '/home/vboxuser/bumperbot_ws/build/bumperbot_localization', 'env': OrderedDict({'GJS_DEBUG_TOPICS': 'JS ERROR;JS LOG', 'XDG_ACTIVATION_TOKEN': 'gnome-shell/Terminator/2065-1-Robotproj_TIME198317', 'LESSOPEN': '| /usr/bin/lesspipe %s', 'USER': 'vboxuser', 'GZ_CONFIG_PATH': '/opt/ros/jazzy/opt/gz_sim_vendor/share/gz:/opt/ros/jazzy/opt/sdformat_vendor/share/gz:/opt/ros/jazzy/opt/gz_gui_vendor/share/gz:/opt/ros/jazzy/opt/gz_transport_vendor/share/gz:/opt/ros/jazzy/opt/gz_rendering_vendor/share/gz:/opt/ros/jazzy/opt/gz_plugin_vendor/share/gz:/opt/ros/jazzy/opt/gz_fuel_tools_vendor/share/gz:/opt/ros/jazzy/opt/gz_msgs_vendor/share/gz:/opt/ros/jazzy/opt/gz_common_vendor/share/gz', 'XDG_SESSION_TYPE': 'wayland', 'CLUTTER_DISABLE_MIPMAPPED_TEXT': '1', 'SHLVL': '1', 'LD_LIBRARY_PATH': '/opt/ros/jazzy/opt/gz_sim_vendor/lib:/opt/ros/jazzy/opt/gz_sensors_vendor/lib:/opt/ros/jazzy/opt/gz_physics_vendor/lib:/opt/ros/jazzy/opt/sdformat_vendor/lib:/opt/ros/jazzy/opt/rviz_ogre_vendor/lib:/opt/ros/jazzy/lib/x86_64-linux-gnu:/opt/ros/jazzy/opt/gz_gui_vendor/lib:/opt/ros/jazzy/opt/gz_transport_vendor/lib:/opt/ros/jazzy/opt/gz_rendering_vendor/lib:/opt/ros/jazzy/opt/gz_plugin_vendor/lib:/opt/ros/jazzy/opt/gz_fuel_tools_vendor/lib:/opt/ros/jazzy/opt/gz_msgs_vendor/lib:/opt/ros/jazzy/opt/gz_common_vendor/lib:/opt/ros/jazzy/opt/gz_math_vendor/lib:/opt/ros/jazzy/opt/gz_utils_vendor/lib:/opt/ros/jazzy/opt/gz_tools_vendor/lib:/opt/ros/jazzy/opt/gz_ogre_next_vendor/lib:/opt/ros/jazzy/opt/gz_dartsim_vendor/lib:/opt/ros/jazzy/opt/gz_cmake_vendor/lib:/opt/ros/jazzy/lib', 'HOME': '/home/vboxuser', 'OLDPWD': '/home/vboxuser', 'DESKTOP_SESSION': 'ubuntu', 'GIO_LAUNCHED_DESKTOP_FILE': '/usr/share/applications/terminator.desktop', 'ROS_PYTHON_VERSION': '3', 'GNOME_SHELL_SESSION_MODE': 'ubuntu', 'GTK_MODULES': 'gail:atk-bridge', 'MANAGERPID': '1821', 'SYSTEMD_EXEC_PID': '2065', 'GSM_SKIP_SSH_AGENT_WORKAROUND': 'true', 'DBUS_SESSION_BUS_ADDRESS': 'unix:path=/run/user/1000/bus', 'COLORTERM': 'truecolor', 'TERMINATOR_DBUS_NAME': 'net.tenshu.Terminator25ef4b219e3b005583550f2b0f9f990c3', 'GIO_LAUNCHED_DESKTOP_FILE_PID': '2992', 'DEBUGINFOD_URLS': 'https://debuginfod.ubuntu.com', 'IM_CONFIG_PHASE': '1', 'WAYLAND_DISPLAY': 'wayland-0', 'ROS_DISTRO': 'jazzy', 'LOGNAME': 'vboxuser', 'JOURNAL_STREAM': '9:15131', '_': '/usr/bin/colcon', 'ROS_VERSION': '2', 'MEMORY_PRESSURE_WATCH': '/sys/fs/cgroup/user.slice/user-1000.slice/user@1000.service/session.slice/org.gnome.Shell@wayland.service/memory.pressure', 'XDG_SESSION_CLASS': 'user', 'USERNAME': 'vboxuser', 'TERM': 'xterm-256color', 'GNOME_DESKTOP_SESSION_ID': 'this-is-deprecated', 'PATH': '/opt/ros/jazzy/opt/gz_msgs_vendor/bin:/opt/ros/jazzy/opt/gz_tools_vendor/bin:/opt/ros/jazzy/opt/gz_ogre_next_vendor/bin:/opt/ros/jazzy/bin:/home/vboxuser/.local/bin:/usr/local/sbin:/usr/local/bin:/usr/sbin:/usr/bin:/sbin:/bin:/usr/games:/usr/local/games:/snap/bin:/snap/bin', 'SESSION_MANAGER': 'local/Robotproj:@/tmp/.ICE-unix/2021,unix/Robotproj:/tmp/.ICE-unix/2021', 'INVOCATION_ID': '0a4448d9e3fa415eb657cec0bbe459f4', 'XDG_MENU_PREFIX': 'gnome-', 'GNOME_SETUP_DISPLAY': ':1', 'XDG_RUNTIME_DIR': '/run/user/1000', 'DISPLAY': ':0', 'TERMINATOR_DBUS_PATH': '/net/tenshu/Terminator2', 'LANG': 'en_US.UTF-8', 'XDG_CURRENT_DESKTOP': 'ubuntu:GNOME', 'XMODIFIERS': '@im=ibus', 'XDG_SESSION_DESKTOP': 'ubuntu', 'XAUTHORITY': '/run/user/1000/.mutter-Xwaylandauth.N2SBM3', 'LS_COLORS': 'rs=0:di=01;34:ln=01;36:mh=00:pi=40;33:so=01;35:do=01;35:bd=40;33;01:cd=40;33;01:or=40;31;01:mi=00:su=37;41:sg=30;43:ca=00:tw=30;42:ow=34;42:st=37;44:ex=01;32:*.tar=01;31:*.tgz=01;31:*.arc=01;31:*.arj=01;31:*.taz=01;31:*.lha=01;31:*.lz4=01;31:*.lzh=01;31:*.lzma=01;31:*.tlz=01;31:*.txz=01;31:*.tzo=01;31:*.t7z=01;31:*.zip=01;31:*.z=01;31:*.dz=01;31:*.gz=01;31:*.lrz=01;31:*.lz=01;31:*.lzo=01;31:*.xz=01;31:*.zst=01;31:*.tzst=01;31:*.bz2=01;31:*.bz=01;31:*.tbz=01;31:*.tbz2=01;31:*.tz=01;31:*.deb=01;31:*.rpm=01;31:*.jar=01;31:*.war=01;31:*.ear=01;31:*.sar=01;31:*.rar=01;31:*.alz=01;31:*.ace=01;31:*.zoo=01;31:*.cpio=01;31:*.7z=01;31:*.rz=01;31:*.cab=01;31:*.wim=01;31:*.swm=01;31:*.dwm=01;31:*.esd=01;31:*.avif=01;35:*.jpg=01;35:*.jpeg=01;35:*.mjpg=01;35:*.mjpeg=01;35:*.gif=01;35:*.bmp=01;35:*.pbm=01;35:*.pgm=01;35:*.ppm=01;35:*.tga=01;35:*.xbm=01;35:*.xpm=01;35:*.tif=01;35:*.tiff=01;35:*.png=01;35:*.svg=01;35:*.svgz=01;35:*.mng=01;35:*.pcx=01;35:*.mov=01;35:*.mpg=01;35:*.mpeg=01;35:*.m2v=01;35:*.mkv=01;35:*.webm=01;35:*.webp=01;35:*.ogm=01;35:*.mp4=01;35:*.m4v=01;35:*.mp4v=01;35:*.vob=01;35:*.qt=01;35:*.nuv=01;35:*.wmv=01;35:*.asf=01;35:*.rm=01;35:*.rmvb=01;35:*.flc=01;35:*.avi=01;35:*.fli=01;35:*.flv=01;35:*.gl=01;35:*.dl=01;35:*.xcf=01;35:*.xwd=01;35:*.yuv=01;35:*.cgm=01;35:*.emf=01;35:*.ogv=01;35:*.ogx=01;35:*.aac=00;36:*.au=00;36:*.flac=00;36:*.m4a=00;36:*.mid=00;36:*.midi=00;36:*.mka=00;36:*.mp3=00;36:*.mpc=00;36:*.ogg=00;36:*.ra=00;36:*.wav=00;36:*.oga=00;36:*.opus=00;36:*.spx=00;36:*.xspf=00;36:*~=00;90:*#=00;90:*.bak=00;90:*.crdownload=00;90:*.dpkg-dist=00;90:*.dpkg-new=00;90:*.dpkg-old=00;90:*.dpkg-tmp=00;90:*.old=00;90:*.orig=00;90:*.part=00;90:*.rej=00;90:*.rpmnew=00;90:*.rpmorig=00;90:*.rpmsave=00;90:*.swp=00;90:*.tmp=00;90:*.ucf-dist=00;90:*.ucf-new=00;90:*.ucf-old=00;90:', 'SSH_AUTH_SOCK': '/run/user/1000/keyring/ssh', 'AMENT_PREFIX_PATH': '/opt/ros/jazzy', 'SHELL': '/bin/bash', 'TERMINATOR_UUID': 'urn:uuid:d9c01e1d-4148-4ee8-8389-ff1a6dc9a537', 'QT_ACCESSIBILITY': '1', 'GDMSESSION': 'ubuntu', 'LESSCLOSE': '/usr/bin/lesspipe %s %s', 'GJS_DEBUG_OUTPUT': 'stderr', 'ROS_AUTOMATIC_DISCOVERY_RANGE': 'SUBNET', 'QT_IM_MODULE': 'ibus', 'PWD': '/home/vboxuser/bumperbot_ws/build/bumperbot_localization', 'LC_ALL': 'en_US.UTF-8', 'XDG_CONFIG_DIRS': '/etc/xdg/xdg-ubuntu:/etc/xdg', 'XDG_DATA_DIRS': '/usr/share/ubuntu:/usr/share/gnome:/usr/local/share/:/usr/share/:/var/lib/snapd/desktop', 'PYTHONPATH': '/opt/ros/jazzy/lib/python3.12/site-packages', 'COLCON': '1', 'MEMORY_PRESSURE_WRITE': 'c29tZSAyMDAwMDAgMjAwMDAwMAA=', 'VTE_VERSION': '7600', 'CMAKE_PREFIX_PATH': '/opt/ros/jazzy/opt/gz_sim_vendor:/opt/ros/jazzy/opt/gz_sensors_vendor:/opt/ros/jazzy/opt/gz_physics_vendor:/opt/ros/jazzy/opt/sdformat_vendor:/opt/ros/jazzy/opt/gz_gui_vendor:/opt/ros/jazzy/opt/gz_transport_vendor:/opt/ros/jazzy/opt/gz_rendering_vendor:/opt/ros/jazzy/opt/gz_plugin_vendor:/opt/ros/jazzy/opt/gz_fuel_tools_vendor:/opt/ros/jazzy/opt/gz_msgs_vendor:/opt/ros/jazzy/opt/gz_common_vendor:/opt/ros/jazzy/opt/gz_math_vendor:/opt/ros/jazzy/opt/gz_utils_vendor:/opt/ros/jazzy/opt/gz_tools_vendor:/opt/ros/jazzy/opt/gz_ogre_next_vendor:/opt/ros/jazzy/opt/gz_dartsim_vendor:/opt/ros/jazzy/opt/gz_cmake_vendor:/opt/ros/jazzy'}), 'shell': False}
[66.099160] (-) TimerEvent: {}
[66.168893] (bumperbot_localization) StdoutLine: {'line': b'[ 16%] \x1b[32mBuilding CXX object CMakeFiles/kalman_filter.dir/src/kalman_filter.cpp.o\x1b[0m\n'}
[66.199423] (-) TimerEvent: {}
[66.301077] (-) TimerEvent: {}
[66.412011] (-) TimerEvent: {}
[66.514452] (-) TimerEvent: {}
[66.627990] (-) TimerEvent: {}
[66.738374] (-) TimerEvent: {}
[66.839078] (-) TimerEvent: {}
[66.948143] (-) TimerEvent: {}
[67.051096] (-) TimerEvent: {}
[67.155022] (-) TimerEvent: {}
[67.257996] (-) TimerEvent: {}
[67.361367] (-) TimerEvent: {}
[67.474971] (-) TimerEvent: {}
[67.578266] (-) TimerEvent: {}
[67.681406] (-) TimerEvent: {}
[67.782417] (-) TimerEvent: {}
[67.887419] (-) TimerEvent: {}
[68.001140] (-) TimerEvent: {}
[68.104436] (-) TimerEvent: {}
[68.207670] (-) TimerEvent: {}
[68.322000] (-) TimerEvent: {}
[68.424245] (-) TimerEvent: {}
[68.529008] (-) TimerEvent: {}
[68.631887] (-) TimerEvent: {}
[68.735022] (-) TimerEvent: {}
[68.838166] (-) TimerEvent: {}
[68.941727] (-) TimerEvent: {}
[69.045012] (-) TimerEvent: {}
[69.148045] (-) TimerEvent: {}
[69.251992] (-) TimerEvent: {}
[69.355945] (-) TimerEvent: {}
[69.457670] (-) TimerEvent: {}
[69.571072] (-) TimerEvent: {}
[69.674183] (-) TimerEvent: {}
[69.787516] (-) TimerEvent: {}
[69.901064] (-) TimerEvent: {}
[70.004551] (-) TimerEvent: {}
[70.108001] (-) TimerEvent: {}
[70.219064] (-) TimerEvent: {}
[70.324446] (-) TimerEvent: {}
[70.427992] (-) TimerEvent: {}
[70.530212] (-) TimerEvent: {}
[70.634055] (-) TimerEvent: {}
[70.747969] (-) TimerEvent: {}
[70.850745] (-) TimerEvent: {}
[70.968536] (-) TimerEvent: {}
[71.071162] (-) TimerEvent: {}
[71.181006] (-) TimerEvent: {}
[71.294360] (-) TimerEvent: {}
[71.398246] (-) TimerEvent: {}
[71.511019] (-) TimerEvent: {}
[71.614185] (-) TimerEvent: {}
[71.718030] (-) TimerEvent: {}
[71.820002] (-) TimerEvent: {}
[71.924019] (-) TimerEvent: {}
[72.027479] (-) TimerEvent: {}
[72.130007] (-) TimerEvent: {}
[72.234012] (-) TimerEvent: {}
[72.346923] (-) TimerEvent: {}
[72.450158] (-) TimerEvent: {}
[72.552975] (-) TimerEvent: {}
[72.667189] (-) TimerEvent: {}
[72.770008] (-) TimerEvent: {}
[72.883545] (-) TimerEvent: {}
[72.997025] (-) TimerEvent: {}
[73.099994] (-) TimerEvent: {}
[73.203512] (-) TimerEvent: {}
[73.306618] (-) TimerEvent: {}
[73.410000] (-) TimerEvent: {}
[73.512956] (-) TimerEvent: {}
[73.616017] (-) TimerEvent: {}
[73.719163] (-) TimerEvent: {}
[73.832493] (-) TimerEvent: {}
[73.936059] (-) TimerEvent: {}
[74.050024] (-) TimerEvent: {}
[74.163969] (-) TimerEvent: {}
[74.267012] (-) TimerEvent: {}
[74.369013] (-) TimerEvent: {}
[74.473538] (-) TimerEvent: {}
[74.575992] (-) TimerEvent: {}
[74.679380] (-) TimerEvent: {}
[74.783001] (-) TimerEvent: {}
[74.886505] (-) TimerEvent: {}
[74.919971] (bumperbot_localization) StdoutLine: {'line': b'[ 33%] \x1b[32m\x1b[1mLinking CXX executable kalman_filter\x1b[0m\n'}
[74.989008] (-) TimerEvent: {}
[75.093137] (-) TimerEvent: {}
[75.194086] (-) TimerEvent: {}
[75.222407] (bumperbot_localization) StdoutLine: {'line': b'[ 33%] Built target kalman_filter\n'}
[75.245959] (bumperbot_localization) StdoutLine: {'line': b'[ 50%] \x1b[32mBuilding CXX object CMakeFiles/imu_republisher.dir/src/imu_republisher.cpp.o\x1b[0m\n'}
[75.298559] (-) TimerEvent: {}
[75.402184] (-) TimerEvent: {}
[75.507424] (-) TimerEvent: {}
[75.609016] (-) TimerEvent: {}
[75.714427] (-) TimerEvent: {}
[75.815426] (-) TimerEvent: {}
[75.918991] (-) TimerEvent: {}
[76.033007] (-) TimerEvent: {}
[76.135294] (-) TimerEvent: {}
[76.239024] (-) TimerEvent: {}
[76.341979] (-) TimerEvent: {}
[76.445461] (-) TimerEvent: {}
[76.548344] (-) TimerEvent: {}
[76.651413] (-) TimerEvent: {}
[76.755026] (-) TimerEvent: {}
[76.857981] (-) TimerEvent: {}
[76.960350] (-) TimerEvent: {}
[77.064142] (-) TimerEvent: {}
[77.167431] (-) TimerEvent: {}
[77.270987] (-) TimerEvent: {}
[77.374042] (-) TimerEvent: {}
[77.476978] (-) TimerEvent: {}
[77.580304] (-) TimerEvent: {}
[77.683427] (-) TimerEvent: {}
[77.786510] (-) TimerEvent: {}
[77.900500] (-) TimerEvent: {}
[78.014025] (-) TimerEvent: {}
[78.127584] (-) TimerEvent: {}
[78.240672] (-) TimerEvent: {}
[78.354273] (-) TimerEvent: {}
[78.457206] (-) TimerEvent: {}
[78.560735] (-) TimerEvent: {}
[78.673991] (-) TimerEvent: {}
[78.788020] (-) TimerEvent: {}
[78.891043] (-) TimerEvent: {}
[78.994010] (-) TimerEvent: {}
[79.096477] (-) TimerEvent: {}
[79.200016] (-) TimerEvent: {}
[79.303204] (-) TimerEvent: {}
[79.406618] (-) TimerEvent: {}
[79.509576] (-) TimerEvent: {}
[79.612543] (-) TimerEvent: {}
[79.715686] (-) TimerEvent: {}
[79.818995] (-) TimerEvent: {}
[79.933987] (-) TimerEvent: {}
[80.046091] (-) TimerEvent: {}
[80.149419] (-) TimerEvent: {}
[80.263462] (-) TimerEvent: {}
[80.378505] (-) TimerEvent: {}
[80.480986] (-) TimerEvent: {}
[80.583994] (-) TimerEvent: {}
[80.686476] (-) TimerEvent: {}
[80.790109] (-) TimerEvent: {}
[80.894009] (-) TimerEvent: {}
[80.997036] (-) TimerEvent: {}
[81.101004] (-) TimerEvent: {}
[81.201560] (-) TimerEvent: {}
[81.222154] (bumperbot_localization) StdoutLine: {'line': b'[ 66%] \x1b[32m\x1b[1mLinking CXX executable imu_republisher\x1b[0m\n'}
[81.307048] (-) TimerEvent: {}
[81.409998] (-) TimerEvent: {}
[81.443065] (bumperbot_localization) StdoutLine: {'line': b'[ 66%] Built target imu_republisher\n'}
[81.463744] (bumperbot_localization) StdoutLine: {'line': b'[ 83%] \x1b[32mBuilding CXX object CMakeFiles/odometry_motion_model.dir/src/odometry_motion_model.cpp.o\x1b[0m\n'}
[81.512540] (-) TimerEvent: {}
[81.616024] (-) TimerEvent: {}
[81.719321] (-) TimerEvent: {}
[81.822333] (-) TimerEvent: {}
[81.926353] (-) TimerEvent: {}
[82.028971] (-) TimerEvent: {}
[82.143085] (-) TimerEvent: {}
[82.246935] (-) TimerEvent: {}
[82.359985] (-) TimerEvent: {}
[82.463015] (-) TimerEvent: {}
[82.576488] (-) TimerEvent: {}
[82.679559] (-) TimerEvent: {}
[82.783021] (-) TimerEvent: {}
[82.886144] (-) TimerEvent: {}
[82.989995] (-) TimerEvent: {}
[83.092697] (-) TimerEvent: {}
[83.206366] (-) TimerEvent: {}
[83.309561] (-) TimerEvent: {}
[83.423005] (-) TimerEvent: {}
[83.537013] (-) TimerEvent: {}
[83.639574] (-) TimerEvent: {}
[83.753620] (-) TimerEvent: {}
[83.866656] (-) TimerEvent: {}
[83.980976] (-) TimerEvent: {}
[84.093993] (-) TimerEvent: {}
[84.197604] (-) TimerEvent: {}
[84.301015] (-) TimerEvent: {}
[84.404024] (-) TimerEvent: {}
[84.507257] (-) TimerEvent: {}
[84.610532] (-) TimerEvent: {}
[84.722991] (-) TimerEvent: {}
[84.837239] (-) TimerEvent: {}
[84.951118] (-) TimerEvent: {}
[85.064670] (-) TimerEvent: {}
[85.177987] (-) TimerEvent: {}
[85.291745] (-) TimerEvent: {}
[85.395203] (-) TimerEvent: {}
[85.498680] (-) TimerEvent: {}
[85.611973] (-) TimerEvent: {}
[85.725632] (-) TimerEvent: {}
[85.839298] (-) TimerEvent: {}
[85.942720] (-) TimerEvent: {}
[86.056884] (-) TimerEvent: {}
[86.159624] (-) TimerEvent: {}
[86.274461] (-) TimerEvent: {}
[86.387017] (-) TimerEvent: {}
[86.490247] (-) TimerEvent: {}
[86.593565] (-) TimerEvent: {}
[86.695841] (-) TimerEvent: {}
[86.810130] (-) TimerEvent: {}
[86.914000] (-) TimerEvent: {}
[87.017007] (-) TimerEvent: {}
[87.131056] (-) TimerEvent: {}
[87.244246] (-) TimerEvent: {}
[87.348054] (-) TimerEvent: {}
[87.451355] (-) TimerEvent: {}
[87.554996] (-) TimerEvent: {}
[87.657994] (-) TimerEvent: {}
[87.758814] (-) TimerEvent: {}
[87.864001] (-) TimerEvent: {}
[87.967344] (-) TimerEvent: {}
[88.071001] (-) TimerEvent: {}
[88.173956] (-) TimerEvent: {}
[88.196451] (bumperbot_localization) StdoutLine: {'line': b'[100%] \x1b[32m\x1b[1mLinking CXX executable odometry_motion_model\x1b[0m\n'}
[88.277341] (-) TimerEvent: {}
[88.380997] (-) TimerEvent: {}
[88.430706] (bumperbot_localization) StdoutLine: {'line': b'[100%] Built target odometry_motion_model\n'}
[88.459672] (bumperbot_localization) StdoutLine: {'line': b'[100%] Built target ament_cmake_python_copy_bumperbot_localization\n'}
[88.484002] (-) TimerEvent: {}
[88.597615] (-) TimerEvent: {}
[88.644971] (bumperbot_localization) StdoutLine: {'line': b'running egg_info\n'}
[88.645117] (bumperbot_localization) StdoutLine: {'line': b'creating bumperbot_localization.egg-info\n'}
[88.657001] (bumperbot_localization) StdoutLine: {'line': b'writing bumperbot_localization.egg-info/PKG-INFO\n'}
[88.657276] (bumperbot_localization) StdoutLine: {'line': b'writing dependency_links to bumperbot_localization.egg-info/dependency_links.txt\n'}
[88.657488] (bumperbot_localization) StdoutLine: {'line': b'writing top-level names to bumperbot_localization.egg-info/top_level.txt\n'}
[88.657682] (bumperbot_localization) StdoutLine: {'line': b"writing manifest file 'bumperbot_localization.egg-info/SOURCES.txt'\n"}
[88.693062] (bumperbot_localization) StdoutLine: {'line': b"reading manifest file 'bumperbot_localization.egg-info/SOURCES.txt'\n"}
[88.693626] (bumperbot_localization) StdoutLine: {'line': b"writing manifest file 'bumperbot_localization.egg-info/SOURCES.txt'\n"}
[88.700174] (-) TimerEvent: {}
[88.738407] (bumperbot_localization) StdoutLine: {'line': b'[100%] Built target ament_cmake_python_build_bumperbot_localization_egg\n'}
[88.746928] (bumperbot_localization) CommandEnded: {'returncode': 0}
[88.747334] (bumperbot_localization) JobProgress: {'identifier': 'bumperbot_localization', 'progress': 'install'}
[88.747458] (bumperbot_localization) Command: {'cmd': ['/usr/bin/cmake', '--install', '/home/vboxuser/bumperbot_ws/build/bumperbot_localization'], 'cwd': '/home/vboxuser/bumperbot_ws/build/bumperbot_localization', 'env': OrderedDict({'GJS_DEBUG_TOPICS': 'JS ERROR;JS LOG', 'XDG_ACTIVATION_TOKEN': 'gnome-shell/Terminator/2065-1-Robotproj_TIME198317', 'LESSOPEN': '| /usr/bin/lesspipe %s', 'USER': 'vboxuser', 'GZ_CONFIG_PATH': '/opt/ros/jazzy/opt/gz_sim_vendor/share/gz:/opt/ros/jazzy/opt/sdformat_vendor/share/gz:/opt/ros/jazzy/opt/gz_gui_vendor/share/gz:/opt/ros/jazzy/opt/gz_transport_vendor/share/gz:/opt/ros/jazzy/opt/gz_rendering_vendor/share/gz:/opt/ros/jazzy/opt/gz_plugin_vendor/share/gz:/opt/ros/jazzy/opt/gz_fuel_tools_vendor/share/gz:/opt/ros/jazzy/opt/gz_msgs_vendor/share/gz:/opt/ros/jazzy/opt/gz_common_vendor/share/gz', 'XDG_SESSION_TYPE': 'wayland', 'CLUTTER_DISABLE_MIPMAPPED_TEXT': '1', 'SHLVL': '1', 'LD_LIBRARY_PATH': '/opt/ros/jazzy/opt/gz_sim_vendor/lib:/opt/ros/jazzy/opt/gz_sensors_vendor/lib:/opt/ros/jazzy/opt/gz_physics_vendor/lib:/opt/ros/jazzy/opt/sdformat_vendor/lib:/opt/ros/jazzy/opt/rviz_ogre_vendor/lib:/opt/ros/jazzy/lib/x86_64-linux-gnu:/opt/ros/jazzy/opt/gz_gui_vendor/lib:/opt/ros/jazzy/opt/gz_transport_vendor/lib:/opt/ros/jazzy/opt/gz_rendering_vendor/lib:/opt/ros/jazzy/opt/gz_plugin_vendor/lib:/opt/ros/jazzy/opt/gz_fuel_tools_vendor/lib:/opt/ros/jazzy/opt/gz_msgs_vendor/lib:/opt/ros/jazzy/opt/gz_common_vendor/lib:/opt/ros/jazzy/opt/gz_math_vendor/lib:/opt/ros/jazzy/opt/gz_utils_vendor/lib:/opt/ros/jazzy/opt/gz_tools_vendor/lib:/opt/ros/jazzy/opt/gz_ogre_next_vendor/lib:/opt/ros/jazzy/opt/gz_dartsim_vendor/lib:/opt/ros/jazzy/opt/gz_cmake_vendor/lib:/opt/ros/jazzy/lib', 'HOME': '/home/vboxuser', 'OLDPWD': '/home/vboxuser', 'DESKTOP_SESSION': 'ubuntu', 'GIO_LAUNCHED_DESKTOP_FILE': '/usr/share/applications/terminator.desktop', 'ROS_PYTHON_VERSION': '3', 'GNOME_SHELL_SESSION_MODE': 'ubuntu', 'GTK_MODULES': 'gail:atk-bridge', 'MANAGERPID': '1821', 'SYSTEMD_EXEC_PID': '2065', 'GSM_SKIP_SSH_AGENT_WORKAROUND': 'true', 'DBUS_SESSION_BUS_ADDRESS': 'unix:path=/run/user/1000/bus', 'COLORTERM': 'truecolor', 'TERMINATOR_DBUS_NAME': 'net.tenshu.Terminator25ef4b219e3b005583550f2b0f9f990c3', 'GIO_LAUNCHED_DESKTOP_FILE_PID': '2992', 'DEBUGINFOD_URLS': 'https://debuginfod.ubuntu.com', 'IM_CONFIG_PHASE': '1', 'WAYLAND_DISPLAY': 'wayland-0', 'ROS_DISTRO': 'jazzy', 'LOGNAME': 'vboxuser', 'JOURNAL_STREAM': '9:15131', '_': '/usr/bin/colcon', 'ROS_VERSION': '2', 'MEMORY_PRESSURE_WATCH': '/sys/fs/cgroup/user.slice/user-1000.slice/user@1000.service/session.slice/org.gnome.Shell@wayland.service/memory.pressure', 'XDG_SESSION_CLASS': 'user', 'USERNAME': 'vboxuser', 'TERM': 'xterm-256color', 'GNOME_DESKTOP_SESSION_ID': 'this-is-deprecated', 'PATH': '/opt/ros/jazzy/opt/gz_msgs_vendor/bin:/opt/ros/jazzy/opt/gz_tools_vendor/bin:/opt/ros/jazzy/opt/gz_ogre_next_vendor/bin:/opt/ros/jazzy/bin:/home/vboxuser/.local/bin:/usr/local/sbin:/usr/local/bin:/usr/sbin:/usr/bin:/sbin:/bin:/usr/games:/usr/local/games:/snap/bin:/snap/bin', 'SESSION_MANAGER': 'local/Robotproj:@/tmp/.ICE-unix/2021,unix/Robotproj:/tmp/.ICE-unix/2021', 'INVOCATION_ID': '0a4448d9e3fa415eb657cec0bbe459f4', 'XDG_MENU_PREFIX': 'gnome-', 'GNOME_SETUP_DISPLAY': ':1', 'XDG_RUNTIME_DIR': '/run/user/1000', 'DISPLAY': ':0', 'TERMINATOR_DBUS_PATH': '/net/tenshu/Terminator2', 'LANG': 'en_US.UTF-8', 'XDG_CURRENT_DESKTOP': 'ubuntu:GNOME', 'XMODIFIERS': '@im=ibus', 'XDG_SESSION_DESKTOP': 'ubuntu', 'XAUTHORITY': '/run/user/1000/.mutter-Xwaylandauth.N2SBM3', 'LS_COLORS': 'rs=0:di=01;34:ln=01;36:mh=00:pi=40;33:so=01;35:do=01;35:bd=40;33;01:cd=40;33;01:or=40;31;01:mi=00:su=37;41:sg=30;43:ca=00:tw=30;42:ow=34;42:st=37;44:ex=01;32:*.tar=01;31:*.tgz=01;31:*.arc=01;31:*.arj=01;31:*.taz=01;31:*.lha=01;31:*.lz4=01;31:*.lzh=01;31:*.lzma=01;31:*.tlz=01;31:*.txz=01;31:*.tzo=01;31:*.t7z=01;31:*.zip=01;31:*.z=01;31:*.dz=01;31:*.gz=01;31:*.lrz=01;31:*.lz=01;31:*.lzo=01;31:*.xz=01;31:*.zst=01;31:*.tzst=01;31:*.bz2=01;31:*.bz=01;31:*.tbz=01;31:*.tbz2=01;31:*.tz=01;31:*.deb=01;31:*.rpm=01;31:*.jar=01;31:*.war=01;31:*.ear=01;31:*.sar=01;31:*.rar=01;31:*.alz=01;31:*.ace=01;31:*.zoo=01;31:*.cpio=01;31:*.7z=01;31:*.rz=01;31:*.cab=01;31:*.wim=01;31:*.swm=01;31:*.dwm=01;31:*.esd=01;31:*.avif=01;35:*.jpg=01;35:*.jpeg=01;35:*.mjpg=01;35:*.mjpeg=01;35:*.gif=01;35:*.bmp=01;35:*.pbm=01;35:*.pgm=01;35:*.ppm=01;35:*.tga=01;35:*.xbm=01;35:*.xpm=01;35:*.tif=01;35:*.tiff=01;35:*.png=01;35:*.svg=01;35:*.svgz=01;35:*.mng=01;35:*.pcx=01;35:*.mov=01;35:*.mpg=01;35:*.mpeg=01;35:*.m2v=01;35:*.mkv=01;35:*.webm=01;35:*.webp=01;35:*.ogm=01;35:*.mp4=01;35:*.m4v=01;35:*.mp4v=01;35:*.vob=01;35:*.qt=01;35:*.nuv=01;35:*.wmv=01;35:*.asf=01;35:*.rm=01;35:*.rmvb=01;35:*.flc=01;35:*.avi=01;35:*.fli=01;35:*.flv=01;35:*.gl=01;35:*.dl=01;35:*.xcf=01;35:*.xwd=01;35:*.yuv=01;35:*.cgm=01;35:*.emf=01;35:*.ogv=01;35:*.ogx=01;35:*.aac=00;36:*.au=00;36:*.flac=00;36:*.m4a=00;36:*.mid=00;36:*.midi=00;36:*.mka=00;36:*.mp3=00;36:*.mpc=00;36:*.ogg=00;36:*.ra=00;36:*.wav=00;36:*.oga=00;36:*.opus=00;36:*.spx=00;36:*.xspf=00;36:*~=00;90:*#=00;90:*.bak=00;90:*.crdownload=00;90:*.dpkg-dist=00;90:*.dpkg-new=00;90:*.dpkg-old=00;90:*.dpkg-tmp=00;90:*.old=00;90:*.orig=00;90:*.part=00;90:*.rej=00;90:*.rpmnew=00;90:*.rpmorig=00;90:*.rpmsave=00;90:*.swp=00;90:*.tmp=00;90:*.ucf-dist=00;90:*.ucf-new=00;90:*.ucf-old=00;90:', 'SSH_AUTH_SOCK': '/run/user/1000/keyring/ssh', 'AMENT_PREFIX_PATH': '/opt/ros/jazzy', 'SHELL': '/bin/bash', 'TERMINATOR_UUID': 'urn:uuid:d9c01e1d-4148-4ee8-8389-ff1a6dc9a537', 'QT_ACCESSIBILITY': '1', 'GDMSESSION': 'ubuntu', 'LESSCLOSE': '/usr/bin/lesspipe %s %s', 'GJS_DEBUG_OUTPUT': 'stderr', 'ROS_AUTOMATIC_DISCOVERY_RANGE': 'SUBNET', 'QT_IM_MODULE': 'ibus', 'PWD': '/home/vboxuser/bumperbot_ws/build/bumperbot_localization', 'LC_ALL': 'en_US.UTF-8', 'XDG_CONFIG_DIRS': '/etc/xdg/xdg-ubuntu:/etc/xdg', 'XDG_DATA_DIRS': '/usr/share/ubuntu:/usr/share/gnome:/usr/local/share/:/usr/share/:/var/lib/snapd/desktop', 'PYTHONPATH': '/opt/ros/jazzy/lib/python3.12/site-packages', 'COLCON': '1', 'MEMORY_PRESSURE_WRITE': 'c29tZSAyMDAwMDAgMjAwMDAwMAA=', 'VTE_VERSION': '7600', 'CMAKE_PREFIX_PATH': '/opt/ros/jazzy/opt/gz_sim_vendor:/opt/ros/jazzy/opt/gz_sensors_vendor:/opt/ros/jazzy/opt/gz_physics_vendor:/opt/ros/jazzy/opt/sdformat_vendor:/opt/ros/jazzy/opt/gz_gui_vendor:/opt/ros/jazzy/opt/gz_transport_vendor:/opt/ros/jazzy/opt/gz_rendering_vendor:/opt/ros/jazzy/opt/gz_plugin_vendor:/opt/ros/jazzy/opt/gz_fuel_tools_vendor:/opt/ros/jazzy/opt/gz_msgs_vendor:/opt/ros/jazzy/opt/gz_common_vendor:/opt/ros/jazzy/opt/gz_math_vendor:/opt/ros/jazzy/opt/gz_utils_vendor:/opt/ros/jazzy/opt/gz_tools_vendor:/opt/ros/jazzy/opt/gz_ogre_next_vendor:/opt/ros/jazzy/opt/gz_dartsim_vendor:/opt/ros/jazzy/opt/gz_cmake_vendor:/opt/ros/jazzy'}), 'shell': False}
[88.755857] (bumperbot_localization) StdoutLine: {'line': b'-- Install configuration: ""\n'}
[88.756110] (bumperbot_localization) StdoutLine: {'line': b'-- Installing: /home/vboxuser/bumperbot_ws/install/bumperbot_localization/share/bumperbot_localization/environment/pythonpath.sh\n'}
[88.756292] (bumperbot_localization) StdoutLine: {'line': b'-- Installing: /home/vboxuser/bumperbot_ws/install/bumperbot_localization/share/bumperbot_localization/environment/pythonpath.dsv\n'}
[88.756429] (bumperbot_localization) StdoutLine: {'line': b'-- Installing: /home/vboxuser/bumperbot_ws/install/bumperbot_localization/lib/python3.12/site-packages/bumperbot_localization-0.0.0-py3.12.egg-info\n'}
[88.756645] (bumperbot_localization) StdoutLine: {'line': b'-- Installing: /home/vboxuser/bumperbot_ws/install/bumperbot_localization/lib/python3.12/site-packages/bumperbot_localization-0.0.0-py3.12.egg-info/dependency_links.txt\n'}
[88.756776] (bumperbot_localization) StdoutLine: {'line': b'-- Installing: /home/vboxuser/bumperbot_ws/install/bumperbot_localization/lib/python3.12/site-packages/bumperbot_localization-0.0.0-py3.12.egg-info/PKG-INFO\n'}
[88.756878] (bumperbot_localization) StdoutLine: {'line': b'-- Installing: /home/vboxuser/bumperbot_ws/install/bumperbot_localization/lib/python3.12/site-packages/bumperbot_localization-0.0.0-py3.12.egg-info/SOURCES.txt\n'}
[88.756974] (bumperbot_localization) StdoutLine: {'line': b'-- Installing: /home/vboxuser/bumperbot_ws/install/bumperbot_localization/lib/python3.12/site-packages/bumperbot_localization-0.0.0-py3.12.egg-info/top_level.txt\n'}
[88.757113] (bumperbot_localization) StdoutLine: {'line': b'-- Installing: /home/vboxuser/bumperbot_ws/install/bumperbot_localization/lib/python3.12/site-packages/bumperbot_localization\n'}
[88.757294] (bumperbot_localization) StdoutLine: {'line': b'-- Installing: /home/vboxuser/bumperbot_ws/install/bumperbot_localization/lib/python3.12/site-packages/bumperbot_localization/kalman_filter.py\n'}
[88.757480] (bumperbot_localization) StdoutLine: {'line': b'-- Installing: /home/vboxuser/bumperbot_ws/install/bumperbot_localization/lib/python3.12/site-packages/bumperbot_localization/__init__.py\n'}
[88.757598] (bumperbot_localization) StdoutLine: {'line': b'-- Installing: /home/vboxuser/bumperbot_ws/install/bumperbot_localization/lib/python3.12/site-packages/bumperbot_localization/imu_republisher.py\n'}
[88.758286] (bumperbot_localization) StdoutLine: {'line': b'-- Installing: /home/vboxuser/bumperbot_ws/install/bumperbot_localization/lib/python3.12/site-packages/bumperbot_localization/odometry_motion_model.py\n'}
[88.788632] (bumperbot_localization) StdoutLine: {'line': b"Listing '/home/vboxuser/bumperbot_ws/install/bumperbot_localization/lib/python3.12/site-packages/bumperbot_localization'...\n"}
[88.788802] (bumperbot_localization) StdoutLine: {'line': b"Compiling '/home/vboxuser/bumperbot_ws/install/bumperbot_localization/lib/python3.12/site-packages/bumperbot_localization/__init__.py'...\n"}
[88.788859] (bumperbot_localization) StdoutLine: {'line': b"Compiling '/home/vboxuser/bumperbot_ws/install/bumperbot_localization/lib/python3.12/site-packages/bumperbot_localization/imu_republisher.py'...\n"}
[88.788906] (bumperbot_localization) StdoutLine: {'line': b"Compiling '/home/vboxuser/bumperbot_ws/install/bumperbot_localization/lib/python3.12/site-packages/bumperbot_localization/kalman_filter.py'...\n"}
[88.788956] (bumperbot_localization) StdoutLine: {'line': b"Compiling '/home/vboxuser/bumperbot_ws/install/bumperbot_localization/lib/python3.12/site-packages/bumperbot_localization/odometry_motion_model.py'...\n"}
[88.789137] (bumperbot_localization) StdoutLine: {'line': b'-- Installing: /home/vboxuser/bumperbot_ws/install/bumperbot_localization/include/include\n'}
[88.789299] (bumperbot_localization) StdoutLine: {'line': b'-- Installing: /home/vboxuser/bumperbot_ws/install/bumperbot_localization/include/include/bumperbot_localization\n'}
[88.789361] (bumperbot_localization) StdoutLine: {'line': b'-- Installing: /home/vboxuser/bumperbot_ws/install/bumperbot_localization/include/include/bumperbot_localization/kalman_filter.hpp\n'}
[88.789477] (bumperbot_localization) StdoutLine: {'line': b'-- Installing: /home/vboxuser/bumperbot_ws/install/bumperbot_localization/include/include/bumperbot_localization/odometry_motion_model.hpp\n'}
[88.789640] (bumperbot_localization) StdoutLine: {'line': b'-- Installing: /home/vboxuser/bumperbot_ws/install/bumperbot_localization/bin/odometry_motion_model\n'}
[88.791881] (bumperbot_localization) StdoutLine: {'line': b'-- Set non-toolchain portion of runtime path of "/home/vboxuser/bumperbot_ws/install/bumperbot_localization/bin/odometry_motion_model" to ""\n'}
[88.792038] (bumperbot_localization) StdoutLine: {'line': b'-- Installing: /home/vboxuser/bumperbot_ws/install/bumperbot_localization/lib/bumperbot_localization/kalman_filter\n'}
[88.796245] (bumperbot_localization) StdoutLine: {'line': b'-- Set non-toolchain portion of runtime path of "/home/vboxuser/bumperbot_ws/install/bumperbot_localization/lib/bumperbot_localization/kalman_filter" to ""\n'}
[88.796443] (bumperbot_localization) StdoutLine: {'line': b'-- Installing: /home/vboxuser/bumperbot_ws/install/bumperbot_localization/lib/bumperbot_localization/imu_republisher\n'}
[88.798464] (bumperbot_localization) StdoutLine: {'line': b'-- Set non-toolchain portion of runtime path of "/home/vboxuser/bumperbot_ws/install/bumperbot_localization/lib/bumperbot_localization/imu_republisher" to ""\n'}
[88.798621] (bumperbot_localization) StdoutLine: {'line': b'-- Installing: /home/vboxuser/bumperbot_ws/install/bumperbot_localization/lib/bumperbot_localization/odometry_motion_model\n'}
[88.800752] (bumperbot_localization) StdoutLine: {'line': b'-- Set non-toolchain portion of runtime path of "/home/vboxuser/bumperbot_ws/install/bumperbot_localization/lib/bumperbot_localization/odometry_motion_model" to ""\n'}
[88.800815] (-) TimerEvent: {}
[88.806404] (bumperbot_localization) StdoutLine: {'line': b'-- Installing: /home/vboxuser/bumperbot_ws/install/bumperbot_localization/share/bumperbot_localization/launch\n'}
[88.806592] (bumperbot_localization) StdoutLine: {'line': b'-- Installing: /home/vboxuser/bumperbot_ws/install/bumperbot_localization/share/bumperbot_localization/launch/global_localization.launch.py\n'}
[88.807235] (bumperbot_localization) StdoutLine: {'line': b'-- Installing: /home/vboxuser/bumperbot_ws/install/bumperbot_localization/share/bumperbot_localization/launch/local_localization.launch.py\n'}
[88.807851] (bumperbot_localization) StdoutLine: {'line': b'-- Installing: /home/vboxuser/bumperbot_ws/install/bumperbot_localization/share/bumperbot_localization/config\n'}
[88.814258] (bumperbot_localization) StdoutLine: {'line': b'-- Installing: /home/vboxuser/bumperbot_ws/install/bumperbot_localization/share/bumperbot_localization/config/odometry_motion_model.rviz\n'}
[88.814684] (bumperbot_localization) StdoutLine: {'line': b'-- Installing: /home/vboxuser/bumperbot_ws/install/bumperbot_localization/share/bumperbot_localization/config/amcl.yaml\n'}
[88.815402] (bumperbot_localization) StdoutLine: {'line': b'-- Installing: /home/vboxuser/bumperbot_ws/install/bumperbot_localization/share/bumperbot_localization/config/ekf.yaml\n'}
[88.815775] (bumperbot_localization) StdoutLine: {'line': b'-- Installing: /home/vboxuser/bumperbot_ws/install/bumperbot_localization/share/bumperbot_localization/rviz\n'}
[88.816301] (bumperbot_localization) StdoutLine: {'line': b'-- Installing: /home/vboxuser/bumperbot_ws/install/bumperbot_localization/share/bumperbot_localization/rviz/global_localization.rviz\n'}
[88.817357] (bumperbot_localization) StdoutLine: {'line': b'-- Installing: /home/vboxuser/bumperbot_ws/install/bumperbot_localization/lib/bumperbot_localization/kalman_filter.py\n'}
[88.817420] (bumperbot_localization) StdoutLine: {'line': b'-- Installing: /home/vboxuser/bumperbot_ws/install/bumperbot_localization/lib/bumperbot_localization/imu_republisher.py\n'}
[88.817456] (bumperbot_localization) StdoutLine: {'line': b'-- Installing: /home/vboxuser/bumperbot_ws/install/bumperbot_localization/lib/bumperbot_localization/odometry_motion_model.py\n'}
[88.817610] (bumperbot_localization) StdoutLine: {'line': b'-- Installing: /home/vboxuser/bumperbot_ws/install/bumperbot_localization/share/ament_index/resource_index/package_run_dependencies/bumperbot_localization\n'}
[88.817861] (bumperbot_localization) StdoutLine: {'line': b'-- Installing: /home/vboxuser/bumperbot_ws/install/bumperbot_localization/share/ament_index/resource_index/parent_prefix_path/bumperbot_localization\n'}
[88.817939] (bumperbot_localization) StdoutLine: {'line': b'-- Installing: /home/vboxuser/bumperbot_ws/install/bumperbot_localization/share/bumperbot_localization/environment/ament_prefix_path.sh\n'}
[88.818076] (bumperbot_localization) StdoutLine: {'line': b'-- Installing: /home/vboxuser/bumperbot_ws/install/bumperbot_localization/share/bumperbot_localization/environment/ament_prefix_path.dsv\n'}
[88.818200] (bumperbot_localization) StdoutLine: {'line': b'-- Installing: /home/vboxuser/bumperbot_ws/install/bumperbot_localization/share/bumperbot_localization/environment/path.sh\n'}
[88.818316] (bumperbot_localization) StdoutLine: {'line': b'-- Installing: /home/vboxuser/bumperbot_ws/install/bumperbot_localization/share/bumperbot_localization/environment/path.dsv\n'}
[88.818435] (bumperbot_localization) StdoutLine: {'line': b'-- Installing: /home/vboxuser/bumperbot_ws/install/bumperbot_localization/share/bumperbot_localization/local_setup.bash\n'}
[88.818555] (bumperbot_localization) StdoutLine: {'line': b'-- Installing: /home/vboxuser/bumperbot_ws/install/bumperbot_localization/share/bumperbot_localization/local_setup.sh\n'}
[88.818679] (bumperbot_localization) StdoutLine: {'line': b'-- Installing: /home/vboxuser/bumperbot_ws/install/bumperbot_localization/share/bumperbot_localization/local_setup.zsh\n'}
[88.820131] (bumperbot_localization) StdoutLine: {'line': b'-- Installing: /home/vboxuser/bumperbot_ws/install/bumperbot_localization/share/bumperbot_localization/local_setup.dsv\n'}
[88.820205] (bumperbot_localization) StdoutLine: {'line': b'-- Installing: /home/vboxuser/bumperbot_ws/install/bumperbot_localization/share/bumperbot_localization/package.dsv\n'}
[88.820241] (bumperbot_localization) StdoutLine: {'line': b'-- Installing: /home/vboxuser/bumperbot_ws/install/bumperbot_localization/share/ament_index/resource_index/packages/bumperbot_localization\n'}
[88.820272] (bumperbot_localization) StdoutLine: {'line': b'-- Installing: /home/vboxuser/bumperbot_ws/install/bumperbot_localization/share/bumperbot_localization/cmake/bumperbot_localizationConfig.cmake\n'}
[88.820302] (bumperbot_localization) StdoutLine: {'line': b'-- Installing: /home/vboxuser/bumperbot_ws/install/bumperbot_localization/share/bumperbot_localization/cmake/bumperbot_localizationConfig-version.cmake\n'}
[88.820330] (bumperbot_localization) StdoutLine: {'line': b'-- Installing: /home/vboxuser/bumperbot_ws/install/bumperbot_localization/share/bumperbot_localization/package.xml\n'}
[88.826576] (bumperbot_localization) CommandEnded: {'returncode': 0}
[88.841437] (bumperbot_localization) JobEnded: {'identifier': 'bumperbot_localization', 'rc': 0}
[88.845206] (bumperbot_mapping) JobStarted: {'identifier': 'bumperbot_mapping'}
[88.859476] (bumperbot_mapping) JobProgress: {'identifier': 'bumperbot_mapping', 'progress': 'cmake'}
[88.859735] (bumperbot_mapping) Command: {'cmd': ['/usr/bin/cmake', '/home/vboxuser/bumperbot_ws/src/bumperbot_mapping', '-DCMAKE_INSTALL_PREFIX=/home/vboxuser/bumperbot_ws/install/bumperbot_mapping'], 'cwd': '/home/vboxuser/bumperbot_ws/build/bumperbot_mapping', 'env': OrderedDict({'GJS_DEBUG_TOPICS': 'JS ERROR;JS LOG', 'XDG_ACTIVATION_TOKEN': 'gnome-shell/Terminator/2065-1-Robotproj_TIME198317', 'LESSOPEN': '| /usr/bin/lesspipe %s', 'USER': 'vboxuser', 'GZ_CONFIG_PATH': '/opt/ros/jazzy/opt/gz_sim_vendor/share/gz:/opt/ros/jazzy/opt/sdformat_vendor/share/gz:/opt/ros/jazzy/opt/gz_gui_vendor/share/gz:/opt/ros/jazzy/opt/gz_transport_vendor/share/gz:/opt/ros/jazzy/opt/gz_rendering_vendor/share/gz:/opt/ros/jazzy/opt/gz_plugin_vendor/share/gz:/opt/ros/jazzy/opt/gz_fuel_tools_vendor/share/gz:/opt/ros/jazzy/opt/gz_msgs_vendor/share/gz:/opt/ros/jazzy/opt/gz_common_vendor/share/gz', 'XDG_SESSION_TYPE': 'wayland', 'CLUTTER_DISABLE_MIPMAPPED_TEXT': '1', 'SHLVL': '1', 'LD_LIBRARY_PATH': '/opt/ros/jazzy/opt/gz_sim_vendor/lib:/opt/ros/jazzy/opt/gz_sensors_vendor/lib:/opt/ros/jazzy/opt/gz_physics_vendor/lib:/opt/ros/jazzy/opt/sdformat_vendor/lib:/opt/ros/jazzy/opt/rviz_ogre_vendor/lib:/opt/ros/jazzy/lib/x86_64-linux-gnu:/opt/ros/jazzy/opt/gz_gui_vendor/lib:/opt/ros/jazzy/opt/gz_transport_vendor/lib:/opt/ros/jazzy/opt/gz_rendering_vendor/lib:/opt/ros/jazzy/opt/gz_plugin_vendor/lib:/opt/ros/jazzy/opt/gz_fuel_tools_vendor/lib:/opt/ros/jazzy/opt/gz_msgs_vendor/lib:/opt/ros/jazzy/opt/gz_common_vendor/lib:/opt/ros/jazzy/opt/gz_math_vendor/lib:/opt/ros/jazzy/opt/gz_utils_vendor/lib:/opt/ros/jazzy/opt/gz_tools_vendor/lib:/opt/ros/jazzy/opt/gz_ogre_next_vendor/lib:/opt/ros/jazzy/opt/gz_dartsim_vendor/lib:/opt/ros/jazzy/opt/gz_cmake_vendor/lib:/opt/ros/jazzy/lib', 'HOME': '/home/vboxuser', 'OLDPWD': '/home/vboxuser', 'DESKTOP_SESSION': 'ubuntu', 'GIO_LAUNCHED_DESKTOP_FILE': '/usr/share/applications/terminator.desktop', 'ROS_PYTHON_VERSION': '3', 'GNOME_SHELL_SESSION_MODE': 'ubuntu', 'GTK_MODULES': 'gail:atk-bridge', 'MANAGERPID': '1821', 'SYSTEMD_EXEC_PID': '2065', 'GSM_SKIP_SSH_AGENT_WORKAROUND': 'true', 'DBUS_SESSION_BUS_ADDRESS': 'unix:path=/run/user/1000/bus', 'COLORTERM': 'truecolor', 'TERMINATOR_DBUS_NAME': 'net.tenshu.Terminator25ef4b219e3b005583550f2b0f9f990c3', 'GIO_LAUNCHED_DESKTOP_FILE_PID': '2992', 'DEBUGINFOD_URLS': 'https://debuginfod.ubuntu.com', 'IM_CONFIG_PHASE': '1', 'WAYLAND_DISPLAY': 'wayland-0', 'ROS_DISTRO': 'jazzy', 'LOGNAME': 'vboxuser', 'JOURNAL_STREAM': '9:15131', '_': '/usr/bin/colcon', 'ROS_VERSION': '2', 'MEMORY_PRESSURE_WATCH': '/sys/fs/cgroup/user.slice/user-1000.slice/user@1000.service/session.slice/org.gnome.Shell@wayland.service/memory.pressure', 'XDG_SESSION_CLASS': 'user', 'USERNAME': 'vboxuser', 'TERM': 'xterm-256color', 'GNOME_DESKTOP_SESSION_ID': 'this-is-deprecated', 'PATH': '/opt/ros/jazzy/opt/gz_msgs_vendor/bin:/opt/ros/jazzy/opt/gz_tools_vendor/bin:/opt/ros/jazzy/opt/gz_ogre_next_vendor/bin:/opt/ros/jazzy/bin:/home/vboxuser/.local/bin:/usr/local/sbin:/usr/local/bin:/usr/sbin:/usr/bin:/sbin:/bin:/usr/games:/usr/local/games:/snap/bin:/snap/bin', 'SESSION_MANAGER': 'local/Robotproj:@/tmp/.ICE-unix/2021,unix/Robotproj:/tmp/.ICE-unix/2021', 'INVOCATION_ID': '0a4448d9e3fa415eb657cec0bbe459f4', 'XDG_MENU_PREFIX': 'gnome-', 'GNOME_SETUP_DISPLAY': ':1', 'XDG_RUNTIME_DIR': '/run/user/1000', 'DISPLAY': ':0', 'TERMINATOR_DBUS_PATH': '/net/tenshu/Terminator2', 'LANG': 'en_US.UTF-8', 'XDG_CURRENT_DESKTOP': 'ubuntu:GNOME', 'XMODIFIERS': '@im=ibus', 'XDG_SESSION_DESKTOP': 'ubuntu', 'XAUTHORITY': '/run/user/1000/.mutter-Xwaylandauth.N2SBM3', 'LS_COLORS': 'rs=0:di=01;34:ln=01;36:mh=00:pi=40;33:so=01;35:do=01;35:bd=40;33;01:cd=40;33;01:or=40;31;01:mi=00:su=37;41:sg=30;43:ca=00:tw=30;42:ow=34;42:st=37;44:ex=01;32:*.tar=01;31:*.tgz=01;31:*.arc=01;31:*.arj=01;31:*.taz=01;31:*.lha=01;31:*.lz4=01;31:*.lzh=01;31:*.lzma=01;31:*.tlz=01;31:*.txz=01;31:*.tzo=01;31:*.t7z=01;31:*.zip=01;31:*.z=01;31:*.dz=01;31:*.gz=01;31:*.lrz=01;31:*.lz=01;31:*.lzo=01;31:*.xz=01;31:*.zst=01;31:*.tzst=01;31:*.bz2=01;31:*.bz=01;31:*.tbz=01;31:*.tbz2=01;31:*.tz=01;31:*.deb=01;31:*.rpm=01;31:*.jar=01;31:*.war=01;31:*.ear=01;31:*.sar=01;31:*.rar=01;31:*.alz=01;31:*.ace=01;31:*.zoo=01;31:*.cpio=01;31:*.7z=01;31:*.rz=01;31:*.cab=01;31:*.wim=01;31:*.swm=01;31:*.dwm=01;31:*.esd=01;31:*.avif=01;35:*.jpg=01;35:*.jpeg=01;35:*.mjpg=01;35:*.mjpeg=01;35:*.gif=01;35:*.bmp=01;35:*.pbm=01;35:*.pgm=01;35:*.ppm=01;35:*.tga=01;35:*.xbm=01;35:*.xpm=01;35:*.tif=01;35:*.tiff=01;35:*.png=01;35:*.svg=01;35:*.svgz=01;35:*.mng=01;35:*.pcx=01;35:*.mov=01;35:*.mpg=01;35:*.mpeg=01;35:*.m2v=01;35:*.mkv=01;35:*.webm=01;35:*.webp=01;35:*.ogm=01;35:*.mp4=01;35:*.m4v=01;35:*.mp4v=01;35:*.vob=01;35:*.qt=01;35:*.nuv=01;35:*.wmv=01;35:*.asf=01;35:*.rm=01;35:*.rmvb=01;35:*.flc=01;35:*.avi=01;35:*.fli=01;35:*.flv=01;35:*.gl=01;35:*.dl=01;35:*.xcf=01;35:*.xwd=01;35:*.yuv=01;35:*.cgm=01;35:*.emf=01;35:*.ogv=01;35:*.ogx=01;35:*.aac=00;36:*.au=00;36:*.flac=00;36:*.m4a=00;36:*.mid=00;36:*.midi=00;36:*.mka=00;36:*.mp3=00;36:*.mpc=00;36:*.ogg=00;36:*.ra=00;36:*.wav=00;36:*.oga=00;36:*.opus=00;36:*.spx=00;36:*.xspf=00;36:*~=00;90:*#=00;90:*.bak=00;90:*.crdownload=00;90:*.dpkg-dist=00;90:*.dpkg-new=00;90:*.dpkg-old=00;90:*.dpkg-tmp=00;90:*.old=00;90:*.orig=00;90:*.part=00;90:*.rej=00;90:*.rpmnew=00;90:*.rpmorig=00;90:*.rpmsave=00;90:*.swp=00;90:*.tmp=00;90:*.ucf-dist=00;90:*.ucf-new=00;90:*.ucf-old=00;90:', 'SSH_AUTH_SOCK': '/run/user/1000/keyring/ssh', 'AMENT_PREFIX_PATH': '/opt/ros/jazzy', 'SHELL': '/bin/bash', 'TERMINATOR_UUID': 'urn:uuid:d9c01e1d-4148-4ee8-8389-ff1a6dc9a537', 'QT_ACCESSIBILITY': '1', 'GDMSESSION': 'ubuntu', 'LESSCLOSE': '/usr/bin/lesspipe %s %s', 'GJS_DEBUG_OUTPUT': 'stderr', 'ROS_AUTOMATIC_DISCOVERY_RANGE': 'SUBNET', 'QT_IM_MODULE': 'ibus', 'PWD': '/home/vboxuser/bumperbot_ws/build/bumperbot_mapping', 'LC_ALL': 'en_US.UTF-8', 'XDG_CONFIG_DIRS': '/etc/xdg/xdg-ubuntu:/etc/xdg', 'XDG_DATA_DIRS': '/usr/share/ubuntu:/usr/share/gnome:/usr/local/share/:/usr/share/:/var/lib/snapd/desktop', 'PYTHONPATH': '/opt/ros/jazzy/lib/python3.12/site-packages', 'COLCON': '1', 'MEMORY_PRESSURE_WRITE': 'c29tZSAyMDAwMDAgMjAwMDAwMAA=', 'VTE_VERSION': '7600', 'CMAKE_PREFIX_PATH': '/opt/ros/jazzy/opt/gz_sim_vendor:/opt/ros/jazzy/opt/gz_sensors_vendor:/opt/ros/jazzy/opt/gz_physics_vendor:/opt/ros/jazzy/opt/sdformat_vendor:/opt/ros/jazzy/opt/gz_gui_vendor:/opt/ros/jazzy/opt/gz_transport_vendor:/opt/ros/jazzy/opt/gz_rendering_vendor:/opt/ros/jazzy/opt/gz_plugin_vendor:/opt/ros/jazzy/opt/gz_fuel_tools_vendor:/opt/ros/jazzy/opt/gz_msgs_vendor:/opt/ros/jazzy/opt/gz_common_vendor:/opt/ros/jazzy/opt/gz_math_vendor:/opt/ros/jazzy/opt/gz_utils_vendor:/opt/ros/jazzy/opt/gz_tools_vendor:/opt/ros/jazzy/opt/gz_ogre_next_vendor:/opt/ros/jazzy/opt/gz_dartsim_vendor:/opt/ros/jazzy/opt/gz_cmake_vendor:/opt/ros/jazzy'}), 'shell': False}
[88.904079] (-) TimerEvent: {}
[88.936242] (bumperbot_mapping) StdoutLine: {'line': b'-- The C compiler identification is GNU 13.3.0\n'}
[88.980808] (bumperbot_mapping) StdoutLine: {'line': b'-- The CXX compiler identification is GNU 13.3.0\n'}
[88.995977] (bumperbot_mapping) StdoutLine: {'line': b'-- Detecting C compiler ABI info\n'}
[89.004277] (-) TimerEvent: {}
[89.098561] (bumperbot_mapping) StdoutLine: {'line': b'-- Detecting C compiler ABI info - done\n'}
[89.105161] (-) TimerEvent: {}
[89.116522] (bumperbot_mapping) StdoutLine: {'line': b'-- Check for working C compiler: /usr/bin/cc - skipped\n'}
[89.117121] (bumperbot_mapping) StdoutLine: {'line': b'-- Detecting C compile features\n'}
[89.117244] (bumperbot_mapping) StdoutLine: {'line': b'-- Detecting C compile features - done\n'}
[89.128994] (bumperbot_mapping) StdoutLine: {'line': b'-- Detecting CXX compiler ABI info\n'}
[89.208005] (-) TimerEvent: {}
[89.222812] (bumperbot_mapping) StdoutLine: {'line': b'-- Detecting CXX compiler ABI info - done\n'}
[89.228963] (bumperbot_mapping) StdoutLine: {'line': b'-- Check for working CXX compiler: /usr/bin/c++ - skipped\n'}
[89.229310] (bumperbot_mapping) StdoutLine: {'line': b'-- Detecting CXX compile features\n'}
[89.229694] (bumperbot_mapping) StdoutLine: {'line': b'-- Detecting CXX compile features - done\n'}
[89.231898] (bumperbot_mapping) StdoutLine: {'line': b'-- Found ament_cmake: 2.5.5 (/opt/ros/jazzy/share/ament_cmake/cmake)\n'}
[89.310221] (-) TimerEvent: {}
[89.354675] (bumperbot_mapping) StdoutLine: {'line': b'-- Found Python3: /usr/bin/python3 (found version "3.12.3") found components: Interpreter \n'}
[89.413610] (-) TimerEvent: {}
[89.449848] (bumperbot_mapping) StdoutLine: {'line': b'-- Found rclcpp: 28.1.16 (/opt/ros/jazzy/share/rclcpp/cmake)\n'}
[89.493031] (bumperbot_mapping) StdoutLine: {'line': b'-- Found rosidl_generator_c: 4.6.7 (/opt/ros/jazzy/share/rosidl_generator_c/cmake)\n'}
[89.504106] (bumperbot_mapping) StdoutLine: {'line': b'-- Found rosidl_generator_cpp: 4.6.7 (/opt/ros/jazzy/share/rosidl_generator_cpp/cmake)\n'}
[89.516992] (-) TimerEvent: {}
[89.538273] (bumperbot_mapping) StdoutLine: {'line': b'-- Using all available rosidl_typesupport_c: rosidl_typesupport_fastrtps_c;rosidl_typesupport_introspection_c\n'}
[89.542482] (bumperbot_mapping) StdoutLine: {'line': b'-- Using all available rosidl_typesupport_cpp: rosidl_typesupport_fastrtps_cpp;rosidl_typesupport_introspection_cpp\n'}
[89.614031] (bumperbot_mapping) StdoutLine: {'line': b'-- Found rmw_implementation_cmake: 7.3.3 (/opt/ros/jazzy/share/rmw_implementation_cmake/cmake)\n'}
[89.616611] (bumperbot_mapping) StdoutLine: {'line': b'-- Found rmw_fastrtps_cpp: 8.4.3 (/opt/ros/jazzy/share/rmw_fastrtps_cpp/cmake)\n'}
[89.620909] (-) TimerEvent: {}
[89.712858] (bumperbot_mapping) StdoutLine: {'line': b'-- Found OpenSSL: /usr/lib/x86_64-linux-gnu/libcrypto.so (found version "3.0.13")  \n'}
[89.723014] (-) TimerEvent: {}
[89.738488] (bumperbot_mapping) StdoutLine: {'line': b'-- Found FastRTPS: /opt/ros/jazzy/include (Required is at least version "2.13") \n'}
[89.757280] (bumperbot_mapping) StdoutLine: {'line': b"-- Using RMW implementation 'rmw_fastrtps_cpp' as default\n"}
[89.814050] (bumperbot_mapping) StdoutLine: {'line': b'-- Found rclpy: 7.1.9 (/opt/ros/jazzy/share/rclpy/cmake)\n'}
[89.817257] (bumperbot_mapping) StdoutLine: {'line': b'-- Found sensor_msgs: 5.3.6 (/opt/ros/jazzy/share/sensor_msgs/cmake)\n'}
[89.828263] (-) TimerEvent: {}
[89.887455] (bumperbot_mapping) StdoutLine: {'line': b'-- Found nav_msgs: 5.3.6 (/opt/ros/jazzy/share/nav_msgs/cmake)\n'}
[89.910297] (bumperbot_mapping) StdoutLine: {'line': b'-- Found tf2_ros: 0.36.19 (/opt/ros/jazzy/share/tf2_ros/cmake)\n'}
[89.930024] (-) TimerEvent: {}
[90.032359] (-) TimerEvent: {}
[90.136490] (-) TimerEvent: {}
[90.205238] (bumperbot_mapping) StdoutLine: {'line': b'-- Configuring done (1.3s)\n'}
[90.216154] (bumperbot_mapping) StdoutLine: {'line': b'-- Generating done (0.0s)\n'}
[90.220196] (bumperbot_mapping) StdoutLine: {'line': b'-- Build files have been written to: /home/vboxuser/bumperbot_ws/build/bumperbot_mapping\n'}
[90.227148] (bumperbot_mapping) CommandEnded: {'returncode': 0}
[90.227480] (bumperbot_mapping) JobProgress: {'identifier': 'bumperbot_mapping', 'progress': 'build'}
[90.227615] (bumperbot_mapping) Command: {'cmd': ['/usr/bin/cmake', '--build', '/home/vboxuser/bumperbot_ws/build/bumperbot_mapping', '--', '-j1', '-l1'], 'cwd': '/home/vboxuser/bumperbot_ws/build/bumperbot_mapping', 'env': OrderedDict({'GJS_DEBUG_TOPICS': 'JS ERROR;JS LOG', 'XDG_ACTIVATION_TOKEN': 'gnome-shell/Terminator/2065-1-Robotproj_TIME198317', 'LESSOPEN': '| /usr/bin/lesspipe %s', 'USER': 'vboxuser', 'GZ_CONFIG_PATH': '/opt/ros/jazzy/opt/gz_sim_vendor/share/gz:/opt/ros/jazzy/opt/sdformat_vendor/share/gz:/opt/ros/jazzy/opt/gz_gui_vendor/share/gz:/opt/ros/jazzy/opt/gz_transport_vendor/share/gz:/opt/ros/jazzy/opt/gz_rendering_vendor/share/gz:/opt/ros/jazzy/opt/gz_plugin_vendor/share/gz:/opt/ros/jazzy/opt/gz_fuel_tools_vendor/share/gz:/opt/ros/jazzy/opt/gz_msgs_vendor/share/gz:/opt/ros/jazzy/opt/gz_common_vendor/share/gz', 'XDG_SESSION_TYPE': 'wayland', 'CLUTTER_DISABLE_MIPMAPPED_TEXT': '1', 'SHLVL': '1', 'LD_LIBRARY_PATH': '/opt/ros/jazzy/opt/gz_sim_vendor/lib:/opt/ros/jazzy/opt/gz_sensors_vendor/lib:/opt/ros/jazzy/opt/gz_physics_vendor/lib:/opt/ros/jazzy/opt/sdformat_vendor/lib:/opt/ros/jazzy/opt/rviz_ogre_vendor/lib:/opt/ros/jazzy/lib/x86_64-linux-gnu:/opt/ros/jazzy/opt/gz_gui_vendor/lib:/opt/ros/jazzy/opt/gz_transport_vendor/lib:/opt/ros/jazzy/opt/gz_rendering_vendor/lib:/opt/ros/jazzy/opt/gz_plugin_vendor/lib:/opt/ros/jazzy/opt/gz_fuel_tools_vendor/lib:/opt/ros/jazzy/opt/gz_msgs_vendor/lib:/opt/ros/jazzy/opt/gz_common_vendor/lib:/opt/ros/jazzy/opt/gz_math_vendor/lib:/opt/ros/jazzy/opt/gz_utils_vendor/lib:/opt/ros/jazzy/opt/gz_tools_vendor/lib:/opt/ros/jazzy/opt/gz_ogre_next_vendor/lib:/opt/ros/jazzy/opt/gz_dartsim_vendor/lib:/opt/ros/jazzy/opt/gz_cmake_vendor/lib:/opt/ros/jazzy/lib', 'HOME': '/home/vboxuser', 'OLDPWD': '/home/vboxuser', 'DESKTOP_SESSION': 'ubuntu', 'GIO_LAUNCHED_DESKTOP_FILE': '/usr/share/applications/terminator.desktop', 'ROS_PYTHON_VERSION': '3', 'GNOME_SHELL_SESSION_MODE': 'ubuntu', 'GTK_MODULES': 'gail:atk-bridge', 'MANAGERPID': '1821', 'SYSTEMD_EXEC_PID': '2065', 'GSM_SKIP_SSH_AGENT_WORKAROUND': 'true', 'DBUS_SESSION_BUS_ADDRESS': 'unix:path=/run/user/1000/bus', 'COLORTERM': 'truecolor', 'TERMINATOR_DBUS_NAME': 'net.tenshu.Terminator25ef4b219e3b005583550f2b0f9f990c3', 'GIO_LAUNCHED_DESKTOP_FILE_PID': '2992', 'DEBUGINFOD_URLS': 'https://debuginfod.ubuntu.com', 'IM_CONFIG_PHASE': '1', 'WAYLAND_DISPLAY': 'wayland-0', 'ROS_DISTRO': 'jazzy', 'LOGNAME': 'vboxuser', 'JOURNAL_STREAM': '9:15131', '_': '/usr/bin/colcon', 'ROS_VERSION': '2', 'MEMORY_PRESSURE_WATCH': '/sys/fs/cgroup/user.slice/user-1000.slice/user@1000.service/session.slice/org.gnome.Shell@wayland.service/memory.pressure', 'XDG_SESSION_CLASS': 'user', 'USERNAME': 'vboxuser', 'TERM': 'xterm-256color', 'GNOME_DESKTOP_SESSION_ID': 'this-is-deprecated', 'PATH': '/opt/ros/jazzy/opt/gz_msgs_vendor/bin:/opt/ros/jazzy/opt/gz_tools_vendor/bin:/opt/ros/jazzy/opt/gz_ogre_next_vendor/bin:/opt/ros/jazzy/bin:/home/vboxuser/.local/bin:/usr/local/sbin:/usr/local/bin:/usr/sbin:/usr/bin:/sbin:/bin:/usr/games:/usr/local/games:/snap/bin:/snap/bin', 'SESSION_MANAGER': 'local/Robotproj:@/tmp/.ICE-unix/2021,unix/Robotproj:/tmp/.ICE-unix/2021', 'INVOCATION_ID': '0a4448d9e3fa415eb657cec0bbe459f4', 'XDG_MENU_PREFIX': 'gnome-', 'GNOME_SETUP_DISPLAY': ':1', 'XDG_RUNTIME_DIR': '/run/user/1000', 'DISPLAY': ':0', 'TERMINATOR_DBUS_PATH': '/net/tenshu/Terminator2', 'LANG': 'en_US.UTF-8', 'XDG_CURRENT_DESKTOP': 'ubuntu:GNOME', 'XMODIFIERS': '@im=ibus', 'XDG_SESSION_DESKTOP': 'ubuntu', 'XAUTHORITY': '/run/user/1000/.mutter-Xwaylandauth.N2SBM3', 'LS_COLORS': 'rs=0:di=01;34:ln=01;36:mh=00:pi=40;33:so=01;35:do=01;35:bd=40;33;01:cd=40;33;01:or=40;31;01:mi=00:su=37;41:sg=30;43:ca=00:tw=30;42:ow=34;42:st=37;44:ex=01;32:*.tar=01;31:*.tgz=01;31:*.arc=01;31:*.arj=01;31:*.taz=01;31:*.lha=01;31:*.lz4=01;31:*.lzh=01;31:*.lzma=01;31:*.tlz=01;31:*.txz=01;31:*.tzo=01;31:*.t7z=01;31:*.zip=01;31:*.z=01;31:*.dz=01;31:*.gz=01;31:*.lrz=01;31:*.lz=01;31:*.lzo=01;31:*.xz=01;31:*.zst=01;31:*.tzst=01;31:*.bz2=01;31:*.bz=01;31:*.tbz=01;31:*.tbz2=01;31:*.tz=01;31:*.deb=01;31:*.rpm=01;31:*.jar=01;31:*.war=01;31:*.ear=01;31:*.sar=01;31:*.rar=01;31:*.alz=01;31:*.ace=01;31:*.zoo=01;31:*.cpio=01;31:*.7z=01;31:*.rz=01;31:*.cab=01;31:*.wim=01;31:*.swm=01;31:*.dwm=01;31:*.esd=01;31:*.avif=01;35:*.jpg=01;35:*.jpeg=01;35:*.mjpg=01;35:*.mjpeg=01;35:*.gif=01;35:*.bmp=01;35:*.pbm=01;35:*.pgm=01;35:*.ppm=01;35:*.tga=01;35:*.xbm=01;35:*.xpm=01;35:*.tif=01;35:*.tiff=01;35:*.png=01;35:*.svg=01;35:*.svgz=01;35:*.mng=01;35:*.pcx=01;35:*.mov=01;35:*.mpg=01;35:*.mpeg=01;35:*.m2v=01;35:*.mkv=01;35:*.webm=01;35:*.webp=01;35:*.ogm=01;35:*.mp4=01;35:*.m4v=01;35:*.mp4v=01;35:*.vob=01;35:*.qt=01;35:*.nuv=01;35:*.wmv=01;35:*.asf=01;35:*.rm=01;35:*.rmvb=01;35:*.flc=01;35:*.avi=01;35:*.fli=01;35:*.flv=01;35:*.gl=01;35:*.dl=01;35:*.xcf=01;35:*.xwd=01;35:*.yuv=01;35:*.cgm=01;35:*.emf=01;35:*.ogv=01;35:*.ogx=01;35:*.aac=00;36:*.au=00;36:*.flac=00;36:*.m4a=00;36:*.mid=00;36:*.midi=00;36:*.mka=00;36:*.mp3=00;36:*.mpc=00;36:*.ogg=00;36:*.ra=00;36:*.wav=00;36:*.oga=00;36:*.opus=00;36:*.spx=00;36:*.xspf=00;36:*~=00;90:*#=00;90:*.bak=00;90:*.crdownload=00;90:*.dpkg-dist=00;90:*.dpkg-new=00;90:*.dpkg-old=00;90:*.dpkg-tmp=00;90:*.old=00;90:*.orig=00;90:*.part=00;90:*.rej=00;90:*.rpmnew=00;90:*.rpmorig=00;90:*.rpmsave=00;90:*.swp=00;90:*.tmp=00;90:*.ucf-dist=00;90:*.ucf-new=00;90:*.ucf-old=00;90:', 'SSH_AUTH_SOCK': '/run/user/1000/keyring/ssh', 'AMENT_PREFIX_PATH': '/opt/ros/jazzy', 'SHELL': '/bin/bash', 'TERMINATOR_UUID': 'urn:uuid:d9c01e1d-4148-4ee8-8389-ff1a6dc9a537', 'QT_ACCESSIBILITY': '1', 'GDMSESSION': 'ubuntu', 'LESSCLOSE': '/usr/bin/lesspipe %s %s', 'GJS_DEBUG_OUTPUT': 'stderr', 'ROS_AUTOMATIC_DISCOVERY_RANGE': 'SUBNET', 'QT_IM_MODULE': 'ibus', 'PWD': '/home/vboxuser/bumperbot_ws/build/bumperbot_mapping', 'LC_ALL': 'en_US.UTF-8', 'XDG_CONFIG_DIRS': '/etc/xdg/xdg-ubuntu:/etc/xdg', 'XDG_DATA_DIRS': '/usr/share/ubuntu:/usr/share/gnome:/usr/local/share/:/usr/share/:/var/lib/snapd/desktop', 'PYTHONPATH': '/opt/ros/jazzy/lib/python3.12/site-packages', 'COLCON': '1', 'MEMORY_PRESSURE_WRITE': 'c29tZSAyMDAwMDAgMjAwMDAwMAA=', 'VTE_VERSION': '7600', 'CMAKE_PREFIX_PATH': '/opt/ros/jazzy/opt/gz_sim_vendor:/opt/ros/jazzy/opt/gz_sensors_vendor:/opt/ros/jazzy/opt/gz_physics_vendor:/opt/ros/jazzy/opt/sdformat_vendor:/opt/ros/jazzy/opt/gz_gui_vendor:/opt/ros/jazzy/opt/gz_transport_vendor:/opt/ros/jazzy/opt/gz_rendering_vendor:/opt/ros/jazzy/opt/gz_plugin_vendor:/opt/ros/jazzy/opt/gz_fuel_tools_vendor:/opt/ros/jazzy/opt/gz_msgs_vendor:/opt/ros/jazzy/opt/gz_common_vendor:/opt/ros/jazzy/opt/gz_math_vendor:/opt/ros/jazzy/opt/gz_utils_vendor:/opt/ros/jazzy/opt/gz_tools_vendor:/opt/ros/jazzy/opt/gz_ogre_next_vendor:/opt/ros/jazzy/opt/gz_dartsim_vendor:/opt/ros/jazzy/opt/gz_cmake_vendor:/opt/ros/jazzy'}), 'shell': False}
[90.237578] (-) TimerEvent: {}
[90.300685] (bumperbot_mapping) StdoutLine: {'line': b'[ 50%] \x1b[32mBuilding CXX object CMakeFiles/mapping_with_known_poses.dir/src/mapping_with_known_poses.cpp.o\x1b[0m\n'}
[90.342234] (-) TimerEvent: {}
[90.445644] (-) TimerEvent: {}
[90.549439] (-) TimerEvent: {}
[90.662422] (-) TimerEvent: {}
[90.766552] (-) TimerEvent: {}
[90.869284] (-) TimerEvent: {}
[90.972997] (-) TimerEvent: {}
[91.076005] (-) TimerEvent: {}
[91.179123] (-) TimerEvent: {}
[91.283197] (-) TimerEvent: {}
[91.396116] (-) TimerEvent: {}
[91.509426] (-) TimerEvent: {}
[91.612988] (-) TimerEvent: {}
[91.715567] (-) TimerEvent: {}
[91.818991] (-) TimerEvent: {}
[91.922226] (-) TimerEvent: {}
[92.036416] (-) TimerEvent: {}
[92.139245] (-) TimerEvent: {}
[92.242616] (-) TimerEvent: {}
[92.345978] (-) TimerEvent: {}
[92.449281] (-) TimerEvent: {}
[92.553160] (-) TimerEvent: {}
[92.656202] (-) TimerEvent: {}
[92.769491] (-) TimerEvent: {}
[92.873518] (-) TimerEvent: {}
[92.977230] (-) TimerEvent: {}
[93.087516] (-) TimerEvent: {}
[93.192975] (-) TimerEvent: {}
[93.295167] (-) TimerEvent: {}
[93.409382] (-) TimerEvent: {}
[93.523012] (-) TimerEvent: {}
[93.637009] (-) TimerEvent: {}
[93.749973] (-) TimerEvent: {}
[93.853342] (-) TimerEvent: {}
[93.956996] (-) TimerEvent: {}
[94.060013] (-) TimerEvent: {}
[94.162979] (-) TimerEvent: {}
[94.266022] (-) TimerEvent: {}
[94.369984] (-) TimerEvent: {}
[94.473015] (-) TimerEvent: {}
[94.575991] (-) TimerEvent: {}
[94.689237] (-) TimerEvent: {}
[94.792595] (-) TimerEvent: {}
[94.904432] (-) TimerEvent: {}
[95.008977] (-) TimerEvent: {}
[95.113003] (-) TimerEvent: {}
[95.216015] (-) TimerEvent: {}
[95.319288] (-) TimerEvent: {}
[95.433145] (-) TimerEvent: {}
[95.536172] (-) TimerEvent: {}
[95.649570] (-) TimerEvent: {}
[95.763481] (-) TimerEvent: {}
[95.868044] (-) TimerEvent: {}
[95.981364] (-) TimerEvent: {}
[96.093977] (-) TimerEvent: {}
[96.198091] (-) TimerEvent: {}
[96.300229] (-) TimerEvent: {}
[96.404022] (-) TimerEvent: {}
[96.506986] (-) TimerEvent: {}
[96.610228] (-) TimerEvent: {}
[96.713886] (-) TimerEvent: {}
[96.827097] (-) TimerEvent: {}
[96.931013] (-) TimerEvent: {}
[97.033977] (-) TimerEvent: {}
[97.137030] (-) TimerEvent: {}
[97.239980] (-) TimerEvent: {}
[97.341209] (-) TimerEvent: {}
[97.446943] (-) TimerEvent: {}
[97.557102] (-) TimerEvent: {}
[97.663015] (-) TimerEvent: {}
[97.776884] (-) TimerEvent: {}
[97.889420] (-) TimerEvent: {}
[98.004109] (-) TimerEvent: {}
[98.085506] (bumperbot_mapping) StdoutLine: {'line': b'[100%] \x1b[32m\x1b[1mLinking CXX executable mapping_with_known_poses\x1b[0m\n'}
[98.107415] (-) TimerEvent: {}
[98.211304] (-) TimerEvent: {}
[98.314418] (-) TimerEvent: {}
[98.392592] (bumperbot_mapping) StdoutLine: {'line': b'[100%] Built target mapping_with_known_poses\n'}
[98.414528] (-) TimerEvent: {}
[98.433137] (bumperbot_mapping) StdoutLine: {'line': b'[100%] Built target ament_cmake_python_copy_bumperbot_mapping\n'}
[98.520003] (-) TimerEvent: {}
[98.603953] (bumperbot_mapping) StdoutLine: {'line': b'running egg_info\n'}
[98.604685] (bumperbot_mapping) StdoutLine: {'line': b'creating bumperbot_mapping.egg-info\n'}
[98.617059] (bumperbot_mapping) StdoutLine: {'line': b'writing bumperbot_mapping.egg-info/PKG-INFO\n'}
[98.617338] (bumperbot_mapping) StdoutLine: {'line': b'writing dependency_links to bumperbot_mapping.egg-info/dependency_links.txt\n'}
[98.617550] (bumperbot_mapping) StdoutLine: {'line': b'writing top-level names to bumperbot_mapping.egg-info/top_level.txt\n'}
[98.617702] (bumperbot_mapping) StdoutLine: {'line': b"writing manifest file 'bumperbot_mapping.egg-info/SOURCES.txt'\n"}
[98.622992] (-) TimerEvent: {}
[98.673265] (bumperbot_mapping) StdoutLine: {'line': b"reading manifest file 'bumperbot_mapping.egg-info/SOURCES.txt'\n"}
[98.673943] (bumperbot_mapping) StdoutLine: {'line': b"writing manifest file 'bumperbot_mapping.egg-info/SOURCES.txt'\n"}
[98.697359] (bumperbot_mapping) StdoutLine: {'line': b'[100%] Built target ament_cmake_python_build_bumperbot_mapping_egg\n'}
[98.706149] (bumperbot_mapping) CommandEnded: {'returncode': 0}
[98.706825] (bumperbot_mapping) JobProgress: {'identifier': 'bumperbot_mapping', 'progress': 'install'}
[98.706955] (bumperbot_mapping) Command: {'cmd': ['/usr/bin/cmake', '--install', '/home/vboxuser/bumperbot_ws/build/bumperbot_mapping'], 'cwd': '/home/vboxuser/bumperbot_ws/build/bumperbot_mapping', 'env': OrderedDict({'GJS_DEBUG_TOPICS': 'JS ERROR;JS LOG', 'XDG_ACTIVATION_TOKEN': 'gnome-shell/Terminator/2065-1-Robotproj_TIME198317', 'LESSOPEN': '| /usr/bin/lesspipe %s', 'USER': 'vboxuser', 'GZ_CONFIG_PATH': '/opt/ros/jazzy/opt/gz_sim_vendor/share/gz:/opt/ros/jazzy/opt/sdformat_vendor/share/gz:/opt/ros/jazzy/opt/gz_gui_vendor/share/gz:/opt/ros/jazzy/opt/gz_transport_vendor/share/gz:/opt/ros/jazzy/opt/gz_rendering_vendor/share/gz:/opt/ros/jazzy/opt/gz_plugin_vendor/share/gz:/opt/ros/jazzy/opt/gz_fuel_tools_vendor/share/gz:/opt/ros/jazzy/opt/gz_msgs_vendor/share/gz:/opt/ros/jazzy/opt/gz_common_vendor/share/gz', 'XDG_SESSION_TYPE': 'wayland', 'CLUTTER_DISABLE_MIPMAPPED_TEXT': '1', 'SHLVL': '1', 'LD_LIBRARY_PATH': '/opt/ros/jazzy/opt/gz_sim_vendor/lib:/opt/ros/jazzy/opt/gz_sensors_vendor/lib:/opt/ros/jazzy/opt/gz_physics_vendor/lib:/opt/ros/jazzy/opt/sdformat_vendor/lib:/opt/ros/jazzy/opt/rviz_ogre_vendor/lib:/opt/ros/jazzy/lib/x86_64-linux-gnu:/opt/ros/jazzy/opt/gz_gui_vendor/lib:/opt/ros/jazzy/opt/gz_transport_vendor/lib:/opt/ros/jazzy/opt/gz_rendering_vendor/lib:/opt/ros/jazzy/opt/gz_plugin_vendor/lib:/opt/ros/jazzy/opt/gz_fuel_tools_vendor/lib:/opt/ros/jazzy/opt/gz_msgs_vendor/lib:/opt/ros/jazzy/opt/gz_common_vendor/lib:/opt/ros/jazzy/opt/gz_math_vendor/lib:/opt/ros/jazzy/opt/gz_utils_vendor/lib:/opt/ros/jazzy/opt/gz_tools_vendor/lib:/opt/ros/jazzy/opt/gz_ogre_next_vendor/lib:/opt/ros/jazzy/opt/gz_dartsim_vendor/lib:/opt/ros/jazzy/opt/gz_cmake_vendor/lib:/opt/ros/jazzy/lib', 'HOME': '/home/vboxuser', 'OLDPWD': '/home/vboxuser', 'DESKTOP_SESSION': 'ubuntu', 'GIO_LAUNCHED_DESKTOP_FILE': '/usr/share/applications/terminator.desktop', 'ROS_PYTHON_VERSION': '3', 'GNOME_SHELL_SESSION_MODE': 'ubuntu', 'GTK_MODULES': 'gail:atk-bridge', 'MANAGERPID': '1821', 'SYSTEMD_EXEC_PID': '2065', 'GSM_SKIP_SSH_AGENT_WORKAROUND': 'true', 'DBUS_SESSION_BUS_ADDRESS': 'unix:path=/run/user/1000/bus', 'COLORTERM': 'truecolor', 'TERMINATOR_DBUS_NAME': 'net.tenshu.Terminator25ef4b219e3b005583550f2b0f9f990c3', 'GIO_LAUNCHED_DESKTOP_FILE_PID': '2992', 'DEBUGINFOD_URLS': 'https://debuginfod.ubuntu.com', 'IM_CONFIG_PHASE': '1', 'WAYLAND_DISPLAY': 'wayland-0', 'ROS_DISTRO': 'jazzy', 'LOGNAME': 'vboxuser', 'JOURNAL_STREAM': '9:15131', '_': '/usr/bin/colcon', 'ROS_VERSION': '2', 'MEMORY_PRESSURE_WATCH': '/sys/fs/cgroup/user.slice/user-1000.slice/user@1000.service/session.slice/org.gnome.Shell@wayland.service/memory.pressure', 'XDG_SESSION_CLASS': 'user', 'USERNAME': 'vboxuser', 'TERM': 'xterm-256color', 'GNOME_DESKTOP_SESSION_ID': 'this-is-deprecated', 'PATH': '/opt/ros/jazzy/opt/gz_msgs_vendor/bin:/opt/ros/jazzy/opt/gz_tools_vendor/bin:/opt/ros/jazzy/opt/gz_ogre_next_vendor/bin:/opt/ros/jazzy/bin:/home/vboxuser/.local/bin:/usr/local/sbin:/usr/local/bin:/usr/sbin:/usr/bin:/sbin:/bin:/usr/games:/usr/local/games:/snap/bin:/snap/bin', 'SESSION_MANAGER': 'local/Robotproj:@/tmp/.ICE-unix/2021,unix/Robotproj:/tmp/.ICE-unix/2021', 'INVOCATION_ID': '0a4448d9e3fa415eb657cec0bbe459f4', 'XDG_MENU_PREFIX': 'gnome-', 'GNOME_SETUP_DISPLAY': ':1', 'XDG_RUNTIME_DIR': '/run/user/1000', 'DISPLAY': ':0', 'TERMINATOR_DBUS_PATH': '/net/tenshu/Terminator2', 'LANG': 'en_US.UTF-8', 'XDG_CURRENT_DESKTOP': 'ubuntu:GNOME', 'XMODIFIERS': '@im=ibus', 'XDG_SESSION_DESKTOP': 'ubuntu', 'XAUTHORITY': '/run/user/1000/.mutter-Xwaylandauth.N2SBM3', 'LS_COLORS': 'rs=0:di=01;34:ln=01;36:mh=00:pi=40;33:so=01;35:do=01;35:bd=40;33;01:cd=40;33;01:or=40;31;01:mi=00:su=37;41:sg=30;43:ca=00:tw=30;42:ow=34;42:st=37;44:ex=01;32:*.tar=01;31:*.tgz=01;31:*.arc=01;31:*.arj=01;31:*.taz=01;31:*.lha=01;31:*.lz4=01;31:*.lzh=01;31:*.lzma=01;31:*.tlz=01;31:*.txz=01;31:*.tzo=01;31:*.t7z=01;31:*.zip=01;31:*.z=01;31:*.dz=01;31:*.gz=01;31:*.lrz=01;31:*.lz=01;31:*.lzo=01;31:*.xz=01;31:*.zst=01;31:*.tzst=01;31:*.bz2=01;31:*.bz=01;31:*.tbz=01;31:*.tbz2=01;31:*.tz=01;31:*.deb=01;31:*.rpm=01;31:*.jar=01;31:*.war=01;31:*.ear=01;31:*.sar=01;31:*.rar=01;31:*.alz=01;31:*.ace=01;31:*.zoo=01;31:*.cpio=01;31:*.7z=01;31:*.rz=01;31:*.cab=01;31:*.wim=01;31:*.swm=01;31:*.dwm=01;31:*.esd=01;31:*.avif=01;35:*.jpg=01;35:*.jpeg=01;35:*.mjpg=01;35:*.mjpeg=01;35:*.gif=01;35:*.bmp=01;35:*.pbm=01;35:*.pgm=01;35:*.ppm=01;35:*.tga=01;35:*.xbm=01;35:*.xpm=01;35:*.tif=01;35:*.tiff=01;35:*.png=01;35:*.svg=01;35:*.svgz=01;35:*.mng=01;35:*.pcx=01;35:*.mov=01;35:*.mpg=01;35:*.mpeg=01;35:*.m2v=01;35:*.mkv=01;35:*.webm=01;35:*.webp=01;35:*.ogm=01;35:*.mp4=01;35:*.m4v=01;35:*.mp4v=01;35:*.vob=01;35:*.qt=01;35:*.nuv=01;35:*.wmv=01;35:*.asf=01;35:*.rm=01;35:*.rmvb=01;35:*.flc=01;35:*.avi=01;35:*.fli=01;35:*.flv=01;35:*.gl=01;35:*.dl=01;35:*.xcf=01;35:*.xwd=01;35:*.yuv=01;35:*.cgm=01;35:*.emf=01;35:*.ogv=01;35:*.ogx=01;35:*.aac=00;36:*.au=00;36:*.flac=00;36:*.m4a=00;36:*.mid=00;36:*.midi=00;36:*.mka=00;36:*.mp3=00;36:*.mpc=00;36:*.ogg=00;36:*.ra=00;36:*.wav=00;36:*.oga=00;36:*.opus=00;36:*.spx=00;36:*.xspf=00;36:*~=00;90:*#=00;90:*.bak=00;90:*.crdownload=00;90:*.dpkg-dist=00;90:*.dpkg-new=00;90:*.dpkg-old=00;90:*.dpkg-tmp=00;90:*.old=00;90:*.orig=00;90:*.part=00;90:*.rej=00;90:*.rpmnew=00;90:*.rpmorig=00;90:*.rpmsave=00;90:*.swp=00;90:*.tmp=00;90:*.ucf-dist=00;90:*.ucf-new=00;90:*.ucf-old=00;90:', 'SSH_AUTH_SOCK': '/run/user/1000/keyring/ssh', 'AMENT_PREFIX_PATH': '/opt/ros/jazzy', 'SHELL': '/bin/bash', 'TERMINATOR_UUID': 'urn:uuid:d9c01e1d-4148-4ee8-8389-ff1a6dc9a537', 'QT_ACCESSIBILITY': '1', 'GDMSESSION': 'ubuntu', 'LESSCLOSE': '/usr/bin/lesspipe %s %s', 'GJS_DEBUG_OUTPUT': 'stderr', 'ROS_AUTOMATIC_DISCOVERY_RANGE': 'SUBNET', 'QT_IM_MODULE': 'ibus', 'PWD': '/home/vboxuser/bumperbot_ws/build/bumperbot_mapping', 'LC_ALL': 'en_US.UTF-8', 'XDG_CONFIG_DIRS': '/etc/xdg/xdg-ubuntu:/etc/xdg', 'XDG_DATA_DIRS': '/usr/share/ubuntu:/usr/share/gnome:/usr/local/share/:/usr/share/:/var/lib/snapd/desktop', 'PYTHONPATH': '/opt/ros/jazzy/lib/python3.12/site-packages', 'COLCON': '1', 'MEMORY_PRESSURE_WRITE': 'c29tZSAyMDAwMDAgMjAwMDAwMAA=', 'VTE_VERSION': '7600', 'CMAKE_PREFIX_PATH': '/opt/ros/jazzy/opt/gz_sim_vendor:/opt/ros/jazzy/opt/gz_sensors_vendor:/opt/ros/jazzy/opt/gz_physics_vendor:/opt/ros/jazzy/opt/sdformat_vendor:/opt/ros/jazzy/opt/gz_gui_vendor:/opt/ros/jazzy/opt/gz_transport_vendor:/opt/ros/jazzy/opt/gz_rendering_vendor:/opt/ros/jazzy/opt/gz_plugin_vendor:/opt/ros/jazzy/opt/gz_fuel_tools_vendor:/opt/ros/jazzy/opt/gz_msgs_vendor:/opt/ros/jazzy/opt/gz_common_vendor:/opt/ros/jazzy/opt/gz_math_vendor:/opt/ros/jazzy/opt/gz_utils_vendor:/opt/ros/jazzy/opt/gz_tools_vendor:/opt/ros/jazzy/opt/gz_ogre_next_vendor:/opt/ros/jazzy/opt/gz_dartsim_vendor:/opt/ros/jazzy/opt/gz_cmake_vendor:/opt/ros/jazzy'}), 'shell': False}
[98.715266] (bumperbot_mapping) StdoutLine: {'line': b'-- Install configuration: ""\n'}
[98.715512] (bumperbot_mapping) StdoutLine: {'line': b'-- Installing: /home/vboxuser/bumperbot_ws/install/bumperbot_mapping/share/bumperbot_mapping/environment/pythonpath.sh\n'}
[98.715811] (bumperbot_mapping) StdoutLine: {'line': b'-- Installing: /home/vboxuser/bumperbot_ws/install/bumperbot_mapping/share/bumperbot_mapping/environment/pythonpath.dsv\n'}
[98.716024] (bumperbot_mapping) StdoutLine: {'line': b'-- Installing: /home/vboxuser/bumperbot_ws/install/bumperbot_mapping/lib/python3.12/site-packages/bumperbot_mapping-0.0.0-py3.12.egg-info\n'}
[98.716099] (bumperbot_mapping) StdoutLine: {'line': b'-- Installing: /home/vboxuser/bumperbot_ws/install/bumperbot_mapping/lib/python3.12/site-packages/bumperbot_mapping-0.0.0-py3.12.egg-info/dependency_links.txt\n'}
[98.716202] (bumperbot_mapping) StdoutLine: {'line': b'-- Installing: /home/vboxuser/bumperbot_ws/install/bumperbot_mapping/lib/python3.12/site-packages/bumperbot_mapping-0.0.0-py3.12.egg-info/PKG-INFO\n'}
[98.716301] (bumperbot_mapping) StdoutLine: {'line': b'-- Installing: /home/vboxuser/bumperbot_ws/install/bumperbot_mapping/lib/python3.12/site-packages/bumperbot_mapping-0.0.0-py3.12.egg-info/SOURCES.txt\n'}
[98.716394] (bumperbot_mapping) StdoutLine: {'line': b'-- Installing: /home/vboxuser/bumperbot_ws/install/bumperbot_mapping/lib/python3.12/site-packages/bumperbot_mapping-0.0.0-py3.12.egg-info/top_level.txt\n'}
[98.716515] (bumperbot_mapping) StdoutLine: {'line': b'-- Installing: /home/vboxuser/bumperbot_ws/install/bumperbot_mapping/lib/python3.12/site-packages/bumperbot_mapping\n'}
[98.716683] (bumperbot_mapping) StdoutLine: {'line': b'-- Installing: /home/vboxuser/bumperbot_ws/install/bumperbot_mapping/lib/python3.12/site-packages/bumperbot_mapping/__init__.py\n'}
[98.717976] (bumperbot_mapping) StdoutLine: {'line': b'-- Installing: /home/vboxuser/bumperbot_ws/install/bumperbot_mapping/lib/python3.12/site-packages/bumperbot_mapping/mapping_with_known_poses.py\n'}
[98.725222] (-) TimerEvent: {}
[98.757539] (bumperbot_mapping) StdoutLine: {'line': b"Listing '/home/vboxuser/bumperbot_ws/install/bumperbot_mapping/lib/python3.12/site-packages/bumperbot_mapping'...\n"}
[98.757650] (bumperbot_mapping) StdoutLine: {'line': b"Compiling '/home/vboxuser/bumperbot_ws/install/bumperbot_mapping/lib/python3.12/site-packages/bumperbot_mapping/__init__.py'...\n"}
[98.757688] (bumperbot_mapping) StdoutLine: {'line': b"Compiling '/home/vboxuser/bumperbot_ws/install/bumperbot_mapping/lib/python3.12/site-packages/bumperbot_mapping/mapping_with_known_poses.py'...\n"}
[98.761802] (bumperbot_mapping) StdoutLine: {'line': b'-- Installing: /home/vboxuser/bumperbot_ws/install/bumperbot_mapping/include/include\n'}
[98.762001] (bumperbot_mapping) StdoutLine: {'line': b'-- Installing: /home/vboxuser/bumperbot_ws/install/bumperbot_mapping/include/include/bumperbot_mapping\n'}
[98.762145] (bumperbot_mapping) StdoutLine: {'line': b'-- Installing: /home/vboxuser/bumperbot_ws/install/bumperbot_mapping/include/include/bumperbot_mapping/mapping_with_known_poses.hpp\n'}
[98.762521] (bumperbot_mapping) StdoutLine: {'line': b'-- Installing: /home/vboxuser/bumperbot_ws/install/bumperbot_mapping/lib/bumperbot_mapping/mapping_with_known_poses\n'}
[98.765089] (bumperbot_mapping) StdoutLine: {'line': b'-- Set non-toolchain portion of runtime path of "/home/vboxuser/bumperbot_ws/install/bumperbot_mapping/lib/bumperbot_mapping/mapping_with_known_poses" to ""\n'}
[98.765239] (bumperbot_mapping) StdoutLine: {'line': b'-- Installing: /home/vboxuser/bumperbot_ws/install/bumperbot_mapping/share/bumperbot_mapping/config\n'}
[98.776248] (bumperbot_mapping) StdoutLine: {'line': b'-- Installing: /home/vboxuser/bumperbot_ws/install/bumperbot_mapping/share/bumperbot_mapping/config/slam_toolbox.yaml\n'}
[98.777242] (bumperbot_mapping) StdoutLine: {'line': b'-- Installing: /home/vboxuser/bumperbot_ws/install/bumperbot_mapping/share/bumperbot_mapping/launch\n'}
[98.778381] (bumperbot_mapping) StdoutLine: {'line': b'-- Installing: /home/vboxuser/bumperbot_ws/install/bumperbot_mapping/share/bumperbot_mapping/launch/slam.launch.py\n'}
[98.778732] (bumperbot_mapping) StdoutLine: {'line': b'-- Installing: /home/vboxuser/bumperbot_ws/install/bumperbot_mapping/share/bumperbot_mapping/maps\n'}
[98.779172] (bumperbot_mapping) StdoutLine: {'line': b'-- Installing: /home/vboxuser/bumperbot_ws/install/bumperbot_mapping/share/bumperbot_mapping/maps/small_house\n'}
[98.779702] (bumperbot_mapping) StdoutLine: {'line': b'-- Installing: /home/vboxuser/bumperbot_ws/install/bumperbot_mapping/share/bumperbot_mapping/maps/small_house/map.yaml\n'}
[98.780400] (bumperbot_mapping) StdoutLine: {'line': b'-- Installing: /home/vboxuser/bumperbot_ws/install/bumperbot_mapping/share/bumperbot_mapping/maps/small_house/map.pgm\n'}
[98.782198] (bumperbot_mapping) StdoutLine: {'line': b'-- Installing: /home/vboxuser/bumperbot_ws/install/bumperbot_mapping/share/bumperbot_mapping/maps/small_warehouse\n'}
[98.782325] (bumperbot_mapping) StdoutLine: {'line': b'-- Installing: /home/vboxuser/bumperbot_ws/install/bumperbot_mapping/share/bumperbot_mapping/maps/small_warehouse/map.yaml\n'}
[98.782818] (bumperbot_mapping) StdoutLine: {'line': b'-- Installing: /home/vboxuser/bumperbot_ws/install/bumperbot_mapping/share/bumperbot_mapping/maps/small_warehouse/map.pgm\n'}
[98.784231] (bumperbot_mapping) StdoutLine: {'line': b'-- Installing: /home/vboxuser/bumperbot_ws/install/bumperbot_mapping/share/bumperbot_mapping/rviz\n'}
[98.784713] (bumperbot_mapping) StdoutLine: {'line': b'-- Installing: /home/vboxuser/bumperbot_ws/install/bumperbot_mapping/share/bumperbot_mapping/rviz/slam.rviz\n'}
[98.785403] (bumperbot_mapping) StdoutLine: {'line': b'-- Installing: /home/vboxuser/bumperbot_ws/install/bumperbot_mapping/lib/bumperbot_mapping/mapping_with_known_poses.py\n'}
[98.785487] (bumperbot_mapping) StdoutLine: {'line': b'-- Installing: /home/vboxuser/bumperbot_ws/install/bumperbot_mapping/share/ament_index/resource_index/package_run_dependencies/bumperbot_mapping\n'}
[98.785652] (bumperbot_mapping) StdoutLine: {'line': b'-- Installing: /home/vboxuser/bumperbot_ws/install/bumperbot_mapping/share/ament_index/resource_index/parent_prefix_path/bumperbot_mapping\n'}
[98.785826] (bumperbot_mapping) StdoutLine: {'line': b'-- Installing: /home/vboxuser/bumperbot_ws/install/bumperbot_mapping/share/bumperbot_mapping/environment/ament_prefix_path.sh\n'}
[98.785959] (bumperbot_mapping) StdoutLine: {'line': b'-- Installing: /home/vboxuser/bumperbot_ws/install/bumperbot_mapping/share/bumperbot_mapping/environment/ament_prefix_path.dsv\n'}
[98.786086] (bumperbot_mapping) StdoutLine: {'line': b'-- Installing: /home/vboxuser/bumperbot_ws/install/bumperbot_mapping/share/bumperbot_mapping/environment/path.sh\n'}
[98.786214] (bumperbot_mapping) StdoutLine: {'line': b'-- Installing: /home/vboxuser/bumperbot_ws/install/bumperbot_mapping/share/bumperbot_mapping/environment/path.dsv\n'}
[98.786404] (bumperbot_mapping) StdoutLine: {'line': b'-- Installing: /home/vboxuser/bumperbot_ws/install/bumperbot_mapping/share/bumperbot_mapping/local_setup.bash\n'}
[98.786540] (bumperbot_mapping) StdoutLine: {'line': b'-- Installing: /home/vboxuser/bumperbot_ws/install/bumperbot_mapping/share/bumperbot_mapping/local_setup.sh\n'}
[98.786660] (bumperbot_mapping) StdoutLine: {'line': b'-- Installing: /home/vboxuser/bumperbot_ws/install/bumperbot_mapping/share/bumperbot_mapping/local_setup.zsh\n'}
[98.786773] (bumperbot_mapping) StdoutLine: {'line': b'-- Installing: /home/vboxuser/bumperbot_ws/install/bumperbot_mapping/share/bumperbot_mapping/local_setup.dsv\n'}
[98.786889] (bumperbot_mapping) StdoutLine: {'line': b'-- Installing: /home/vboxuser/bumperbot_ws/install/bumperbot_mapping/share/bumperbot_mapping/package.dsv\n'}
[98.787028] (bumperbot_mapping) StdoutLine: {'line': b'-- Installing: /home/vboxuser/bumperbot_ws/install/bumperbot_mapping/share/ament_index/resource_index/packages/bumperbot_mapping\n'}
[98.787540] (bumperbot_mapping) StdoutLine: {'line': b'-- Installing: /home/vboxuser/bumperbot_ws/install/bumperbot_mapping/share/bumperbot_mapping/cmake/bumperbot_mappingConfig.cmake\n'}
[98.788480] (bumperbot_mapping) StdoutLine: {'line': b'-- Installing: /home/vboxuser/bumperbot_ws/install/bumperbot_mapping/share/bumperbot_mapping/cmake/bumperbot_mappingConfig-version.cmake\n'}
[98.788552] (bumperbot_mapping) StdoutLine: {'line': b'-- Installing: /home/vboxuser/bumperbot_ws/install/bumperbot_mapping/share/bumperbot_mapping/package.xml\n'}
[98.788873] (bumperbot_mapping) CommandEnded: {'returncode': 0}
[98.802140] (bumperbot_mapping) JobEnded: {'identifier': 'bumperbot_mapping', 'rc': 0}
[98.803951] (bumperbot_utils) JobStarted: {'identifier': 'bumperbot_utils'}
[98.831214] (bumperbot_utils) JobProgress: {'identifier': 'bumperbot_utils', 'progress': 'cmake'}
[98.831261] (-) TimerEvent: {}
[98.831661] (bumperbot_utils) Command: {'cmd': ['/usr/bin/cmake', '/home/vboxuser/bumperbot_ws/src/bumperbot_utils', '-DCMAKE_INSTALL_PREFIX=/home/vboxuser/bumperbot_ws/install/bumperbot_utils'], 'cwd': '/home/vboxuser/bumperbot_ws/build/bumperbot_utils', 'env': OrderedDict({'GJS_DEBUG_TOPICS': 'JS ERROR;JS LOG', 'XDG_ACTIVATION_TOKEN': 'gnome-shell/Terminator/2065-1-Robotproj_TIME198317', 'LESSOPEN': '| /usr/bin/lesspipe %s', 'USER': 'vboxuser', 'GZ_CONFIG_PATH': '/opt/ros/jazzy/opt/gz_sim_vendor/share/gz:/opt/ros/jazzy/opt/sdformat_vendor/share/gz:/opt/ros/jazzy/opt/gz_gui_vendor/share/gz:/opt/ros/jazzy/opt/gz_transport_vendor/share/gz:/opt/ros/jazzy/opt/gz_rendering_vendor/share/gz:/opt/ros/jazzy/opt/gz_plugin_vendor/share/gz:/opt/ros/jazzy/opt/gz_fuel_tools_vendor/share/gz:/opt/ros/jazzy/opt/gz_msgs_vendor/share/gz:/opt/ros/jazzy/opt/gz_common_vendor/share/gz', 'XDG_SESSION_TYPE': 'wayland', 'CLUTTER_DISABLE_MIPMAPPED_TEXT': '1', 'SHLVL': '1', 'LD_LIBRARY_PATH': '/opt/ros/jazzy/opt/gz_sim_vendor/lib:/opt/ros/jazzy/opt/gz_sensors_vendor/lib:/opt/ros/jazzy/opt/gz_physics_vendor/lib:/opt/ros/jazzy/opt/sdformat_vendor/lib:/opt/ros/jazzy/opt/rviz_ogre_vendor/lib:/opt/ros/jazzy/lib/x86_64-linux-gnu:/opt/ros/jazzy/opt/gz_gui_vendor/lib:/opt/ros/jazzy/opt/gz_transport_vendor/lib:/opt/ros/jazzy/opt/gz_rendering_vendor/lib:/opt/ros/jazzy/opt/gz_plugin_vendor/lib:/opt/ros/jazzy/opt/gz_fuel_tools_vendor/lib:/opt/ros/jazzy/opt/gz_msgs_vendor/lib:/opt/ros/jazzy/opt/gz_common_vendor/lib:/opt/ros/jazzy/opt/gz_math_vendor/lib:/opt/ros/jazzy/opt/gz_utils_vendor/lib:/opt/ros/jazzy/opt/gz_tools_vendor/lib:/opt/ros/jazzy/opt/gz_ogre_next_vendor/lib:/opt/ros/jazzy/opt/gz_dartsim_vendor/lib:/opt/ros/jazzy/opt/gz_cmake_vendor/lib:/opt/ros/jazzy/lib', 'HOME': '/home/vboxuser', 'OLDPWD': '/home/vboxuser', 'DESKTOP_SESSION': 'ubuntu', 'GIO_LAUNCHED_DESKTOP_FILE': '/usr/share/applications/terminator.desktop', 'ROS_PYTHON_VERSION': '3', 'GNOME_SHELL_SESSION_MODE': 'ubuntu', 'GTK_MODULES': 'gail:atk-bridge', 'MANAGERPID': '1821', 'SYSTEMD_EXEC_PID': '2065', 'GSM_SKIP_SSH_AGENT_WORKAROUND': 'true', 'DBUS_SESSION_BUS_ADDRESS': 'unix:path=/run/user/1000/bus', 'COLORTERM': 'truecolor', 'TERMINATOR_DBUS_NAME': 'net.tenshu.Terminator25ef4b219e3b005583550f2b0f9f990c3', 'GIO_LAUNCHED_DESKTOP_FILE_PID': '2992', 'DEBUGINFOD_URLS': 'https://debuginfod.ubuntu.com', 'IM_CONFIG_PHASE': '1', 'WAYLAND_DISPLAY': 'wayland-0', 'ROS_DISTRO': 'jazzy', 'LOGNAME': 'vboxuser', 'JOURNAL_STREAM': '9:15131', '_': '/usr/bin/colcon', 'ROS_VERSION': '2', 'MEMORY_PRESSURE_WATCH': '/sys/fs/cgroup/user.slice/user-1000.slice/user@1000.service/session.slice/org.gnome.Shell@wayland.service/memory.pressure', 'XDG_SESSION_CLASS': 'user', 'USERNAME': 'vboxuser', 'TERM': 'xterm-256color', 'GNOME_DESKTOP_SESSION_ID': 'this-is-deprecated', 'PATH': '/opt/ros/jazzy/opt/gz_msgs_vendor/bin:/opt/ros/jazzy/opt/gz_tools_vendor/bin:/opt/ros/jazzy/opt/gz_ogre_next_vendor/bin:/opt/ros/jazzy/bin:/home/vboxuser/.local/bin:/usr/local/sbin:/usr/local/bin:/usr/sbin:/usr/bin:/sbin:/bin:/usr/games:/usr/local/games:/snap/bin:/snap/bin', 'SESSION_MANAGER': 'local/Robotproj:@/tmp/.ICE-unix/2021,unix/Robotproj:/tmp/.ICE-unix/2021', 'INVOCATION_ID': '0a4448d9e3fa415eb657cec0bbe459f4', 'XDG_MENU_PREFIX': 'gnome-', 'GNOME_SETUP_DISPLAY': ':1', 'XDG_RUNTIME_DIR': '/run/user/1000', 'DISPLAY': ':0', 'TERMINATOR_DBUS_PATH': '/net/tenshu/Terminator2', 'LANG': 'en_US.UTF-8', 'XDG_CURRENT_DESKTOP': 'ubuntu:GNOME', 'XMODIFIERS': '@im=ibus', 'XDG_SESSION_DESKTOP': 'ubuntu', 'XAUTHORITY': '/run/user/1000/.mutter-Xwaylandauth.N2SBM3', 'LS_COLORS': 'rs=0:di=01;34:ln=01;36:mh=00:pi=40;33:so=01;35:do=01;35:bd=40;33;01:cd=40;33;01:or=40;31;01:mi=00:su=37;41:sg=30;43:ca=00:tw=30;42:ow=34;42:st=37;44:ex=01;32:*.tar=01;31:*.tgz=01;31:*.arc=01;31:*.arj=01;31:*.taz=01;31:*.lha=01;31:*.lz4=01;31:*.lzh=01;31:*.lzma=01;31:*.tlz=01;31:*.txz=01;31:*.tzo=01;31:*.t7z=01;31:*.zip=01;31:*.z=01;31:*.dz=01;31:*.gz=01;31:*.lrz=01;31:*.lz=01;31:*.lzo=01;31:*.xz=01;31:*.zst=01;31:*.tzst=01;31:*.bz2=01;31:*.bz=01;31:*.tbz=01;31:*.tbz2=01;31:*.tz=01;31:*.deb=01;31:*.rpm=01;31:*.jar=01;31:*.war=01;31:*.ear=01;31:*.sar=01;31:*.rar=01;31:*.alz=01;31:*.ace=01;31:*.zoo=01;31:*.cpio=01;31:*.7z=01;31:*.rz=01;31:*.cab=01;31:*.wim=01;31:*.swm=01;31:*.dwm=01;31:*.esd=01;31:*.avif=01;35:*.jpg=01;35:*.jpeg=01;35:*.mjpg=01;35:*.mjpeg=01;35:*.gif=01;35:*.bmp=01;35:*.pbm=01;35:*.pgm=01;35:*.ppm=01;35:*.tga=01;35:*.xbm=01;35:*.xpm=01;35:*.tif=01;35:*.tiff=01;35:*.png=01;35:*.svg=01;35:*.svgz=01;35:*.mng=01;35:*.pcx=01;35:*.mov=01;35:*.mpg=01;35:*.mpeg=01;35:*.m2v=01;35:*.mkv=01;35:*.webm=01;35:*.webp=01;35:*.ogm=01;35:*.mp4=01;35:*.m4v=01;35:*.mp4v=01;35:*.vob=01;35:*.qt=01;35:*.nuv=01;35:*.wmv=01;35:*.asf=01;35:*.rm=01;35:*.rmvb=01;35:*.flc=01;35:*.avi=01;35:*.fli=01;35:*.flv=01;35:*.gl=01;35:*.dl=01;35:*.xcf=01;35:*.xwd=01;35:*.yuv=01;35:*.cgm=01;35:*.emf=01;35:*.ogv=01;35:*.ogx=01;35:*.aac=00;36:*.au=00;36:*.flac=00;36:*.m4a=00;36:*.mid=00;36:*.midi=00;36:*.mka=00;36:*.mp3=00;36:*.mpc=00;36:*.ogg=00;36:*.ra=00;36:*.wav=00;36:*.oga=00;36:*.opus=00;36:*.spx=00;36:*.xspf=00;36:*~=00;90:*#=00;90:*.bak=00;90:*.crdownload=00;90:*.dpkg-dist=00;90:*.dpkg-new=00;90:*.dpkg-old=00;90:*.dpkg-tmp=00;90:*.old=00;90:*.orig=00;90:*.part=00;90:*.rej=00;90:*.rpmnew=00;90:*.rpmorig=00;90:*.rpmsave=00;90:*.swp=00;90:*.tmp=00;90:*.ucf-dist=00;90:*.ucf-new=00;90:*.ucf-old=00;90:', 'SSH_AUTH_SOCK': '/run/user/1000/keyring/ssh', 'AMENT_PREFIX_PATH': '/opt/ros/jazzy', 'SHELL': '/bin/bash', 'TERMINATOR_UUID': 'urn:uuid:d9c01e1d-4148-4ee8-8389-ff1a6dc9a537', 'QT_ACCESSIBILITY': '1', 'GDMSESSION': 'ubuntu', 'LESSCLOSE': '/usr/bin/lesspipe %s %s', 'GJS_DEBUG_OUTPUT': 'stderr', 'ROS_AUTOMATIC_DISCOVERY_RANGE': 'SUBNET', 'QT_IM_MODULE': 'ibus', 'PWD': '/home/vboxuser/bumperbot_ws/build/bumperbot_utils', 'LC_ALL': 'en_US.UTF-8', 'XDG_CONFIG_DIRS': '/etc/xdg/xdg-ubuntu:/etc/xdg', 'XDG_DATA_DIRS': '/usr/share/ubuntu:/usr/share/gnome:/usr/local/share/:/usr/share/:/var/lib/snapd/desktop', 'PYTHONPATH': '/opt/ros/jazzy/lib/python3.12/site-packages', 'COLCON': '1', 'MEMORY_PRESSURE_WRITE': 'c29tZSAyMDAwMDAgMjAwMDAwMAA=', 'VTE_VERSION': '7600', 'CMAKE_PREFIX_PATH': '/opt/ros/jazzy/opt/gz_sim_vendor:/opt/ros/jazzy/opt/gz_sensors_vendor:/opt/ros/jazzy/opt/gz_physics_vendor:/opt/ros/jazzy/opt/sdformat_vendor:/opt/ros/jazzy/opt/gz_gui_vendor:/opt/ros/jazzy/opt/gz_transport_vendor:/opt/ros/jazzy/opt/gz_rendering_vendor:/opt/ros/jazzy/opt/gz_plugin_vendor:/opt/ros/jazzy/opt/gz_fuel_tools_vendor:/opt/ros/jazzy/opt/gz_msgs_vendor:/opt/ros/jazzy/opt/gz_common_vendor:/opt/ros/jazzy/opt/gz_math_vendor:/opt/ros/jazzy/opt/gz_utils_vendor:/opt/ros/jazzy/opt/gz_tools_vendor:/opt/ros/jazzy/opt/gz_ogre_next_vendor:/opt/ros/jazzy/opt/gz_dartsim_vendor:/opt/ros/jazzy/opt/gz_cmake_vendor:/opt/ros/jazzy'}), 'shell': False}
[98.899909] (bumperbot_utils) StdoutLine: {'line': b'-- The C compiler identification is GNU 13.3.0\n'}
[98.932012] (-) TimerEvent: {}
[98.956957] (bumperbot_utils) StdoutLine: {'line': b'-- The CXX compiler identification is GNU 13.3.0\n'}
[98.972079] (bumperbot_utils) StdoutLine: {'line': b'-- Detecting C compiler ABI info\n'}
[99.032194] (-) TimerEvent: {}
[99.092832] (bumperbot_utils) StdoutLine: {'line': b'-- Detecting C compiler ABI info - done\n'}
[99.094413] (bumperbot_utils) StdoutLine: {'line': b'-- Check for working C compiler: /usr/bin/cc - skipped\n'}
[99.094510] (bumperbot_utils) StdoutLine: {'line': b'-- Detecting C compile features\n'}
[99.094544] (bumperbot_utils) StdoutLine: {'line': b'-- Detecting C compile features - done\n'}
[99.102947] (bumperbot_utils) StdoutLine: {'line': b'-- Detecting CXX compiler ABI info\n'}
[99.136015] (-) TimerEvent: {}
[99.209798] (bumperbot_utils) StdoutLine: {'line': b'-- Detecting CXX compiler ABI info - done\n'}
[99.216323] (bumperbot_utils) StdoutLine: {'line': b'-- Check for working CXX compiler: /usr/bin/c++ - skipped\n'}
[99.216640] (bumperbot_utils) StdoutLine: {'line': b'-- Detecting CXX compile features\n'}
[99.217065] (bumperbot_utils) StdoutLine: {'line': b'-- Detecting CXX compile features - done\n'}
[99.220186] (bumperbot_utils) StdoutLine: {'line': b'-- Found ament_cmake: 2.5.5 (/opt/ros/jazzy/share/ament_cmake/cmake)\n'}
[99.238134] (-) TimerEvent: {}
[99.341305] (bumperbot_utils) StdoutLine: {'line': b'-- Found Python3: /usr/bin/python3 (found version "3.12.3") found components: Interpreter \n'}
[99.341425] (-) TimerEvent: {}
[99.441860] (bumperbot_utils) StdoutLine: {'line': b'-- Found rclcpp: 28.1.16 (/opt/ros/jazzy/share/rclcpp/cmake)\n'}
[99.441985] (-) TimerEvent: {}
[99.485395] (bumperbot_utils) StdoutLine: {'line': b'-- Found rosidl_generator_c: 4.6.7 (/opt/ros/jazzy/share/rosidl_generator_c/cmake)\n'}
[99.496224] (bumperbot_utils) StdoutLine: {'line': b'-- Found rosidl_generator_cpp: 4.6.7 (/opt/ros/jazzy/share/rosidl_generator_cpp/cmake)\n'}
[99.508415] (bumperbot_utils) StdoutLine: {'line': b'-- Using all available rosidl_typesupport_c: rosidl_typesupport_fastrtps_c;rosidl_typesupport_introspection_c\n'}
[99.523834] (bumperbot_utils) StdoutLine: {'line': b'-- Using all available rosidl_typesupport_cpp: rosidl_typesupport_fastrtps_cpp;rosidl_typesupport_introspection_cpp\n'}
[99.551442] (-) TimerEvent: {}
[99.601833] (bumperbot_utils) StdoutLine: {'line': b'-- Found rmw_implementation_cmake: 7.3.3 (/opt/ros/jazzy/share/rmw_implementation_cmake/cmake)\n'}
[99.605856] (bumperbot_utils) StdoutLine: {'line': b'-- Found rmw_fastrtps_cpp: 8.4.3 (/opt/ros/jazzy/share/rmw_fastrtps_cpp/cmake)\n'}
[99.651547] (-) TimerEvent: {}
[99.704815] (bumperbot_utils) StdoutLine: {'line': b'-- Found OpenSSL: /usr/lib/x86_64-linux-gnu/libcrypto.so (found version "3.0.13")  \n'}
[99.716127] (bumperbot_utils) StdoutLine: {'line': b'-- Found FastRTPS: /opt/ros/jazzy/include (Required is at least version "2.13") \n'}
[99.734772] (bumperbot_utils) StdoutLine: {'line': b"-- Using RMW implementation 'rmw_fastrtps_cpp' as default\n"}
[99.758576] (-) TimerEvent: {}
[99.811430] (bumperbot_utils) StdoutLine: {'line': b'-- Found rclpy: 7.1.9 (/opt/ros/jazzy/share/rclpy/cmake)\n'}
[99.813226] (bumperbot_utils) StdoutLine: {'line': b'-- Found geometry_msgs: 5.3.6 (/opt/ros/jazzy/share/geometry_msgs/cmake)\n'}
[99.844925] (bumperbot_utils) StdoutLine: {'line': b'-- Found sensor_msgs: 5.3.6 (/opt/ros/jazzy/share/sensor_msgs/cmake)\n'}
[99.861512] (-) TimerEvent: {}
[99.878277] (bumperbot_utils) StdoutLine: {'line': b'-- Found twist_mux_msgs: 3.0.1 (/opt/ros/jazzy/share/twist_mux_msgs/cmake)\n'}
[99.935822] (bumperbot_utils) StdoutLine: {'line': b'-- Found rclcpp_action: 28.1.16 (/opt/ros/jazzy/share/rclcpp_action/cmake)\n'}
[99.947430] (bumperbot_utils) StdoutLine: {'line': b'-- Found visualization_msgs: 5.3.6 (/opt/ros/jazzy/share/visualization_msgs/cmake)\n'}
[99.964466] (-) TimerEvent: {}
[100.068984] (-) TimerEvent: {}
[100.149178] (bumperbot_utils) StdoutLine: {'line': b'-- Configuring done (1.3s)\n'}
[100.156430] (bumperbot_utils) StdoutLine: {'line': b'-- Generating done (0.0s)\n'}
[100.161461] (bumperbot_utils) StdoutLine: {'line': b'-- Build files have been written to: /home/vboxuser/bumperbot_ws/build/bumperbot_utils\n'}
[100.168858] (bumperbot_utils) CommandEnded: {'returncode': 0}
[100.169055] (-) TimerEvent: {}
[100.181702] (bumperbot_utils) JobProgress: {'identifier': 'bumperbot_utils', 'progress': 'build'}
[100.181977] (bumperbot_utils) Command: {'cmd': ['/usr/bin/cmake', '--build', '/home/vboxuser/bumperbot_ws/build/bumperbot_utils', '--', '-j1', '-l1'], 'cwd': '/home/vboxuser/bumperbot_ws/build/bumperbot_utils', 'env': OrderedDict({'GJS_DEBUG_TOPICS': 'JS ERROR;JS LOG', 'XDG_ACTIVATION_TOKEN': 'gnome-shell/Terminator/2065-1-Robotproj_TIME198317', 'LESSOPEN': '| /usr/bin/lesspipe %s', 'USER': 'vboxuser', 'GZ_CONFIG_PATH': '/opt/ros/jazzy/opt/gz_sim_vendor/share/gz:/opt/ros/jazzy/opt/sdformat_vendor/share/gz:/opt/ros/jazzy/opt/gz_gui_vendor/share/gz:/opt/ros/jazzy/opt/gz_transport_vendor/share/gz:/opt/ros/jazzy/opt/gz_rendering_vendor/share/gz:/opt/ros/jazzy/opt/gz_plugin_vendor/share/gz:/opt/ros/jazzy/opt/gz_fuel_tools_vendor/share/gz:/opt/ros/jazzy/opt/gz_msgs_vendor/share/gz:/opt/ros/jazzy/opt/gz_common_vendor/share/gz', 'XDG_SESSION_TYPE': 'wayland', 'CLUTTER_DISABLE_MIPMAPPED_TEXT': '1', 'SHLVL': '1', 'LD_LIBRARY_PATH': '/opt/ros/jazzy/opt/gz_sim_vendor/lib:/opt/ros/jazzy/opt/gz_sensors_vendor/lib:/opt/ros/jazzy/opt/gz_physics_vendor/lib:/opt/ros/jazzy/opt/sdformat_vendor/lib:/opt/ros/jazzy/opt/rviz_ogre_vendor/lib:/opt/ros/jazzy/lib/x86_64-linux-gnu:/opt/ros/jazzy/opt/gz_gui_vendor/lib:/opt/ros/jazzy/opt/gz_transport_vendor/lib:/opt/ros/jazzy/opt/gz_rendering_vendor/lib:/opt/ros/jazzy/opt/gz_plugin_vendor/lib:/opt/ros/jazzy/opt/gz_fuel_tools_vendor/lib:/opt/ros/jazzy/opt/gz_msgs_vendor/lib:/opt/ros/jazzy/opt/gz_common_vendor/lib:/opt/ros/jazzy/opt/gz_math_vendor/lib:/opt/ros/jazzy/opt/gz_utils_vendor/lib:/opt/ros/jazzy/opt/gz_tools_vendor/lib:/opt/ros/jazzy/opt/gz_ogre_next_vendor/lib:/opt/ros/jazzy/opt/gz_dartsim_vendor/lib:/opt/ros/jazzy/opt/gz_cmake_vendor/lib:/opt/ros/jazzy/lib', 'HOME': '/home/vboxuser', 'OLDPWD': '/home/vboxuser', 'DESKTOP_SESSION': 'ubuntu', 'GIO_LAUNCHED_DESKTOP_FILE': '/usr/share/applications/terminator.desktop', 'ROS_PYTHON_VERSION': '3', 'GNOME_SHELL_SESSION_MODE': 'ubuntu', 'GTK_MODULES': 'gail:atk-bridge', 'MANAGERPID': '1821', 'SYSTEMD_EXEC_PID': '2065', 'GSM_SKIP_SSH_AGENT_WORKAROUND': 'true', 'DBUS_SESSION_BUS_ADDRESS': 'unix:path=/run/user/1000/bus', 'COLORTERM': 'truecolor', 'TERMINATOR_DBUS_NAME': 'net.tenshu.Terminator25ef4b219e3b005583550f2b0f9f990c3', 'GIO_LAUNCHED_DESKTOP_FILE_PID': '2992', 'DEBUGINFOD_URLS': 'https://debuginfod.ubuntu.com', 'IM_CONFIG_PHASE': '1', 'WAYLAND_DISPLAY': 'wayland-0', 'ROS_DISTRO': 'jazzy', 'LOGNAME': 'vboxuser', 'JOURNAL_STREAM': '9:15131', '_': '/usr/bin/colcon', 'ROS_VERSION': '2', 'MEMORY_PRESSURE_WATCH': '/sys/fs/cgroup/user.slice/user-1000.slice/user@1000.service/session.slice/org.gnome.Shell@wayland.service/memory.pressure', 'XDG_SESSION_CLASS': 'user', 'USERNAME': 'vboxuser', 'TERM': 'xterm-256color', 'GNOME_DESKTOP_SESSION_ID': 'this-is-deprecated', 'PATH': '/opt/ros/jazzy/opt/gz_msgs_vendor/bin:/opt/ros/jazzy/opt/gz_tools_vendor/bin:/opt/ros/jazzy/opt/gz_ogre_next_vendor/bin:/opt/ros/jazzy/bin:/home/vboxuser/.local/bin:/usr/local/sbin:/usr/local/bin:/usr/sbin:/usr/bin:/sbin:/bin:/usr/games:/usr/local/games:/snap/bin:/snap/bin', 'SESSION_MANAGER': 'local/Robotproj:@/tmp/.ICE-unix/2021,unix/Robotproj:/tmp/.ICE-unix/2021', 'INVOCATION_ID': '0a4448d9e3fa415eb657cec0bbe459f4', 'XDG_MENU_PREFIX': 'gnome-', 'GNOME_SETUP_DISPLAY': ':1', 'XDG_RUNTIME_DIR': '/run/user/1000', 'DISPLAY': ':0', 'TERMINATOR_DBUS_PATH': '/net/tenshu/Terminator2', 'LANG': 'en_US.UTF-8', 'XDG_CURRENT_DESKTOP': 'ubuntu:GNOME', 'XMODIFIERS': '@im=ibus', 'XDG_SESSION_DESKTOP': 'ubuntu', 'XAUTHORITY': '/run/user/1000/.mutter-Xwaylandauth.N2SBM3', 'LS_COLORS': 'rs=0:di=01;34:ln=01;36:mh=00:pi=40;33:so=01;35:do=01;35:bd=40;33;01:cd=40;33;01:or=40;31;01:mi=00:su=37;41:sg=30;43:ca=00:tw=30;42:ow=34;42:st=37;44:ex=01;32:*.tar=01;31:*.tgz=01;31:*.arc=01;31:*.arj=01;31:*.taz=01;31:*.lha=01;31:*.lz4=01;31:*.lzh=01;31:*.lzma=01;31:*.tlz=01;31:*.txz=01;31:*.tzo=01;31:*.t7z=01;31:*.zip=01;31:*.z=01;31:*.dz=01;31:*.gz=01;31:*.lrz=01;31:*.lz=01;31:*.lzo=01;31:*.xz=01;31:*.zst=01;31:*.tzst=01;31:*.bz2=01;31:*.bz=01;31:*.tbz=01;31:*.tbz2=01;31:*.tz=01;31:*.deb=01;31:*.rpm=01;31:*.jar=01;31:*.war=01;31:*.ear=01;31:*.sar=01;31:*.rar=01;31:*.alz=01;31:*.ace=01;31:*.zoo=01;31:*.cpio=01;31:*.7z=01;31:*.rz=01;31:*.cab=01;31:*.wim=01;31:*.swm=01;31:*.dwm=01;31:*.esd=01;31:*.avif=01;35:*.jpg=01;35:*.jpeg=01;35:*.mjpg=01;35:*.mjpeg=01;35:*.gif=01;35:*.bmp=01;35:*.pbm=01;35:*.pgm=01;35:*.ppm=01;35:*.tga=01;35:*.xbm=01;35:*.xpm=01;35:*.tif=01;35:*.tiff=01;35:*.png=01;35:*.svg=01;35:*.svgz=01;35:*.mng=01;35:*.pcx=01;35:*.mov=01;35:*.mpg=01;35:*.mpeg=01;35:*.m2v=01;35:*.mkv=01;35:*.webm=01;35:*.webp=01;35:*.ogm=01;35:*.mp4=01;35:*.m4v=01;35:*.mp4v=01;35:*.vob=01;35:*.qt=01;35:*.nuv=01;35:*.wmv=01;35:*.asf=01;35:*.rm=01;35:*.rmvb=01;35:*.flc=01;35:*.avi=01;35:*.fli=01;35:*.flv=01;35:*.gl=01;35:*.dl=01;35:*.xcf=01;35:*.xwd=01;35:*.yuv=01;35:*.cgm=01;35:*.emf=01;35:*.ogv=01;35:*.ogx=01;35:*.aac=00;36:*.au=00;36:*.flac=00;36:*.m4a=00;36:*.mid=00;36:*.midi=00;36:*.mka=00;36:*.mp3=00;36:*.mpc=00;36:*.ogg=00;36:*.ra=00;36:*.wav=00;36:*.oga=00;36:*.opus=00;36:*.spx=00;36:*.xspf=00;36:*~=00;90:*#=00;90:*.bak=00;90:*.crdownload=00;90:*.dpkg-dist=00;90:*.dpkg-new=00;90:*.dpkg-old=00;90:*.dpkg-tmp=00;90:*.old=00;90:*.orig=00;90:*.part=00;90:*.rej=00;90:*.rpmnew=00;90:*.rpmorig=00;90:*.rpmsave=00;90:*.swp=00;90:*.tmp=00;90:*.ucf-dist=00;90:*.ucf-new=00;90:*.ucf-old=00;90:', 'SSH_AUTH_SOCK': '/run/user/1000/keyring/ssh', 'AMENT_PREFIX_PATH': '/opt/ros/jazzy', 'SHELL': '/bin/bash', 'TERMINATOR_UUID': 'urn:uuid:d9c01e1d-4148-4ee8-8389-ff1a6dc9a537', 'QT_ACCESSIBILITY': '1', 'GDMSESSION': 'ubuntu', 'LESSCLOSE': '/usr/bin/lesspipe %s %s', 'GJS_DEBUG_OUTPUT': 'stderr', 'ROS_AUTOMATIC_DISCOVERY_RANGE': 'SUBNET', 'QT_IM_MODULE': 'ibus', 'PWD': '/home/vboxuser/bumperbot_ws/build/bumperbot_utils', 'LC_ALL': 'en_US.UTF-8', 'XDG_CONFIG_DIRS': '/etc/xdg/xdg-ubuntu:/etc/xdg', 'XDG_DATA_DIRS': '/usr/share/ubuntu:/usr/share/gnome:/usr/local/share/:/usr/share/:/var/lib/snapd/desktop', 'PYTHONPATH': '/opt/ros/jazzy/lib/python3.12/site-packages', 'COLCON': '1', 'MEMORY_PRESSURE_WRITE': 'c29tZSAyMDAwMDAgMjAwMDAwMAA=', 'VTE_VERSION': '7600', 'CMAKE_PREFIX_PATH': '/opt/ros/jazzy/opt/gz_sim_vendor:/opt/ros/jazzy/opt/gz_sensors_vendor:/opt/ros/jazzy/opt/gz_physics_vendor:/opt/ros/jazzy/opt/sdformat_vendor:/opt/ros/jazzy/opt/gz_gui_vendor:/opt/ros/jazzy/opt/gz_transport_vendor:/opt/ros/jazzy/opt/gz_rendering_vendor:/opt/ros/jazzy/opt/gz_plugin_vendor:/opt/ros/jazzy/opt/gz_fuel_tools_vendor:/opt/ros/jazzy/opt/gz_msgs_vendor:/opt/ros/jazzy/opt/gz_common_vendor:/opt/ros/jazzy/opt/gz_math_vendor:/opt/ros/jazzy/opt/gz_utils_vendor:/opt/ros/jazzy/opt/gz_tools_vendor:/opt/ros/jazzy/opt/gz_ogre_next_vendor:/opt/ros/jazzy/opt/gz_dartsim_vendor:/opt/ros/jazzy/opt/gz_cmake_vendor:/opt/ros/jazzy'}), 'shell': False}
[100.232415] (bumperbot_utils) StdoutLine: {'line': b'[ 50%] \x1b[32mBuilding CXX object CMakeFiles/safety_stop.dir/src/safety_stop.cpp.o\x1b[0m\n'}
[100.275301] (-) TimerEvent: {}
[100.378563] (-) TimerEvent: {}
[100.492039] (-) TimerEvent: {}
[100.606017] (-) TimerEvent: {}
[100.709045] (-) TimerEvent: {}
[100.812129] (-) TimerEvent: {}
[100.916013] (-) TimerEvent: {}
[101.019017] (-) TimerEvent: {}
[101.123012] (-) TimerEvent: {}
[101.227038] (-) TimerEvent: {}
[101.328888] (-) TimerEvent: {}
[101.442215] (-) TimerEvent: {}
[101.545341] (-) TimerEvent: {}
[101.648545] (-) TimerEvent: {}
[101.751644] (-) TimerEvent: {}
[101.867025] (-) TimerEvent: {}
[101.969006] (-) TimerEvent: {}
[102.072148] (-) TimerEvent: {}
[102.175981] (-) TimerEvent: {}
[102.278997] (-) TimerEvent: {}
[102.392991] (-) TimerEvent: {}
[102.496014] (-) TimerEvent: {}
[102.599265] (-) TimerEvent: {}
[102.713429] (-) TimerEvent: {}
[102.815746] (-) TimerEvent: {}
[102.929679] (-) TimerEvent: {}
[103.043461] (-) TimerEvent: {}
[103.156149] (-) TimerEvent: {}
[103.269487] (-) TimerEvent: {}
[103.394015] (-) TimerEvent: {}
[103.496664] (-) TimerEvent: {}
[103.611096] (-) TimerEvent: {}
[103.726115] (-) TimerEvent: {}
[103.827969] (-) TimerEvent: {}
[103.930496] (-) TimerEvent: {}
[104.044372] (-) TimerEvent: {}
[104.148126] (-) TimerEvent: {}
[104.250997] (-) TimerEvent: {}
[104.353996] (-) TimerEvent: {}
[104.457364] (-) TimerEvent: {}
[104.560362] (-) TimerEvent: {}
[104.673625] (-) TimerEvent: {}
[104.778024] (-) TimerEvent: {}
[104.880468] (-) TimerEvent: {}
[104.984020] (-) TimerEvent: {}
[105.086982] (-) TimerEvent: {}
[105.190075] (-) TimerEvent: {}
[105.304035] (-) TimerEvent: {}
[105.407012] (-) TimerEvent: {}
[105.520396] (-) TimerEvent: {}
[105.623942] (-) TimerEvent: {}
[105.737948] (-) TimerEvent: {}
[105.851561] (-) TimerEvent: {}
[105.954131] (-) TimerEvent: {}
[106.057586] (-) TimerEvent: {}
[106.172011] (-) TimerEvent: {}
[106.274504] (-) TimerEvent: {}
[106.378013] (-) TimerEvent: {}
[106.481421] (-) TimerEvent: {}
[106.585052] (-) TimerEvent: {}
[106.687620] (-) TimerEvent: {}
[106.791923] (-) TimerEvent: {}
[106.894437] (-) TimerEvent: {}
[107.018330] (-) TimerEvent: {}
[107.132597] (-) TimerEvent: {}
[107.247323] (-) TimerEvent: {}
[107.350009] (-) TimerEvent: {}
[107.453002] (-) TimerEvent: {}
[107.555237] (-) TimerEvent: {}
[107.658984] (-) TimerEvent: {}
[107.762985] (-) TimerEvent: {}
[107.866072] (-) TimerEvent: {}
[107.968634] (-) TimerEvent: {}
[108.082703] (-) TimerEvent: {}
[108.183126] (-) TimerEvent: {}
[108.289149] (-) TimerEvent: {}
[108.393032] (-) TimerEvent: {}
[108.496049] (-) TimerEvent: {}
[108.598584] (-) TimerEvent: {}
[108.702291] (-) TimerEvent: {}
[108.735713] (bumperbot_utils) StdoutLine: {'line': b'[100%] \x1b[32m\x1b[1mLinking CXX executable safety_stop\x1b[0m\n'}
[108.802657] (-) TimerEvent: {}
[108.918004] (-) TimerEvent: {}
[109.021980] (-) TimerEvent: {}
[109.106603] (bumperbot_utils) StdoutLine: {'line': b'[100%] Built target safety_stop\n'}
[109.123538] (-) TimerEvent: {}
[109.146314] (bumperbot_utils) StdoutLine: {'line': b'[100%] Built target ament_cmake_python_copy_bumperbot_utils\n'}
[109.228973] (-) TimerEvent: {}
[109.301303] (bumperbot_utils) StdoutLine: {'line': b'running egg_info\n'}
[109.312000] (bumperbot_utils) StdoutLine: {'line': b'creating bumperbot_utils.egg-info\n'}
[109.314576] (bumperbot_utils) StdoutLine: {'line': b'writing bumperbot_utils.egg-info/PKG-INFO\n'}
[109.314843] (bumperbot_utils) StdoutLine: {'line': b'writing dependency_links to bumperbot_utils.egg-info/dependency_links.txt\n'}
[109.315041] (bumperbot_utils) StdoutLine: {'line': b'writing top-level names to bumperbot_utils.egg-info/top_level.txt\n'}
[109.315192] (bumperbot_utils) StdoutLine: {'line': b"writing manifest file 'bumperbot_utils.egg-info/SOURCES.txt'\n"}
[109.333960] (-) TimerEvent: {}
[109.364771] (bumperbot_utils) StdoutLine: {'line': b"reading manifest file 'bumperbot_utils.egg-info/SOURCES.txt'\n"}
[109.364905] (bumperbot_utils) StdoutLine: {'line': b"writing manifest file 'bumperbot_utils.egg-info/SOURCES.txt'\n"}
[109.387491] (bumperbot_utils) StdoutLine: {'line': b'[100%] Built target ament_cmake_python_build_bumperbot_utils_egg\n'}
[109.395916] (bumperbot_utils) CommandEnded: {'returncode': 0}
[109.396287] (bumperbot_utils) JobProgress: {'identifier': 'bumperbot_utils', 'progress': 'install'}
[109.396407] (bumperbot_utils) Command: {'cmd': ['/usr/bin/cmake', '--install', '/home/vboxuser/bumperbot_ws/build/bumperbot_utils'], 'cwd': '/home/vboxuser/bumperbot_ws/build/bumperbot_utils', 'env': OrderedDict({'GJS_DEBUG_TOPICS': 'JS ERROR;JS LOG', 'XDG_ACTIVATION_TOKEN': 'gnome-shell/Terminator/2065-1-Robotproj_TIME198317', 'LESSOPEN': '| /usr/bin/lesspipe %s', 'USER': 'vboxuser', 'GZ_CONFIG_PATH': '/opt/ros/jazzy/opt/gz_sim_vendor/share/gz:/opt/ros/jazzy/opt/sdformat_vendor/share/gz:/opt/ros/jazzy/opt/gz_gui_vendor/share/gz:/opt/ros/jazzy/opt/gz_transport_vendor/share/gz:/opt/ros/jazzy/opt/gz_rendering_vendor/share/gz:/opt/ros/jazzy/opt/gz_plugin_vendor/share/gz:/opt/ros/jazzy/opt/gz_fuel_tools_vendor/share/gz:/opt/ros/jazzy/opt/gz_msgs_vendor/share/gz:/opt/ros/jazzy/opt/gz_common_vendor/share/gz', 'XDG_SESSION_TYPE': 'wayland', 'CLUTTER_DISABLE_MIPMAPPED_TEXT': '1', 'SHLVL': '1', 'LD_LIBRARY_PATH': '/opt/ros/jazzy/opt/gz_sim_vendor/lib:/opt/ros/jazzy/opt/gz_sensors_vendor/lib:/opt/ros/jazzy/opt/gz_physics_vendor/lib:/opt/ros/jazzy/opt/sdformat_vendor/lib:/opt/ros/jazzy/opt/rviz_ogre_vendor/lib:/opt/ros/jazzy/lib/x86_64-linux-gnu:/opt/ros/jazzy/opt/gz_gui_vendor/lib:/opt/ros/jazzy/opt/gz_transport_vendor/lib:/opt/ros/jazzy/opt/gz_rendering_vendor/lib:/opt/ros/jazzy/opt/gz_plugin_vendor/lib:/opt/ros/jazzy/opt/gz_fuel_tools_vendor/lib:/opt/ros/jazzy/opt/gz_msgs_vendor/lib:/opt/ros/jazzy/opt/gz_common_vendor/lib:/opt/ros/jazzy/opt/gz_math_vendor/lib:/opt/ros/jazzy/opt/gz_utils_vendor/lib:/opt/ros/jazzy/opt/gz_tools_vendor/lib:/opt/ros/jazzy/opt/gz_ogre_next_vendor/lib:/opt/ros/jazzy/opt/gz_dartsim_vendor/lib:/opt/ros/jazzy/opt/gz_cmake_vendor/lib:/opt/ros/jazzy/lib', 'HOME': '/home/vboxuser', 'OLDPWD': '/home/vboxuser', 'DESKTOP_SESSION': 'ubuntu', 'GIO_LAUNCHED_DESKTOP_FILE': '/usr/share/applications/terminator.desktop', 'ROS_PYTHON_VERSION': '3', 'GNOME_SHELL_SESSION_MODE': 'ubuntu', 'GTK_MODULES': 'gail:atk-bridge', 'MANAGERPID': '1821', 'SYSTEMD_EXEC_PID': '2065', 'GSM_SKIP_SSH_AGENT_WORKAROUND': 'true', 'DBUS_SESSION_BUS_ADDRESS': 'unix:path=/run/user/1000/bus', 'COLORTERM': 'truecolor', 'TERMINATOR_DBUS_NAME': 'net.tenshu.Terminator25ef4b219e3b005583550f2b0f9f990c3', 'GIO_LAUNCHED_DESKTOP_FILE_PID': '2992', 'DEBUGINFOD_URLS': 'https://debuginfod.ubuntu.com', 'IM_CONFIG_PHASE': '1', 'WAYLAND_DISPLAY': 'wayland-0', 'ROS_DISTRO': 'jazzy', 'LOGNAME': 'vboxuser', 'JOURNAL_STREAM': '9:15131', '_': '/usr/bin/colcon', 'ROS_VERSION': '2', 'MEMORY_PRESSURE_WATCH': '/sys/fs/cgroup/user.slice/user-1000.slice/user@1000.service/session.slice/org.gnome.Shell@wayland.service/memory.pressure', 'XDG_SESSION_CLASS': 'user', 'USERNAME': 'vboxuser', 'TERM': 'xterm-256color', 'GNOME_DESKTOP_SESSION_ID': 'this-is-deprecated', 'PATH': '/opt/ros/jazzy/opt/gz_msgs_vendor/bin:/opt/ros/jazzy/opt/gz_tools_vendor/bin:/opt/ros/jazzy/opt/gz_ogre_next_vendor/bin:/opt/ros/jazzy/bin:/home/vboxuser/.local/bin:/usr/local/sbin:/usr/local/bin:/usr/sbin:/usr/bin:/sbin:/bin:/usr/games:/usr/local/games:/snap/bin:/snap/bin', 'SESSION_MANAGER': 'local/Robotproj:@/tmp/.ICE-unix/2021,unix/Robotproj:/tmp/.ICE-unix/2021', 'INVOCATION_ID': '0a4448d9e3fa415eb657cec0bbe459f4', 'XDG_MENU_PREFIX': 'gnome-', 'GNOME_SETUP_DISPLAY': ':1', 'XDG_RUNTIME_DIR': '/run/user/1000', 'DISPLAY': ':0', 'TERMINATOR_DBUS_PATH': '/net/tenshu/Terminator2', 'LANG': 'en_US.UTF-8', 'XDG_CURRENT_DESKTOP': 'ubuntu:GNOME', 'XMODIFIERS': '@im=ibus', 'XDG_SESSION_DESKTOP': 'ubuntu', 'XAUTHORITY': '/run/user/1000/.mutter-Xwaylandauth.N2SBM3', 'LS_COLORS': 'rs=0:di=01;34:ln=01;36:mh=00:pi=40;33:so=01;35:do=01;35:bd=40;33;01:cd=40;33;01:or=40;31;01:mi=00:su=37;41:sg=30;43:ca=00:tw=30;42:ow=34;42:st=37;44:ex=01;32:*.tar=01;31:*.tgz=01;31:*.arc=01;31:*.arj=01;31:*.taz=01;31:*.lha=01;31:*.lz4=01;31:*.lzh=01;31:*.lzma=01;31:*.tlz=01;31:*.txz=01;31:*.tzo=01;31:*.t7z=01;31:*.zip=01;31:*.z=01;31:*.dz=01;31:*.gz=01;31:*.lrz=01;31:*.lz=01;31:*.lzo=01;31:*.xz=01;31:*.zst=01;31:*.tzst=01;31:*.bz2=01;31:*.bz=01;31:*.tbz=01;31:*.tbz2=01;31:*.tz=01;31:*.deb=01;31:*.rpm=01;31:*.jar=01;31:*.war=01;31:*.ear=01;31:*.sar=01;31:*.rar=01;31:*.alz=01;31:*.ace=01;31:*.zoo=01;31:*.cpio=01;31:*.7z=01;31:*.rz=01;31:*.cab=01;31:*.wim=01;31:*.swm=01;31:*.dwm=01;31:*.esd=01;31:*.avif=01;35:*.jpg=01;35:*.jpeg=01;35:*.mjpg=01;35:*.mjpeg=01;35:*.gif=01;35:*.bmp=01;35:*.pbm=01;35:*.pgm=01;35:*.ppm=01;35:*.tga=01;35:*.xbm=01;35:*.xpm=01;35:*.tif=01;35:*.tiff=01;35:*.png=01;35:*.svg=01;35:*.svgz=01;35:*.mng=01;35:*.pcx=01;35:*.mov=01;35:*.mpg=01;35:*.mpeg=01;35:*.m2v=01;35:*.mkv=01;35:*.webm=01;35:*.webp=01;35:*.ogm=01;35:*.mp4=01;35:*.m4v=01;35:*.mp4v=01;35:*.vob=01;35:*.qt=01;35:*.nuv=01;35:*.wmv=01;35:*.asf=01;35:*.rm=01;35:*.rmvb=01;35:*.flc=01;35:*.avi=01;35:*.fli=01;35:*.flv=01;35:*.gl=01;35:*.dl=01;35:*.xcf=01;35:*.xwd=01;35:*.yuv=01;35:*.cgm=01;35:*.emf=01;35:*.ogv=01;35:*.ogx=01;35:*.aac=00;36:*.au=00;36:*.flac=00;36:*.m4a=00;36:*.mid=00;36:*.midi=00;36:*.mka=00;36:*.mp3=00;36:*.mpc=00;36:*.ogg=00;36:*.ra=00;36:*.wav=00;36:*.oga=00;36:*.opus=00;36:*.spx=00;36:*.xspf=00;36:*~=00;90:*#=00;90:*.bak=00;90:*.crdownload=00;90:*.dpkg-dist=00;90:*.dpkg-new=00;90:*.dpkg-old=00;90:*.dpkg-tmp=00;90:*.old=00;90:*.orig=00;90:*.part=00;90:*.rej=00;90:*.rpmnew=00;90:*.rpmorig=00;90:*.rpmsave=00;90:*.swp=00;90:*.tmp=00;90:*.ucf-dist=00;90:*.ucf-new=00;90:*.ucf-old=00;90:', 'SSH_AUTH_SOCK': '/run/user/1000/keyring/ssh', 'AMENT_PREFIX_PATH': '/opt/ros/jazzy', 'SHELL': '/bin/bash', 'TERMINATOR_UUID': 'urn:uuid:d9c01e1d-4148-4ee8-8389-ff1a6dc9a537', 'QT_ACCESSIBILITY': '1', 'GDMSESSION': 'ubuntu', 'LESSCLOSE': '/usr/bin/lesspipe %s %s', 'GJS_DEBUG_OUTPUT': 'stderr', 'ROS_AUTOMATIC_DISCOVERY_RANGE': 'SUBNET', 'QT_IM_MODULE': 'ibus', 'PWD': '/home/vboxuser/bumperbot_ws/build/bumperbot_utils', 'LC_ALL': 'en_US.UTF-8', 'XDG_CONFIG_DIRS': '/etc/xdg/xdg-ubuntu:/etc/xdg', 'XDG_DATA_DIRS': '/usr/share/ubuntu:/usr/share/gnome:/usr/local/share/:/usr/share/:/var/lib/snapd/desktop', 'PYTHONPATH': '/opt/ros/jazzy/lib/python3.12/site-packages', 'COLCON': '1', 'MEMORY_PRESSURE_WRITE': 'c29tZSAyMDAwMDAgMjAwMDAwMAA=', 'VTE_VERSION': '7600', 'CMAKE_PREFIX_PATH': '/opt/ros/jazzy/opt/gz_sim_vendor:/opt/ros/jazzy/opt/gz_sensors_vendor:/opt/ros/jazzy/opt/gz_physics_vendor:/opt/ros/jazzy/opt/sdformat_vendor:/opt/ros/jazzy/opt/gz_gui_vendor:/opt/ros/jazzy/opt/gz_transport_vendor:/opt/ros/jazzy/opt/gz_rendering_vendor:/opt/ros/jazzy/opt/gz_plugin_vendor:/opt/ros/jazzy/opt/gz_fuel_tools_vendor:/opt/ros/jazzy/opt/gz_msgs_vendor:/opt/ros/jazzy/opt/gz_common_vendor:/opt/ros/jazzy/opt/gz_math_vendor:/opt/ros/jazzy/opt/gz_utils_vendor:/opt/ros/jazzy/opt/gz_tools_vendor:/opt/ros/jazzy/opt/gz_ogre_next_vendor:/opt/ros/jazzy/opt/gz_dartsim_vendor:/opt/ros/jazzy/opt/gz_cmake_vendor:/opt/ros/jazzy'}), 'shell': False}
[109.404247] (bumperbot_utils) StdoutLine: {'line': b'-- Install configuration: ""\n'}
[109.404497] (bumperbot_utils) StdoutLine: {'line': b'-- Installing: /home/vboxuser/bumperbot_ws/install/bumperbot_utils/share/bumperbot_utils/environment/pythonpath.sh\n'}
[109.404714] (bumperbot_utils) StdoutLine: {'line': b'-- Installing: /home/vboxuser/bumperbot_ws/install/bumperbot_utils/share/bumperbot_utils/environment/pythonpath.dsv\n'}
[109.404856] (bumperbot_utils) StdoutLine: {'line': b'-- Installing: /home/vboxuser/bumperbot_ws/install/bumperbot_utils/lib/python3.12/site-packages/bumperbot_utils-0.0.0-py3.12.egg-info\n'}
[109.404987] (bumperbot_utils) StdoutLine: {'line': b'-- Installing: /home/vboxuser/bumperbot_ws/install/bumperbot_utils/lib/python3.12/site-packages/bumperbot_utils-0.0.0-py3.12.egg-info/dependency_links.txt\n'}
[109.405234] (bumperbot_utils) StdoutLine: {'line': b'-- Installing: /home/vboxuser/bumperbot_ws/install/bumperbot_utils/lib/python3.12/site-packages/bumperbot_utils-0.0.0-py3.12.egg-info/PKG-INFO\n'}
[109.405847] (bumperbot_utils) StdoutLine: {'line': b'-- Installing: /home/vboxuser/bumperbot_ws/install/bumperbot_utils/lib/python3.12/site-packages/bumperbot_utils-0.0.0-py3.12.egg-info/SOURCES.txt\n'}
[109.406184] (bumperbot_utils) StdoutLine: {'line': b'-- Installing: /home/vboxuser/bumperbot_ws/install/bumperbot_utils/lib/python3.12/site-packages/bumperbot_utils-0.0.0-py3.12.egg-info/top_level.txt\n'}
[109.406499] (bumperbot_utils) StdoutLine: {'line': b'-- Installing: /home/vboxuser/bumperbot_ws/install/bumperbot_utils/lib/python3.12/site-packages/bumperbot_utils\n'}
[109.406875] (bumperbot_utils) StdoutLine: {'line': b'-- Installing: /home/vboxuser/bumperbot_ws/install/bumperbot_utils/lib/python3.12/site-packages/bumperbot_utils/safety_stop.py\n'}
[109.407025] (bumperbot_utils) StdoutLine: {'line': b'-- Installing: /home/vboxuser/bumperbot_ws/install/bumperbot_utils/lib/python3.12/site-packages/bumperbot_utils/__init__.py\n'}
[109.434321] (bumperbot_utils) StdoutLine: {'line': b"Listing '/home/vboxuser/bumperbot_ws/install/bumperbot_utils/lib/python3.12/site-packages/bumperbot_utils'...\n"}
[109.434425] (-) TimerEvent: {}
[109.444383] (bumperbot_utils) StdoutLine: {'line': b"Compiling '/home/vboxuser/bumperbot_ws/install/bumperbot_utils/lib/python3.12/site-packages/bumperbot_utils/__init__.py'...\n"}
[109.444511] (bumperbot_utils) StdoutLine: {'line': b"Compiling '/home/vboxuser/bumperbot_ws/install/bumperbot_utils/lib/python3.12/site-packages/bumperbot_utils/safety_stop.py'...\n"}
[109.462114] (bumperbot_utils) StdoutLine: {'line': b'-- Installing: /home/vboxuser/bumperbot_ws/install/bumperbot_utils/lib/bumperbot_utils/safety_stop\n'}
[109.462496] (bumperbot_utils) StdoutLine: {'line': b'-- Set non-toolchain portion of runtime path of "/home/vboxuser/bumperbot_ws/install/bumperbot_utils/lib/bumperbot_utils/safety_stop" to ""\n'}
[109.462715] (bumperbot_utils) StdoutLine: {'line': b'-- Installing: /home/vboxuser/bumperbot_ws/install/bumperbot_utils/lib/bumperbot_utils/safety_stop.py\n'}
[109.462993] (bumperbot_utils) StdoutLine: {'line': b'-- Installing: /home/vboxuser/bumperbot_ws/install/bumperbot_utils/share/ament_index/resource_index/package_run_dependencies/bumperbot_utils\n'}
[109.463287] (bumperbot_utils) StdoutLine: {'line': b'-- Installing: /home/vboxuser/bumperbot_ws/install/bumperbot_utils/share/ament_index/resource_index/parent_prefix_path/bumperbot_utils\n'}
[109.463454] (bumperbot_utils) StdoutLine: {'line': b'-- Installing: /home/vboxuser/bumperbot_ws/install/bumperbot_utils/share/bumperbot_utils/environment/ament_prefix_path.sh\n'}
[109.463603] (bumperbot_utils) StdoutLine: {'line': b'-- Installing: /home/vboxuser/bumperbot_ws/install/bumperbot_utils/share/bumperbot_utils/environment/ament_prefix_path.dsv\n'}
[109.463748] (bumperbot_utils) StdoutLine: {'line': b'-- Installing: /home/vboxuser/bumperbot_ws/install/bumperbot_utils/share/bumperbot_utils/environment/path.sh\n'}
[109.463876] (bumperbot_utils) StdoutLine: {'line': b'-- Installing: /home/vboxuser/bumperbot_ws/install/bumperbot_utils/share/bumperbot_utils/environment/path.dsv\n'}
[109.464001] (bumperbot_utils) StdoutLine: {'line': b'-- Installing: /home/vboxuser/bumperbot_ws/install/bumperbot_utils/share/bumperbot_utils/local_setup.bash\n'}
[109.464196] (bumperbot_utils) StdoutLine: {'line': b'-- Installing: /home/vboxuser/bumperbot_ws/install/bumperbot_utils/share/bumperbot_utils/local_setup.sh\n'}
[109.464349] (bumperbot_utils) StdoutLine: {'line': b'-- Installing: /home/vboxuser/bumperbot_ws/install/bumperbot_utils/share/bumperbot_utils/local_setup.zsh\n'}
[109.464480] (bumperbot_utils) StdoutLine: {'line': b'-- Installing: /home/vboxuser/bumperbot_ws/install/bumperbot_utils/share/bumperbot_utils/local_setup.dsv\n'}
[109.464603] (bumperbot_utils) StdoutLine: {'line': b'-- Installing: /home/vboxuser/bumperbot_ws/install/bumperbot_utils/share/bumperbot_utils/package.dsv\n'}
[109.464750] (bumperbot_utils) StdoutLine: {'line': b'-- Installing: /home/vboxuser/bumperbot_ws/install/bumperbot_utils/share/ament_index/resource_index/packages/bumperbot_utils\n'}
[109.464890] (bumperbot_utils) StdoutLine: {'line': b'-- Installing: /home/vboxuser/bumperbot_ws/install/bumperbot_utils/share/bumperbot_utils/cmake/bumperbot_utilsConfig.cmake\n'}
[109.465063] (bumperbot_utils) StdoutLine: {'line': b'-- Installing: /home/vboxuser/bumperbot_ws/install/bumperbot_utils/share/bumperbot_utils/cmake/bumperbot_utilsConfig-version.cmake\n'}
[109.465202] (bumperbot_utils) StdoutLine: {'line': b'-- Installing: /home/vboxuser/bumperbot_ws/install/bumperbot_utils/share/bumperbot_utils/package.xml\n'}
[109.467028] (bumperbot_utils) CommandEnded: {'returncode': 0}
[109.479452] (bumperbot_utils) JobEnded: {'identifier': 'bumperbot_utils', 'rc': 0}
[109.479837] (bumperbot_bringup) JobStarted: {'identifier': 'bumperbot_bringup'}
[109.504238] (bumperbot_bringup) JobProgress: {'identifier': 'bumperbot_bringup', 'progress': 'cmake'}
[109.504514] (bumperbot_bringup) Command: {'cmd': ['/usr/bin/cmake', '/home/vboxuser/bumperbot_ws/src/bumperbot_bringup', '-DCMAKE_INSTALL_PREFIX=/home/vboxuser/bumperbot_ws/install/bumperbot_bringup'], 'cwd': '/home/vboxuser/bumperbot_ws/build/bumperbot_bringup', 'env': OrderedDict({'GJS_DEBUG_TOPICS': 'JS ERROR;JS LOG', 'XDG_ACTIVATION_TOKEN': 'gnome-shell/Terminator/2065-1-Robotproj_TIME198317', 'LESSOPEN': '| /usr/bin/lesspipe %s', 'USER': 'vboxuser', 'GZ_CONFIG_PATH': '/opt/ros/jazzy/opt/gz_sim_vendor/share/gz:/opt/ros/jazzy/opt/sdformat_vendor/share/gz:/opt/ros/jazzy/opt/gz_gui_vendor/share/gz:/opt/ros/jazzy/opt/gz_transport_vendor/share/gz:/opt/ros/jazzy/opt/gz_rendering_vendor/share/gz:/opt/ros/jazzy/opt/gz_plugin_vendor/share/gz:/opt/ros/jazzy/opt/gz_fuel_tools_vendor/share/gz:/opt/ros/jazzy/opt/gz_msgs_vendor/share/gz:/opt/ros/jazzy/opt/gz_common_vendor/share/gz', 'XDG_SESSION_TYPE': 'wayland', 'CLUTTER_DISABLE_MIPMAPPED_TEXT': '1', 'SHLVL': '1', 'LD_LIBRARY_PATH': '/home/vboxuser/bumperbot_ws/install/bumperbot_firmware/lib:/opt/ros/jazzy/opt/gz_sim_vendor/lib:/opt/ros/jazzy/opt/gz_sensors_vendor/lib:/opt/ros/jazzy/opt/gz_physics_vendor/lib:/opt/ros/jazzy/opt/sdformat_vendor/lib:/opt/ros/jazzy/opt/rviz_ogre_vendor/lib:/opt/ros/jazzy/lib/x86_64-linux-gnu:/opt/ros/jazzy/opt/gz_gui_vendor/lib:/opt/ros/jazzy/opt/gz_transport_vendor/lib:/opt/ros/jazzy/opt/gz_rendering_vendor/lib:/opt/ros/jazzy/opt/gz_plugin_vendor/lib:/opt/ros/jazzy/opt/gz_fuel_tools_vendor/lib:/opt/ros/jazzy/opt/gz_msgs_vendor/lib:/opt/ros/jazzy/opt/gz_common_vendor/lib:/opt/ros/jazzy/opt/gz_math_vendor/lib:/opt/ros/jazzy/opt/gz_utils_vendor/lib:/opt/ros/jazzy/opt/gz_tools_vendor/lib:/opt/ros/jazzy/opt/gz_ogre_next_vendor/lib:/opt/ros/jazzy/opt/gz_dartsim_vendor/lib:/opt/ros/jazzy/opt/gz_cmake_vendor/lib:/opt/ros/jazzy/lib', 'HOME': '/home/vboxuser', 'OLDPWD': '/home/vboxuser', 'DESKTOP_SESSION': 'ubuntu', 'GIO_LAUNCHED_DESKTOP_FILE': '/usr/share/applications/terminator.desktop', 'ROS_PYTHON_VERSION': '3', 'GNOME_SHELL_SESSION_MODE': 'ubuntu', 'GTK_MODULES': 'gail:atk-bridge', 'MANAGERPID': '1821', 'SYSTEMD_EXEC_PID': '2065', 'GSM_SKIP_SSH_AGENT_WORKAROUND': 'true', 'DBUS_SESSION_BUS_ADDRESS': 'unix:path=/run/user/1000/bus', 'COLORTERM': 'truecolor', 'TERMINATOR_DBUS_NAME': 'net.tenshu.Terminator25ef4b219e3b005583550f2b0f9f990c3', 'GIO_LAUNCHED_DESKTOP_FILE_PID': '2992', 'DEBUGINFOD_URLS': 'https://debuginfod.ubuntu.com', 'IM_CONFIG_PHASE': '1', 'WAYLAND_DISPLAY': 'wayland-0', 'ROS_DISTRO': 'jazzy', 'LOGNAME': 'vboxuser', 'JOURNAL_STREAM': '9:15131', '_': '/usr/bin/colcon', 'ROS_VERSION': '2', 'MEMORY_PRESSURE_WATCH': '/sys/fs/cgroup/user.slice/user-1000.slice/user@1000.service/session.slice/org.gnome.Shell@wayland.service/memory.pressure', 'XDG_SESSION_CLASS': 'user', 'USERNAME': 'vboxuser', 'TERM': 'xterm-256color', 'GNOME_DESKTOP_SESSION_ID': 'this-is-deprecated', 'PATH': '/home/vboxuser/bumperbot_ws/install/bumperbot_localization/bin:/opt/ros/jazzy/opt/gz_msgs_vendor/bin:/opt/ros/jazzy/opt/gz_tools_vendor/bin:/opt/ros/jazzy/opt/gz_ogre_next_vendor/bin:/opt/ros/jazzy/bin:/home/vboxuser/.local/bin:/usr/local/sbin:/usr/local/bin:/usr/sbin:/usr/bin:/sbin:/bin:/usr/games:/usr/local/games:/snap/bin:/snap/bin', 'SESSION_MANAGER': 'local/Robotproj:@/tmp/.ICE-unix/2021,unix/Robotproj:/tmp/.ICE-unix/2021', 'INVOCATION_ID': '0a4448d9e3fa415eb657cec0bbe459f4', 'XDG_MENU_PREFIX': 'gnome-', 'GNOME_SETUP_DISPLAY': ':1', 'XDG_RUNTIME_DIR': '/run/user/1000', 'DISPLAY': ':0', 'TERMINATOR_DBUS_PATH': '/net/tenshu/Terminator2', 'LANG': 'en_US.UTF-8', 'XDG_CURRENT_DESKTOP': 'ubuntu:GNOME', 'XMODIFIERS': '@im=ibus', 'XDG_SESSION_DESKTOP': 'ubuntu', 'XAUTHORITY': '/run/user/1000/.mutter-Xwaylandauth.N2SBM3', 'LS_COLORS': 'rs=0:di=01;34:ln=01;36:mh=00:pi=40;33:so=01;35:do=01;35:bd=40;33;01:cd=40;33;01:or=40;31;01:mi=00:su=37;41:sg=30;43:ca=00:tw=30;42:ow=34;42:st=37;44:ex=01;32:*.tar=01;31:*.tgz=01;31:*.arc=01;31:*.arj=01;31:*.taz=01;31:*.lha=01;31:*.lz4=01;31:*.lzh=01;31:*.lzma=01;31:*.tlz=01;31:*.txz=01;31:*.tzo=01;31:*.t7z=01;31:*.zip=01;31:*.z=01;31:*.dz=01;31:*.gz=01;31:*.lrz=01;31:*.lz=01;31:*.lzo=01;31:*.xz=01;31:*.zst=01;31:*.tzst=01;31:*.bz2=01;31:*.bz=01;31:*.tbz=01;31:*.tbz2=01;31:*.tz=01;31:*.deb=01;31:*.rpm=01;31:*.jar=01;31:*.war=01;31:*.ear=01;31:*.sar=01;31:*.rar=01;31:*.alz=01;31:*.ace=01;31:*.zoo=01;31:*.cpio=01;31:*.7z=01;31:*.rz=01;31:*.cab=01;31:*.wim=01;31:*.swm=01;31:*.dwm=01;31:*.esd=01;31:*.avif=01;35:*.jpg=01;35:*.jpeg=01;35:*.mjpg=01;35:*.mjpeg=01;35:*.gif=01;35:*.bmp=01;35:*.pbm=01;35:*.pgm=01;35:*.ppm=01;35:*.tga=01;35:*.xbm=01;35:*.xpm=01;35:*.tif=01;35:*.tiff=01;35:*.png=01;35:*.svg=01;35:*.svgz=01;35:*.mng=01;35:*.pcx=01;35:*.mov=01;35:*.mpg=01;35:*.mpeg=01;35:*.m2v=01;35:*.mkv=01;35:*.webm=01;35:*.webp=01;35:*.ogm=01;35:*.mp4=01;35:*.m4v=01;35:*.mp4v=01;35:*.vob=01;35:*.qt=01;35:*.nuv=01;35:*.wmv=01;35:*.asf=01;35:*.rm=01;35:*.rmvb=01;35:*.flc=01;35:*.avi=01;35:*.fli=01;35:*.flv=01;35:*.gl=01;35:*.dl=01;35:*.xcf=01;35:*.xwd=01;35:*.yuv=01;35:*.cgm=01;35:*.emf=01;35:*.ogv=01;35:*.ogx=01;35:*.aac=00;36:*.au=00;36:*.flac=00;36:*.m4a=00;36:*.mid=00;36:*.midi=00;36:*.mka=00;36:*.mp3=00;36:*.mpc=00;36:*.ogg=00;36:*.ra=00;36:*.wav=00;36:*.oga=00;36:*.opus=00;36:*.spx=00;36:*.xspf=00;36:*~=00;90:*#=00;90:*.bak=00;90:*.crdownload=00;90:*.dpkg-dist=00;90:*.dpkg-new=00;90:*.dpkg-old=00;90:*.dpkg-tmp=00;90:*.old=00;90:*.orig=00;90:*.part=00;90:*.rej=00;90:*.rpmnew=00;90:*.rpmorig=00;90:*.rpmsave=00;90:*.swp=00;90:*.tmp=00;90:*.ucf-dist=00;90:*.ucf-new=00;90:*.ucf-old=00;90:', 'SSH_AUTH_SOCK': '/run/user/1000/keyring/ssh', 'AMENT_PREFIX_PATH': '/home/vboxuser/bumperbot_ws/install/bumperbot_mapping:/home/vboxuser/bumperbot_ws/install/bumperbot_localization:/home/vboxuser/bumperbot_ws/install/bumperbot_firmware:/home/vboxuser/bumperbot_ws/install/bumperbot_description:/home/vboxuser/bumperbot_ws/install/bumperbot_controller:/opt/ros/jazzy', 'SHELL': '/bin/bash', 'TERMINATOR_UUID': 'urn:uuid:d9c01e1d-4148-4ee8-8389-ff1a6dc9a537', 'QT_ACCESSIBILITY': '1', 'GDMSESSION': 'ubuntu', 'LESSCLOSE': '/usr/bin/lesspipe %s %s', 'GJS_DEBUG_OUTPUT': 'stderr', 'ROS_AUTOMATIC_DISCOVERY_RANGE': 'SUBNET', 'QT_IM_MODULE': 'ibus', 'PWD': '/home/vboxuser/bumperbot_ws/build/bumperbot_bringup', 'LC_ALL': 'en_US.UTF-8', 'XDG_CONFIG_DIRS': '/etc/xdg/xdg-ubuntu:/etc/xdg', 'XDG_DATA_DIRS': '/usr/share/ubuntu:/usr/share/gnome:/usr/local/share/:/usr/share/:/var/lib/snapd/desktop', 'PYTHONPATH': '/home/vboxuser/bumperbot_ws/install/bumperbot_mapping/lib/python3.12/site-packages:/home/vboxuser/bumperbot_ws/install/bumperbot_localization/lib/python3.12/site-packages:/home/vboxuser/bumperbot_ws/install/bumperbot_firmware/lib/python3.12/site-packages:/home/vboxuser/bumperbot_ws/install/bumperbot_controller/lib/python3.12/site-packages:/opt/ros/jazzy/lib/python3.12/site-packages', 'COLCON': '1', 'MEMORY_PRESSURE_WRITE': 'c29tZSAyMDAwMDAgMjAwMDAwMAA=', 'VTE_VERSION': '7600', 'CMAKE_PREFIX_PATH': '/home/vboxuser/bumperbot_ws/install/bumperbot_mapping:/home/vboxuser/bumperbot_ws/install/bumperbot_localization:/home/vboxuser/bumperbot_ws/install/bumperbot_firmware:/home/vboxuser/bumperbot_ws/install/bumperbot_description:/home/vboxuser/bumperbot_ws/install/bumperbot_controller:/opt/ros/jazzy/opt/gz_sim_vendor:/opt/ros/jazzy/opt/gz_sensors_vendor:/opt/ros/jazzy/opt/gz_physics_vendor:/opt/ros/jazzy/opt/sdformat_vendor:/opt/ros/jazzy/opt/gz_gui_vendor:/opt/ros/jazzy/opt/gz_transport_vendor:/opt/ros/jazzy/opt/gz_rendering_vendor:/opt/ros/jazzy/opt/gz_plugin_vendor:/opt/ros/jazzy/opt/gz_fuel_tools_vendor:/opt/ros/jazzy/opt/gz_msgs_vendor:/opt/ros/jazzy/opt/gz_common_vendor:/opt/ros/jazzy/opt/gz_math_vendor:/opt/ros/jazzy/opt/gz_utils_vendor:/opt/ros/jazzy/opt/gz_tools_vendor:/opt/ros/jazzy/opt/gz_ogre_next_vendor:/opt/ros/jazzy/opt/gz_dartsim_vendor:/opt/ros/jazzy/opt/gz_cmake_vendor:/opt/ros/jazzy'}), 'shell': False}
[109.535157] (-) TimerEvent: {}
[109.566038] (bumperbot_bringup) StdoutLine: {'line': b'-- The C compiler identification is GNU 13.3.0\n'}
[109.610717] (bumperbot_bringup) StdoutLine: {'line': b'-- The CXX compiler identification is GNU 13.3.0\n'}
[109.625676] (bumperbot_bringup) StdoutLine: {'line': b'-- Detecting C compiler ABI info\n'}
[109.635213] (-) TimerEvent: {}
[109.733670] (bumperbot_bringup) StdoutLine: {'line': b'-- Detecting C compiler ABI info - done\n'}
[109.733826] (bumperbot_bringup) StdoutLine: {'line': b'-- Check for working C compiler: /usr/bin/cc - skipped\n'}
[109.736087] (-) TimerEvent: {}
[109.745840] (bumperbot_bringup) StdoutLine: {'line': b'-- Detecting C compile features\n'}
[109.746310] (bumperbot_bringup) StdoutLine: {'line': b'-- Detecting C compile features - done\n'}
[109.757488] (bumperbot_bringup) StdoutLine: {'line': b'-- Detecting CXX compiler ABI info\n'}
[109.838435] (-) TimerEvent: {}
[109.853061] (bumperbot_bringup) StdoutLine: {'line': b'-- Detecting CXX compiler ABI info - done\n'}
[109.865301] (bumperbot_bringup) StdoutLine: {'line': b'-- Check for working CXX compiler: /usr/bin/c++ - skipped\n'}
[109.869075] (bumperbot_bringup) StdoutLine: {'line': b'-- Detecting CXX compile features\n'}
[109.869175] (bumperbot_bringup) StdoutLine: {'line': b'-- Detecting CXX compile features - done\n'}
[109.869583] (bumperbot_bringup) StdoutLine: {'line': b'-- Found ament_cmake: 2.5.5 (/opt/ros/jazzy/share/ament_cmake/cmake)\n'}
[109.940632] (-) TimerEvent: {}
[109.998324] (bumperbot_bringup) StdoutLine: {'line': b'-- Found Python3: /usr/bin/python3 (found version "3.12.3") found components: Interpreter \n'}
[110.044303] (-) TimerEvent: {}
[110.158224] (-) TimerEvent: {}
[110.185293] (bumperbot_bringup) StdoutLine: {'line': b'-- Configuring done (0.7s)\n'}
[110.187112] (bumperbot_bringup) StdoutLine: {'line': b'-- Generating done (0.0s)\n'}
[110.189614] (bumperbot_bringup) StdoutLine: {'line': b'-- Build files have been written to: /home/vboxuser/bumperbot_ws/build/bumperbot_bringup\n'}
[110.192672] (bumperbot_bringup) CommandEnded: {'returncode': 0}
[110.192969] (bumperbot_bringup) JobProgress: {'identifier': 'bumperbot_bringup', 'progress': 'build'}
[110.193086] (bumperbot_bringup) Command: {'cmd': ['/usr/bin/cmake', '--build', '/home/vboxuser/bumperbot_ws/build/bumperbot_bringup', '--', '-j1', '-l1'], 'cwd': '/home/vboxuser/bumperbot_ws/build/bumperbot_bringup', 'env': OrderedDict({'GJS_DEBUG_TOPICS': 'JS ERROR;JS LOG', 'XDG_ACTIVATION_TOKEN': 'gnome-shell/Terminator/2065-1-Robotproj_TIME198317', 'LESSOPEN': '| /usr/bin/lesspipe %s', 'USER': 'vboxuser', 'GZ_CONFIG_PATH': '/opt/ros/jazzy/opt/gz_sim_vendor/share/gz:/opt/ros/jazzy/opt/sdformat_vendor/share/gz:/opt/ros/jazzy/opt/gz_gui_vendor/share/gz:/opt/ros/jazzy/opt/gz_transport_vendor/share/gz:/opt/ros/jazzy/opt/gz_rendering_vendor/share/gz:/opt/ros/jazzy/opt/gz_plugin_vendor/share/gz:/opt/ros/jazzy/opt/gz_fuel_tools_vendor/share/gz:/opt/ros/jazzy/opt/gz_msgs_vendor/share/gz:/opt/ros/jazzy/opt/gz_common_vendor/share/gz', 'XDG_SESSION_TYPE': 'wayland', 'CLUTTER_DISABLE_MIPMAPPED_TEXT': '1', 'SHLVL': '1', 'LD_LIBRARY_PATH': '/home/vboxuser/bumperbot_ws/install/bumperbot_firmware/lib:/opt/ros/jazzy/opt/gz_sim_vendor/lib:/opt/ros/jazzy/opt/gz_sensors_vendor/lib:/opt/ros/jazzy/opt/gz_physics_vendor/lib:/opt/ros/jazzy/opt/sdformat_vendor/lib:/opt/ros/jazzy/opt/rviz_ogre_vendor/lib:/opt/ros/jazzy/lib/x86_64-linux-gnu:/opt/ros/jazzy/opt/gz_gui_vendor/lib:/opt/ros/jazzy/opt/gz_transport_vendor/lib:/opt/ros/jazzy/opt/gz_rendering_vendor/lib:/opt/ros/jazzy/opt/gz_plugin_vendor/lib:/opt/ros/jazzy/opt/gz_fuel_tools_vendor/lib:/opt/ros/jazzy/opt/gz_msgs_vendor/lib:/opt/ros/jazzy/opt/gz_common_vendor/lib:/opt/ros/jazzy/opt/gz_math_vendor/lib:/opt/ros/jazzy/opt/gz_utils_vendor/lib:/opt/ros/jazzy/opt/gz_tools_vendor/lib:/opt/ros/jazzy/opt/gz_ogre_next_vendor/lib:/opt/ros/jazzy/opt/gz_dartsim_vendor/lib:/opt/ros/jazzy/opt/gz_cmake_vendor/lib:/opt/ros/jazzy/lib', 'HOME': '/home/vboxuser', 'OLDPWD': '/home/vboxuser', 'DESKTOP_SESSION': 'ubuntu', 'GIO_LAUNCHED_DESKTOP_FILE': '/usr/share/applications/terminator.desktop', 'ROS_PYTHON_VERSION': '3', 'GNOME_SHELL_SESSION_MODE': 'ubuntu', 'GTK_MODULES': 'gail:atk-bridge', 'MANAGERPID': '1821', 'SYSTEMD_EXEC_PID': '2065', 'GSM_SKIP_SSH_AGENT_WORKAROUND': 'true', 'DBUS_SESSION_BUS_ADDRESS': 'unix:path=/run/user/1000/bus', 'COLORTERM': 'truecolor', 'TERMINATOR_DBUS_NAME': 'net.tenshu.Terminator25ef4b219e3b005583550f2b0f9f990c3', 'GIO_LAUNCHED_DESKTOP_FILE_PID': '2992', 'DEBUGINFOD_URLS': 'https://debuginfod.ubuntu.com', 'IM_CONFIG_PHASE': '1', 'WAYLAND_DISPLAY': 'wayland-0', 'ROS_DISTRO': 'jazzy', 'LOGNAME': 'vboxuser', 'JOURNAL_STREAM': '9:15131', '_': '/usr/bin/colcon', 'ROS_VERSION': '2', 'MEMORY_PRESSURE_WATCH': '/sys/fs/cgroup/user.slice/user-1000.slice/user@1000.service/session.slice/org.gnome.Shell@wayland.service/memory.pressure', 'XDG_SESSION_CLASS': 'user', 'USERNAME': 'vboxuser', 'TERM': 'xterm-256color', 'GNOME_DESKTOP_SESSION_ID': 'this-is-deprecated', 'PATH': '/home/vboxuser/bumperbot_ws/install/bumperbot_localization/bin:/opt/ros/jazzy/opt/gz_msgs_vendor/bin:/opt/ros/jazzy/opt/gz_tools_vendor/bin:/opt/ros/jazzy/opt/gz_ogre_next_vendor/bin:/opt/ros/jazzy/bin:/home/vboxuser/.local/bin:/usr/local/sbin:/usr/local/bin:/usr/sbin:/usr/bin:/sbin:/bin:/usr/games:/usr/local/games:/snap/bin:/snap/bin', 'SESSION_MANAGER': 'local/Robotproj:@/tmp/.ICE-unix/2021,unix/Robotproj:/tmp/.ICE-unix/2021', 'INVOCATION_ID': '0a4448d9e3fa415eb657cec0bbe459f4', 'XDG_MENU_PREFIX': 'gnome-', 'GNOME_SETUP_DISPLAY': ':1', 'XDG_RUNTIME_DIR': '/run/user/1000', 'DISPLAY': ':0', 'TERMINATOR_DBUS_PATH': '/net/tenshu/Terminator2', 'LANG': 'en_US.UTF-8', 'XDG_CURRENT_DESKTOP': 'ubuntu:GNOME', 'XMODIFIERS': '@im=ibus', 'XDG_SESSION_DESKTOP': 'ubuntu', 'XAUTHORITY': '/run/user/1000/.mutter-Xwaylandauth.N2SBM3', 'LS_COLORS': 'rs=0:di=01;34:ln=01;36:mh=00:pi=40;33:so=01;35:do=01;35:bd=40;33;01:cd=40;33;01:or=40;31;01:mi=00:su=37;41:sg=30;43:ca=00:tw=30;42:ow=34;42:st=37;44:ex=01;32:*.tar=01;31:*.tgz=01;31:*.arc=01;31:*.arj=01;31:*.taz=01;31:*.lha=01;31:*.lz4=01;31:*.lzh=01;31:*.lzma=01;31:*.tlz=01;31:*.txz=01;31:*.tzo=01;31:*.t7z=01;31:*.zip=01;31:*.z=01;31:*.dz=01;31:*.gz=01;31:*.lrz=01;31:*.lz=01;31:*.lzo=01;31:*.xz=01;31:*.zst=01;31:*.tzst=01;31:*.bz2=01;31:*.bz=01;31:*.tbz=01;31:*.tbz2=01;31:*.tz=01;31:*.deb=01;31:*.rpm=01;31:*.jar=01;31:*.war=01;31:*.ear=01;31:*.sar=01;31:*.rar=01;31:*.alz=01;31:*.ace=01;31:*.zoo=01;31:*.cpio=01;31:*.7z=01;31:*.rz=01;31:*.cab=01;31:*.wim=01;31:*.swm=01;31:*.dwm=01;31:*.esd=01;31:*.avif=01;35:*.jpg=01;35:*.jpeg=01;35:*.mjpg=01;35:*.mjpeg=01;35:*.gif=01;35:*.bmp=01;35:*.pbm=01;35:*.pgm=01;35:*.ppm=01;35:*.tga=01;35:*.xbm=01;35:*.xpm=01;35:*.tif=01;35:*.tiff=01;35:*.png=01;35:*.svg=01;35:*.svgz=01;35:*.mng=01;35:*.pcx=01;35:*.mov=01;35:*.mpg=01;35:*.mpeg=01;35:*.m2v=01;35:*.mkv=01;35:*.webm=01;35:*.webp=01;35:*.ogm=01;35:*.mp4=01;35:*.m4v=01;35:*.mp4v=01;35:*.vob=01;35:*.qt=01;35:*.nuv=01;35:*.wmv=01;35:*.asf=01;35:*.rm=01;35:*.rmvb=01;35:*.flc=01;35:*.avi=01;35:*.fli=01;35:*.flv=01;35:*.gl=01;35:*.dl=01;35:*.xcf=01;35:*.xwd=01;35:*.yuv=01;35:*.cgm=01;35:*.emf=01;35:*.ogv=01;35:*.ogx=01;35:*.aac=00;36:*.au=00;36:*.flac=00;36:*.m4a=00;36:*.mid=00;36:*.midi=00;36:*.mka=00;36:*.mp3=00;36:*.mpc=00;36:*.ogg=00;36:*.ra=00;36:*.wav=00;36:*.oga=00;36:*.opus=00;36:*.spx=00;36:*.xspf=00;36:*~=00;90:*#=00;90:*.bak=00;90:*.crdownload=00;90:*.dpkg-dist=00;90:*.dpkg-new=00;90:*.dpkg-old=00;90:*.dpkg-tmp=00;90:*.old=00;90:*.orig=00;90:*.part=00;90:*.rej=00;90:*.rpmnew=00;90:*.rpmorig=00;90:*.rpmsave=00;90:*.swp=00;90:*.tmp=00;90:*.ucf-dist=00;90:*.ucf-new=00;90:*.ucf-old=00;90:', 'SSH_AUTH_SOCK': '/run/user/1000/keyring/ssh', 'AMENT_PREFIX_PATH': '/home/vboxuser/bumperbot_ws/install/bumperbot_mapping:/home/vboxuser/bumperbot_ws/install/bumperbot_localization:/home/vboxuser/bumperbot_ws/install/bumperbot_firmware:/home/vboxuser/bumperbot_ws/install/bumperbot_description:/home/vboxuser/bumperbot_ws/install/bumperbot_controller:/opt/ros/jazzy', 'SHELL': '/bin/bash', 'TERMINATOR_UUID': 'urn:uuid:d9c01e1d-4148-4ee8-8389-ff1a6dc9a537', 'QT_ACCESSIBILITY': '1', 'GDMSESSION': 'ubuntu', 'LESSCLOSE': '/usr/bin/lesspipe %s %s', 'GJS_DEBUG_OUTPUT': 'stderr', 'ROS_AUTOMATIC_DISCOVERY_RANGE': 'SUBNET', 'QT_IM_MODULE': 'ibus', 'PWD': '/home/vboxuser/bumperbot_ws/build/bumperbot_bringup', 'LC_ALL': 'en_US.UTF-8', 'XDG_CONFIG_DIRS': '/etc/xdg/xdg-ubuntu:/etc/xdg', 'XDG_DATA_DIRS': '/usr/share/ubuntu:/usr/share/gnome:/usr/local/share/:/usr/share/:/var/lib/snapd/desktop', 'PYTHONPATH': '/home/vboxuser/bumperbot_ws/install/bumperbot_mapping/lib/python3.12/site-packages:/home/vboxuser/bumperbot_ws/install/bumperbot_localization/lib/python3.12/site-packages:/home/vboxuser/bumperbot_ws/install/bumperbot_firmware/lib/python3.12/site-packages:/home/vboxuser/bumperbot_ws/install/bumperbot_controller/lib/python3.12/site-packages:/opt/ros/jazzy/lib/python3.12/site-packages', 'COLCON': '1', 'MEMORY_PRESSURE_WRITE': 'c29tZSAyMDAwMDAgMjAwMDAwMAA=', 'VTE_VERSION': '7600', 'CMAKE_PREFIX_PATH': '/home/vboxuser/bumperbot_ws/install/bumperbot_mapping:/home/vboxuser/bumperbot_ws/install/bumperbot_localization:/home/vboxuser/bumperbot_ws/install/bumperbot_firmware:/home/vboxuser/bumperbot_ws/install/bumperbot_description:/home/vboxuser/bumperbot_ws/install/bumperbot_controller:/opt/ros/jazzy/opt/gz_sim_vendor:/opt/ros/jazzy/opt/gz_sensors_vendor:/opt/ros/jazzy/opt/gz_physics_vendor:/opt/ros/jazzy/opt/sdformat_vendor:/opt/ros/jazzy/opt/gz_gui_vendor:/opt/ros/jazzy/opt/gz_transport_vendor:/opt/ros/jazzy/opt/gz_rendering_vendor:/opt/ros/jazzy/opt/gz_plugin_vendor:/opt/ros/jazzy/opt/gz_fuel_tools_vendor:/opt/ros/jazzy/opt/gz_msgs_vendor:/opt/ros/jazzy/opt/gz_common_vendor:/opt/ros/jazzy/opt/gz_math_vendor:/opt/ros/jazzy/opt/gz_utils_vendor:/opt/ros/jazzy/opt/gz_tools_vendor:/opt/ros/jazzy/opt/gz_ogre_next_vendor:/opt/ros/jazzy/opt/gz_dartsim_vendor:/opt/ros/jazzy/opt/gz_cmake_vendor:/opt/ros/jazzy'}), 'shell': False}
[110.226982] (bumperbot_bringup) CommandEnded: {'returncode': 0}
[110.227387] (bumperbot_bringup) JobProgress: {'identifier': 'bumperbot_bringup', 'progress': 'install'}
[110.227481] (bumperbot_bringup) Command: {'cmd': ['/usr/bin/cmake', '--install', '/home/vboxuser/bumperbot_ws/build/bumperbot_bringup'], 'cwd': '/home/vboxuser/bumperbot_ws/build/bumperbot_bringup', 'env': OrderedDict({'GJS_DEBUG_TOPICS': 'JS ERROR;JS LOG', 'XDG_ACTIVATION_TOKEN': 'gnome-shell/Terminator/2065-1-Robotproj_TIME198317', 'LESSOPEN': '| /usr/bin/lesspipe %s', 'USER': 'vboxuser', 'GZ_CONFIG_PATH': '/opt/ros/jazzy/opt/gz_sim_vendor/share/gz:/opt/ros/jazzy/opt/sdformat_vendor/share/gz:/opt/ros/jazzy/opt/gz_gui_vendor/share/gz:/opt/ros/jazzy/opt/gz_transport_vendor/share/gz:/opt/ros/jazzy/opt/gz_rendering_vendor/share/gz:/opt/ros/jazzy/opt/gz_plugin_vendor/share/gz:/opt/ros/jazzy/opt/gz_fuel_tools_vendor/share/gz:/opt/ros/jazzy/opt/gz_msgs_vendor/share/gz:/opt/ros/jazzy/opt/gz_common_vendor/share/gz', 'XDG_SESSION_TYPE': 'wayland', 'CLUTTER_DISABLE_MIPMAPPED_TEXT': '1', 'SHLVL': '1', 'LD_LIBRARY_PATH': '/home/vboxuser/bumperbot_ws/install/bumperbot_firmware/lib:/opt/ros/jazzy/opt/gz_sim_vendor/lib:/opt/ros/jazzy/opt/gz_sensors_vendor/lib:/opt/ros/jazzy/opt/gz_physics_vendor/lib:/opt/ros/jazzy/opt/sdformat_vendor/lib:/opt/ros/jazzy/opt/rviz_ogre_vendor/lib:/opt/ros/jazzy/lib/x86_64-linux-gnu:/opt/ros/jazzy/opt/gz_gui_vendor/lib:/opt/ros/jazzy/opt/gz_transport_vendor/lib:/opt/ros/jazzy/opt/gz_rendering_vendor/lib:/opt/ros/jazzy/opt/gz_plugin_vendor/lib:/opt/ros/jazzy/opt/gz_fuel_tools_vendor/lib:/opt/ros/jazzy/opt/gz_msgs_vendor/lib:/opt/ros/jazzy/opt/gz_common_vendor/lib:/opt/ros/jazzy/opt/gz_math_vendor/lib:/opt/ros/jazzy/opt/gz_utils_vendor/lib:/opt/ros/jazzy/opt/gz_tools_vendor/lib:/opt/ros/jazzy/opt/gz_ogre_next_vendor/lib:/opt/ros/jazzy/opt/gz_dartsim_vendor/lib:/opt/ros/jazzy/opt/gz_cmake_vendor/lib:/opt/ros/jazzy/lib', 'HOME': '/home/vboxuser', 'OLDPWD': '/home/vboxuser', 'DESKTOP_SESSION': 'ubuntu', 'GIO_LAUNCHED_DESKTOP_FILE': '/usr/share/applications/terminator.desktop', 'ROS_PYTHON_VERSION': '3', 'GNOME_SHELL_SESSION_MODE': 'ubuntu', 'GTK_MODULES': 'gail:atk-bridge', 'MANAGERPID': '1821', 'SYSTEMD_EXEC_PID': '2065', 'GSM_SKIP_SSH_AGENT_WORKAROUND': 'true', 'DBUS_SESSION_BUS_ADDRESS': 'unix:path=/run/user/1000/bus', 'COLORTERM': 'truecolor', 'TERMINATOR_DBUS_NAME': 'net.tenshu.Terminator25ef4b219e3b005583550f2b0f9f990c3', 'GIO_LAUNCHED_DESKTOP_FILE_PID': '2992', 'DEBUGINFOD_URLS': 'https://debuginfod.ubuntu.com', 'IM_CONFIG_PHASE': '1', 'WAYLAND_DISPLAY': 'wayland-0', 'ROS_DISTRO': 'jazzy', 'LOGNAME': 'vboxuser', 'JOURNAL_STREAM': '9:15131', '_': '/usr/bin/colcon', 'ROS_VERSION': '2', 'MEMORY_PRESSURE_WATCH': '/sys/fs/cgroup/user.slice/user-1000.slice/user@1000.service/session.slice/org.gnome.Shell@wayland.service/memory.pressure', 'XDG_SESSION_CLASS': 'user', 'USERNAME': 'vboxuser', 'TERM': 'xterm-256color', 'GNOME_DESKTOP_SESSION_ID': 'this-is-deprecated', 'PATH': '/home/vboxuser/bumperbot_ws/install/bumperbot_localization/bin:/opt/ros/jazzy/opt/gz_msgs_vendor/bin:/opt/ros/jazzy/opt/gz_tools_vendor/bin:/opt/ros/jazzy/opt/gz_ogre_next_vendor/bin:/opt/ros/jazzy/bin:/home/vboxuser/.local/bin:/usr/local/sbin:/usr/local/bin:/usr/sbin:/usr/bin:/sbin:/bin:/usr/games:/usr/local/games:/snap/bin:/snap/bin', 'SESSION_MANAGER': 'local/Robotproj:@/tmp/.ICE-unix/2021,unix/Robotproj:/tmp/.ICE-unix/2021', 'INVOCATION_ID': '0a4448d9e3fa415eb657cec0bbe459f4', 'XDG_MENU_PREFIX': 'gnome-', 'GNOME_SETUP_DISPLAY': ':1', 'XDG_RUNTIME_DIR': '/run/user/1000', 'DISPLAY': ':0', 'TERMINATOR_DBUS_PATH': '/net/tenshu/Terminator2', 'LANG': 'en_US.UTF-8', 'XDG_CURRENT_DESKTOP': 'ubuntu:GNOME', 'XMODIFIERS': '@im=ibus', 'XDG_SESSION_DESKTOP': 'ubuntu', 'XAUTHORITY': '/run/user/1000/.mutter-Xwaylandauth.N2SBM3', 'LS_COLORS': 'rs=0:di=01;34:ln=01;36:mh=00:pi=40;33:so=01;35:do=01;35:bd=40;33;01:cd=40;33;01:or=40;31;01:mi=00:su=37;41:sg=30;43:ca=00:tw=30;42:ow=34;42:st=37;44:ex=01;32:*.tar=01;31:*.tgz=01;31:*.arc=01;31:*.arj=01;31:*.taz=01;31:*.lha=01;31:*.lz4=01;31:*.lzh=01;31:*.lzma=01;31:*.tlz=01;31:*.txz=01;31:*.tzo=01;31:*.t7z=01;31:*.zip=01;31:*.z=01;31:*.dz=01;31:*.gz=01;31:*.lrz=01;31:*.lz=01;31:*.lzo=01;31:*.xz=01;31:*.zst=01;31:*.tzst=01;31:*.bz2=01;31:*.bz=01;31:*.tbz=01;31:*.tbz2=01;31:*.tz=01;31:*.deb=01;31:*.rpm=01;31:*.jar=01;31:*.war=01;31:*.ear=01;31:*.sar=01;31:*.rar=01;31:*.alz=01;31:*.ace=01;31:*.zoo=01;31:*.cpio=01;31:*.7z=01;31:*.rz=01;31:*.cab=01;31:*.wim=01;31:*.swm=01;31:*.dwm=01;31:*.esd=01;31:*.avif=01;35:*.jpg=01;35:*.jpeg=01;35:*.mjpg=01;35:*.mjpeg=01;35:*.gif=01;35:*.bmp=01;35:*.pbm=01;35:*.pgm=01;35:*.ppm=01;35:*.tga=01;35:*.xbm=01;35:*.xpm=01;35:*.tif=01;35:*.tiff=01;35:*.png=01;35:*.svg=01;35:*.svgz=01;35:*.mng=01;35:*.pcx=01;35:*.mov=01;35:*.mpg=01;35:*.mpeg=01;35:*.m2v=01;35:*.mkv=01;35:*.webm=01;35:*.webp=01;35:*.ogm=01;35:*.mp4=01;35:*.m4v=01;35:*.mp4v=01;35:*.vob=01;35:*.qt=01;35:*.nuv=01;35:*.wmv=01;35:*.asf=01;35:*.rm=01;35:*.rmvb=01;35:*.flc=01;35:*.avi=01;35:*.fli=01;35:*.flv=01;35:*.gl=01;35:*.dl=01;35:*.xcf=01;35:*.xwd=01;35:*.yuv=01;35:*.cgm=01;35:*.emf=01;35:*.ogv=01;35:*.ogx=01;35:*.aac=00;36:*.au=00;36:*.flac=00;36:*.m4a=00;36:*.mid=00;36:*.midi=00;36:*.mka=00;36:*.mp3=00;36:*.mpc=00;36:*.ogg=00;36:*.ra=00;36:*.wav=00;36:*.oga=00;36:*.opus=00;36:*.spx=00;36:*.xspf=00;36:*~=00;90:*#=00;90:*.bak=00;90:*.crdownload=00;90:*.dpkg-dist=00;90:*.dpkg-new=00;90:*.dpkg-old=00;90:*.dpkg-tmp=00;90:*.old=00;90:*.orig=00;90:*.part=00;90:*.rej=00;90:*.rpmnew=00;90:*.rpmorig=00;90:*.rpmsave=00;90:*.swp=00;90:*.tmp=00;90:*.ucf-dist=00;90:*.ucf-new=00;90:*.ucf-old=00;90:', 'SSH_AUTH_SOCK': '/run/user/1000/keyring/ssh', 'AMENT_PREFIX_PATH': '/home/vboxuser/bumperbot_ws/install/bumperbot_mapping:/home/vboxuser/bumperbot_ws/install/bumperbot_localization:/home/vboxuser/bumperbot_ws/install/bumperbot_firmware:/home/vboxuser/bumperbot_ws/install/bumperbot_description:/home/vboxuser/bumperbot_ws/install/bumperbot_controller:/opt/ros/jazzy', 'SHELL': '/bin/bash', 'TERMINATOR_UUID': 'urn:uuid:d9c01e1d-4148-4ee8-8389-ff1a6dc9a537', 'QT_ACCESSIBILITY': '1', 'GDMSESSION': 'ubuntu', 'LESSCLOSE': '/usr/bin/lesspipe %s %s', 'GJS_DEBUG_OUTPUT': 'stderr', 'ROS_AUTOMATIC_DISCOVERY_RANGE': 'SUBNET', 'QT_IM_MODULE': 'ibus', 'PWD': '/home/vboxuser/bumperbot_ws/build/bumperbot_bringup', 'LC_ALL': 'en_US.UTF-8', 'XDG_CONFIG_DIRS': '/etc/xdg/xdg-ubuntu:/etc/xdg', 'XDG_DATA_DIRS': '/usr/share/ubuntu:/usr/share/gnome:/usr/local/share/:/usr/share/:/var/lib/snapd/desktop', 'PYTHONPATH': '/home/vboxuser/bumperbot_ws/install/bumperbot_mapping/lib/python3.12/site-packages:/home/vboxuser/bumperbot_ws/install/bumperbot_localization/lib/python3.12/site-packages:/home/vboxuser/bumperbot_ws/install/bumperbot_firmware/lib/python3.12/site-packages:/home/vboxuser/bumperbot_ws/install/bumperbot_controller/lib/python3.12/site-packages:/opt/ros/jazzy/lib/python3.12/site-packages', 'COLCON': '1', 'MEMORY_PRESSURE_WRITE': 'c29tZSAyMDAwMDAgMjAwMDAwMAA=', 'VTE_VERSION': '7600', 'CMAKE_PREFIX_PATH': '/home/vboxuser/bumperbot_ws/install/bumperbot_mapping:/home/vboxuser/bumperbot_ws/install/bumperbot_localization:/home/vboxuser/bumperbot_ws/install/bumperbot_firmware:/home/vboxuser/bumperbot_ws/install/bumperbot_description:/home/vboxuser/bumperbot_ws/install/bumperbot_controller:/opt/ros/jazzy/opt/gz_sim_vendor:/opt/ros/jazzy/opt/gz_sensors_vendor:/opt/ros/jazzy/opt/gz_physics_vendor:/opt/ros/jazzy/opt/sdformat_vendor:/opt/ros/jazzy/opt/gz_gui_vendor:/opt/ros/jazzy/opt/gz_transport_vendor:/opt/ros/jazzy/opt/gz_rendering_vendor:/opt/ros/jazzy/opt/gz_plugin_vendor:/opt/ros/jazzy/opt/gz_fuel_tools_vendor:/opt/ros/jazzy/opt/gz_msgs_vendor:/opt/ros/jazzy/opt/gz_common_vendor:/opt/ros/jazzy/opt/gz_math_vendor:/opt/ros/jazzy/opt/gz_utils_vendor:/opt/ros/jazzy/opt/gz_tools_vendor:/opt/ros/jazzy/opt/gz_ogre_next_vendor:/opt/ros/jazzy/opt/gz_dartsim_vendor:/opt/ros/jazzy/opt/gz_cmake_vendor:/opt/ros/jazzy'}), 'shell': False}
[110.235148] (bumperbot_bringup) StdoutLine: {'line': b'-- Install configuration: ""\n'}
[110.235259] (bumperbot_bringup) StdoutLine: {'line': b'-- Installing: /home/vboxuser/bumperbot_ws/install/bumperbot_bringup/share/bumperbot_bringup/config\n'}
[110.237227] (bumperbot_bringup) StdoutLine: {'line': b'-- Installing: /home/vboxuser/bumperbot_ws/install/bumperbot_bringup/share/bumperbot_bringup/config/rplidar_a1.yaml\n'}
[110.238286] (bumperbot_bringup) StdoutLine: {'line': b'-- Installing: /home/vboxuser/bumperbot_ws/install/bumperbot_bringup/share/bumperbot_bringup/launch\n'}
[110.238356] (bumperbot_bringup) StdoutLine: {'line': b'-- Installing: /home/vboxuser/bumperbot_ws/install/bumperbot_bringup/share/bumperbot_bringup/launch/real_robot.launch.py\n'}
[110.238629] (bumperbot_bringup) StdoutLine: {'line': b'-- Installing: /home/vboxuser/bumperbot_ws/install/bumperbot_bringup/share/bumperbot_bringup/launch/simulated_robot.launch.py\n'}
[110.239396] (bumperbot_bringup) StdoutLine: {'line': b'-- Installing: /home/vboxuser/bumperbot_ws/install/bumperbot_bringup/share/ament_index/resource_index/package_run_dependencies/bumperbot_bringup\n'}
[110.239488] (bumperbot_bringup) StdoutLine: {'line': b'-- Installing: /home/vboxuser/bumperbot_ws/install/bumperbot_bringup/share/ament_index/resource_index/parent_prefix_path/bumperbot_bringup\n'}
[110.239645] (bumperbot_bringup) StdoutLine: {'line': b'-- Installing: /home/vboxuser/bumperbot_ws/install/bumperbot_bringup/share/bumperbot_bringup/environment/ament_prefix_path.sh\n'}
[110.240092] (bumperbot_bringup) StdoutLine: {'line': b'-- Installing: /home/vboxuser/bumperbot_ws/install/bumperbot_bringup/share/bumperbot_bringup/environment/ament_prefix_path.dsv\n'}
[110.240162] (bumperbot_bringup) StdoutLine: {'line': b'-- Installing: /home/vboxuser/bumperbot_ws/install/bumperbot_bringup/share/bumperbot_bringup/environment/path.sh\n'}
[110.240424] (bumperbot_bringup) StdoutLine: {'line': b'-- Installing: /home/vboxuser/bumperbot_ws/install/bumperbot_bringup/share/bumperbot_bringup/environment/path.dsv\n'}
[110.240481] (bumperbot_bringup) StdoutLine: {'line': b'-- Installing: /home/vboxuser/bumperbot_ws/install/bumperbot_bringup/share/bumperbot_bringup/local_setup.bash\n'}
[110.240533] (bumperbot_bringup) StdoutLine: {'line': b'-- Installing: /home/vboxuser/bumperbot_ws/install/bumperbot_bringup/share/bumperbot_bringup/local_setup.sh\n'}
[110.240654] (bumperbot_bringup) StdoutLine: {'line': b'-- Installing: /home/vboxuser/bumperbot_ws/install/bumperbot_bringup/share/bumperbot_bringup/local_setup.zsh\n'}
[110.240770] (bumperbot_bringup) StdoutLine: {'line': b'-- Installing: /home/vboxuser/bumperbot_ws/install/bumperbot_bringup/share/bumperbot_bringup/local_setup.dsv\n'}
[110.240884] (bumperbot_bringup) StdoutLine: {'line': b'-- Installing: /home/vboxuser/bumperbot_ws/install/bumperbot_bringup/share/bumperbot_bringup/package.dsv\n'}
[110.241021] (bumperbot_bringup) StdoutLine: {'line': b'-- Installing: /home/vboxuser/bumperbot_ws/install/bumperbot_bringup/share/ament_index/resource_index/packages/bumperbot_bringup\n'}
[110.241247] (bumperbot_bringup) StdoutLine: {'line': b'-- Installing: /home/vboxuser/bumperbot_ws/install/bumperbot_bringup/share/bumperbot_bringup/cmake/bumperbot_bringupConfig.cmake\n'}
[110.241317] (bumperbot_bringup) StdoutLine: {'line': b'-- Installing: /home/vboxuser/bumperbot_ws/install/bumperbot_bringup/share/bumperbot_bringup/cmake/bumperbot_bringupConfig-version.cmake\n'}
[110.241432] (bumperbot_bringup) StdoutLine: {'line': b'-- Installing: /home/vboxuser/bumperbot_ws/install/bumperbot_bringup/share/bumperbot_bringup/package.xml\n'}
[110.245133] (bumperbot_bringup) CommandEnded: {'returncode': 0}
[110.253791] (bumperbot_bringup) JobEnded: {'identifier': 'bumperbot_bringup', 'rc': 0}
[110.260963] (-) TimerEvent: {}
[110.261239] (bumperbot_cpp_examples) JobStarted: {'identifier': 'bumperbot_cpp_examples'}
[110.287597] (bumperbot_cpp_examples) JobProgress: {'identifier': 'bumperbot_cpp_examples', 'progress': 'cmake'}
[110.287840] (bumperbot_cpp_examples) Command: {'cmd': ['/usr/bin/cmake', '/home/vboxuser/bumperbot_ws/src/bumperbot_cpp_examples', '-DCMAKE_INSTALL_PREFIX=/home/vboxuser/bumperbot_ws/install/bumperbot_cpp_examples'], 'cwd': '/home/vboxuser/bumperbot_ws/build/bumperbot_cpp_examples', 'env': OrderedDict({'GJS_DEBUG_TOPICS': 'JS ERROR;JS LOG', 'XDG_ACTIVATION_TOKEN': 'gnome-shell/Terminator/2065-1-Robotproj_TIME198317', 'LESSOPEN': '| /usr/bin/lesspipe %s', 'USER': 'vboxuser', 'GZ_CONFIG_PATH': '/opt/ros/jazzy/opt/gz_sim_vendor/share/gz:/opt/ros/jazzy/opt/sdformat_vendor/share/gz:/opt/ros/jazzy/opt/gz_gui_vendor/share/gz:/opt/ros/jazzy/opt/gz_transport_vendor/share/gz:/opt/ros/jazzy/opt/gz_rendering_vendor/share/gz:/opt/ros/jazzy/opt/gz_plugin_vendor/share/gz:/opt/ros/jazzy/opt/gz_fuel_tools_vendor/share/gz:/opt/ros/jazzy/opt/gz_msgs_vendor/share/gz:/opt/ros/jazzy/opt/gz_common_vendor/share/gz', 'XDG_SESSION_TYPE': 'wayland', 'CLUTTER_DISABLE_MIPMAPPED_TEXT': '1', 'SHLVL': '1', 'LD_LIBRARY_PATH': '/home/vboxuser/bumperbot_ws/install/bumperbot_msgs/lib:/opt/ros/jazzy/opt/gz_sim_vendor/lib:/opt/ros/jazzy/opt/gz_sensors_vendor/lib:/opt/ros/jazzy/opt/gz_physics_vendor/lib:/opt/ros/jazzy/opt/sdformat_vendor/lib:/opt/ros/jazzy/opt/rviz_ogre_vendor/lib:/opt/ros/jazzy/lib/x86_64-linux-gnu:/opt/ros/jazzy/opt/gz_gui_vendor/lib:/opt/ros/jazzy/opt/gz_transport_vendor/lib:/opt/ros/jazzy/opt/gz_rendering_vendor/lib:/opt/ros/jazzy/opt/gz_plugin_vendor/lib:/opt/ros/jazzy/opt/gz_fuel_tools_vendor/lib:/opt/ros/jazzy/opt/gz_msgs_vendor/lib:/opt/ros/jazzy/opt/gz_common_vendor/lib:/opt/ros/jazzy/opt/gz_math_vendor/lib:/opt/ros/jazzy/opt/gz_utils_vendor/lib:/opt/ros/jazzy/opt/gz_tools_vendor/lib:/opt/ros/jazzy/opt/gz_ogre_next_vendor/lib:/opt/ros/jazzy/opt/gz_dartsim_vendor/lib:/opt/ros/jazzy/opt/gz_cmake_vendor/lib:/opt/ros/jazzy/lib', 'HOME': '/home/vboxuser', 'OLDPWD': '/home/vboxuser', 'DESKTOP_SESSION': 'ubuntu', 'GIO_LAUNCHED_DESKTOP_FILE': '/usr/share/applications/terminator.desktop', 'ROS_PYTHON_VERSION': '3', 'GNOME_SHELL_SESSION_MODE': 'ubuntu', 'GTK_MODULES': 'gail:atk-bridge', 'MANAGERPID': '1821', 'SYSTEMD_EXEC_PID': '2065', 'GSM_SKIP_SSH_AGENT_WORKAROUND': 'true', 'DBUS_SESSION_BUS_ADDRESS': 'unix:path=/run/user/1000/bus', 'COLORTERM': 'truecolor', 'TERMINATOR_DBUS_NAME': 'net.tenshu.Terminator25ef4b219e3b005583550f2b0f9f990c3', 'GIO_LAUNCHED_DESKTOP_FILE_PID': '2992', 'DEBUGINFOD_URLS': 'https://debuginfod.ubuntu.com', 'IM_CONFIG_PHASE': '1', 'WAYLAND_DISPLAY': 'wayland-0', 'ROS_DISTRO': 'jazzy', 'LOGNAME': 'vboxuser', 'JOURNAL_STREAM': '9:15131', '_': '/usr/bin/colcon', 'ROS_VERSION': '2', 'MEMORY_PRESSURE_WATCH': '/sys/fs/cgroup/user.slice/user-1000.slice/user@1000.service/session.slice/org.gnome.Shell@wayland.service/memory.pressure', 'XDG_SESSION_CLASS': 'user', 'USERNAME': 'vboxuser', 'TERM': 'xterm-256color', 'GNOME_DESKTOP_SESSION_ID': 'this-is-deprecated', 'PATH': '/opt/ros/jazzy/opt/gz_msgs_vendor/bin:/opt/ros/jazzy/opt/gz_tools_vendor/bin:/opt/ros/jazzy/opt/gz_ogre_next_vendor/bin:/opt/ros/jazzy/bin:/home/vboxuser/.local/bin:/usr/local/sbin:/usr/local/bin:/usr/sbin:/usr/bin:/sbin:/bin:/usr/games:/usr/local/games:/snap/bin:/snap/bin', 'SESSION_MANAGER': 'local/Robotproj:@/tmp/.ICE-unix/2021,unix/Robotproj:/tmp/.ICE-unix/2021', 'INVOCATION_ID': '0a4448d9e3fa415eb657cec0bbe459f4', 'XDG_MENU_PREFIX': 'gnome-', 'GNOME_SETUP_DISPLAY': ':1', 'XDG_RUNTIME_DIR': '/run/user/1000', 'DISPLAY': ':0', 'TERMINATOR_DBUS_PATH': '/net/tenshu/Terminator2', 'LANG': 'en_US.UTF-8', 'XDG_CURRENT_DESKTOP': 'ubuntu:GNOME', 'XMODIFIERS': '@im=ibus', 'XDG_SESSION_DESKTOP': 'ubuntu', 'XAUTHORITY': '/run/user/1000/.mutter-Xwaylandauth.N2SBM3', 'LS_COLORS': 'rs=0:di=01;34:ln=01;36:mh=00:pi=40;33:so=01;35:do=01;35:bd=40;33;01:cd=40;33;01:or=40;31;01:mi=00:su=37;41:sg=30;43:ca=00:tw=30;42:ow=34;42:st=37;44:ex=01;32:*.tar=01;31:*.tgz=01;31:*.arc=01;31:*.arj=01;31:*.taz=01;31:*.lha=01;31:*.lz4=01;31:*.lzh=01;31:*.lzma=01;31:*.tlz=01;31:*.txz=01;31:*.tzo=01;31:*.t7z=01;31:*.zip=01;31:*.z=01;31:*.dz=01;31:*.gz=01;31:*.lrz=01;31:*.lz=01;31:*.lzo=01;31:*.xz=01;31:*.zst=01;31:*.tzst=01;31:*.bz2=01;31:*.bz=01;31:*.tbz=01;31:*.tbz2=01;31:*.tz=01;31:*.deb=01;31:*.rpm=01;31:*.jar=01;31:*.war=01;31:*.ear=01;31:*.sar=01;31:*.rar=01;31:*.alz=01;31:*.ace=01;31:*.zoo=01;31:*.cpio=01;31:*.7z=01;31:*.rz=01;31:*.cab=01;31:*.wim=01;31:*.swm=01;31:*.dwm=01;31:*.esd=01;31:*.avif=01;35:*.jpg=01;35:*.jpeg=01;35:*.mjpg=01;35:*.mjpeg=01;35:*.gif=01;35:*.bmp=01;35:*.pbm=01;35:*.pgm=01;35:*.ppm=01;35:*.tga=01;35:*.xbm=01;35:*.xpm=01;35:*.tif=01;35:*.tiff=01;35:*.png=01;35:*.svg=01;35:*.svgz=01;35:*.mng=01;35:*.pcx=01;35:*.mov=01;35:*.mpg=01;35:*.mpeg=01;35:*.m2v=01;35:*.mkv=01;35:*.webm=01;35:*.webp=01;35:*.ogm=01;35:*.mp4=01;35:*.m4v=01;35:*.mp4v=01;35:*.vob=01;35:*.qt=01;35:*.nuv=01;35:*.wmv=01;35:*.asf=01;35:*.rm=01;35:*.rmvb=01;35:*.flc=01;35:*.avi=01;35:*.fli=01;35:*.flv=01;35:*.gl=01;35:*.dl=01;35:*.xcf=01;35:*.xwd=01;35:*.yuv=01;35:*.cgm=01;35:*.emf=01;35:*.ogv=01;35:*.ogx=01;35:*.aac=00;36:*.au=00;36:*.flac=00;36:*.m4a=00;36:*.mid=00;36:*.midi=00;36:*.mka=00;36:*.mp3=00;36:*.mpc=00;36:*.ogg=00;36:*.ra=00;36:*.wav=00;36:*.oga=00;36:*.opus=00;36:*.spx=00;36:*.xspf=00;36:*~=00;90:*#=00;90:*.bak=00;90:*.crdownload=00;90:*.dpkg-dist=00;90:*.dpkg-new=00;90:*.dpkg-old=00;90:*.dpkg-tmp=00;90:*.old=00;90:*.orig=00;90:*.part=00;90:*.rej=00;90:*.rpmnew=00;90:*.rpmorig=00;90:*.rpmsave=00;90:*.swp=00;90:*.tmp=00;90:*.ucf-dist=00;90:*.ucf-new=00;90:*.ucf-old=00;90:', 'SSH_AUTH_SOCK': '/run/user/1000/keyring/ssh', 'AMENT_PREFIX_PATH': '/home/vboxuser/bumperbot_ws/install/bumperbot_msgs:/opt/ros/jazzy', 'SHELL': '/bin/bash', 'TERMINATOR_UUID': 'urn:uuid:d9c01e1d-4148-4ee8-8389-ff1a6dc9a537', 'QT_ACCESSIBILITY': '1', 'GDMSESSION': 'ubuntu', 'LESSCLOSE': '/usr/bin/lesspipe %s %s', 'GJS_DEBUG_OUTPUT': 'stderr', 'ROS_AUTOMATIC_DISCOVERY_RANGE': 'SUBNET', 'QT_IM_MODULE': 'ibus', 'PWD': '/home/vboxuser/bumperbot_ws/build/bumperbot_cpp_examples', 'LC_ALL': 'en_US.UTF-8', 'XDG_CONFIG_DIRS': '/etc/xdg/xdg-ubuntu:/etc/xdg', 'XDG_DATA_DIRS': '/usr/share/ubuntu:/usr/share/gnome:/usr/local/share/:/usr/share/:/var/lib/snapd/desktop', 'PYTHONPATH': '/home/vboxuser/bumperbot_ws/install/bumperbot_msgs/lib/python3.12/site-packages:/opt/ros/jazzy/lib/python3.12/site-packages', 'COLCON': '1', 'MEMORY_PRESSURE_WRITE': 'c29tZSAyMDAwMDAgMjAwMDAwMAA=', 'VTE_VERSION': '7600', 'CMAKE_PREFIX_PATH': '/home/vboxuser/bumperbot_ws/install/bumperbot_msgs:/opt/ros/jazzy/opt/gz_sim_vendor:/opt/ros/jazzy/opt/gz_sensors_vendor:/opt/ros/jazzy/opt/gz_physics_vendor:/opt/ros/jazzy/opt/sdformat_vendor:/opt/ros/jazzy/opt/gz_gui_vendor:/opt/ros/jazzy/opt/gz_transport_vendor:/opt/ros/jazzy/opt/gz_rendering_vendor:/opt/ros/jazzy/opt/gz_plugin_vendor:/opt/ros/jazzy/opt/gz_fuel_tools_vendor:/opt/ros/jazzy/opt/gz_msgs_vendor:/opt/ros/jazzy/opt/gz_common_vendor:/opt/ros/jazzy/opt/gz_math_vendor:/opt/ros/jazzy/opt/gz_utils_vendor:/opt/ros/jazzy/opt/gz_tools_vendor:/opt/ros/jazzy/opt/gz_ogre_next_vendor:/opt/ros/jazzy/opt/gz_dartsim_vendor:/opt/ros/jazzy/opt/gz_cmake_vendor:/opt/ros/jazzy'}), 'shell': False}
[110.335735] (bumperbot_cpp_examples) StdoutLine: {'line': b'-- The C compiler identification is GNU 13.3.0\n'}
[110.363141] (-) TimerEvent: {}
[110.400858] (bumperbot_cpp_examples) StdoutLine: {'line': b'-- The CXX compiler identification is GNU 13.3.0\n'}
[110.416748] (bumperbot_cpp_examples) StdoutLine: {'line': b'-- Detecting C compiler ABI info\n'}
[110.463624] (-) TimerEvent: {}
[110.520661] (bumperbot_cpp_examples) StdoutLine: {'line': b'-- Detecting C compiler ABI info - done\n'}
[110.526309] (bumperbot_cpp_examples) StdoutLine: {'line': b'-- Check for working C compiler: /usr/bin/cc - skipped\n'}
[110.526650] (bumperbot_cpp_examples) StdoutLine: {'line': b'-- Detecting C compile features\n'}
[110.526992] (bumperbot_cpp_examples) StdoutLine: {'line': b'-- Detecting C compile features - done\n'}
[110.536118] (bumperbot_cpp_examples) StdoutLine: {'line': b'-- Detecting CXX compiler ABI info\n'}
[110.566323] (-) TimerEvent: {}
[110.635839] (bumperbot_cpp_examples) StdoutLine: {'line': b'-- Detecting CXX compiler ABI info - done\n'}
[110.642129] (bumperbot_cpp_examples) StdoutLine: {'line': b'-- Check for working CXX compiler: /usr/bin/c++ - skipped\n'}
[110.642254] (bumperbot_cpp_examples) StdoutLine: {'line': b'-- Detecting CXX compile features\n'}
[110.644283] (bumperbot_cpp_examples) StdoutLine: {'line': b'-- Detecting CXX compile features - done\n'}
[110.646690] (bumperbot_cpp_examples) StdoutLine: {'line': b'-- Found ament_cmake: 2.5.5 (/opt/ros/jazzy/share/ament_cmake/cmake)\n'}
[110.674010] (-) TimerEvent: {}
[110.781665] (bumperbot_cpp_examples) StdoutLine: {'line': b'-- Found Python3: /usr/bin/python3 (found version "3.12.3") found components: Interpreter \n'}
[110.781788] (-) TimerEvent: {}
[110.888223] (-) TimerEvent: {}
[110.922486] (bumperbot_cpp_examples) StdoutLine: {'line': b'-- Found rclcpp: 28.1.16 (/opt/ros/jazzy/share/rclcpp/cmake)\n'}
[110.947907] (bumperbot_cpp_examples) StdoutLine: {'line': b'-- Found rosidl_generator_c: 4.6.7 (/opt/ros/jazzy/share/rosidl_generator_c/cmake)\n'}
[110.959500] (bumperbot_cpp_examples) StdoutLine: {'line': b'-- Found rosidl_generator_cpp: 4.6.7 (/opt/ros/jazzy/share/rosidl_generator_cpp/cmake)\n'}
[110.972079] (bumperbot_cpp_examples) StdoutLine: {'line': b'-- Using all available rosidl_typesupport_c: rosidl_typesupport_fastrtps_c;rosidl_typesupport_introspection_c\n'}
[110.988627] (bumperbot_cpp_examples) StdoutLine: {'line': b'-- Using all available rosidl_typesupport_cpp: rosidl_typesupport_fastrtps_cpp;rosidl_typesupport_introspection_cpp\n'}
[110.988736] (-) TimerEvent: {}
[111.069943] (bumperbot_cpp_examples) StdoutLine: {'line': b'-- Found rmw_implementation_cmake: 7.3.3 (/opt/ros/jazzy/share/rmw_implementation_cmake/cmake)\n'}
[111.072425] (bumperbot_cpp_examples) StdoutLine: {'line': b'-- Found rmw_fastrtps_cpp: 8.4.3 (/opt/ros/jazzy/share/rmw_fastrtps_cpp/cmake)\n'}
[111.097064] (-) TimerEvent: {}
[111.156631] (bumperbot_cpp_examples) StdoutLine: {'line': b'-- Found OpenSSL: /usr/lib/x86_64-linux-gnu/libcrypto.so (found version "3.0.13")  \n'}
[111.171755] (bumperbot_cpp_examples) StdoutLine: {'line': b'-- Found FastRTPS: /opt/ros/jazzy/include (Required is at least version "2.13") \n'}
[111.189112] (bumperbot_cpp_examples) StdoutLine: {'line': b"-- Using RMW implementation 'rmw_fastrtps_cpp' as default\n"}
[111.201330] (-) TimerEvent: {}
[111.256543] (bumperbot_cpp_examples) StdoutLine: {'line': b'-- Found rclcpp_action: 28.1.16 (/opt/ros/jazzy/share/rclcpp_action/cmake)\n'}
[111.293979] (bumperbot_cpp_examples) StdoutLine: {'line': b'-- Found rclcpp_components: 28.1.16 (/opt/ros/jazzy/share/rclcpp_components/cmake)\n'}
[111.303046] (-) TimerEvent: {}
[111.339304] (bumperbot_cpp_examples) StdoutLine: {'line': b'-- Found std_msgs: 5.3.6 (/opt/ros/jazzy/share/std_msgs/cmake)\n'}
[111.355010] (bumperbot_cpp_examples) StdoutLine: {'line': b'-- Found turtlesim: 1.8.3 (/opt/ros/jazzy/share/turtlesim/cmake)\n'}
[111.379048] (bumperbot_cpp_examples) StdoutLine: {'line': b'-- Found bumperbot_msgs: 0.0.0 (/home/vboxuser/bumperbot_ws/install/bumperbot_msgs/share/bumperbot_msgs/cmake)\n'}
[111.408021] (-) TimerEvent: {}
[111.422962] (bumperbot_cpp_examples) StdoutLine: {'line': b'-- Found tf2: 0.36.19 (/opt/ros/jazzy/share/tf2/cmake)\n'}
[111.426964] (bumperbot_cpp_examples) StdoutLine: {'line': b'-- Found tf2_ros: 0.36.19 (/opt/ros/jazzy/share/tf2_ros/cmake)\n'}
[111.469398] (bumperbot_cpp_examples) StdoutLine: {'line': b'-- Found rclcpp_lifecycle: 28.1.16 (/opt/ros/jazzy/share/rclcpp_lifecycle/cmake)\n'}
[111.511060] (-) TimerEvent: {}
[111.571041] (bumperbot_cpp_examples) StdoutLine: {'line': b'-- Configuring done (1.3s)\n'}
[111.611851] (bumperbot_cpp_examples) StdoutLine: {'line': b'-- Generating done (0.0s)\n'}
[111.611969] (-) TimerEvent: {}
[111.638638] (bumperbot_cpp_examples) StdoutLine: {'line': b'-- Build files have been written to: /home/vboxuser/bumperbot_ws/build/bumperbot_cpp_examples\n'}
[111.648643] (bumperbot_cpp_examples) CommandEnded: {'returncode': 0}
[111.649020] (bumperbot_cpp_examples) JobProgress: {'identifier': 'bumperbot_cpp_examples', 'progress': 'build'}
[111.649153] (bumperbot_cpp_examples) Command: {'cmd': ['/usr/bin/cmake', '--build', '/home/vboxuser/bumperbot_ws/build/bumperbot_cpp_examples', '--', '-j1', '-l1'], 'cwd': '/home/vboxuser/bumperbot_ws/build/bumperbot_cpp_examples', 'env': OrderedDict({'GJS_DEBUG_TOPICS': 'JS ERROR;JS LOG', 'XDG_ACTIVATION_TOKEN': 'gnome-shell/Terminator/2065-1-Robotproj_TIME198317', 'LESSOPEN': '| /usr/bin/lesspipe %s', 'USER': 'vboxuser', 'GZ_CONFIG_PATH': '/opt/ros/jazzy/opt/gz_sim_vendor/share/gz:/opt/ros/jazzy/opt/sdformat_vendor/share/gz:/opt/ros/jazzy/opt/gz_gui_vendor/share/gz:/opt/ros/jazzy/opt/gz_transport_vendor/share/gz:/opt/ros/jazzy/opt/gz_rendering_vendor/share/gz:/opt/ros/jazzy/opt/gz_plugin_vendor/share/gz:/opt/ros/jazzy/opt/gz_fuel_tools_vendor/share/gz:/opt/ros/jazzy/opt/gz_msgs_vendor/share/gz:/opt/ros/jazzy/opt/gz_common_vendor/share/gz', 'XDG_SESSION_TYPE': 'wayland', 'CLUTTER_DISABLE_MIPMAPPED_TEXT': '1', 'SHLVL': '1', 'LD_LIBRARY_PATH': '/home/vboxuser/bumperbot_ws/install/bumperbot_msgs/lib:/opt/ros/jazzy/opt/gz_sim_vendor/lib:/opt/ros/jazzy/opt/gz_sensors_vendor/lib:/opt/ros/jazzy/opt/gz_physics_vendor/lib:/opt/ros/jazzy/opt/sdformat_vendor/lib:/opt/ros/jazzy/opt/rviz_ogre_vendor/lib:/opt/ros/jazzy/lib/x86_64-linux-gnu:/opt/ros/jazzy/opt/gz_gui_vendor/lib:/opt/ros/jazzy/opt/gz_transport_vendor/lib:/opt/ros/jazzy/opt/gz_rendering_vendor/lib:/opt/ros/jazzy/opt/gz_plugin_vendor/lib:/opt/ros/jazzy/opt/gz_fuel_tools_vendor/lib:/opt/ros/jazzy/opt/gz_msgs_vendor/lib:/opt/ros/jazzy/opt/gz_common_vendor/lib:/opt/ros/jazzy/opt/gz_math_vendor/lib:/opt/ros/jazzy/opt/gz_utils_vendor/lib:/opt/ros/jazzy/opt/gz_tools_vendor/lib:/opt/ros/jazzy/opt/gz_ogre_next_vendor/lib:/opt/ros/jazzy/opt/gz_dartsim_vendor/lib:/opt/ros/jazzy/opt/gz_cmake_vendor/lib:/opt/ros/jazzy/lib', 'HOME': '/home/vboxuser', 'OLDPWD': '/home/vboxuser', 'DESKTOP_SESSION': 'ubuntu', 'GIO_LAUNCHED_DESKTOP_FILE': '/usr/share/applications/terminator.desktop', 'ROS_PYTHON_VERSION': '3', 'GNOME_SHELL_SESSION_MODE': 'ubuntu', 'GTK_MODULES': 'gail:atk-bridge', 'MANAGERPID': '1821', 'SYSTEMD_EXEC_PID': '2065', 'GSM_SKIP_SSH_AGENT_WORKAROUND': 'true', 'DBUS_SESSION_BUS_ADDRESS': 'unix:path=/run/user/1000/bus', 'COLORTERM': 'truecolor', 'TERMINATOR_DBUS_NAME': 'net.tenshu.Terminator25ef4b219e3b005583550f2b0f9f990c3', 'GIO_LAUNCHED_DESKTOP_FILE_PID': '2992', 'DEBUGINFOD_URLS': 'https://debuginfod.ubuntu.com', 'IM_CONFIG_PHASE': '1', 'WAYLAND_DISPLAY': 'wayland-0', 'ROS_DISTRO': 'jazzy', 'LOGNAME': 'vboxuser', 'JOURNAL_STREAM': '9:15131', '_': '/usr/bin/colcon', 'ROS_VERSION': '2', 'MEMORY_PRESSURE_WATCH': '/sys/fs/cgroup/user.slice/user-1000.slice/user@1000.service/session.slice/org.gnome.Shell@wayland.service/memory.pressure', 'XDG_SESSION_CLASS': 'user', 'USERNAME': 'vboxuser', 'TERM': 'xterm-256color', 'GNOME_DESKTOP_SESSION_ID': 'this-is-deprecated', 'PATH': '/opt/ros/jazzy/opt/gz_msgs_vendor/bin:/opt/ros/jazzy/opt/gz_tools_vendor/bin:/opt/ros/jazzy/opt/gz_ogre_next_vendor/bin:/opt/ros/jazzy/bin:/home/vboxuser/.local/bin:/usr/local/sbin:/usr/local/bin:/usr/sbin:/usr/bin:/sbin:/bin:/usr/games:/usr/local/games:/snap/bin:/snap/bin', 'SESSION_MANAGER': 'local/Robotproj:@/tmp/.ICE-unix/2021,unix/Robotproj:/tmp/.ICE-unix/2021', 'INVOCATION_ID': '0a4448d9e3fa415eb657cec0bbe459f4', 'XDG_MENU_PREFIX': 'gnome-', 'GNOME_SETUP_DISPLAY': ':1', 'XDG_RUNTIME_DIR': '/run/user/1000', 'DISPLAY': ':0', 'TERMINATOR_DBUS_PATH': '/net/tenshu/Terminator2', 'LANG': 'en_US.UTF-8', 'XDG_CURRENT_DESKTOP': 'ubuntu:GNOME', 'XMODIFIERS': '@im=ibus', 'XDG_SESSION_DESKTOP': 'ubuntu', 'XAUTHORITY': '/run/user/1000/.mutter-Xwaylandauth.N2SBM3', 'LS_COLORS': 'rs=0:di=01;34:ln=01;36:mh=00:pi=40;33:so=01;35:do=01;35:bd=40;33;01:cd=40;33;01:or=40;31;01:mi=00:su=37;41:sg=30;43:ca=00:tw=30;42:ow=34;42:st=37;44:ex=01;32:*.tar=01;31:*.tgz=01;31:*.arc=01;31:*.arj=01;31:*.taz=01;31:*.lha=01;31:*.lz4=01;31:*.lzh=01;31:*.lzma=01;31:*.tlz=01;31:*.txz=01;31:*.tzo=01;31:*.t7z=01;31:*.zip=01;31:*.z=01;31:*.dz=01;31:*.gz=01;31:*.lrz=01;31:*.lz=01;31:*.lzo=01;31:*.xz=01;31:*.zst=01;31:*.tzst=01;31:*.bz2=01;31:*.bz=01;31:*.tbz=01;31:*.tbz2=01;31:*.tz=01;31:*.deb=01;31:*.rpm=01;31:*.jar=01;31:*.war=01;31:*.ear=01;31:*.sar=01;31:*.rar=01;31:*.alz=01;31:*.ace=01;31:*.zoo=01;31:*.cpio=01;31:*.7z=01;31:*.rz=01;31:*.cab=01;31:*.wim=01;31:*.swm=01;31:*.dwm=01;31:*.esd=01;31:*.avif=01;35:*.jpg=01;35:*.jpeg=01;35:*.mjpg=01;35:*.mjpeg=01;35:*.gif=01;35:*.bmp=01;35:*.pbm=01;35:*.pgm=01;35:*.ppm=01;35:*.tga=01;35:*.xbm=01;35:*.xpm=01;35:*.tif=01;35:*.tiff=01;35:*.png=01;35:*.svg=01;35:*.svgz=01;35:*.mng=01;35:*.pcx=01;35:*.mov=01;35:*.mpg=01;35:*.mpeg=01;35:*.m2v=01;35:*.mkv=01;35:*.webm=01;35:*.webp=01;35:*.ogm=01;35:*.mp4=01;35:*.m4v=01;35:*.mp4v=01;35:*.vob=01;35:*.qt=01;35:*.nuv=01;35:*.wmv=01;35:*.asf=01;35:*.rm=01;35:*.rmvb=01;35:*.flc=01;35:*.avi=01;35:*.fli=01;35:*.flv=01;35:*.gl=01;35:*.dl=01;35:*.xcf=01;35:*.xwd=01;35:*.yuv=01;35:*.cgm=01;35:*.emf=01;35:*.ogv=01;35:*.ogx=01;35:*.aac=00;36:*.au=00;36:*.flac=00;36:*.m4a=00;36:*.mid=00;36:*.midi=00;36:*.mka=00;36:*.mp3=00;36:*.mpc=00;36:*.ogg=00;36:*.ra=00;36:*.wav=00;36:*.oga=00;36:*.opus=00;36:*.spx=00;36:*.xspf=00;36:*~=00;90:*#=00;90:*.bak=00;90:*.crdownload=00;90:*.dpkg-dist=00;90:*.dpkg-new=00;90:*.dpkg-old=00;90:*.dpkg-tmp=00;90:*.old=00;90:*.orig=00;90:*.part=00;90:*.rej=00;90:*.rpmnew=00;90:*.rpmorig=00;90:*.rpmsave=00;90:*.swp=00;90:*.tmp=00;90:*.ucf-dist=00;90:*.ucf-new=00;90:*.ucf-old=00;90:', 'SSH_AUTH_SOCK': '/run/user/1000/keyring/ssh', 'AMENT_PREFIX_PATH': '/home/vboxuser/bumperbot_ws/install/bumperbot_msgs:/opt/ros/jazzy', 'SHELL': '/bin/bash', 'TERMINATOR_UUID': 'urn:uuid:d9c01e1d-4148-4ee8-8389-ff1a6dc9a537', 'QT_ACCESSIBILITY': '1', 'GDMSESSION': 'ubuntu', 'LESSCLOSE': '/usr/bin/lesspipe %s %s', 'GJS_DEBUG_OUTPUT': 'stderr', 'ROS_AUTOMATIC_DISCOVERY_RANGE': 'SUBNET', 'QT_IM_MODULE': 'ibus', 'PWD': '/home/vboxuser/bumperbot_ws/build/bumperbot_cpp_examples', 'LC_ALL': 'en_US.UTF-8', 'XDG_CONFIG_DIRS': '/etc/xdg/xdg-ubuntu:/etc/xdg', 'XDG_DATA_DIRS': '/usr/share/ubuntu:/usr/share/gnome:/usr/local/share/:/usr/share/:/var/lib/snapd/desktop', 'PYTHONPATH': '/home/vboxuser/bumperbot_ws/install/bumperbot_msgs/lib/python3.12/site-packages:/opt/ros/jazzy/lib/python3.12/site-packages', 'COLCON': '1', 'MEMORY_PRESSURE_WRITE': 'c29tZSAyMDAwMDAgMjAwMDAwMAA=', 'VTE_VERSION': '7600', 'CMAKE_PREFIX_PATH': '/home/vboxuser/bumperbot_ws/install/bumperbot_msgs:/opt/ros/jazzy/opt/gz_sim_vendor:/opt/ros/jazzy/opt/gz_sensors_vendor:/opt/ros/jazzy/opt/gz_physics_vendor:/opt/ros/jazzy/opt/sdformat_vendor:/opt/ros/jazzy/opt/gz_gui_vendor:/opt/ros/jazzy/opt/gz_transport_vendor:/opt/ros/jazzy/opt/gz_rendering_vendor:/opt/ros/jazzy/opt/gz_plugin_vendor:/opt/ros/jazzy/opt/gz_fuel_tools_vendor:/opt/ros/jazzy/opt/gz_msgs_vendor:/opt/ros/jazzy/opt/gz_common_vendor:/opt/ros/jazzy/opt/gz_math_vendor:/opt/ros/jazzy/opt/gz_utils_vendor:/opt/ros/jazzy/opt/gz_tools_vendor:/opt/ros/jazzy/opt/gz_ogre_next_vendor:/opt/ros/jazzy/opt/gz_dartsim_vendor:/opt/ros/jazzy/opt/gz_cmake_vendor:/opt/ros/jazzy'}), 'shell': False}
[111.699711] (bumperbot_cpp_examples) StdoutLine: {'line': b'[  3%] \x1b[32mBuilding CXX object CMakeFiles/simple_publisher.dir/src/simple_publisher.cpp.o\x1b[0m\n'}
[111.717535] (-) TimerEvent: {}
[111.830979] (-) TimerEvent: {}
[111.934072] (-) TimerEvent: {}
[112.037319] (-) TimerEvent: {}
[112.140995] (-) TimerEvent: {}
[112.243973] (-) TimerEvent: {}
[112.346736] (-) TimerEvent: {}
[112.461566] (-) TimerEvent: {}
[112.574030] (-) TimerEvent: {}
[112.688016] (-) TimerEvent: {}
[112.791023] (-) TimerEvent: {}
[112.904997] (-) TimerEvent: {}
[113.018074] (-) TimerEvent: {}
[113.130086] (-) TimerEvent: {}
[113.235333] (-) TimerEvent: {}
[113.339036] (-) TimerEvent: {}
[113.441984] (-) TimerEvent: {}
[113.545058] (-) TimerEvent: {}
[113.648382] (-) TimerEvent: {}
[113.751189] (-) TimerEvent: {}
[113.865012] (-) TimerEvent: {}
[113.967992] (-) TimerEvent: {}
[114.070408] (-) TimerEvent: {}
[114.174143] (-) TimerEvent: {}
[114.288043] (-) TimerEvent: {}
[114.401263] (-) TimerEvent: {}
[114.514097] (-) TimerEvent: {}
[114.617499] (-) TimerEvent: {}
[114.733292] (-) TimerEvent: {}
[114.834996] (-) TimerEvent: {}
[114.946061] (-) TimerEvent: {}
[115.051027] (-) TimerEvent: {}
[115.155050] (-) TimerEvent: {}
[115.179057] (bumperbot_cpp_examples) StdoutLine: {'line': b'[  7%] \x1b[32m\x1b[1mLinking CXX executable simple_publisher\x1b[0m\n'}
[115.257922] (-) TimerEvent: {}
[115.306659] (bumperbot_cpp_examples) StdoutLine: {'line': b'[  7%] Built target simple_publisher\n'}
[115.329544] (bumperbot_cpp_examples) StdoutLine: {'line': b'[ 10%] \x1b[32mBuilding CXX object CMakeFiles/simple_subscriber.dir/src/simple_subscriber.cpp.o\x1b[0m\n'}
[115.361625] (-) TimerEvent: {}
[115.474414] (-) TimerEvent: {}
[115.588983] (-) TimerEvent: {}
[115.691978] (-) TimerEvent: {}
[115.794706] (-) TimerEvent: {}
[115.898301] (-) TimerEvent: {}
[116.001682] (-) TimerEvent: {}
[116.115067] (-) TimerEvent: {}
[116.218178] (-) TimerEvent: {}
[116.331712] (-) TimerEvent: {}
[116.444461] (-) TimerEvent: {}
[116.558299] (-) TimerEvent: {}
[116.671983] (-) TimerEvent: {}
[116.773519] (-) TimerEvent: {}
[116.878981] (-) TimerEvent: {}
[116.982094] (-) TimerEvent: {}
[117.085253] (-) TimerEvent: {}
[117.189058] (-) TimerEvent: {}
[117.291804] (-) TimerEvent: {}
[117.395341] (-) TimerEvent: {}
[117.498002] (-) TimerEvent: {}
[117.612005] (-) TimerEvent: {}
[117.715005] (-) TimerEvent: {}
[117.818054] (-) TimerEvent: {}
[117.931637] (-) TimerEvent: {}
[118.035011] (-) TimerEvent: {}
[118.138042] (-) TimerEvent: {}
[118.240588] (-) TimerEvent: {}
[118.354540] (-) TimerEvent: {}
[118.467974] (-) TimerEvent: {}
[118.571256] (-) TimerEvent: {}
[118.674115] (-) TimerEvent: {}
[118.787157] (-) TimerEvent: {}
[118.901250] (-) TimerEvent: {}
[119.014934] (-) TimerEvent: {}
[119.118010] (-) TimerEvent: {}
[119.222257] (-) TimerEvent: {}
[119.324646] (-) TimerEvent: {}
[119.427895] (-) TimerEvent: {}
[119.541115] (-) TimerEvent: {}
[119.644000] (-) TimerEvent: {}
[119.747345] (-) TimerEvent: {}
[119.848014] (-) TimerEvent: {}
[119.964074] (-) TimerEvent: {}
[120.077985] (-) TimerEvent: {}
[120.180355] (-) TimerEvent: {}
[120.284000] (-) TimerEvent: {}
[120.387114] (-) TimerEvent: {}
[120.490623] (-) TimerEvent: {}
[120.594391] (-) TimerEvent: {}
[120.696353] (-) TimerEvent: {}
[120.799455] (-) TimerEvent: {}
[120.903001] (-) TimerEvent: {}
[121.016992] (-) TimerEvent: {}
[121.131024] (-) TimerEvent: {}
[121.213972] (bumperbot_cpp_examples) StdoutLine: {'line': b'[ 14%] \x1b[32m\x1b[1mLinking CXX executable simple_subscriber\x1b[0m\n'}
[121.233043] (-) TimerEvent: {}
[121.347383] (-) TimerEvent: {}
[121.436125] (bumperbot_cpp_examples) StdoutLine: {'line': b'[ 14%] Built target simple_subscriber\n'}
[121.447457] (-) TimerEvent: {}
[121.477155] (bumperbot_cpp_examples) StdoutLine: {'line': b'[ 17%] \x1b[32mBuilding CXX object CMakeFiles/simple_parameter.dir/src/simple_parameter.cpp.o\x1b[0m\n'}
[121.553954] (-) TimerEvent: {}
[121.656992] (-) TimerEvent: {}
[121.770135] (-) TimerEvent: {}
[121.884170] (-) TimerEvent: {}
[121.997554] (-) TimerEvent: {}
[122.100979] (-) TimerEvent: {}
[122.203982] (-) TimerEvent: {}
[122.307131] (-) TimerEvent: {}
[122.410287] (-) TimerEvent: {}
[122.513469] (-) TimerEvent: {}
[122.616994] (-) TimerEvent: {}
[122.720568] (-) TimerEvent: {}
[122.823974] (-) TimerEvent: {}
[122.927031] (-) TimerEvent: {}
[123.040653] (-) TimerEvent: {}
[123.155029] (-) TimerEvent: {}
[123.257445] (-) TimerEvent: {}
[123.361182] (-) TimerEvent: {}
[123.465169] (-) TimerEvent: {}
[123.567891] (-) TimerEvent: {}
[123.671981] (-) TimerEvent: {}
[123.784412] (-) TimerEvent: {}
[123.826403] (bumperbot_cpp_examples) StdoutLine: {'line': b'[ 21%] \x1b[32m\x1b[1mLinking CXX executable simple_parameter\x1b[0m\n'}
[123.888035] (-) TimerEvent: {}
[123.939893] (bumperbot_cpp_examples) StdoutLine: {'line': b'[ 21%] Built target simple_parameter\n'}
[123.961032] (bumperbot_cpp_examples) StdoutLine: {'line': b'[ 25%] \x1b[32mBuilding CXX object CMakeFiles/simple_turtlesim_kinematics.dir/src/simple_turtlesim_kinematics.cpp.o\x1b[0m\n'}
[123.992092] (-) TimerEvent: {}
[124.095002] (-) TimerEvent: {}
[124.198049] (-) TimerEvent: {}
[124.301508] (-) TimerEvent: {}
[124.405027] (-) TimerEvent: {}
[124.509136] (-) TimerEvent: {}
[124.611875] (-) TimerEvent: {}
[124.714071] (-) TimerEvent: {}
[124.828976] (-) TimerEvent: {}
[124.933290] (-) TimerEvent: {}
[125.035295] (-) TimerEvent: {}
[125.138449] (-) TimerEvent: {}
[125.252543] (-) TimerEvent: {}
[125.365500] (-) TimerEvent: {}
[125.490044] (-) TimerEvent: {}
[125.593541] (-) TimerEvent: {}
[125.707009] (-) TimerEvent: {}
[125.809980] (-) TimerEvent: {}
[125.913504] (-) TimerEvent: {}
[126.027773] (-) TimerEvent: {}
[126.130997] (-) TimerEvent: {}
[126.234006] (-) TimerEvent: {}
[126.337163] (-) TimerEvent: {}
[126.441012] (-) TimerEvent: {}
[126.543437] (-) TimerEvent: {}
[126.657271] (-) TimerEvent: {}
[126.770720] (-) TimerEvent: {}
[126.884212] (-) TimerEvent: {}
[126.998032] (-) TimerEvent: {}
[127.101164] (-) TimerEvent: {}
[127.204970] (-) TimerEvent: {}
[127.307976] (-) TimerEvent: {}
[127.411985] (-) TimerEvent: {}
[127.514412] (-) TimerEvent: {}
[127.618316] (-) TimerEvent: {}
[127.731486] (-) TimerEvent: {}
[127.848020] (-) TimerEvent: {}
[127.948987] (-) TimerEvent: {}
[128.051990] (-) TimerEvent: {}
[128.154995] (-) TimerEvent: {}
[128.258350] (-) TimerEvent: {}
[128.361978] (-) TimerEvent: {}
[128.474975] (-) TimerEvent: {}
[128.578144] (-) TimerEvent: {}
[128.681914] (-) TimerEvent: {}
[128.795134] (-) TimerEvent: {}
[128.899065] (-) TimerEvent: {}
[129.001505] (-) TimerEvent: {}
[129.115480] (-) TimerEvent: {}
[129.218414] (-) TimerEvent: {}
[129.332001] (-) TimerEvent: {}
[129.446010] (-) TimerEvent: {}
[129.548145] (-) TimerEvent: {}
[129.652586] (-) TimerEvent: {}
[129.755752] (-) TimerEvent: {}
[129.870019] (-) TimerEvent: {}
[129.918595] (bumperbot_cpp_examples) StdoutLine: {'line': b'[ 28%] \x1b[32m\x1b[1mLinking CXX executable simple_turtlesim_kinematics\x1b[0m\n'}
[129.972015] (-) TimerEvent: {}
[130.076022] (-) TimerEvent: {}
[130.162983] (bumperbot_cpp_examples) StdoutLine: {'line': b'[ 28%] Built target simple_turtlesim_kinematics\n'}
[130.176136] (-) TimerEvent: {}
[130.195618] (bumperbot_cpp_examples) StdoutLine: {'line': b'[ 32%] \x1b[32mBuilding CXX object CMakeFiles/simple_service_server.dir/src/simple_service_server.cpp.o\x1b[0m\n'}
[130.282509] (-) TimerEvent: {}
[130.386023] (-) TimerEvent: {}
[130.499110] (-) TimerEvent: {}
[130.613011] (-) TimerEvent: {}
[130.715127] (-) TimerEvent: {}
[130.819076] (-) TimerEvent: {}
[130.923029] (-) TimerEvent: {}
[131.025495] (-) TimerEvent: {}
[131.128482] (-) TimerEvent: {}
[131.243030] (-) TimerEvent: {}
[131.346156] (-) TimerEvent: {}
[131.450224] (-) TimerEvent: {}
[131.552986] (-) TimerEvent: {}
[131.656219] (-) TimerEvent: {}
[131.759978] (-) TimerEvent: {}
[131.863211] (-) TimerEvent: {}
[131.966593] (-) TimerEvent: {}
[132.080033] (-) TimerEvent: {}
[132.182979] (-) TimerEvent: {}
[132.287001] (-) TimerEvent: {}
[132.391021] (-) TimerEvent: {}
[132.495078] (-) TimerEvent: {}
[132.596997] (-) TimerEvent: {}
[132.700362] (-) TimerEvent: {}
[132.814030] (-) TimerEvent: {}
[132.925590] (-) TimerEvent: {}
[133.005984] (bumperbot_cpp_examples) StdoutLine: {'line': b'[ 35%] \x1b[32m\x1b[1mLinking CXX executable simple_service_server\x1b[0m\n'}
[133.030992] (-) TimerEvent: {}
[133.141015] (-) TimerEvent: {}
[133.165420] (bumperbot_cpp_examples) StdoutLine: {'line': b'[ 35%] Built target simple_service_server\n'}
[133.186976] (bumperbot_cpp_examples) StdoutLine: {'line': b'[ 39%] \x1b[32mBuilding CXX object CMakeFiles/simple_service_client.dir/src/simple_service_client.cpp.o\x1b[0m\n'}
[133.247981] (-) TimerEvent: {}
[133.352035] (-) TimerEvent: {}
[133.455172] (-) TimerEvent: {}
[133.558118] (-) TimerEvent: {}
[133.661993] (-) TimerEvent: {}
[133.766398] (-) TimerEvent: {}
[133.871664] (-) TimerEvent: {}
[133.972434] (-) TimerEvent: {}
[134.085983] (-) TimerEvent: {}
[134.190020] (-) TimerEvent: {}
[134.293071] (-) TimerEvent: {}
[134.407013] (-) TimerEvent: {}
[134.509986] (-) TimerEvent: {}
[134.613343] (-) TimerEvent: {}
[134.716253] (-) TimerEvent: {}
[134.832018] (-) TimerEvent: {}
[134.934006] (-) TimerEvent: {}
[135.038001] (-) TimerEvent: {}
[135.141009] (-) TimerEvent: {}
[135.255015] (-) TimerEvent: {}
[135.358134] (-) TimerEvent: {}
[135.461105] (-) TimerEvent: {}
[135.564370] (-) TimerEvent: {}
[135.678318] (-) TimerEvent: {}
[135.791970] (-) TimerEvent: {}
[135.895741] (-) TimerEvent: {}
[136.010034] (-) TimerEvent: {}
[136.097943] (bumperbot_cpp_examples) StdoutLine: {'line': b'[ 42%] \x1b[32m\x1b[1mLinking CXX executable simple_service_client\x1b[0m\n'}
[136.110126] (-) TimerEvent: {}
[136.226009] (-) TimerEvent: {}
[136.268556] (bumperbot_cpp_examples) StdoutLine: {'line': b'[ 42%] Built target simple_service_client\n'}
[136.289011] (bumperbot_cpp_examples) StdoutLine: {'line': b'[ 46%] \x1b[32mBuilding CXX object CMakeFiles/simple_tf_kinematics.dir/src/simple_tf_kinematics.cpp.o\x1b[0m\n'}
[136.329069] (-) TimerEvent: {}
[136.432898] (-) TimerEvent: {}
[136.535487] (-) TimerEvent: {}
[136.638532] (-) TimerEvent: {}
[136.742032] (-) TimerEvent: {}
[136.855044] (-) TimerEvent: {}
[136.968975] (-) TimerEvent: {}
[137.072548] (-) TimerEvent: {}
[137.176148] (-) TimerEvent: {}
[137.278990] (-) TimerEvent: {}
[137.382346] (-) TimerEvent: {}
[137.485650] (-) TimerEvent: {}
[137.589029] (-) TimerEvent: {}
[137.692363] (-) TimerEvent: {}
[137.796020] (-) TimerEvent: {}
[137.899002] (-) TimerEvent: {}
[138.002374] (-) TimerEvent: {}
[138.105934] (-) TimerEvent: {}
[138.208471] (-) TimerEvent: {}
[138.322486] (-) TimerEvent: {}
[138.426004] (-) TimerEvent: {}
[138.529334] (-) TimerEvent: {}
[138.633019] (-) TimerEvent: {}
[138.736254] (-) TimerEvent: {}
[138.839397] (-) TimerEvent: {}
[138.944051] (-) TimerEvent: {}
[139.046996] (-) TimerEvent: {}
[139.152042] (-) TimerEvent: {}
[139.253576] (-) TimerEvent: {}
[139.366940] (-) TimerEvent: {}
[139.479972] (-) TimerEvent: {}
[139.593630] (-) TimerEvent: {}
[139.707219] (-) TimerEvent: {}
[139.821018] (-) TimerEvent: {}
[139.924992] (-) TimerEvent: {}
[140.027996] (-) TimerEvent: {}
[140.131991] (-) TimerEvent: {}
[140.235050] (-) TimerEvent: {}
[140.338568] (-) TimerEvent: {}
[140.441985] (-) TimerEvent: {}
[140.545041] (-) TimerEvent: {}
[140.658998] (-) TimerEvent: {}
[140.773010] (-) TimerEvent: {}
[140.876367] (-) TimerEvent: {}
[140.979370] (-) TimerEvent: {}
[141.093664] (-) TimerEvent: {}
[141.129470] (bumperbot_cpp_examples) StdoutLine: {'line': b'[ 50%] \x1b[32m\x1b[1mLinking CXX executable simple_tf_kinematics\x1b[0m\n'}
[141.196458] (-) TimerEvent: {}
[141.299997] (-) TimerEvent: {}
[141.335234] (bumperbot_cpp_examples) StdoutLine: {'line': b'[ 50%] Built target simple_tf_kinematics\n'}
[141.356200] (bumperbot_cpp_examples) StdoutLine: {'line': b'[ 53%] \x1b[32mBuilding CXX object CMakeFiles/simple_lifecycle_node.dir/src/simple_lifecycle_node.cpp.o\x1b[0m\n'}
[141.403151] (-) TimerEvent: {}
[141.506241] (-) TimerEvent: {}
[141.609750] (-) TimerEvent: {}
[141.722515] (-) TimerEvent: {}
[141.826610] (-) TimerEvent: {}
[141.940093] (-) TimerEvent: {}
[142.054039] (-) TimerEvent: {}
[142.157766] (-) TimerEvent: {}
[142.260678] (-) TimerEvent: {}
[142.375114] (-) TimerEvent: {}
[142.487295] (-) TimerEvent: {}
[142.601943] (-) TimerEvent: {}
[142.704988] (-) TimerEvent: {}
[142.808013] (-) TimerEvent: {}
[142.921987] (-) TimerEvent: {}
[143.024993] (-) TimerEvent: {}
[143.128016] (-) TimerEvent: {}
[143.241983] (-) TimerEvent: {}
[143.345472] (-) TimerEvent: {}
[143.448244] (-) TimerEvent: {}
[143.552005] (-) TimerEvent: {}
[143.665692] (-) TimerEvent: {}
[143.779196] (-) TimerEvent: {}
[143.893034] (-) TimerEvent: {}
[143.996107] (-) TimerEvent: {}
[144.110511] (-) TimerEvent: {}
[144.213069] (-) TimerEvent: {}
[144.316027] (-) TimerEvent: {}
[144.430023] (-) TimerEvent: {}
[144.533180] (-) TimerEvent: {}
[144.636015] (-) TimerEvent: {}
[144.749363] (-) TimerEvent: {}
[144.863142] (-) TimerEvent: {}
[144.976996] (-) TimerEvent: {}
[145.080001] (-) TimerEvent: {}
[145.183384] (-) TimerEvent: {}
[145.286977] (-) TimerEvent: {}
[145.400680] (-) TimerEvent: {}
[145.513763] (-) TimerEvent: {}
[145.638017] (-) TimerEvent: {}
[145.742504] (-) TimerEvent: {}
[145.844207] (-) TimerEvent: {}
[145.958160] (-) TimerEvent: {}
[146.061305] (-) TimerEvent: {}
[146.164056] (-) TimerEvent: {}
[146.267693] (-) TimerEvent: {}
[146.381054] (-) TimerEvent: {}
[146.485021] (-) TimerEvent: {}
[146.598982] (-) TimerEvent: {}
[146.701382] (-) TimerEvent: {}
[146.816013] (-) TimerEvent: {}
[146.929698] (-) TimerEvent: {}
[147.031507] (-) TimerEvent: {}
[147.136903] (-) TimerEvent: {}
[147.252112] (-) TimerEvent: {}
[147.356200] (-) TimerEvent: {}
[147.457998] (-) TimerEvent: {}
[147.552040] (bumperbot_cpp_examples) StdoutLine: {'line': b'[ 57%] \x1b[32m\x1b[1mLinking CXX executable simple_lifecycle_node\x1b[0m\n'}
[147.558095] (-) TimerEvent: {}
[147.675311] (-) TimerEvent: {}
[147.775992] (-) TimerEvent: {}
[147.795401] (bumperbot_cpp_examples) StdoutLine: {'line': b'[ 57%] Built target simple_lifecycle_node\n'}
[147.817496] (bumperbot_cpp_examples) StdoutLine: {'line': b'[ 60%] \x1b[32mBuilding CXX object CMakeFiles/simple_qos_publisher.dir/src/simple_qos_publisher.cpp.o\x1b[0m\n'}
[147.882068] (-) TimerEvent: {}
[147.984993] (-) TimerEvent: {}
[148.098406] (-) TimerEvent: {}
[148.202586] (-) TimerEvent: {}
[148.304995] (-) TimerEvent: {}
[148.418366] (-) TimerEvent: {}
[148.532446] (-) TimerEvent: {}
[148.646373] (-) TimerEvent: {}
[148.749187] (-) TimerEvent: {}
[148.853215] (-) TimerEvent: {}
[148.966469] (-) TimerEvent: {}
[149.070024] (-) TimerEvent: {}
[149.173268] (-) TimerEvent: {}
[149.277183] (-) TimerEvent: {}
[149.379702] (-) TimerEvent: {}
[149.493204] (-) TimerEvent: {}
[149.606471] (-) TimerEvent: {}
[149.720497] (-) TimerEvent: {}
[149.835038] (-) TimerEvent: {}
[149.937689] (-) TimerEvent: {}
[150.041016] (-) TimerEvent: {}
[150.145065] (-) TimerEvent: {}
[150.248011] (-) TimerEvent: {}
[150.350999] (-) TimerEvent: {}
[150.465054] (-) TimerEvent: {}
[150.568398] (-) TimerEvent: {}
[150.670077] (-) TimerEvent: {}
[150.776071] (-) TimerEvent: {}
[150.879020] (-) TimerEvent: {}
[150.994037] (-) TimerEvent: {}
[151.095243] (-) TimerEvent: {}
[151.209215] (-) TimerEvent: {}
[151.313007] (-) TimerEvent: {}
[151.384465] (bumperbot_cpp_examples) StdoutLine: {'line': b'[ 64%] \x1b[32m\x1b[1mLinking CXX executable simple_qos_publisher\x1b[0m\n'}
[151.416028] (-) TimerEvent: {}
[151.525283] (bumperbot_cpp_examples) StdoutLine: {'line': b'[ 64%] Built target simple_qos_publisher\n'}
[151.525415] (-) TimerEvent: {}
[151.566896] (bumperbot_cpp_examples) StdoutLine: {'line': b'[ 67%] \x1b[32mBuilding CXX object CMakeFiles/simple_qos_subscriber.dir/src/simple_qos_subscriber.cpp.o\x1b[0m\n'}
[151.633016] (-) TimerEvent: {}
[151.737007] (-) TimerEvent: {}
[151.839779] (-) TimerEvent: {}
[151.942995] (-) TimerEvent: {}
[152.046211] (-) TimerEvent: {}
[152.150003] (-) TimerEvent: {}
[152.253012] (-) TimerEvent: {}
[152.367089] (-) TimerEvent: {}
[152.470076] (-) TimerEvent: {}
[152.583969] (-) TimerEvent: {}
[152.686416] (-) TimerEvent: {}
[152.790324] (-) TimerEvent: {}
[152.892999] (-) TimerEvent: {}
[153.008001] (-) TimerEvent: {}
[153.111031] (-) TimerEvent: {}
[153.213696] (-) TimerEvent: {}
[153.316996] (-) TimerEvent: {}
[153.420975] (-) TimerEvent: {}
[153.524981] (-) TimerEvent: {}
[153.627966] (-) TimerEvent: {}
[153.742984] (-) TimerEvent: {}
[153.845003] (-) TimerEvent: {}
[153.959009] (-) TimerEvent: {}
[154.062011] (-) TimerEvent: {}
[154.166044] (-) TimerEvent: {}
[154.269394] (-) TimerEvent: {}
[154.382079] (-) TimerEvent: {}
[154.485242] (-) TimerEvent: {}
[154.589023] (-) TimerEvent: {}
[154.692016] (-) TimerEvent: {}
[154.795585] (-) TimerEvent: {}
[154.898500] (-) TimerEvent: {}
[155.002009] (-) TimerEvent: {}
[155.105011] (-) TimerEvent: {}
[155.208250] (-) TimerEvent: {}
[155.322028] (-) TimerEvent: {}
[155.424466] (-) TimerEvent: {}
[155.539060] (-) TimerEvent: {}
[155.642009] (-) TimerEvent: {}
[155.745597] (-) TimerEvent: {}
[155.849014] (-) TimerEvent: {}
[155.952636] (-) TimerEvent: {}
[156.055560] (-) TimerEvent: {}
[156.168984] (-) TimerEvent: {}
[156.272033] (-) TimerEvent: {}
[156.374996] (-) TimerEvent: {}
[156.478979] (-) TimerEvent: {}
[156.581979] (-) TimerEvent: {}
[156.686001] (-) TimerEvent: {}
[156.788246] (-) TimerEvent: {}
[156.900245] (-) TimerEvent: {}
[157.014313] (-) TimerEvent: {}
[157.128500] (-) TimerEvent: {}
[157.242208] (-) TimerEvent: {}
[157.356511] (-) TimerEvent: {}
[157.400770] (bumperbot_cpp_examples) StdoutLine: {'line': b'[ 71%] \x1b[32m\x1b[1mLinking CXX executable simple_qos_subscriber\x1b[0m\n'}
[157.458984] (-) TimerEvent: {}
[157.561545] (-) TimerEvent: {}
[157.612975] (bumperbot_cpp_examples) StdoutLine: {'line': b'[ 71%] Built target simple_qos_subscriber\n'}
[157.633863] (bumperbot_cpp_examples) StdoutLine: {'line': b'[ 75%] \x1b[32mBuilding CXX object CMakeFiles/simple_action_server.dir/src/simple_action_server.cpp.o\x1b[0m\n'}
[157.664986] (-) TimerEvent: {}
[157.768420] (-) TimerEvent: {}
[157.882016] (-) TimerEvent: {}
[157.996179] (-) TimerEvent: {}
[158.108945] (-) TimerEvent: {}
[158.212038] (-) TimerEvent: {}
[158.325123] (-) TimerEvent: {}
[158.429029] (-) TimerEvent: {}
[158.533034] (-) TimerEvent: {}
[158.635214] (-) TimerEvent: {}
[158.750984] (-) TimerEvent: {}
[158.852437] (-) TimerEvent: {}
[158.966008] (-) TimerEvent: {}
[159.079977] (-) TimerEvent: {}
[159.182508] (-) TimerEvent: {}
[159.295996] (-) TimerEvent: {}
[159.400034] (-) TimerEvent: {}
[159.502169] (-) TimerEvent: {}
[159.606033] (-) TimerEvent: {}
[159.719452] (-) TimerEvent: {}
[159.823010] (-) TimerEvent: {}
[159.926083] (-) TimerEvent: {}
[160.029044] (-) TimerEvent: {}
[160.132435] (-) TimerEvent: {}
[160.235356] (-) TimerEvent: {}
[160.349247] (-) TimerEvent: {}
[160.452477] (-) TimerEvent: {}
[160.555987] (-) TimerEvent: {}
[160.659018] (-) TimerEvent: {}
[160.762421] (-) TimerEvent: {}
[160.865022] (-) TimerEvent: {}
[160.883474] (bumperbot_cpp_examples) StdoutLine: {'line': b'[ 78%] \x1b[32m\x1b[1mLinking CXX shared library libsimple_action_server.so\x1b[0m\n'}
[160.968988] (-) TimerEvent: {}
[161.028897] (bumperbot_cpp_examples) StdoutLine: {'line': b'[ 78%] Built target simple_action_server\n'}
[161.050634] (bumperbot_cpp_examples) StdoutLine: {'line': b'[ 82%] \x1b[32mBuilding CXX object CMakeFiles/simple_action_server_node.dir/rclcpp_components/node_main_simple_action_server_node.cpp.o\x1b[0m\n'}
[161.072028] (-) TimerEvent: {}
[161.174709] (-) TimerEvent: {}
[161.288967] (-) TimerEvent: {}
[161.392129] (-) TimerEvent: {}
[161.495019] (-) TimerEvent: {}
[161.598401] (-) TimerEvent: {}
[161.702134] (-) TimerEvent: {}
[161.805013] (-) TimerEvent: {}
[161.908009] (-) TimerEvent: {}
[162.011439] (-) TimerEvent: {}
[162.115020] (-) TimerEvent: {}
[162.218086] (-) TimerEvent: {}
[162.321200] (-) TimerEvent: {}
[162.424881] (-) TimerEvent: {}
[162.539229] (-) TimerEvent: {}
[162.642060] (-) TimerEvent: {}
[162.745497] (-) TimerEvent: {}
[162.847974] (-) TimerEvent: {}
[162.951152] (-) TimerEvent: {}
[163.065056] (-) TimerEvent: {}
[163.167979] (-) TimerEvent: {}
[163.271989] (-) TimerEvent: {}
[163.384608] (-) TimerEvent: {}
[163.498303] (-) TimerEvent: {}
[163.525027] (bumperbot_cpp_examples) StdoutLine: {'line': b'[ 85%] \x1b[32m\x1b[1mLinking CXX executable simple_action_server_node\x1b[0m\n'}
[163.601655] (-) TimerEvent: {}
[163.643437] (bumperbot_cpp_examples) StdoutLine: {'line': b'[ 85%] Built target simple_action_server_node\n'}
[163.665068] (bumperbot_cpp_examples) StdoutLine: {'line': b'[ 89%] \x1b[32mBuilding CXX object CMakeFiles/simple_action_client.dir/src/simple_action_client.cpp.o\x1b[0m\n'}
[163.705017] (-) TimerEvent: {}
[163.807992] (-) TimerEvent: {}
[163.910980] (-) TimerEvent: {}
[164.014299] (-) TimerEvent: {}
[164.119107] (-) TimerEvent: {}
[164.221569] (-) TimerEvent: {}
[164.325068] (-) TimerEvent: {}
[164.427448] (-) TimerEvent: {}
[164.541228] (-) TimerEvent: {}
[164.654999] (-) TimerEvent: {}
[164.768067] (-) TimerEvent: {}
[164.871319] (-) TimerEvent: {}
[164.974907] (-) TimerEvent: {}
[165.087980] (-) TimerEvent: {}
[165.191248] (-) TimerEvent: {}
[165.294659] (-) TimerEvent: {}
[165.408387] (-) TimerEvent: {}
[165.511975] (-) TimerEvent: {}
[165.615517] (-) TimerEvent: {}
[165.718112] (-) TimerEvent: {}
[165.821973] (-) TimerEvent: {}
[165.925009] (-) TimerEvent: {}
[166.027990] (-) TimerEvent: {}
[166.141682] (-) TimerEvent: {}
[166.255061] (-) TimerEvent: {}
[166.358998] (-) TimerEvent: {}
[166.462115] (-) TimerEvent: {}
[166.565233] (-) TimerEvent: {}
[166.678284] (-) TimerEvent: {}
[166.782010] (-) TimerEvent: {}
[166.885044] (-) TimerEvent: {}
[166.988273] (-) TimerEvent: {}
[167.091000] (-) TimerEvent: {}
[167.112051] (bumperbot_cpp_examples) StdoutLine: {'line': b'[ 92%] \x1b[32m\x1b[1mLinking CXX shared library libsimple_action_client.so\x1b[0m\n'}
[167.194988] (-) TimerEvent: {}
[167.246855] (bumperbot_cpp_examples) StdoutLine: {'line': b'[ 92%] Built target simple_action_client\n'}
[167.266335] (bumperbot_cpp_examples) StdoutLine: {'line': b'[ 96%] \x1b[32mBuilding CXX object CMakeFiles/simple_action_client_node.dir/rclcpp_components/node_main_simple_action_client_node.cpp.o\x1b[0m\n'}
[167.298046] (-) TimerEvent: {}
[167.401309] (-) TimerEvent: {}
[167.504653] (-) TimerEvent: {}
[167.607997] (-) TimerEvent: {}
[167.711105] (-) TimerEvent: {}
[167.814316] (-) TimerEvent: {}
[167.917569] (-) TimerEvent: {}
[168.031003] (-) TimerEvent: {}
[168.134549] (-) TimerEvent: {}
[168.247995] (-) TimerEvent: {}
[168.351209] (-) TimerEvent: {}
[168.454441] (-) TimerEvent: {}
[168.558018] (-) TimerEvent: {}
[168.661276] (-) TimerEvent: {}
[168.774973] (-) TimerEvent: {}
[168.877980] (-) TimerEvent: {}
[168.980481] (-) TimerEvent: {}
[169.083921] (-) TimerEvent: {}
[169.198169] (-) TimerEvent: {}
[169.300799] (-) TimerEvent: {}
[169.404131] (-) TimerEvent: {}
[169.507083] (-) TimerEvent: {}
[169.620967] (-) TimerEvent: {}
[169.723700] (-) TimerEvent: {}
[169.751866] (bumperbot_cpp_examples) StdoutLine: {'line': b'[100%] \x1b[32m\x1b[1mLinking CXX executable simple_action_client_node\x1b[0m\n'}
[169.828050] (-) TimerEvent: {}
[169.849494] (bumperbot_cpp_examples) StdoutLine: {'line': b'[100%] Built target simple_action_client_node\n'}
[169.859706] (bumperbot_cpp_examples) CommandEnded: {'returncode': 0}
[169.860157] (bumperbot_cpp_examples) JobProgress: {'identifier': 'bumperbot_cpp_examples', 'progress': 'install'}
[169.860288] (bumperbot_cpp_examples) Command: {'cmd': ['/usr/bin/cmake', '--install', '/home/vboxuser/bumperbot_ws/build/bumperbot_cpp_examples'], 'cwd': '/home/vboxuser/bumperbot_ws/build/bumperbot_cpp_examples', 'env': OrderedDict({'GJS_DEBUG_TOPICS': 'JS ERROR;JS LOG', 'XDG_ACTIVATION_TOKEN': 'gnome-shell/Terminator/2065-1-Robotproj_TIME198317', 'LESSOPEN': '| /usr/bin/lesspipe %s', 'USER': 'vboxuser', 'GZ_CONFIG_PATH': '/opt/ros/jazzy/opt/gz_sim_vendor/share/gz:/opt/ros/jazzy/opt/sdformat_vendor/share/gz:/opt/ros/jazzy/opt/gz_gui_vendor/share/gz:/opt/ros/jazzy/opt/gz_transport_vendor/share/gz:/opt/ros/jazzy/opt/gz_rendering_vendor/share/gz:/opt/ros/jazzy/opt/gz_plugin_vendor/share/gz:/opt/ros/jazzy/opt/gz_fuel_tools_vendor/share/gz:/opt/ros/jazzy/opt/gz_msgs_vendor/share/gz:/opt/ros/jazzy/opt/gz_common_vendor/share/gz', 'XDG_SESSION_TYPE': 'wayland', 'CLUTTER_DISABLE_MIPMAPPED_TEXT': '1', 'SHLVL': '1', 'LD_LIBRARY_PATH': '/home/vboxuser/bumperbot_ws/install/bumperbot_msgs/lib:/opt/ros/jazzy/opt/gz_sim_vendor/lib:/opt/ros/jazzy/opt/gz_sensors_vendor/lib:/opt/ros/jazzy/opt/gz_physics_vendor/lib:/opt/ros/jazzy/opt/sdformat_vendor/lib:/opt/ros/jazzy/opt/rviz_ogre_vendor/lib:/opt/ros/jazzy/lib/x86_64-linux-gnu:/opt/ros/jazzy/opt/gz_gui_vendor/lib:/opt/ros/jazzy/opt/gz_transport_vendor/lib:/opt/ros/jazzy/opt/gz_rendering_vendor/lib:/opt/ros/jazzy/opt/gz_plugin_vendor/lib:/opt/ros/jazzy/opt/gz_fuel_tools_vendor/lib:/opt/ros/jazzy/opt/gz_msgs_vendor/lib:/opt/ros/jazzy/opt/gz_common_vendor/lib:/opt/ros/jazzy/opt/gz_math_vendor/lib:/opt/ros/jazzy/opt/gz_utils_vendor/lib:/opt/ros/jazzy/opt/gz_tools_vendor/lib:/opt/ros/jazzy/opt/gz_ogre_next_vendor/lib:/opt/ros/jazzy/opt/gz_dartsim_vendor/lib:/opt/ros/jazzy/opt/gz_cmake_vendor/lib:/opt/ros/jazzy/lib', 'HOME': '/home/vboxuser', 'OLDPWD': '/home/vboxuser', 'DESKTOP_SESSION': 'ubuntu', 'GIO_LAUNCHED_DESKTOP_FILE': '/usr/share/applications/terminator.desktop', 'ROS_PYTHON_VERSION': '3', 'GNOME_SHELL_SESSION_MODE': 'ubuntu', 'GTK_MODULES': 'gail:atk-bridge', 'MANAGERPID': '1821', 'SYSTEMD_EXEC_PID': '2065', 'GSM_SKIP_SSH_AGENT_WORKAROUND': 'true', 'DBUS_SESSION_BUS_ADDRESS': 'unix:path=/run/user/1000/bus', 'COLORTERM': 'truecolor', 'TERMINATOR_DBUS_NAME': 'net.tenshu.Terminator25ef4b219e3b005583550f2b0f9f990c3', 'GIO_LAUNCHED_DESKTOP_FILE_PID': '2992', 'DEBUGINFOD_URLS': 'https://debuginfod.ubuntu.com', 'IM_CONFIG_PHASE': '1', 'WAYLAND_DISPLAY': 'wayland-0', 'ROS_DISTRO': 'jazzy', 'LOGNAME': 'vboxuser', 'JOURNAL_STREAM': '9:15131', '_': '/usr/bin/colcon', 'ROS_VERSION': '2', 'MEMORY_PRESSURE_WATCH': '/sys/fs/cgroup/user.slice/user-1000.slice/user@1000.service/session.slice/org.gnome.Shell@wayland.service/memory.pressure', 'XDG_SESSION_CLASS': 'user', 'USERNAME': 'vboxuser', 'TERM': 'xterm-256color', 'GNOME_DESKTOP_SESSION_ID': 'this-is-deprecated', 'PATH': '/opt/ros/jazzy/opt/gz_msgs_vendor/bin:/opt/ros/jazzy/opt/gz_tools_vendor/bin:/opt/ros/jazzy/opt/gz_ogre_next_vendor/bin:/opt/ros/jazzy/bin:/home/vboxuser/.local/bin:/usr/local/sbin:/usr/local/bin:/usr/sbin:/usr/bin:/sbin:/bin:/usr/games:/usr/local/games:/snap/bin:/snap/bin', 'SESSION_MANAGER': 'local/Robotproj:@/tmp/.ICE-unix/2021,unix/Robotproj:/tmp/.ICE-unix/2021', 'INVOCATION_ID': '0a4448d9e3fa415eb657cec0bbe459f4', 'XDG_MENU_PREFIX': 'gnome-', 'GNOME_SETUP_DISPLAY': ':1', 'XDG_RUNTIME_DIR': '/run/user/1000', 'DISPLAY': ':0', 'TERMINATOR_DBUS_PATH': '/net/tenshu/Terminator2', 'LANG': 'en_US.UTF-8', 'XDG_CURRENT_DESKTOP': 'ubuntu:GNOME', 'XMODIFIERS': '@im=ibus', 'XDG_SESSION_DESKTOP': 'ubuntu', 'XAUTHORITY': '/run/user/1000/.mutter-Xwaylandauth.N2SBM3', 'LS_COLORS': 'rs=0:di=01;34:ln=01;36:mh=00:pi=40;33:so=01;35:do=01;35:bd=40;33;01:cd=40;33;01:or=40;31;01:mi=00:su=37;41:sg=30;43:ca=00:tw=30;42:ow=34;42:st=37;44:ex=01;32:*.tar=01;31:*.tgz=01;31:*.arc=01;31:*.arj=01;31:*.taz=01;31:*.lha=01;31:*.lz4=01;31:*.lzh=01;31:*.lzma=01;31:*.tlz=01;31:*.txz=01;31:*.tzo=01;31:*.t7z=01;31:*.zip=01;31:*.z=01;31:*.dz=01;31:*.gz=01;31:*.lrz=01;31:*.lz=01;31:*.lzo=01;31:*.xz=01;31:*.zst=01;31:*.tzst=01;31:*.bz2=01;31:*.bz=01;31:*.tbz=01;31:*.tbz2=01;31:*.tz=01;31:*.deb=01;31:*.rpm=01;31:*.jar=01;31:*.war=01;31:*.ear=01;31:*.sar=01;31:*.rar=01;31:*.alz=01;31:*.ace=01;31:*.zoo=01;31:*.cpio=01;31:*.7z=01;31:*.rz=01;31:*.cab=01;31:*.wim=01;31:*.swm=01;31:*.dwm=01;31:*.esd=01;31:*.avif=01;35:*.jpg=01;35:*.jpeg=01;35:*.mjpg=01;35:*.mjpeg=01;35:*.gif=01;35:*.bmp=01;35:*.pbm=01;35:*.pgm=01;35:*.ppm=01;35:*.tga=01;35:*.xbm=01;35:*.xpm=01;35:*.tif=01;35:*.tiff=01;35:*.png=01;35:*.svg=01;35:*.svgz=01;35:*.mng=01;35:*.pcx=01;35:*.mov=01;35:*.mpg=01;35:*.mpeg=01;35:*.m2v=01;35:*.mkv=01;35:*.webm=01;35:*.webp=01;35:*.ogm=01;35:*.mp4=01;35:*.m4v=01;35:*.mp4v=01;35:*.vob=01;35:*.qt=01;35:*.nuv=01;35:*.wmv=01;35:*.asf=01;35:*.rm=01;35:*.rmvb=01;35:*.flc=01;35:*.avi=01;35:*.fli=01;35:*.flv=01;35:*.gl=01;35:*.dl=01;35:*.xcf=01;35:*.xwd=01;35:*.yuv=01;35:*.cgm=01;35:*.emf=01;35:*.ogv=01;35:*.ogx=01;35:*.aac=00;36:*.au=00;36:*.flac=00;36:*.m4a=00;36:*.mid=00;36:*.midi=00;36:*.mka=00;36:*.mp3=00;36:*.mpc=00;36:*.ogg=00;36:*.ra=00;36:*.wav=00;36:*.oga=00;36:*.opus=00;36:*.spx=00;36:*.xspf=00;36:*~=00;90:*#=00;90:*.bak=00;90:*.crdownload=00;90:*.dpkg-dist=00;90:*.dpkg-new=00;90:*.dpkg-old=00;90:*.dpkg-tmp=00;90:*.old=00;90:*.orig=00;90:*.part=00;90:*.rej=00;90:*.rpmnew=00;90:*.rpmorig=00;90:*.rpmsave=00;90:*.swp=00;90:*.tmp=00;90:*.ucf-dist=00;90:*.ucf-new=00;90:*.ucf-old=00;90:', 'SSH_AUTH_SOCK': '/run/user/1000/keyring/ssh', 'AMENT_PREFIX_PATH': '/home/vboxuser/bumperbot_ws/install/bumperbot_msgs:/opt/ros/jazzy', 'SHELL': '/bin/bash', 'TERMINATOR_UUID': 'urn:uuid:d9c01e1d-4148-4ee8-8389-ff1a6dc9a537', 'QT_ACCESSIBILITY': '1', 'GDMSESSION': 'ubuntu', 'LESSCLOSE': '/usr/bin/lesspipe %s %s', 'GJS_DEBUG_OUTPUT': 'stderr', 'ROS_AUTOMATIC_DISCOVERY_RANGE': 'SUBNET', 'QT_IM_MODULE': 'ibus', 'PWD': '/home/vboxuser/bumperbot_ws/build/bumperbot_cpp_examples', 'LC_ALL': 'en_US.UTF-8', 'XDG_CONFIG_DIRS': '/etc/xdg/xdg-ubuntu:/etc/xdg', 'XDG_DATA_DIRS': '/usr/share/ubuntu:/usr/share/gnome:/usr/local/share/:/usr/share/:/var/lib/snapd/desktop', 'PYTHONPATH': '/home/vboxuser/bumperbot_ws/install/bumperbot_msgs/lib/python3.12/site-packages:/opt/ros/jazzy/lib/python3.12/site-packages', 'COLCON': '1', 'MEMORY_PRESSURE_WRITE': 'c29tZSAyMDAwMDAgMjAwMDAwMAA=', 'VTE_VERSION': '7600', 'CMAKE_PREFIX_PATH': '/home/vboxuser/bumperbot_ws/install/bumperbot_msgs:/opt/ros/jazzy/opt/gz_sim_vendor:/opt/ros/jazzy/opt/gz_sensors_vendor:/opt/ros/jazzy/opt/gz_physics_vendor:/opt/ros/jazzy/opt/sdformat_vendor:/opt/ros/jazzy/opt/gz_gui_vendor:/opt/ros/jazzy/opt/gz_transport_vendor:/opt/ros/jazzy/opt/gz_rendering_vendor:/opt/ros/jazzy/opt/gz_plugin_vendor:/opt/ros/jazzy/opt/gz_fuel_tools_vendor:/opt/ros/jazzy/opt/gz_msgs_vendor:/opt/ros/jazzy/opt/gz_common_vendor:/opt/ros/jazzy/opt/gz_math_vendor:/opt/ros/jazzy/opt/gz_utils_vendor:/opt/ros/jazzy/opt/gz_tools_vendor:/opt/ros/jazzy/opt/gz_ogre_next_vendor:/opt/ros/jazzy/opt/gz_dartsim_vendor:/opt/ros/jazzy/opt/gz_cmake_vendor:/opt/ros/jazzy'}), 'shell': False}
[169.868540] (bumperbot_cpp_examples) StdoutLine: {'line': b'-- Install configuration: ""\n'}
[169.868802] (bumperbot_cpp_examples) StdoutLine: {'line': b'-- Installing: /home/vboxuser/bumperbot_ws/install/bumperbot_cpp_examples/lib/bumperbot_cpp_examples/simple_action_server_node\n'}
[169.869225] (bumperbot_cpp_examples) StdoutLine: {'line': b'-- Set non-toolchain portion of runtime path of "/home/vboxuser/bumperbot_ws/install/bumperbot_cpp_examples/lib/bumperbot_cpp_examples/simple_action_server_node" to ""\n'}
[169.869369] (bumperbot_cpp_examples) StdoutLine: {'line': b'-- Installing: /home/vboxuser/bumperbot_ws/install/bumperbot_cpp_examples/lib/bumperbot_cpp_examples/simple_action_client_node\n'}
[169.869698] (bumperbot_cpp_examples) StdoutLine: {'line': b'-- Set non-toolchain portion of runtime path of "/home/vboxuser/bumperbot_ws/install/bumperbot_cpp_examples/lib/bumperbot_cpp_examples/simple_action_client_node" to ""\n'}
[169.869814] (bumperbot_cpp_examples) StdoutLine: {'line': b'-- Installing: /home/vboxuser/bumperbot_ws/install/bumperbot_cpp_examples/include/include\n'}
[169.869989] (bumperbot_cpp_examples) StdoutLine: {'line': b'-- Installing: /home/vboxuser/bumperbot_ws/install/bumperbot_cpp_examples/include/include/bumperbot_cpp_examples\n'}
[169.870105] (bumperbot_cpp_examples) StdoutLine: {'line': b'-- Installing: /home/vboxuser/bumperbot_ws/install/bumperbot_cpp_examples/include/include/bumperbot_cpp_examples/simple_turtlesim_kinematics.hpp\n'}
[169.870223] (bumperbot_cpp_examples) StdoutLine: {'line': b'-- Installing: /home/vboxuser/bumperbot_ws/install/bumperbot_cpp_examples/include/include/bumperbot_cpp_examples/simple_tf_kinematics.hpp\n'}
[169.871013] (bumperbot_cpp_examples) StdoutLine: {'line': b'-- Installing: /home/vboxuser/bumperbot_ws/install/bumperbot_cpp_examples/lib/bumperbot_cpp_examples/simple_publisher\n'}
[169.871084] (bumperbot_cpp_examples) StdoutLine: {'line': b'-- Set non-toolchain portion of runtime path of "/home/vboxuser/bumperbot_ws/install/bumperbot_cpp_examples/lib/bumperbot_cpp_examples/simple_publisher" to ""\n'}
[169.871190] (bumperbot_cpp_examples) StdoutLine: {'line': b'-- Installing: /home/vboxuser/bumperbot_ws/install/bumperbot_cpp_examples/lib/bumperbot_cpp_examples/simple_subscriber\n'}
[169.873158] (bumperbot_cpp_examples) StdoutLine: {'line': b'-- Set non-toolchain portion of runtime path of "/home/vboxuser/bumperbot_ws/install/bumperbot_cpp_examples/lib/bumperbot_cpp_examples/simple_subscriber" to ""\n'}
[169.873288] (bumperbot_cpp_examples) StdoutLine: {'line': b'-- Installing: /home/vboxuser/bumperbot_ws/install/bumperbot_cpp_examples/lib/bumperbot_cpp_examples/simple_parameter\n'}
[169.873583] (bumperbot_cpp_examples) StdoutLine: {'line': b'-- Set non-toolchain portion of runtime path of "/home/vboxuser/bumperbot_ws/install/bumperbot_cpp_examples/lib/bumperbot_cpp_examples/simple_parameter" to ""\n'}
[169.873704] (bumperbot_cpp_examples) StdoutLine: {'line': b'-- Installing: /home/vboxuser/bumperbot_ws/install/bumperbot_cpp_examples/lib/bumperbot_cpp_examples/simple_turtlesim_kinematics\n'}
[169.875687] (bumperbot_cpp_examples) StdoutLine: {'line': b'-- Set non-toolchain portion of runtime path of "/home/vboxuser/bumperbot_ws/install/bumperbot_cpp_examples/lib/bumperbot_cpp_examples/simple_turtlesim_kinematics" to ""\n'}
[169.876295] (bumperbot_cpp_examples) StdoutLine: {'line': b'-- Installing: /home/vboxuser/bumperbot_ws/install/bumperbot_cpp_examples/lib/bumperbot_cpp_examples/simple_service_server\n'}
[169.876370] (bumperbot_cpp_examples) StdoutLine: {'line': b'-- Set non-toolchain portion of runtime path of "/home/vboxuser/bumperbot_ws/install/bumperbot_cpp_examples/lib/bumperbot_cpp_examples/simple_service_server" to ""\n'}
[169.876474] (bumperbot_cpp_examples) StdoutLine: {'line': b'-- Installing: /home/vboxuser/bumperbot_ws/install/bumperbot_cpp_examples/lib/bumperbot_cpp_examples/simple_service_client\n'}
[169.877077] (bumperbot_cpp_examples) StdoutLine: {'line': b'-- Set non-toolchain portion of runtime path of "/home/vboxuser/bumperbot_ws/install/bumperbot_cpp_examples/lib/bumperbot_cpp_examples/simple_service_client" to ""\n'}
[169.877199] (bumperbot_cpp_examples) StdoutLine: {'line': b'-- Installing: /home/vboxuser/bumperbot_ws/install/bumperbot_cpp_examples/lib/bumperbot_cpp_examples/simple_tf_kinematics\n'}
[169.880279] (bumperbot_cpp_examples) StdoutLine: {'line': b'-- Set non-toolchain portion of runtime path of "/home/vboxuser/bumperbot_ws/install/bumperbot_cpp_examples/lib/bumperbot_cpp_examples/simple_tf_kinematics" to ""\n'}
[169.882381] (bumperbot_cpp_examples) StdoutLine: {'line': b'-- Installing: /home/vboxuser/bumperbot_ws/install/bumperbot_cpp_examples/lib/bumperbot_cpp_examples/simple_lifecycle_node\n'}
[169.882462] (bumperbot_cpp_examples) StdoutLine: {'line': b'-- Set non-toolchain portion of runtime path of "/home/vboxuser/bumperbot_ws/install/bumperbot_cpp_examples/lib/bumperbot_cpp_examples/simple_lifecycle_node" to ""\n'}
[169.882574] (bumperbot_cpp_examples) StdoutLine: {'line': b'-- Installing: /home/vboxuser/bumperbot_ws/install/bumperbot_cpp_examples/lib/bumperbot_cpp_examples/simple_qos_publisher\n'}
[169.883316] (bumperbot_cpp_examples) StdoutLine: {'line': b'-- Set non-toolchain portion of runtime path of "/home/vboxuser/bumperbot_ws/install/bumperbot_cpp_examples/lib/bumperbot_cpp_examples/simple_qos_publisher" to ""\n'}
[169.883440] (bumperbot_cpp_examples) StdoutLine: {'line': b'-- Installing: /home/vboxuser/bumperbot_ws/install/bumperbot_cpp_examples/lib/bumperbot_cpp_examples/simple_qos_subscriber\n'}
[169.885429] (bumperbot_cpp_examples) StdoutLine: {'line': b'-- Set non-toolchain portion of runtime path of "/home/vboxuser/bumperbot_ws/install/bumperbot_cpp_examples/lib/bumperbot_cpp_examples/simple_qos_subscriber" to ""\n'}
[169.885571] (bumperbot_cpp_examples) StdoutLine: {'line': b'-- Installing: /home/vboxuser/bumperbot_ws/install/bumperbot_cpp_examples/lib/libsimple_action_server.so\n'}
[169.886294] (bumperbot_cpp_examples) StdoutLine: {'line': b'-- Set non-toolchain portion of runtime path of "/home/vboxuser/bumperbot_ws/install/bumperbot_cpp_examples/lib/libsimple_action_server.so" to ""\n'}
[169.886417] (bumperbot_cpp_examples) StdoutLine: {'line': b'-- Installing: /home/vboxuser/bumperbot_ws/install/bumperbot_cpp_examples/lib/libsimple_action_client.so\n'}
[169.887168] (bumperbot_cpp_examples) StdoutLine: {'line': b'-- Set non-toolchain portion of runtime path of "/home/vboxuser/bumperbot_ws/install/bumperbot_cpp_examples/lib/libsimple_action_client.so" to ""\n'}
[169.887328] (bumperbot_cpp_examples) StdoutLine: {'line': b'-- Installing: /home/vboxuser/bumperbot_ws/install/bumperbot_cpp_examples/share/ament_index/resource_index/package_run_dependencies/bumperbot_cpp_examples\n'}
[169.887491] (bumperbot_cpp_examples) StdoutLine: {'line': b'-- Installing: /home/vboxuser/bumperbot_ws/install/bumperbot_cpp_examples/share/ament_index/resource_index/parent_prefix_path/bumperbot_cpp_examples\n'}
[169.887657] (bumperbot_cpp_examples) StdoutLine: {'line': b'-- Installing: /home/vboxuser/bumperbot_ws/install/bumperbot_cpp_examples/share/bumperbot_cpp_examples/environment/ament_prefix_path.sh\n'}
[169.887787] (bumperbot_cpp_examples) StdoutLine: {'line': b'-- Installing: /home/vboxuser/bumperbot_ws/install/bumperbot_cpp_examples/share/bumperbot_cpp_examples/environment/ament_prefix_path.dsv\n'}
[169.887911] (bumperbot_cpp_examples) StdoutLine: {'line': b'-- Installing: /home/vboxuser/bumperbot_ws/install/bumperbot_cpp_examples/share/bumperbot_cpp_examples/environment/path.sh\n'}
[169.888126] (bumperbot_cpp_examples) StdoutLine: {'line': b'-- Installing: /home/vboxuser/bumperbot_ws/install/bumperbot_cpp_examples/share/bumperbot_cpp_examples/environment/path.dsv\n'}
[169.888265] (bumperbot_cpp_examples) StdoutLine: {'line': b'-- Installing: /home/vboxuser/bumperbot_ws/install/bumperbot_cpp_examples/share/bumperbot_cpp_examples/local_setup.bash\n'}
[169.888388] (bumperbot_cpp_examples) StdoutLine: {'line': b'-- Installing: /home/vboxuser/bumperbot_ws/install/bumperbot_cpp_examples/share/bumperbot_cpp_examples/local_setup.sh\n'}
[169.890154] (bumperbot_cpp_examples) StdoutLine: {'line': b'-- Installing: /home/vboxuser/bumperbot_ws/install/bumperbot_cpp_examples/share/bumperbot_cpp_examples/local_setup.zsh\n'}
[169.890296] (bumperbot_cpp_examples) StdoutLine: {'line': b'-- Installing: /home/vboxuser/bumperbot_ws/install/bumperbot_cpp_examples/share/bumperbot_cpp_examples/local_setup.dsv\n'}
[169.890453] (bumperbot_cpp_examples) StdoutLine: {'line': b'-- Installing: /home/vboxuser/bumperbot_ws/install/bumperbot_cpp_examples/share/bumperbot_cpp_examples/package.dsv\n'}
[169.890641] (bumperbot_cpp_examples) StdoutLine: {'line': b'-- Installing: /home/vboxuser/bumperbot_ws/install/bumperbot_cpp_examples/share/ament_index/resource_index/packages/bumperbot_cpp_examples\n'}
[169.890810] (bumperbot_cpp_examples) StdoutLine: {'line': b'-- Installing: /home/vboxuser/bumperbot_ws/install/bumperbot_cpp_examples/share/ament_index/resource_index/rclcpp_components/bumperbot_cpp_examples\n'}
[169.890974] (bumperbot_cpp_examples) StdoutLine: {'line': b'-- Installing: /home/vboxuser/bumperbot_ws/install/bumperbot_cpp_examples/share/bumperbot_cpp_examples/cmake/bumperbot_cpp_examplesConfig.cmake\n'}
[169.891107] (bumperbot_cpp_examples) StdoutLine: {'line': b'-- Installing: /home/vboxuser/bumperbot_ws/install/bumperbot_cpp_examples/share/bumperbot_cpp_examples/cmake/bumperbot_cpp_examplesConfig-version.cmake\n'}
[169.891241] (bumperbot_cpp_examples) StdoutLine: {'line': b'-- Installing: /home/vboxuser/bumperbot_ws/install/bumperbot_cpp_examples/share/bumperbot_cpp_examples/package.xml\n'}
[169.892301] (bumperbot_cpp_examples) CommandEnded: {'returncode': 0}
[169.908658] (bumperbot_cpp_examples) JobEnded: {'identifier': 'bumperbot_cpp_examples', 'rc': 0}
[169.918508] (bumperbot_py_examples) JobStarted: {'identifier': 'bumperbot_py_examples'}
[169.930980] (-) TimerEvent: {}
[170.031344] (-) TimerEvent: {}
[170.148015] (-) TimerEvent: {}
[170.250963] (-) TimerEvent: {}
[170.351386] (-) TimerEvent: {}
[170.452168] (-) TimerEvent: {}
[170.552359] (-) TimerEvent: {}
[170.660761] (-) TimerEvent: {}
[170.761278] (-) TimerEvent: {}
[170.868182] (-) TimerEvent: {}
[170.968450] (-) TimerEvent: {}
[171.051408] (bumperbot_py_examples) Command: {'cmd': ['/usr/bin/python3', '-W', 'ignore:setup.py install is deprecated', '-W', 'ignore:easy_install command is deprecated', 'setup.py', 'egg_info', '--egg-base', '../../build/bumperbot_py_examples', 'build', '--build-base', '/home/vboxuser/bumperbot_ws/build/bumperbot_py_examples/build', 'install', '--record', '/home/vboxuser/bumperbot_ws/build/bumperbot_py_examples/install.log', '--single-version-externally-managed', 'install_data'], 'cwd': '/home/vboxuser/bumperbot_ws/src/bumperbot_py_examples', 'env': {'GJS_DEBUG_TOPICS': 'JS ERROR;JS LOG', 'XDG_ACTIVATION_TOKEN': 'gnome-shell/Terminator/2065-1-Robotproj_TIME198317', 'LESSOPEN': '| /usr/bin/lesspipe %s', 'USER': 'vboxuser', 'GZ_CONFIG_PATH': '/opt/ros/jazzy/opt/gz_sim_vendor/share/gz:/opt/ros/jazzy/opt/sdformat_vendor/share/gz:/opt/ros/jazzy/opt/gz_gui_vendor/share/gz:/opt/ros/jazzy/opt/gz_transport_vendor/share/gz:/opt/ros/jazzy/opt/gz_rendering_vendor/share/gz:/opt/ros/jazzy/opt/gz_plugin_vendor/share/gz:/opt/ros/jazzy/opt/gz_fuel_tools_vendor/share/gz:/opt/ros/jazzy/opt/gz_msgs_vendor/share/gz:/opt/ros/jazzy/opt/gz_common_vendor/share/gz', 'XDG_SESSION_TYPE': 'wayland', 'CLUTTER_DISABLE_MIPMAPPED_TEXT': '1', 'SHLVL': '1', 'LD_LIBRARY_PATH': '/home/vboxuser/bumperbot_ws/install/bumperbot_msgs/lib:/opt/ros/jazzy/opt/gz_sim_vendor/lib:/opt/ros/jazzy/opt/gz_sensors_vendor/lib:/opt/ros/jazzy/opt/gz_physics_vendor/lib:/opt/ros/jazzy/opt/sdformat_vendor/lib:/opt/ros/jazzy/opt/rviz_ogre_vendor/lib:/opt/ros/jazzy/lib/x86_64-linux-gnu:/opt/ros/jazzy/opt/gz_gui_vendor/lib:/opt/ros/jazzy/opt/gz_transport_vendor/lib:/opt/ros/jazzy/opt/gz_rendering_vendor/lib:/opt/ros/jazzy/opt/gz_plugin_vendor/lib:/opt/ros/jazzy/opt/gz_fuel_tools_vendor/lib:/opt/ros/jazzy/opt/gz_msgs_vendor/lib:/opt/ros/jazzy/opt/gz_common_vendor/lib:/opt/ros/jazzy/opt/gz_math_vendor/lib:/opt/ros/jazzy/opt/gz_utils_vendor/lib:/opt/ros/jazzy/opt/gz_tools_vendor/lib:/opt/ros/jazzy/opt/gz_ogre_next_vendor/lib:/opt/ros/jazzy/opt/gz_dartsim_vendor/lib:/opt/ros/jazzy/opt/gz_cmake_vendor/lib:/opt/ros/jazzy/lib', 'HOME': '/home/vboxuser', 'OLDPWD': '/home/vboxuser', 'DESKTOP_SESSION': 'ubuntu', 'GIO_LAUNCHED_DESKTOP_FILE': '/usr/share/applications/terminator.desktop', 'ROS_PYTHON_VERSION': '3', 'GNOME_SHELL_SESSION_MODE': 'ubuntu', 'GTK_MODULES': 'gail:atk-bridge', 'MANAGERPID': '1821', 'SYSTEMD_EXEC_PID': '2065', 'GSM_SKIP_SSH_AGENT_WORKAROUND': 'true', 'DBUS_SESSION_BUS_ADDRESS': 'unix:path=/run/user/1000/bus', 'COLORTERM': 'truecolor', 'TERMINATOR_DBUS_NAME': 'net.tenshu.Terminator25ef4b219e3b005583550f2b0f9f990c3', 'GIO_LAUNCHED_DESKTOP_FILE_PID': '2992', 'DEBUGINFOD_URLS': 'https://debuginfod.ubuntu.com', 'IM_CONFIG_PHASE': '1', 'WAYLAND_DISPLAY': 'wayland-0', 'ROS_DISTRO': 'jazzy', 'LOGNAME': 'vboxuser', 'JOURNAL_STREAM': '9:15131', '_': '/usr/bin/colcon', 'ROS_VERSION': '2', 'MEMORY_PRESSURE_WATCH': '/sys/fs/cgroup/user.slice/user-1000.slice/user@1000.service/session.slice/org.gnome.Shell@wayland.service/memory.pressure', 'XDG_SESSION_CLASS': 'user', 'USERNAME': 'vboxuser', 'TERM': 'xterm-256color', 'GNOME_DESKTOP_SESSION_ID': 'this-is-deprecated', 'PATH': '/opt/ros/jazzy/opt/gz_msgs_vendor/bin:/opt/ros/jazzy/opt/gz_tools_vendor/bin:/opt/ros/jazzy/opt/gz_ogre_next_vendor/bin:/opt/ros/jazzy/bin:/home/vboxuser/.local/bin:/usr/local/sbin:/usr/local/bin:/usr/sbin:/usr/bin:/sbin:/bin:/usr/games:/usr/local/games:/snap/bin:/snap/bin', 'SESSION_MANAGER': 'local/Robotproj:@/tmp/.ICE-unix/2021,unix/Robotproj:/tmp/.ICE-unix/2021', 'INVOCATION_ID': '0a4448d9e3fa415eb657cec0bbe459f4', 'XDG_MENU_PREFIX': 'gnome-', 'GNOME_SETUP_DISPLAY': ':1', 'XDG_RUNTIME_DIR': '/run/user/1000', 'DISPLAY': ':0', 'TERMINATOR_DBUS_PATH': '/net/tenshu/Terminator2', 'LANG': 'en_US.UTF-8', 'XDG_CURRENT_DESKTOP': 'ubuntu:GNOME', 'XMODIFIERS': '@im=ibus', 'XDG_SESSION_DESKTOP': 'ubuntu', 'XAUTHORITY': '/run/user/1000/.mutter-Xwaylandauth.N2SBM3', 'LS_COLORS': 'rs=0:di=01;34:ln=01;36:mh=00:pi=40;33:so=01;35:do=01;35:bd=40;33;01:cd=40;33;01:or=40;31;01:mi=00:su=37;41:sg=30;43:ca=00:tw=30;42:ow=34;42:st=37;44:ex=01;32:*.tar=01;31:*.tgz=01;31:*.arc=01;31:*.arj=01;31:*.taz=01;31:*.lha=01;31:*.lz4=01;31:*.lzh=01;31:*.lzma=01;31:*.tlz=01;31:*.txz=01;31:*.tzo=01;31:*.t7z=01;31:*.zip=01;31:*.z=01;31:*.dz=01;31:*.gz=01;31:*.lrz=01;31:*.lz=01;31:*.lzo=01;31:*.xz=01;31:*.zst=01;31:*.tzst=01;31:*.bz2=01;31:*.bz=01;31:*.tbz=01;31:*.tbz2=01;31:*.tz=01;31:*.deb=01;31:*.rpm=01;31:*.jar=01;31:*.war=01;31:*.ear=01;31:*.sar=01;31:*.rar=01;31:*.alz=01;31:*.ace=01;31:*.zoo=01;31:*.cpio=01;31:*.7z=01;31:*.rz=01;31:*.cab=01;31:*.wim=01;31:*.swm=01;31:*.dwm=01;31:*.esd=01;31:*.avif=01;35:*.jpg=01;35:*.jpeg=01;35:*.mjpg=01;35:*.mjpeg=01;35:*.gif=01;35:*.bmp=01;35:*.pbm=01;35:*.pgm=01;35:*.ppm=01;35:*.tga=01;35:*.xbm=01;35:*.xpm=01;35:*.tif=01;35:*.tiff=01;35:*.png=01;35:*.svg=01;35:*.svgz=01;35:*.mng=01;35:*.pcx=01;35:*.mov=01;35:*.mpg=01;35:*.mpeg=01;35:*.m2v=01;35:*.mkv=01;35:*.webm=01;35:*.webp=01;35:*.ogm=01;35:*.mp4=01;35:*.m4v=01;35:*.mp4v=01;35:*.vob=01;35:*.qt=01;35:*.nuv=01;35:*.wmv=01;35:*.asf=01;35:*.rm=01;35:*.rmvb=01;35:*.flc=01;35:*.avi=01;35:*.fli=01;35:*.flv=01;35:*.gl=01;35:*.dl=01;35:*.xcf=01;35:*.xwd=01;35:*.yuv=01;35:*.cgm=01;35:*.emf=01;35:*.ogv=01;35:*.ogx=01;35:*.aac=00;36:*.au=00;36:*.flac=00;36:*.m4a=00;36:*.mid=00;36:*.midi=00;36:*.mka=00;36:*.mp3=00;36:*.mpc=00;36:*.ogg=00;36:*.ra=00;36:*.wav=00;36:*.oga=00;36:*.opus=00;36:*.spx=00;36:*.xspf=00;36:*~=00;90:*#=00;90:*.bak=00;90:*.crdownload=00;90:*.dpkg-dist=00;90:*.dpkg-new=00;90:*.dpkg-old=00;90:*.dpkg-tmp=00;90:*.old=00;90:*.orig=00;90:*.part=00;90:*.rej=00;90:*.rpmnew=00;90:*.rpmorig=00;90:*.rpmsave=00;90:*.swp=00;90:*.tmp=00;90:*.ucf-dist=00;90:*.ucf-new=00;90:*.ucf-old=00;90:', 'SSH_AUTH_SOCK': '/run/user/1000/keyring/ssh', 'AMENT_PREFIX_PATH': '/home/vboxuser/bumperbot_ws/install/bumperbot_msgs:/opt/ros/jazzy', 'SHELL': '/bin/bash', 'TERMINATOR_UUID': 'urn:uuid:d9c01e1d-4148-4ee8-8389-ff1a6dc9a537', 'QT_ACCESSIBILITY': '1', 'GDMSESSION': 'ubuntu', 'LESSCLOSE': '/usr/bin/lesspipe %s %s', 'GJS_DEBUG_OUTPUT': 'stderr', 'ROS_AUTOMATIC_DISCOVERY_RANGE': 'SUBNET', 'QT_IM_MODULE': 'ibus', 'PWD': '/home/vboxuser/bumperbot_ws/build/bumperbot_py_examples', 'LC_ALL': 'en_US.UTF-8', 'XDG_CONFIG_DIRS': '/etc/xdg/xdg-ubuntu:/etc/xdg', 'XDG_DATA_DIRS': '/usr/share/ubuntu:/usr/share/gnome:/usr/local/share/:/usr/share/:/var/lib/snapd/desktop', 'PYTHONPATH': '/home/vboxuser/bumperbot_ws/build/bumperbot_py_examples/prefix_override:/usr/lib/python3/dist-packages/colcon_core/task/python/colcon_distutils_commands:/home/vboxuser/bumperbot_ws/install/bumperbot_py_examples/lib/python3.12/site-packages:/home/vboxuser/bumperbot_ws/install/bumperbot_msgs/lib/python3.12/site-packages:/opt/ros/jazzy/lib/python3.12/site-packages', 'COLCON': '1', 'MEMORY_PRESSURE_WRITE': 'c29tZSAyMDAwMDAgMjAwMDAwMAA=', 'VTE_VERSION': '7600', 'CMAKE_PREFIX_PATH': '/home/vboxuser/bumperbot_ws/install/bumperbot_msgs:/opt/ros/jazzy/opt/gz_sim_vendor:/opt/ros/jazzy/opt/gz_sensors_vendor:/opt/ros/jazzy/opt/gz_physics_vendor:/opt/ros/jazzy/opt/sdformat_vendor:/opt/ros/jazzy/opt/gz_gui_vendor:/opt/ros/jazzy/opt/gz_transport_vendor:/opt/ros/jazzy/opt/gz_rendering_vendor:/opt/ros/jazzy/opt/gz_plugin_vendor:/opt/ros/jazzy/opt/gz_fuel_tools_vendor:/opt/ros/jazzy/opt/gz_msgs_vendor:/opt/ros/jazzy/opt/gz_common_vendor:/opt/ros/jazzy/opt/gz_math_vendor:/opt/ros/jazzy/opt/gz_utils_vendor:/opt/ros/jazzy/opt/gz_tools_vendor:/opt/ros/jazzy/opt/gz_ogre_next_vendor:/opt/ros/jazzy/opt/gz_dartsim_vendor:/opt/ros/jazzy/opt/gz_cmake_vendor'}, 'shell': False}
[171.073161] (-) TimerEvent: {}
[171.179967] (-) TimerEvent: {}
[171.269588] (bumperbot_py_examples) StdoutLine: {'line': b'running egg_info\n'}
[171.270058] (bumperbot_py_examples) StdoutLine: {'line': b'creating ../../build/bumperbot_py_examples/bumperbot_py_examples.egg-info\n'}
[171.282965] (-) TimerEvent: {}
[171.294563] (bumperbot_py_examples) StdoutLine: {'line': b'writing ../../build/bumperbot_py_examples/bumperbot_py_examples.egg-info/PKG-INFO\n'}
[171.294674] (bumperbot_py_examples) StdoutLine: {'line': b'writing dependency_links to ../../build/bumperbot_py_examples/bumperbot_py_examples.egg-info/dependency_links.txt\n'}
[171.294709] (bumperbot_py_examples) StdoutLine: {'line': b'writing entry points to ../../build/bumperbot_py_examples/bumperbot_py_examples.egg-info/entry_points.txt\n'}
[171.294739] (bumperbot_py_examples) StdoutLine: {'line': b'writing requirements to ../../build/bumperbot_py_examples/bumperbot_py_examples.egg-info/requires.txt\n'}
[171.294767] (bumperbot_py_examples) StdoutLine: {'line': b'writing top-level names to ../../build/bumperbot_py_examples/bumperbot_py_examples.egg-info/top_level.txt\n'}
[171.294816] (bumperbot_py_examples) StdoutLine: {'line': b"writing manifest file '../../build/bumperbot_py_examples/bumperbot_py_examples.egg-info/SOURCES.txt'\n"}
[171.329487] (bumperbot_py_examples) StdoutLine: {'line': b"reading manifest file '../../build/bumperbot_py_examples/bumperbot_py_examples.egg-info/SOURCES.txt'\n"}
[171.330097] (bumperbot_py_examples) StdoutLine: {'line': b"writing manifest file '../../build/bumperbot_py_examples/bumperbot_py_examples.egg-info/SOURCES.txt'\n"}
[171.331400] (bumperbot_py_examples) StdoutLine: {'line': b'running build\n'}
[171.331539] (bumperbot_py_examples) StdoutLine: {'line': b'running build_py\n'}
[171.331748] (bumperbot_py_examples) StdoutLine: {'line': b'creating /home/vboxuser/bumperbot_ws/build/bumperbot_py_examples/build\n'}
[171.331879] (bumperbot_py_examples) StdoutLine: {'line': b'creating /home/vboxuser/bumperbot_ws/build/bumperbot_py_examples/build/lib\n'}
[171.331980] (bumperbot_py_examples) StdoutLine: {'line': b'creating /home/vboxuser/bumperbot_ws/build/bumperbot_py_examples/build/lib/bumperbot_py_examples\n'}
[171.332099] (bumperbot_py_examples) StdoutLine: {'line': b'copying bumperbot_py_examples/simple_parameter.py -> /home/vboxuser/bumperbot_ws/build/bumperbot_py_examples/build/lib/bumperbot_py_examples\n'}
[171.332805] (bumperbot_py_examples) StdoutLine: {'line': b'copying bumperbot_py_examples/__init__.py -> /home/vboxuser/bumperbot_ws/build/bumperbot_py_examples/build/lib/bumperbot_py_examples\n'}
[171.332979] (bumperbot_py_examples) StdoutLine: {'line': b'copying bumperbot_py_examples/simple_service_server.py -> /home/vboxuser/bumperbot_ws/build/bumperbot_py_examples/build/lib/bumperbot_py_examples\n'}
[171.334178] (bumperbot_py_examples) StdoutLine: {'line': b'copying bumperbot_py_examples/simple_qos_publisher.py -> /home/vboxuser/bumperbot_ws/build/bumperbot_py_examples/build/lib/bumperbot_py_examples\n'}
[171.334258] (bumperbot_py_examples) StdoutLine: {'line': b'copying bumperbot_py_examples/simple_publisher.py -> /home/vboxuser/bumperbot_ws/build/bumperbot_py_examples/build/lib/bumperbot_py_examples\n'}
[171.334782] (bumperbot_py_examples) StdoutLine: {'line': b'copying bumperbot_py_examples/simple_subscriber.py -> /home/vboxuser/bumperbot_ws/build/bumperbot_py_examples/build/lib/bumperbot_py_examples\n'}
[171.335344] (bumperbot_py_examples) StdoutLine: {'line': b'copying bumperbot_py_examples/simple_action_server.py -> /home/vboxuser/bumperbot_ws/build/bumperbot_py_examples/build/lib/bumperbot_py_examples\n'}
[171.336286] (bumperbot_py_examples) StdoutLine: {'line': b'copying bumperbot_py_examples/simple_service_client.py -> /home/vboxuser/bumperbot_ws/build/bumperbot_py_examples/build/lib/bumperbot_py_examples\n'}
[171.336899] (bumperbot_py_examples) StdoutLine: {'line': b'copying bumperbot_py_examples/simple_turtlesim_kinematics.py -> /home/vboxuser/bumperbot_ws/build/bumperbot_py_examples/build/lib/bumperbot_py_examples\n'}
[171.337307] (bumperbot_py_examples) StdoutLine: {'line': b'copying bumperbot_py_examples/simple_action_client.py -> /home/vboxuser/bumperbot_ws/build/bumperbot_py_examples/build/lib/bumperbot_py_examples\n'}
[171.337969] (bumperbot_py_examples) StdoutLine: {'line': b'copying bumperbot_py_examples/simple_tf_kinematics.py -> /home/vboxuser/bumperbot_ws/build/bumperbot_py_examples/build/lib/bumperbot_py_examples\n'}
[171.338688] (bumperbot_py_examples) StdoutLine: {'line': b'copying bumperbot_py_examples/simple_qos_subscriber.py -> /home/vboxuser/bumperbot_ws/build/bumperbot_py_examples/build/lib/bumperbot_py_examples\n'}
[171.339173] (bumperbot_py_examples) StdoutLine: {'line': b'copying bumperbot_py_examples/simple_lifecycle_node.py -> /home/vboxuser/bumperbot_ws/build/bumperbot_py_examples/build/lib/bumperbot_py_examples\n'}
[171.343370] (bumperbot_py_examples) StdoutLine: {'line': b'running install\n'}
[171.343468] (bumperbot_py_examples) StdoutLine: {'line': b'running install_lib\n'}
[171.356223] (bumperbot_py_examples) StdoutLine: {'line': b'creating /home/vboxuser/bumperbot_ws/install/bumperbot_py_examples/lib/python3.12/site-packages/bumperbot_py_examples\n'}
[171.356432] (bumperbot_py_examples) StdoutLine: {'line': b'copying /home/vboxuser/bumperbot_ws/build/bumperbot_py_examples/build/lib/bumperbot_py_examples/simple_parameter.py -> /home/vboxuser/bumperbot_ws/install/bumperbot_py_examples/lib/python3.12/site-packages/bumperbot_py_examples\n'}
[171.356606] (bumperbot_py_examples) StdoutLine: {'line': b'copying /home/vboxuser/bumperbot_ws/build/bumperbot_py_examples/build/lib/bumperbot_py_examples/__init__.py -> /home/vboxuser/bumperbot_ws/install/bumperbot_py_examples/lib/python3.12/site-packages/bumperbot_py_examples\n'}
[171.356748] (bumperbot_py_examples) StdoutLine: {'line': b'copying /home/vboxuser/bumperbot_ws/build/bumperbot_py_examples/build/lib/bumperbot_py_examples/simple_service_server.py -> /home/vboxuser/bumperbot_ws/install/bumperbot_py_examples/lib/python3.12/site-packages/bumperbot_py_examples\n'}
[171.356879] (bumperbot_py_examples) StdoutLine: {'line': b'copying /home/vboxuser/bumperbot_ws/build/bumperbot_py_examples/build/lib/bumperbot_py_examples/simple_qos_publisher.py -> /home/vboxuser/bumperbot_ws/install/bumperbot_py_examples/lib/python3.12/site-packages/bumperbot_py_examples\n'}
[171.365618] (bumperbot_py_examples) StdoutLine: {'line': b'copying /home/vboxuser/bumperbot_ws/build/bumperbot_py_examples/build/lib/bumperbot_py_examples/simple_publisher.py -> /home/vboxuser/bumperbot_ws/install/bumperbot_py_examples/lib/python3.12/site-packages/bumperbot_py_examples\n'}
[171.365704] (bumperbot_py_examples) StdoutLine: {'line': b'copying /home/vboxuser/bumperbot_ws/build/bumperbot_py_examples/build/lib/bumperbot_py_examples/simple_subscriber.py -> /home/vboxuser/bumperbot_ws/install/bumperbot_py_examples/lib/python3.12/site-packages/bumperbot_py_examples\n'}
[171.365740] (bumperbot_py_examples) StdoutLine: {'line': b'copying /home/vboxuser/bumperbot_ws/build/bumperbot_py_examples/build/lib/bumperbot_py_examples/simple_action_server.py -> /home/vboxuser/bumperbot_ws/install/bumperbot_py_examples/lib/python3.12/site-packages/bumperbot_py_examples\n'}
[171.365772] (bumperbot_py_examples) StdoutLine: {'line': b'copying /home/vboxuser/bumperbot_ws/build/bumperbot_py_examples/build/lib/bumperbot_py_examples/simple_service_client.py -> /home/vboxuser/bumperbot_ws/install/bumperbot_py_examples/lib/python3.12/site-packages/bumperbot_py_examples\n'}
[171.365802] (bumperbot_py_examples) StdoutLine: {'line': b'copying /home/vboxuser/bumperbot_ws/build/bumperbot_py_examples/build/lib/bumperbot_py_examples/simple_turtlesim_kinematics.py -> /home/vboxuser/bumperbot_ws/install/bumperbot_py_examples/lib/python3.12/site-packages/bumperbot_py_examples\n'}
[171.365833] (bumperbot_py_examples) StdoutLine: {'line': b'copying /home/vboxuser/bumperbot_ws/build/bumperbot_py_examples/build/lib/bumperbot_py_examples/simple_action_client.py -> /home/vboxuser/bumperbot_ws/install/bumperbot_py_examples/lib/python3.12/site-packages/bumperbot_py_examples\n'}
[171.365861] (bumperbot_py_examples) StdoutLine: {'line': b'copying /home/vboxuser/bumperbot_ws/build/bumperbot_py_examples/build/lib/bumperbot_py_examples/simple_tf_kinematics.py -> /home/vboxuser/bumperbot_ws/install/bumperbot_py_examples/lib/python3.12/site-packages/bumperbot_py_examples\n'}
[171.365889] (bumperbot_py_examples) StdoutLine: {'line': b'copying /home/vboxuser/bumperbot_ws/build/bumperbot_py_examples/build/lib/bumperbot_py_examples/simple_qos_subscriber.py -> /home/vboxuser/bumperbot_ws/install/bumperbot_py_examples/lib/python3.12/site-packages/bumperbot_py_examples\n'}
[171.365916] (bumperbot_py_examples) StdoutLine: {'line': b'copying /home/vboxuser/bumperbot_ws/build/bumperbot_py_examples/build/lib/bumperbot_py_examples/simple_lifecycle_node.py -> /home/vboxuser/bumperbot_ws/install/bumperbot_py_examples/lib/python3.12/site-packages/bumperbot_py_examples\n'}
[171.365944] (bumperbot_py_examples) StdoutLine: {'line': b'byte-compiling /home/vboxuser/bumperbot_ws/install/bumperbot_py_examples/lib/python3.12/site-packages/bumperbot_py_examples/simple_parameter.py to simple_parameter.cpython-312.pyc\n'}
[171.365972] (bumperbot_py_examples) StdoutLine: {'line': b'byte-compiling /home/vboxuser/bumperbot_ws/install/bumperbot_py_examples/lib/python3.12/site-packages/bumperbot_py_examples/__init__.py to __init__.cpython-312.pyc\n'}
[171.366004] (bumperbot_py_examples) StdoutLine: {'line': b'byte-compiling /home/vboxuser/bumperbot_ws/install/bumperbot_py_examples/lib/python3.12/site-packages/bumperbot_py_examples/simple_service_server.py to simple_service_server.cpython-312.pyc\n'}
[171.366033] (bumperbot_py_examples) StdoutLine: {'line': b'byte-compiling /home/vboxuser/bumperbot_ws/install/bumperbot_py_examples/lib/python3.12/site-packages/bumperbot_py_examples/simple_qos_publisher.py to simple_qos_publisher.cpython-312.pyc\n'}
[171.366060] (bumperbot_py_examples) StdoutLine: {'line': b'byte-compiling /home/vboxuser/bumperbot_ws/install/bumperbot_py_examples/lib/python3.12/site-packages/bumperbot_py_examples/simple_publisher.py to simple_publisher.cpython-312.pyc\n'}
[171.366088] (bumperbot_py_examples) StdoutLine: {'line': b'byte-compiling /home/vboxuser/bumperbot_ws/install/bumperbot_py_examples/lib/python3.12/site-packages/bumperbot_py_examples/simple_subscriber.py to simple_subscriber.cpython-312.pyc\n'}
[171.366116] (bumperbot_py_examples) StdoutLine: {'line': b'byte-compiling /home/vboxuser/bumperbot_ws/install/bumperbot_py_examples/lib/python3.12/site-packages/bumperbot_py_examples/simple_action_server.py to simple_action_server.cpython-312.pyc\n'}
[171.366142] (bumperbot_py_examples) StdoutLine: {'line': b'byte-compiling /home/vboxuser/bumperbot_ws/install/bumperbot_py_examples/lib/python3.12/site-packages/bumperbot_py_examples/simple_service_client.py to simple_service_client.cpython-312.pyc\n'}
[171.366192] (bumperbot_py_examples) StdoutLine: {'line': b'byte-compiling /home/vboxuser/bumperbot_ws/install/bumperbot_py_examples/lib/python3.12/site-packages/bumperbot_py_examples/simple_turtlesim_kinematics.py to simple_turtlesim_kinematics.cpython-312.pyc\n'}
[171.366230] (bumperbot_py_examples) StdoutLine: {'line': b'byte-compiling /home/vboxuser/bumperbot_ws/install/bumperbot_py_examples/lib/python3.12/site-packages/bumperbot_py_examples/simple_action_client.py to simple_action_client.cpython-312.pyc\n'}
[171.366262] (bumperbot_py_examples) StdoutLine: {'line': b'byte-compiling /home/vboxuser/bumperbot_ws/install/bumperbot_py_examples/lib/python3.12/site-packages/bumperbot_py_examples/simple_tf_kinematics.py to simple_tf_kinematics.cpython-312.pyc\n'}
[171.366323] (bumperbot_py_examples) StdoutLine: {'line': b'byte-compiling /home/vboxuser/bumperbot_ws/install/bumperbot_py_examples/lib/python3.12/site-packages/bumperbot_py_examples/simple_qos_subscriber.py to simple_qos_subscriber.cpython-312.pyc\n'}
[171.366357] (bumperbot_py_examples) StdoutLine: {'line': b'byte-compiling /home/vboxuser/bumperbot_ws/install/bumperbot_py_examples/lib/python3.12/site-packages/bumperbot_py_examples/simple_lifecycle_node.py to simple_lifecycle_node.cpython-312.pyc\n'}
[171.366387] (bumperbot_py_examples) StdoutLine: {'line': b'running install_data\n'}
[171.366435] (bumperbot_py_examples) StdoutLine: {'line': b'creating /home/vboxuser/bumperbot_ws/install/bumperbot_py_examples/share/ament_index\n'}
[171.366465] (bumperbot_py_examples) StdoutLine: {'line': b'creating /home/vboxuser/bumperbot_ws/install/bumperbot_py_examples/share/ament_index/resource_index\n'}
[171.366493] (bumperbot_py_examples) StdoutLine: {'line': b'creating /home/vboxuser/bumperbot_ws/install/bumperbot_py_examples/share/ament_index/resource_index/packages\n'}
[171.366520] (bumperbot_py_examples) StdoutLine: {'line': b'copying resource/bumperbot_py_examples -> /home/vboxuser/bumperbot_ws/install/bumperbot_py_examples/share/ament_index/resource_index/packages\n'}
[171.366548] (bumperbot_py_examples) StdoutLine: {'line': b'copying package.xml -> /home/vboxuser/bumperbot_ws/install/bumperbot_py_examples/share/bumperbot_py_examples\n'}
[171.366576] (bumperbot_py_examples) StdoutLine: {'line': b'running install_egg_info\n'}
[171.377049] (bumperbot_py_examples) StdoutLine: {'line': b'Copying ../../build/bumperbot_py_examples/bumperbot_py_examples.egg-info to /home/vboxuser/bumperbot_ws/install/bumperbot_py_examples/lib/python3.12/site-packages/bumperbot_py_examples-0.0.0-py3.12.egg-info\n'}
[171.377608] (bumperbot_py_examples) StdoutLine: {'line': b'running install_scripts\n'}
[171.386216] (-) TimerEvent: {}
[171.479898] (bumperbot_py_examples) StdoutLine: {'line': b'Installing simple_action_client script to /home/vboxuser/bumperbot_ws/install/bumperbot_py_examples/lib/bumperbot_py_examples\n'}
[171.480365] (bumperbot_py_examples) StdoutLine: {'line': b'Installing simple_action_server script to /home/vboxuser/bumperbot_ws/install/bumperbot_py_examples/lib/bumperbot_py_examples\n'}
[171.480573] (bumperbot_py_examples) StdoutLine: {'line': b'Installing simple_lifecycle_node script to /home/vboxuser/bumperbot_ws/install/bumperbot_py_examples/lib/bumperbot_py_examples\n'}
[171.480719] (bumperbot_py_examples) StdoutLine: {'line': b'Installing simple_parameter script to /home/vboxuser/bumperbot_ws/install/bumperbot_py_examples/lib/bumperbot_py_examples\n'}
[171.480856] (bumperbot_py_examples) StdoutLine: {'line': b'Installing simple_publisher script to /home/vboxuser/bumperbot_ws/install/bumperbot_py_examples/lib/bumperbot_py_examples\n'}
[171.481045] (bumperbot_py_examples) StdoutLine: {'line': b'Installing simple_qos_publisher script to /home/vboxuser/bumperbot_ws/install/bumperbot_py_examples/lib/bumperbot_py_examples\n'}
[171.481110] (bumperbot_py_examples) StdoutLine: {'line': b'Installing simple_qos_subscriber script to /home/vboxuser/bumperbot_ws/install/bumperbot_py_examples/lib/bumperbot_py_examples\n'}
[171.481222] (bumperbot_py_examples) StdoutLine: {'line': b'Installing simple_service_client script to /home/vboxuser/bumperbot_ws/install/bumperbot_py_examples/lib/bumperbot_py_examples\n'}
[171.481338] (bumperbot_py_examples) StdoutLine: {'line': b'Installing simple_service_server script to /home/vboxuser/bumperbot_ws/install/bumperbot_py_examples/lib/bumperbot_py_examples\n'}
[171.481503] (bumperbot_py_examples) StdoutLine: {'line': b'Installing simple_subscriber script to /home/vboxuser/bumperbot_ws/install/bumperbot_py_examples/lib/bumperbot_py_examples\n'}
[171.481563] (bumperbot_py_examples) StdoutLine: {'line': b'Installing simple_tf_kinematics script to /home/vboxuser/bumperbot_ws/install/bumperbot_py_examples/lib/bumperbot_py_examples\n'}
[171.481671] (bumperbot_py_examples) StdoutLine: {'line': b'Installing simple_turtlesim_kinematics script to /home/vboxuser/bumperbot_ws/install/bumperbot_py_examples/lib/bumperbot_py_examples\n'}
[171.490030] (bumperbot_py_examples) StdoutLine: {'line': b"writing list of installed files to '/home/vboxuser/bumperbot_ws/build/bumperbot_py_examples/install.log'\n"}
[171.490147] (-) TimerEvent: {}
[171.515468] (bumperbot_py_examples) CommandEnded: {'returncode': 0}
[171.518818] (bumperbot_py_examples) JobEnded: {'identifier': 'bumperbot_py_examples', 'rc': 0}
[171.521081] (-) EventReactorShutdown: {}
