[0.048s] Invoking command in '/home/vboxuser/bumperbot_ws/build/bumperbot_description': CMAKE_PREFIX_PATH=${CMAKE_PREFIX_PATH}:/home/vboxuser/bumperbot_ws/install/bumperbot_py_examples:/opt/ros/jazzy DEBUGINFOD_URLS=https://debuginfod.ubuntu.com /usr/bin/cmake --build /home/vboxuser/bumperbot_ws/build/bumperbot_description -- -j6 -l6
[0.249s] Invoked command in '/home/vboxuser/bumperbot_ws/build/bumperbot_description' returned '0': CMAKE_PREFIX_PATH=${CMAKE_PREFIX_PATH}:/home/vboxuser/bumperbot_ws/install/bumperbot_py_examples:/opt/ros/jazzy DEBUGINFOD_URLS=https://debuginfod.ubuntu.com /usr/bin/cmake --build /home/vboxuser/bumperbot_ws/build/bumperbot_description -- -j6 -l6
[0.274s] Invoking command in '/home/vboxuser/bumperbot_ws/build/bumperbot_description': CMAKE_PREFIX_PATH=${CMAKE_PREFIX_PATH}:/home/vboxuser/bumperbot_ws/install/bumperbot_py_examples:/opt/ros/jazzy DEBUGINFOD_URLS=https://debuginfod.ubuntu.com /usr/bin/cmake --install /home/vboxuser/bumperbot_ws/build/bumperbot_description
[0.622s] -- Install configuration: ""
[0.622s] -- Up-to-date: /home/vboxuser/bumperbot_ws/install/bumperbot_description/share/bumperbot_description/launch
[0.624s] -- Up-to-date: /home/vboxuser/bumperbot_ws/install/bumperbot_description/share/bumperbot_description/launch/display.launch.py
[0.624s] -- Up-to-date: /home/vboxuser/bumperbot_ws/install/bumperbot_description/share/bumperbot_description/launch/gazebo.launch.py
[0.628s] -- Up-to-date: /home/vboxuser/bumperbot_ws/install/bumperbot_description/share/bumperbot_description/meshes
[0.628s] -- Up-to-date: /home/vboxuser/bumperbot_ws/install/bumperbot_description/share/bumperbot_description/meshes/wheel_right_link.STL
[0.628s] -- Up-to-date: /home/vboxuser/bumperbot_ws/install/bumperbot_description/share/bumperbot_description/meshes/caster_front_link.STL
[0.628s] -- Up-to-date: /home/vboxuser/bumperbot_ws/install/bumperbot_description/share/bumperbot_description/meshes/wheel_left_link.STL
[0.628s] -- Up-to-date: /home/vboxuser/bumperbot_ws/install/bumperbot_description/share/bumperbot_description/meshes/caster_rear_link.STL
[0.628s] -- Up-to-date: /home/vboxuser/bumperbot_ws/install/bumperbot_description/share/bumperbot_description/meshes/imu_link.STL
[0.628s] -- Up-to-date: /home/vboxuser/bumperbot_ws/install/bumperbot_description/share/bumperbot_description/meshes/laser_link.STL
[0.628s] -- Up-to-date: /home/vboxuser/bumperbot_ws/install/bumperbot_description/share/bumperbot_description/meshes/base_link.STL
[0.628s] -- Up-to-date: /home/vboxuser/bumperbot_ws/install/bumperbot_description/share/bumperbot_description/models
[0.628s] -- Up-to-date: /home/vboxuser/bumperbot_ws/install/bumperbot_description/share/bumperbot_description/models/aws_robomaker_residential_FitnessEquipment_01
[0.628s] -- Up-to-date: /home/vboxuser/bumperbot_ws/install/bumperbot_description/share/bumperbot_description/models/aws_robomaker_residential_FitnessEquipment_01/materials
[0.628s] -- Up-to-date: /home/vboxuser/bumperbot_ws/install/bumperbot_description/share/bumperbot_description/models/aws_robomaker_residential_FitnessEquipment_01/materials/textures
[0.628s] -- Up-to-date: /home/vboxuser/bumperbot_ws/install/bumperbot_description/share/bumperbot_description/models/aws_robomaker_residential_FitnessEquipment_01/materials/textures/aws_FitnessEquipment_01.png
[0.628s] -- Up-to-date: /home/vboxuser/bumperbot_ws/install/bumperbot_description/share/bumperbot_description/models/aws_robomaker_residential_FitnessEquipment_01/meshes
[0.628s] -- Up-to-date: /home/vboxuser/bumperbot_ws/install/bumperbot_description/share/bumperbot_description/models/aws_robomaker_residential_FitnessEquipment_01/meshes/aws_FitnessEquipment_01_collision.DAE
[0.628s] -- Up-to-date: /home/vboxuser/bumperbot_ws/install/bumperbot_description/share/bumperbot_description/models/aws_robomaker_residential_FitnessEquipment_01/meshes/aws_FitnessEquipment_01_visual.DAE
[0.628s] -- Up-to-date: /home/vboxuser/bumperbot_ws/install/bumperbot_description/share/bumperbot_description/models/aws_robomaker_residential_FitnessEquipment_01/model.config
[0.628s] -- Up-to-date: /home/vboxuser/bumperbot_ws/install/bumperbot_description/share/bumperbot_description/models/aws_robomaker_residential_FitnessEquipment_01/model.sdf
[0.628s] -- Up-to-date: /home/vboxuser/bumperbot_ws/install/bumperbot_description/share/bumperbot_description/models/aws_robomaker_residential_PortraitA_02
[0.628s] -- Up-to-date: /home/vboxuser/bumperbot_ws/install/bumperbot_description/share/bumperbot_description/models/aws_robomaker_residential_PortraitA_02/materials
[0.628s] -- Up-to-date: /home/vboxuser/bumperbot_ws/install/bumperbot_description/share/bumperbot_description/models/aws_robomaker_residential_PortraitA_02/materials/textures
[0.628s] -- Up-to-date: /home/vboxuser/bumperbot_ws/install/bumperbot_description/share/bumperbot_description/models/aws_robomaker_residential_PortraitA_02/materials/textures/aws_PortraitA_01.png
[0.628s] -- Up-to-date: /home/vboxuser/bumperbot_ws/install/bumperbot_description/share/bumperbot_description/models/aws_robomaker_residential_PortraitA_02/materials/textures/aws_PortraitA_02.png
[0.628s] -- Up-to-date: /home/vboxuser/bumperbot_ws/install/bumperbot_description/share/bumperbot_description/models/aws_robomaker_residential_PortraitA_02/meshes
[0.628s] -- Up-to-date: /home/vboxuser/bumperbot_ws/install/bumperbot_description/share/bumperbot_description/models/aws_robomaker_residential_PortraitA_02/meshes/aws_PortraitA_01_visual.DAE
[0.628s] -- Up-to-date: /home/vboxuser/bumperbot_ws/install/bumperbot_description/share/bumperbot_description/models/aws_robomaker_residential_PortraitA_02/meshes/aws_PortraitA_01_collision.DAE
[0.628s] -- Up-to-date: /home/vboxuser/bumperbot_ws/install/bumperbot_description/share/bumperbot_description/models/aws_robomaker_residential_PortraitA_02/model.config
[0.628s] -- Up-to-date: /home/vboxuser/bumperbot_ws/install/bumperbot_description/share/bumperbot_description/models/aws_robomaker_residential_PortraitA_02/model.sdf
[0.628s] -- Up-to-date: /home/vboxuser/bumperbot_ws/install/bumperbot_description/share/bumperbot_description/models/aws_robomaker_residential_PortraitB_02
[0.628s] -- Up-to-date: /home/vboxuser/bumperbot_ws/install/bumperbot_description/share/bumperbot_description/models/aws_robomaker_residential_PortraitB_02/materials
[0.629s] -- Up-to-date: /home/vboxuser/bumperbot_ws/install/bumperbot_description/share/bumperbot_description/models/aws_robomaker_residential_PortraitB_02/materials/textures
[0.629s] -- Up-to-date: /home/vboxuser/bumperbot_ws/install/bumperbot_description/share/bumperbot_description/models/aws_robomaker_residential_PortraitB_02/materials/textures/aws_PortraitB_02.png
[0.629s] -- Up-to-date: /home/vboxuser/bumperbot_ws/install/bumperbot_description/share/bumperbot_description/models/aws_robomaker_residential_PortraitB_02/materials/textures/aws_PortraitB_01.png
[0.629s] -- Up-to-date: /home/vboxuser/bumperbot_ws/install/bumperbot_description/share/bumperbot_description/models/aws_robomaker_residential_PortraitB_02/meshes
[0.629s] -- Up-to-date: /home/vboxuser/bumperbot_ws/install/bumperbot_description/share/bumperbot_description/models/aws_robomaker_residential_PortraitB_02/meshes/aws_PortraitB_01_collision.DAE
[0.629s] -- Up-to-date: /home/vboxuser/bumperbot_ws/install/bumperbot_description/share/bumperbot_description/models/aws_robomaker_residential_PortraitB_02/meshes/aws_PortraitB_01_visual.DAE
[0.629s] -- Up-to-date: /home/vboxuser/bumperbot_ws/install/bumperbot_description/share/bumperbot_description/models/aws_robomaker_residential_PortraitB_02/model.config
[0.629s] -- Up-to-date: /home/vboxuser/bumperbot_ws/install/bumperbot_description/share/bumperbot_description/models/aws_robomaker_residential_PortraitB_02/model.sdf
[0.629s] -- Up-to-date: /home/vboxuser/bumperbot_ws/install/bumperbot_description/share/bumperbot_description/models/aws_robomaker_residential_CoffeeTable_01
[0.629s] -- Up-to-date: /home/vboxuser/bumperbot_ws/install/bumperbot_description/share/bumperbot_description/models/aws_robomaker_residential_CoffeeTable_01/materials
[0.629s] -- Up-to-date: /home/vboxuser/bumperbot_ws/install/bumperbot_description/share/bumperbot_description/models/aws_robomaker_residential_CoffeeTable_01/materials/textures
[0.629s] -- Up-to-date: /home/vboxuser/bumperbot_ws/install/bumperbot_description/share/bumperbot_description/models/aws_robomaker_residential_CoffeeTable_01/materials/textures/aws_CoffeeTable_01.png
[0.629s] -- Up-to-date: /home/vboxuser/bumperbot_ws/install/bumperbot_description/share/bumperbot_description/models/aws_robomaker_residential_CoffeeTable_01/meshes
[0.629s] -- Up-to-date: /home/vboxuser/bumperbot_ws/install/bumperbot_description/share/bumperbot_description/models/aws_robomaker_residential_CoffeeTable_01/meshes/aws_CoffeeTable_01_visual.DAE
[0.629s] -- Up-to-date: /home/vboxuser/bumperbot_ws/install/bumperbot_description/share/bumperbot_description/models/aws_robomaker_residential_CoffeeTable_01/meshes/aws_CoffeeTable_01_collision.DAE
[0.629s] -- Up-to-date: /home/vboxuser/bumperbot_ws/install/bumperbot_description/share/bumperbot_description/models/aws_robomaker_residential_CoffeeTable_01/model.config
[0.629s] -- Up-to-date: /home/vboxuser/bumperbot_ws/install/bumperbot_description/share/bumperbot_description/models/aws_robomaker_residential_CoffeeTable_01/model.sdf
[0.629s] -- Up-to-date: /home/vboxuser/bumperbot_ws/install/bumperbot_description/share/bumperbot_description/models/aws_robomaker_residential_Door_01
[0.629s] -- Up-to-date: /home/vboxuser/bumperbot_ws/install/bumperbot_description/share/bumperbot_description/models/aws_robomaker_residential_Door_01/materials
[0.629s] -- Up-to-date: /home/vboxuser/bumperbot_ws/install/bumperbot_description/share/bumperbot_description/models/aws_robomaker_residential_Door_01/materials/textures
[0.629s] -- Up-to-date: /home/vboxuser/bumperbot_ws/install/bumperbot_description/share/bumperbot_description/models/aws_robomaker_residential_Door_01/materials/textures/aws_Door_01.png
[0.629s] -- Up-to-date: /home/vboxuser/bumperbot_ws/install/bumperbot_description/share/bumperbot_description/models/aws_robomaker_residential_Door_01/meshes
[0.629s] -- Up-to-date: /home/vboxuser/bumperbot_ws/install/bumperbot_description/share/bumperbot_description/models/aws_robomaker_residential_Door_01/meshes/aws_Door_01_visual.DAE
[0.629s] -- Up-to-date: /home/vboxuser/bumperbot_ws/install/bumperbot_description/share/bumperbot_description/models/aws_robomaker_residential_Door_01/meshes/aws_Door_01_collision.DAE
[0.629s] -- Up-to-date: /home/vboxuser/bumperbot_ws/install/bumperbot_description/share/bumperbot_description/models/aws_robomaker_residential_Door_01/model.config
[0.629s] -- Up-to-date: /home/vboxuser/bumperbot_ws/install/bumperbot_description/share/bumperbot_description/models/aws_robomaker_residential_Door_01/model.sdf
[0.629s] -- Up-to-date: /home/vboxuser/bumperbot_ws/install/bumperbot_description/share/bumperbot_description/models/aws_robomaker_residential_LightC_01
[0.629s] -- Up-to-date: /home/vboxuser/bumperbot_ws/install/bumperbot_description/share/bumperbot_description/models/aws_robomaker_residential_LightC_01/materials
[0.629s] -- Up-to-date: /home/vboxuser/bumperbot_ws/install/bumperbot_description/share/bumperbot_description/models/aws_robomaker_residential_LightC_01/materials/textures
[0.629s] -- Up-to-date: /home/vboxuser/bumperbot_ws/install/bumperbot_description/share/bumperbot_description/models/aws_robomaker_residential_LightC_01/materials/textures/aws_LightC_01.png
[0.629s] -- Up-to-date: /home/vboxuser/bumperbot_ws/install/bumperbot_description/share/bumperbot_description/models/aws_robomaker_residential_LightC_01/meshes
[0.629s] -- Up-to-date: /home/vboxuser/bumperbot_ws/install/bumperbot_description/share/bumperbot_description/models/aws_robomaker_residential_LightC_01/meshes/aws_LightC_01_collision.DAE
[0.630s] -- Up-to-date: /home/vboxuser/bumperbot_ws/install/bumperbot_description/share/bumperbot_description/models/aws_robomaker_residential_LightC_01/meshes/aws_LightC_01_visual.DAE
[0.630s] -- Up-to-date: /home/vboxuser/bumperbot_ws/install/bumperbot_description/share/bumperbot_description/models/aws_robomaker_residential_LightC_01/model.config
[0.630s] -- Up-to-date: /home/vboxuser/bumperbot_ws/install/bumperbot_description/share/bumperbot_description/models/aws_robomaker_residential_LightC_01/model.sdf
[0.630s] -- Up-to-date: /home/vboxuser/bumperbot_ws/install/bumperbot_description/share/bumperbot_description/models/aws_robomaker_residential_SeasoningBox_01
[0.630s] -- Up-to-date: /home/vboxuser/bumperbot_ws/install/bumperbot_description/share/bumperbot_description/models/aws_robomaker_residential_SeasoningBox_01/materials
[0.630s] -- Up-to-date: /home/vboxuser/bumperbot_ws/install/bumperbot_description/share/bumperbot_description/models/aws_robomaker_residential_SeasoningBox_01/materials/textures
[0.630s] -- Up-to-date: /home/vboxuser/bumperbot_ws/install/bumperbot_description/share/bumperbot_description/models/aws_robomaker_residential_SeasoningBox_01/materials/textures/aws_SeasoningBox_01.png
[0.630s] -- Up-to-date: /home/vboxuser/bumperbot_ws/install/bumperbot_description/share/bumperbot_description/models/aws_robomaker_residential_SeasoningBox_01/meshes
[0.630s] -- Up-to-date: /home/vboxuser/bumperbot_ws/install/bumperbot_description/share/bumperbot_description/models/aws_robomaker_residential_SeasoningBox_01/meshes/aws_SeasoningBox_01_collision.DAE
[0.630s] -- Up-to-date: /home/vboxuser/bumperbot_ws/install/bumperbot_description/share/bumperbot_description/models/aws_robomaker_residential_SeasoningBox_01/meshes/aws_SeasoningBox_01_visual.DAE
[0.630s] -- Up-to-date: /home/vboxuser/bumperbot_ws/install/bumperbot_description/share/bumperbot_description/models/aws_robomaker_residential_SeasoningBox_01/model.config
[0.630s] -- Up-to-date: /home/vboxuser/bumperbot_ws/install/bumperbot_description/share/bumperbot_description/models/aws_robomaker_residential_SeasoningBox_01/model.sdf
[0.630s] -- Up-to-date: /home/vboxuser/bumperbot_ws/install/bumperbot_description/share/bumperbot_description/models/aws_robomaker_residential_Curtain_01
[0.630s] -- Up-to-date: /home/vboxuser/bumperbot_ws/install/bumperbot_description/share/bumperbot_description/models/aws_robomaker_residential_Curtain_01/materials
[0.630s] -- Up-to-date: /home/vboxuser/bumperbot_ws/install/bumperbot_description/share/bumperbot_description/models/aws_robomaker_residential_Curtain_01/materials/textures
[0.630s] -- Up-to-date: /home/vboxuser/bumperbot_ws/install/bumperbot_description/share/bumperbot_description/models/aws_robomaker_residential_Curtain_01/materials/textures/aws_Curtain_01.png
[0.630s] -- Up-to-date: /home/vboxuser/bumperbot_ws/install/bumperbot_description/share/bumperbot_description/models/aws_robomaker_residential_Curtain_01/meshes
[0.630s] -- Up-to-date: /home/vboxuser/bumperbot_ws/install/bumperbot_description/share/bumperbot_description/models/aws_robomaker_residential_Curtain_01/meshes/aws_Curtain_01_visual.DAE
[0.630s] -- Up-to-date: /home/vboxuser/bumperbot_ws/install/bumperbot_description/share/bumperbot_description/models/aws_robomaker_residential_Curtain_01/meshes/aws_Curtain_01_collision.DAE
[0.630s] -- Up-to-date: /home/vboxuser/bumperbot_ws/install/bumperbot_description/share/bumperbot_description/models/aws_robomaker_residential_Curtain_01/model.config
[0.630s] -- Up-to-date: /home/vboxuser/bumperbot_ws/install/bumperbot_description/share/bumperbot_description/models/aws_robomaker_residential_Curtain_01/model.sdf
[0.630s] -- Up-to-date: /home/vboxuser/bumperbot_ws/install/bumperbot_description/share/bumperbot_description/models/aws_robomaker_warehouse_ShelfE_01
[0.630s] -- Up-to-date: /home/vboxuser/bumperbot_ws/install/bumperbot_description/share/bumperbot_description/models/aws_robomaker_warehouse_ShelfE_01/materials
[0.630s] -- Up-to-date: /home/vboxuser/bumperbot_ws/install/bumperbot_description/share/bumperbot_description/models/aws_robomaker_warehouse_ShelfE_01/materials/textures
[0.630s] -- Up-to-date: /home/vboxuser/bumperbot_ws/install/bumperbot_description/share/bumperbot_description/models/aws_robomaker_warehouse_ShelfE_01/materials/textures/aws_robomaker_warehouse_ShelfE_04.png
[0.630s] -- Up-to-date: /home/vboxuser/bumperbot_ws/install/bumperbot_description/share/bumperbot_description/models/aws_robomaker_warehouse_ShelfE_01/materials/textures/aws_robomaker_warehouse_ShelfE_03.png
[0.630s] -- Up-to-date: /home/vboxuser/bumperbot_ws/install/bumperbot_description/share/bumperbot_description/models/aws_robomaker_warehouse_ShelfE_01/materials/textures/aws_robomaker_warehouse_ShelfE_01.png
[0.630s] -- Up-to-date: /home/vboxuser/bumperbot_ws/install/bumperbot_description/share/bumperbot_description/models/aws_robomaker_warehouse_ShelfE_01/materials/textures/aws_robomaker_warehouse_ShelfE_02.png
[0.630s] -- Up-to-date: /home/vboxuser/bumperbot_ws/install/bumperbot_description/share/bumperbot_description/models/aws_robomaker_warehouse_ShelfE_01/materials/.DS_Store
[0.630s] -- Up-to-date: /home/vboxuser/bumperbot_ws/install/bumperbot_description/share/bumperbot_description/models/aws_robomaker_warehouse_ShelfE_01/meshes
[0.630s] -- Up-to-date: /home/vboxuser/bumperbot_ws/install/bumperbot_description/share/bumperbot_description/models/aws_robomaker_warehouse_ShelfE_01/meshes/aws_robomaker_warehouse_ShelfE_01_collision.DAE
[0.630s] -- Up-to-date: /home/vboxuser/bumperbot_ws/install/bumperbot_description/share/bumperbot_description/models/aws_robomaker_warehouse_ShelfE_01/meshes/aws_robomaker_warehouse_ShelfE_01_visual.DAE
[0.631s] -- Up-to-date: /home/vboxuser/bumperbot_ws/install/bumperbot_description/share/bumperbot_description/models/aws_robomaker_warehouse_ShelfE_01/model.config
[0.631s] -- Up-to-date: /home/vboxuser/bumperbot_ws/install/bumperbot_description/share/bumperbot_description/models/aws_robomaker_warehouse_ShelfE_01/.DS_Store
[0.631s] -- Up-to-date: /home/vboxuser/bumperbot_ws/install/bumperbot_description/share/bumperbot_description/models/aws_robomaker_warehouse_ShelfE_01/model.sdf
[0.631s] -- Up-to-date: /home/vboxuser/bumperbot_ws/install/bumperbot_description/share/bumperbot_description/models/aws_robomaker_residential_Trash_01
[0.631s] -- Up-to-date: /home/vboxuser/bumperbot_ws/install/bumperbot_description/share/bumperbot_description/models/aws_robomaker_residential_Trash_01/materials
[0.631s] -- Up-to-date: /home/vboxuser/bumperbot_ws/install/bumperbot_description/share/bumperbot_description/models/aws_robomaker_residential_Trash_01/materials/textures
[0.631s] -- Up-to-date: /home/vboxuser/bumperbot_ws/install/bumperbot_description/share/bumperbot_description/models/aws_robomaker_residential_Trash_01/materials/textures/aws_Trash_01.png
[0.631s] -- Up-to-date: /home/vboxuser/bumperbot_ws/install/bumperbot_description/share/bumperbot_description/models/aws_robomaker_residential_Trash_01/meshes
[0.631s] -- Up-to-date: /home/vboxuser/bumperbot_ws/install/bumperbot_description/share/bumperbot_description/models/aws_robomaker_residential_Trash_01/meshes/aws_Trash_01_collision.DAE
[0.631s] -- Up-to-date: /home/vboxuser/bumperbot_ws/install/bumperbot_description/share/bumperbot_description/models/aws_robomaker_residential_Trash_01/meshes/aws_Trash_01_visual.DAE
[0.631s] -- Up-to-date: /home/vboxuser/bumperbot_ws/install/bumperbot_description/share/bumperbot_description/models/aws_robomaker_residential_Trash_01/model.config
[0.631s] -- Up-to-date: /home/vboxuser/bumperbot_ws/install/bumperbot_description/share/bumperbot_description/models/aws_robomaker_residential_Trash_01/model.sdf
[0.631s] -- Up-to-date: /home/vboxuser/bumperbot_ws/install/bumperbot_description/share/bumperbot_description/models/aws_robomaker_residential_Wardrobe_01
[0.639s] -- Up-to-date: /home/vboxuser/bumperbot_ws/install/bumperbot_description/share/bumperbot_description/models/aws_robomaker_residential_Wardrobe_01/materials
[0.644s] -- Up-to-date: /home/vboxuser/bumperbot_ws/install/bumperbot_description/share/bumperbot_description/models/aws_robomaker_residential_Wardrobe_01/materials/textures
[0.646s] -- Up-to-date: /home/vboxuser/bumperbot_ws/install/bumperbot_description/share/bumperbot_description/models/aws_robomaker_residential_Wardrobe_01/materials/textures/aws_Wardrobe_01.png
[0.646s] -- Up-to-date: /home/vboxuser/bumperbot_ws/install/bumperbot_description/share/bumperbot_description/models/aws_robomaker_residential_Wardrobe_01/meshes
[0.646s] -- Up-to-date: /home/vboxuser/bumperbot_ws/install/bumperbot_description/share/bumperbot_description/models/aws_robomaker_residential_Wardrobe_01/meshes/aws_Wardrobe_01_visual.DAE
[0.646s] -- Up-to-date: /home/vboxuser/bumperbot_ws/install/bumperbot_description/share/bumperbot_description/models/aws_robomaker_residential_Wardrobe_01/meshes/aws_Wardrobe_01_collision.DAE
[0.646s] -- Up-to-date: /home/vboxuser/bumperbot_ws/install/bumperbot_description/share/bumperbot_description/models/aws_robomaker_residential_Wardrobe_01/model.config
[0.647s] -- Up-to-date: /home/vboxuser/bumperbot_ws/install/bumperbot_description/share/bumperbot_description/models/aws_robomaker_residential_Wardrobe_01/model.sdf
[0.648s] -- Up-to-date: /home/vboxuser/bumperbot_ws/install/bumperbot_description/share/bumperbot_description/models/aws_robomaker_residential_FoldingDoor_02
[0.648s] -- Up-to-date: /home/vboxuser/bumperbot_ws/install/bumperbot_description/share/bumperbot_description/models/aws_robomaker_residential_FoldingDoor_02/materials
[0.649s] -- Up-to-date: /home/vboxuser/bumperbot_ws/install/bumperbot_description/share/bumperbot_description/models/aws_robomaker_residential_FoldingDoor_02/materials/textures
[0.650s] -- Up-to-date: /home/vboxuser/bumperbot_ws/install/bumperbot_description/share/bumperbot_description/models/aws_robomaker_residential_FoldingDoor_02/materials/textures/aws_FoldingDoor_02.png
[0.650s] -- Up-to-date: /home/vboxuser/bumperbot_ws/install/bumperbot_description/share/bumperbot_description/models/aws_robomaker_residential_FoldingDoor_02/meshes
[0.650s] -- Up-to-date: /home/vboxuser/bumperbot_ws/install/bumperbot_description/share/bumperbot_description/models/aws_robomaker_residential_FoldingDoor_02/meshes/aws_FoldingDoor_02_visual.DAE
[0.651s] -- Up-to-date: /home/vboxuser/bumperbot_ws/install/bumperbot_description/share/bumperbot_description/models/aws_robomaker_residential_FoldingDoor_02/meshes/aws_FoldingDoor_02_collision.DAE
[0.652s] -- Up-to-date: /home/vboxuser/bumperbot_ws/install/bumperbot_description/share/bumperbot_description/models/aws_robomaker_residential_FoldingDoor_02/model.config
[0.652s] -- Up-to-date: /home/vboxuser/bumperbot_ws/install/bumperbot_description/share/bumperbot_description/models/aws_robomaker_residential_FoldingDoor_02/model.sdf
[0.652s] -- Up-to-date: /home/vboxuser/bumperbot_ws/install/bumperbot_description/share/bumperbot_description/models/aws_robomaker_warehouse_DeskC_01
[0.652s] -- Up-to-date: /home/vboxuser/bumperbot_ws/install/bumperbot_description/share/bumperbot_description/models/aws_robomaker_warehouse_DeskC_01/materials
[0.652s] -- Up-to-date: /home/vboxuser/bumperbot_ws/install/bumperbot_description/share/bumperbot_description/models/aws_robomaker_warehouse_DeskC_01/materials/textures
[0.655s] -- Up-to-date: /home/vboxuser/bumperbot_ws/install/bumperbot_description/share/bumperbot_description/models/aws_robomaker_warehouse_DeskC_01/materials/textures/aws_robomaker_warehouse_DeskC_03.psd
[0.656s] -- Up-to-date: /home/vboxuser/bumperbot_ws/install/bumperbot_description/share/bumperbot_description/models/aws_robomaker_warehouse_DeskC_01/materials/textures/aws_robomaker_warehouse_DeskC_04.png
[0.657s] -- Up-to-date: /home/vboxuser/bumperbot_ws/install/bumperbot_description/share/bumperbot_description/models/aws_robomaker_warehouse_DeskC_01/materials/textures/aws_robomaker_warehouse_DeskC_02.png
[0.657s] -- Up-to-date: /home/vboxuser/bumperbot_ws/install/bumperbot_description/share/bumperbot_description/models/aws_robomaker_warehouse_DeskC_01/materials/textures/aws_robomaker_warehouse_DeskC_01.png
[0.657s] -- Up-to-date: /home/vboxuser/bumperbot_ws/install/bumperbot_description/share/bumperbot_description/models/aws_robomaker_warehouse_DeskC_01/materials/textures/aws_robomaker_warehouse_DeskC_03.png
[0.658s] -- Up-to-date: /home/vboxuser/bumperbot_ws/install/bumperbot_description/share/bumperbot_description/models/aws_robomaker_warehouse_DeskC_01/materials/.DS_Store
[0.660s] -- Up-to-date: /home/vboxuser/bumperbot_ws/install/bumperbot_description/share/bumperbot_description/models/aws_robomaker_warehouse_DeskC_01/meshes
[0.660s] -- Up-to-date: /home/vboxuser/bumperbot_ws/install/bumperbot_description/share/bumperbot_description/models/aws_robomaker_warehouse_DeskC_01/meshes/aws_robomaker_warehouse_DeskC_01_visual.DAE
[0.660s] -- Up-to-date: /home/vboxuser/bumperbot_ws/install/bumperbot_description/share/bumperbot_description/models/aws_robomaker_warehouse_DeskC_01/meshes/aws_robomaker_warehouse_DeskC_01_collision.DAE
[0.660s] -- Up-to-date: /home/vboxuser/bumperbot_ws/install/bumperbot_description/share/bumperbot_description/models/aws_robomaker_warehouse_DeskC_01/model.config
[0.660s] -- Up-to-date: /home/vboxuser/bumperbot_ws/install/bumperbot_description/share/bumperbot_description/models/aws_robomaker_warehouse_DeskC_01/model.sdf
[0.660s] -- Up-to-date: /home/vboxuser/bumperbot_ws/install/bumperbot_description/share/bumperbot_description/models/aws_robomaker_residential_Pillow_01
[0.661s] -- Up-to-date: /home/vboxuser/bumperbot_ws/install/bumperbot_description/share/bumperbot_description/models/aws_robomaker_residential_Pillow_01/materials
[0.661s] -- Up-to-date: /home/vboxuser/bumperbot_ws/install/bumperbot_description/share/bumperbot_description/models/aws_robomaker_residential_Pillow_01/materials/textures
[0.661s] -- Up-to-date: /home/vboxuser/bumperbot_ws/install/bumperbot_description/share/bumperbot_description/models/aws_robomaker_residential_Pillow_01/materials/textures/aws_Pillow_01.png
[0.661s] -- Up-to-date: /home/vboxuser/bumperbot_ws/install/bumperbot_description/share/bumperbot_description/models/aws_robomaker_residential_Pillow_01/meshes
[0.661s] -- Up-to-date: /home/vboxuser/bumperbot_ws/install/bumperbot_description/share/bumperbot_description/models/aws_robomaker_residential_Pillow_01/meshes/aws_Pillow_01_visual.DAE
[0.661s] -- Up-to-date: /home/vboxuser/bumperbot_ws/install/bumperbot_description/share/bumperbot_description/models/aws_robomaker_residential_Pillow_01/meshes/aws_Pillow_01_collision.DAE
[0.661s] -- Up-to-date: /home/vboxuser/bumperbot_ws/install/bumperbot_description/share/bumperbot_description/models/aws_robomaker_residential_Pillow_01/model.config
[0.661s] -- Up-to-date: /home/vboxuser/bumperbot_ws/install/bumperbot_description/share/bumperbot_description/models/aws_robomaker_residential_Pillow_01/model.sdf
[0.661s] -- Up-to-date: /home/vboxuser/bumperbot_ws/install/bumperbot_description/share/bumperbot_description/models/aws_robomaker_warehouse_Lamp_01
[0.661s] -- Up-to-date: /home/vboxuser/bumperbot_ws/install/bumperbot_description/share/bumperbot_description/models/aws_robomaker_warehouse_Lamp_01/materials
[0.661s] -- Up-to-date: /home/vboxuser/bumperbot_ws/install/bumperbot_description/share/bumperbot_description/models/aws_robomaker_warehouse_Lamp_01/materials/textures
[0.661s] -- Up-to-date: /home/vboxuser/bumperbot_ws/install/bumperbot_description/share/bumperbot_description/models/aws_robomaker_warehouse_Lamp_01/materials/textures/aws_robomaker_warehouse_Lamp_01.png
[0.661s] -- Up-to-date: /home/vboxuser/bumperbot_ws/install/bumperbot_description/share/bumperbot_description/models/aws_robomaker_warehouse_Lamp_01/meshes
[0.662s] -- Up-to-date: /home/vboxuser/bumperbot_ws/install/bumperbot_description/share/bumperbot_description/models/aws_robomaker_warehouse_Lamp_01/meshes/aws_robomaker_warehouse_Lamp_01_visual.DAE
[0.662s] -- Up-to-date: /home/vboxuser/bumperbot_ws/install/bumperbot_description/share/bumperbot_description/models/aws_robomaker_warehouse_Lamp_01/meshes/aws_robomaker_warehouse_Lamp_01_collision.DAE
[0.662s] -- Up-to-date: /home/vboxuser/bumperbot_ws/install/bumperbot_description/share/bumperbot_description/models/aws_robomaker_warehouse_Lamp_01/model.config
[0.662s] -- Up-to-date: /home/vboxuser/bumperbot_ws/install/bumperbot_description/share/bumperbot_description/models/aws_robomaker_warehouse_Lamp_01/model.sdf
[0.663s] -- Up-to-date: /home/vboxuser/bumperbot_ws/install/bumperbot_description/share/bumperbot_description/models/aws_robomaker_residential_HouseWallB_01
[0.663s] -- Up-to-date: /home/vboxuser/bumperbot_ws/install/bumperbot_description/share/bumperbot_description/models/aws_robomaker_residential_HouseWallB_01/materials
[0.667s] -- Up-to-date: /home/vboxuser/bumperbot_ws/install/bumperbot_description/share/bumperbot_description/models/aws_robomaker_residential_HouseWallB_01/materials/textures
[0.669s] -- Up-to-date: /home/vboxuser/bumperbot_ws/install/bumperbot_description/share/bumperbot_description/models/aws_robomaker_residential_HouseWallB_01/materials/textures/aws_HouseWallB_01.png
[0.669s] -- Up-to-date: /home/vboxuser/bumperbot_ws/install/bumperbot_description/share/bumperbot_description/models/aws_robomaker_residential_HouseWallB_01/meshes
[0.669s] -- Up-to-date: /home/vboxuser/bumperbot_ws/install/bumperbot_description/share/bumperbot_description/models/aws_robomaker_residential_HouseWallB_01/meshes/aws_HouseWallB_01_visual.DAE
[0.670s] -- Up-to-date: /home/vboxuser/bumperbot_ws/install/bumperbot_description/share/bumperbot_description/models/aws_robomaker_residential_HouseWallB_01/meshes/aws_HouseWallB_01_collision.DAE
[0.670s] -- Up-to-date: /home/vboxuser/bumperbot_ws/install/bumperbot_description/share/bumperbot_description/models/aws_robomaker_residential_HouseWallB_01/model.config
[0.670s] -- Up-to-date: /home/vboxuser/bumperbot_ws/install/bumperbot_description/share/bumperbot_description/models/aws_robomaker_residential_HouseWallB_01/model.sdf
[0.670s] -- Up-to-date: /home/vboxuser/bumperbot_ws/install/bumperbot_description/share/bumperbot_description/models/aws_robomaker_residential_Bed_01
[0.670s] -- Up-to-date: /home/vboxuser/bumperbot_ws/install/bumperbot_description/share/bumperbot_description/models/aws_robomaker_residential_Bed_01/materials
[0.670s] -- Up-to-date: /home/vboxuser/bumperbot_ws/install/bumperbot_description/share/bumperbot_description/models/aws_robomaker_residential_Bed_01/materials/textures
[0.671s] -- Up-to-date: /home/vboxuser/bumperbot_ws/install/bumperbot_description/share/bumperbot_description/models/aws_robomaker_residential_Bed_01/materials/textures/aws_BedB_01.png
[0.671s] -- Up-to-date: /home/vboxuser/bumperbot_ws/install/bumperbot_description/share/bumperbot_description/models/aws_robomaker_residential_Bed_01/materials/textures/aws_BedC_01.png
[0.671s] -- Up-to-date: /home/vboxuser/bumperbot_ws/install/bumperbot_description/share/bumperbot_description/models/aws_robomaker_residential_Bed_01/materials/textures/aws_BedA_01.png
[0.673s] -- Up-to-date: /home/vboxuser/bumperbot_ws/install/bumperbot_description/share/bumperbot_description/models/aws_robomaker_residential_Bed_01/materials/textures/aws_Bed_01.png
[0.683s] -- Up-to-date: /home/vboxuser/bumperbot_ws/install/bumperbot_description/share/bumperbot_description/models/aws_robomaker_residential_Bed_01/meshes
[0.685s] -- Up-to-date: /home/vboxuser/bumperbot_ws/install/bumperbot_description/share/bumperbot_description/models/aws_robomaker_residential_Bed_01/meshes/aws_Bed_01_visual.DAE
[0.688s] -- Up-to-date: /home/vboxuser/bumperbot_ws/install/bumperbot_description/share/bumperbot_description/models/aws_robomaker_residential_Bed_01/meshes/aws_Bed_01_collision.DAE
[0.689s] -- Up-to-date: /home/vboxuser/bumperbot_ws/install/bumperbot_description/share/bumperbot_description/models/aws_robomaker_residential_Bed_01/model.config
[0.689s] -- Up-to-date: /home/vboxuser/bumperbot_ws/install/bumperbot_description/share/bumperbot_description/models/aws_robomaker_residential_Bed_01/model.sdf
[0.689s] -- Up-to-date: /home/vboxuser/bumperbot_ws/install/bumperbot_description/share/bumperbot_description/models/aws_robomaker_residential_PortraitB_01
[0.689s] -- Up-to-date: /home/vboxuser/bumperbot_ws/install/bumperbot_description/share/bumperbot_description/models/aws_robomaker_residential_PortraitB_01/materials
[0.689s] -- Up-to-date: /home/vboxuser/bumperbot_ws/install/bumperbot_description/share/bumperbot_description/models/aws_robomaker_residential_PortraitB_01/materials/textures
[0.689s] -- Up-to-date: /home/vboxuser/bumperbot_ws/install/bumperbot_description/share/bumperbot_description/models/aws_robomaker_residential_PortraitB_01/materials/textures/aws_PortraitB_02.png
[0.689s] -- Up-to-date: /home/vboxuser/bumperbot_ws/install/bumperbot_description/share/bumperbot_description/models/aws_robomaker_residential_PortraitB_01/materials/textures/aws_PortraitB_01.png
[0.689s] -- Up-to-date: /home/vboxuser/bumperbot_ws/install/bumperbot_description/share/bumperbot_description/models/aws_robomaker_residential_PortraitB_01/meshes
[0.689s] -- Up-to-date: /home/vboxuser/bumperbot_ws/install/bumperbot_description/share/bumperbot_description/models/aws_robomaker_residential_PortraitB_01/meshes/aws_PortraitB_01_collision.DAE
[0.689s] -- Up-to-date: /home/vboxuser/bumperbot_ws/install/bumperbot_description/share/bumperbot_description/models/aws_robomaker_residential_PortraitB_01/meshes/aws_PortraitB_01_visual.DAE
[0.689s] -- Up-to-date: /home/vboxuser/bumperbot_ws/install/bumperbot_description/share/bumperbot_description/models/aws_robomaker_residential_PortraitB_01/model.config
[0.689s] -- Up-to-date: /home/vboxuser/bumperbot_ws/install/bumperbot_description/share/bumperbot_description/models/aws_robomaker_residential_PortraitB_01/model.sdf
[0.689s] -- Up-to-date: /home/vboxuser/bumperbot_ws/install/bumperbot_description/share/bumperbot_description/models/aws_robomaker_residential_DeskPortraitD_03
[0.689s] -- Up-to-date: /home/vboxuser/bumperbot_ws/install/bumperbot_description/share/bumperbot_description/models/aws_robomaker_residential_DeskPortraitD_03/materials
[0.695s] -- Up-to-date: /home/vboxuser/bumperbot_ws/install/bumperbot_description/share/bumperbot_description/models/aws_robomaker_residential_DeskPortraitD_03/materials/textures
[0.697s] -- Up-to-date: /home/vboxuser/bumperbot_ws/install/bumperbot_description/share/bumperbot_description/models/aws_robomaker_residential_DeskPortraitD_03/materials/textures/aws_DeskPortraitD_02.png
[0.698s] -- Up-to-date: /home/vboxuser/bumperbot_ws/install/bumperbot_description/share/bumperbot_description/models/aws_robomaker_residential_DeskPortraitD_03/materials/textures/aws_DeskPortraitD_01.png
[0.698s] -- Up-to-date: /home/vboxuser/bumperbot_ws/install/bumperbot_description/share/bumperbot_description/models/aws_robomaker_residential_DeskPortraitD_03/meshes
[0.699s] -- Up-to-date: /home/vboxuser/bumperbot_ws/install/bumperbot_description/share/bumperbot_description/models/aws_robomaker_residential_DeskPortraitD_03/meshes/aws_DeskPortraitD_01_collision.DAE
[0.699s] -- Up-to-date: /home/vboxuser/bumperbot_ws/install/bumperbot_description/share/bumperbot_description/models/aws_robomaker_residential_DeskPortraitD_03/meshes/aws_DeskPortraitD_01_visual.DAE
[0.699s] -- Up-to-date: /home/vboxuser/bumperbot_ws/install/bumperbot_description/share/bumperbot_description/models/aws_robomaker_residential_DeskPortraitD_03/model.config
[0.699s] -- Up-to-date: /home/vboxuser/bumperbot_ws/install/bumperbot_description/share/bumperbot_description/models/aws_robomaker_residential_DeskPortraitD_03/model.sdf
[0.699s] -- Up-to-date: /home/vboxuser/bumperbot_ws/install/bumperbot_description/share/bumperbot_description/models/aws_robomaker_residential_RoomWindow_01
[0.700s] -- Up-to-date: /home/vboxuser/bumperbot_ws/install/bumperbot_description/share/bumperbot_description/models/aws_robomaker_residential_RoomWindow_01/materials
[0.700s] -- Up-to-date: /home/vboxuser/bumperbot_ws/install/bumperbot_description/share/bumperbot_description/models/aws_robomaker_residential_RoomWindow_01/materials/textures
[0.700s] -- Up-to-date: /home/vboxuser/bumperbot_ws/install/bumperbot_description/share/bumperbot_description/models/aws_robomaker_residential_RoomWindow_01/materials/textures/aws_RoomWindow_01.png
[0.700s] -- Up-to-date: /home/vboxuser/bumperbot_ws/install/bumperbot_description/share/bumperbot_description/models/aws_robomaker_residential_RoomWindow_01/meshes
[0.700s] -- Up-to-date: /home/vboxuser/bumperbot_ws/install/bumperbot_description/share/bumperbot_description/models/aws_robomaker_residential_RoomWindow_01/meshes/aws_RoomWindow_01_collision.DAE
[0.700s] -- Up-to-date: /home/vboxuser/bumperbot_ws/install/bumperbot_description/share/bumperbot_description/models/aws_robomaker_residential_RoomWindow_01/meshes/aws_RoomWindow_01_visual.DAE
[0.701s] -- Up-to-date: /home/vboxuser/bumperbot_ws/install/bumperbot_description/share/bumperbot_description/models/aws_robomaker_residential_RoomWindow_01/model.config
[0.701s] -- Up-to-date: /home/vboxuser/bumperbot_ws/install/bumperbot_description/share/bumperbot_description/models/aws_robomaker_residential_RoomWindow_01/model.sdf
[0.701s] -- Up-to-date: /home/vboxuser/bumperbot_ws/install/bumperbot_description/share/bumperbot_description/models/aws_robomaker_residential_DeskPortraitB_02
[0.701s] -- Up-to-date: /home/vboxuser/bumperbot_ws/install/bumperbot_description/share/bumperbot_description/models/aws_robomaker_residential_DeskPortraitB_02/materials
[0.703s] -- Up-to-date: /home/vboxuser/bumperbot_ws/install/bumperbot_description/share/bumperbot_description/models/aws_robomaker_residential_DeskPortraitB_02/materials/textures
[0.703s] -- Up-to-date: /home/vboxuser/bumperbot_ws/install/bumperbot_description/share/bumperbot_description/models/aws_robomaker_residential_DeskPortraitB_02/materials/textures/aws_DeskPortraitB_02.png
[0.704s] -- Up-to-date: /home/vboxuser/bumperbot_ws/install/bumperbot_description/share/bumperbot_description/models/aws_robomaker_residential_DeskPortraitB_02/materials/textures/aws_DeskPortraitB_01.png
[0.705s] -- Up-to-date: /home/vboxuser/bumperbot_ws/install/bumperbot_description/share/bumperbot_description/models/aws_robomaker_residential_DeskPortraitB_02/meshes
[0.709s] -- Up-to-date: /home/vboxuser/bumperbot_ws/install/bumperbot_description/share/bumperbot_description/models/aws_robomaker_residential_DeskPortraitB_02/meshes/aws_DeskPortraitB_01_visual.DAE
[0.718s] -- Up-to-date: /home/vboxuser/bumperbot_ws/install/bumperbot_description/share/bumperbot_description/models/aws_robomaker_residential_DeskPortraitB_02/meshes/aws_DeskPortraitB_01_collision.DAE
[0.727s] -- Up-to-date: /home/vboxuser/bumperbot_ws/install/bumperbot_description/share/bumperbot_description/models/aws_robomaker_residential_DeskPortraitB_02/model.config
[0.734s] -- Up-to-date: /home/vboxuser/bumperbot_ws/install/bumperbot_description/share/bumperbot_description/models/aws_robomaker_residential_DeskPortraitB_02/model.sdf
[0.734s] -- Up-to-date: /home/vboxuser/bumperbot_ws/install/bumperbot_description/share/bumperbot_description/models/aws_robomaker_residential_DeskPortraitB_01
[0.734s] -- Up-to-date: /home/vboxuser/bumperbot_ws/install/bumperbot_description/share/bumperbot_description/models/aws_robomaker_residential_DeskPortraitB_01/materials
[0.734s] -- Up-to-date: /home/vboxuser/bumperbot_ws/install/bumperbot_description/share/bumperbot_description/models/aws_robomaker_residential_DeskPortraitB_01/materials/textures
[0.738s] -- Up-to-date: /home/vboxuser/bumperbot_ws/install/bumperbot_description/share/bumperbot_description/models/aws_robomaker_residential_DeskPortraitB_01/materials/textures/aws_DeskPortraitB_02.png
[0.738s] -- Up-to-date: /home/vboxuser/bumperbot_ws/install/bumperbot_description/share/bumperbot_description/models/aws_robomaker_residential_DeskPortraitB_01/materials/textures/aws_DeskPortraitB_01.png
[0.738s] -- Up-to-date: /home/vboxuser/bumperbot_ws/install/bumperbot_description/share/bumperbot_description/models/aws_robomaker_residential_DeskPortraitB_01/meshes
[0.738s] -- Up-to-date: /home/vboxuser/bumperbot_ws/install/bumperbot_description/share/bumperbot_description/models/aws_robomaker_residential_DeskPortraitB_01/meshes/aws_DeskPortraitB_01_visual.DAE
[0.738s] -- Up-to-date: /home/vboxuser/bumperbot_ws/install/bumperbot_description/share/bumperbot_description/models/aws_robomaker_residential_DeskPortraitB_01/meshes/aws_DeskPortraitB_01_collision.DAE
[0.739s] -- Up-to-date: /home/vboxuser/bumperbot_ws/install/bumperbot_description/share/bumperbot_description/models/aws_robomaker_residential_DeskPortraitB_01/model.config
[0.739s] -- Up-to-date: /home/vboxuser/bumperbot_ws/install/bumperbot_description/share/bumperbot_description/models/aws_robomaker_residential_DeskPortraitB_01/model.sdf
[0.739s] -- Up-to-date: /home/vboxuser/bumperbot_ws/install/bumperbot_description/share/bumperbot_description/models/aws_robomaker_residential_DeskPortraitC_01
[0.739s] -- Up-to-date: /home/vboxuser/bumperbot_ws/install/bumperbot_description/share/bumperbot_description/models/aws_robomaker_residential_DeskPortraitC_01/materials
[0.739s] -- Up-to-date: /home/vboxuser/bumperbot_ws/install/bumperbot_description/share/bumperbot_description/models/aws_robomaker_residential_DeskPortraitC_01/materials/textures
[0.739s] -- Up-to-date: /home/vboxuser/bumperbot_ws/install/bumperbot_description/share/bumperbot_description/models/aws_robomaker_residential_DeskPortraitC_01/materials/textures/aws_DeskPortraitC_01.png
[0.739s] -- Up-to-date: /home/vboxuser/bumperbot_ws/install/bumperbot_description/share/bumperbot_description/models/aws_robomaker_residential_DeskPortraitC_01/materials/textures/aws_DeskPortraitC_02.png
[0.739s] -- Up-to-date: /home/vboxuser/bumperbot_ws/install/bumperbot_description/share/bumperbot_description/models/aws_robomaker_residential_DeskPortraitC_01/meshes
[0.739s] -- Up-to-date: /home/vboxuser/bumperbot_ws/install/bumperbot_description/share/bumperbot_description/models/aws_robomaker_residential_DeskPortraitC_01/meshes/aws_DeskPortraitC_01_visual.DAE
[0.740s] -- Up-to-date: /home/vboxuser/bumperbot_ws/install/bumperbot_description/share/bumperbot_description/models/aws_robomaker_residential_DeskPortraitC_01/meshes/aws_DeskPortraitC_01_collision.DAE
[0.740s] -- Up-to-date: /home/vboxuser/bumperbot_ws/install/bumperbot_description/share/bumperbot_description/models/aws_robomaker_residential_DeskPortraitC_01/model.config
[0.740s] -- Up-to-date: /home/vboxuser/bumperbot_ws/install/bumperbot_description/share/bumperbot_description/models/aws_robomaker_residential_DeskPortraitC_01/model.sdf
[0.740s] -- Up-to-date: /home/vboxuser/bumperbot_ws/install/bumperbot_description/share/bumperbot_description/models/aws_robomaker_residential_Rangehood_01
[0.740s] -- Up-to-date: /home/vboxuser/bumperbot_ws/install/bumperbot_description/share/bumperbot_description/models/aws_robomaker_residential_Rangehood_01/materials
[0.740s] -- Up-to-date: /home/vboxuser/bumperbot_ws/install/bumperbot_description/share/bumperbot_description/models/aws_robomaker_residential_Rangehood_01/materials/textures
[0.740s] -- Up-to-date: /home/vboxuser/bumperbot_ws/install/bumperbot_description/share/bumperbot_description/models/aws_robomaker_residential_Rangehood_01/materials/textures/aws_Rangehood_01.png
[0.741s] -- Up-to-date: /home/vboxuser/bumperbot_ws/install/bumperbot_description/share/bumperbot_description/models/aws_robomaker_residential_Rangehood_01/meshes
[0.741s] -- Up-to-date: /home/vboxuser/bumperbot_ws/install/bumperbot_description/share/bumperbot_description/models/aws_robomaker_residential_Rangehood_01/meshes/aws_Rangehood_01_visual.DAE
[0.741s] -- Up-to-date: /home/vboxuser/bumperbot_ws/install/bumperbot_description/share/bumperbot_description/models/aws_robomaker_residential_Rangehood_01/meshes/aws_Rangehood_01_collision.DAE
[0.741s] -- Up-to-date: /home/vboxuser/bumperbot_ws/install/bumperbot_description/share/bumperbot_description/models/aws_robomaker_residential_Rangehood_01/model.config
[0.741s] -- Up-to-date: /home/vboxuser/bumperbot_ws/install/bumperbot_description/share/bumperbot_description/models/aws_robomaker_residential_Rangehood_01/model.sdf
[0.741s] -- Up-to-date: /home/vboxuser/bumperbot_ws/install/bumperbot_description/share/bumperbot_description/models/aws_robomaker_warehouse_Bucket_01
[0.741s] -- Up-to-date: /home/vboxuser/bumperbot_ws/install/bumperbot_description/share/bumperbot_description/models/aws_robomaker_warehouse_Bucket_01/materials
[0.741s] -- Up-to-date: /home/vboxuser/bumperbot_ws/install/bumperbot_description/share/bumperbot_description/models/aws_robomaker_warehouse_Bucket_01/materials/textures
[0.741s] -- Up-to-date: /home/vboxuser/bumperbot_ws/install/bumperbot_description/share/bumperbot_description/models/aws_robomaker_warehouse_Bucket_01/materials/textures/aws_robomaker_warehouse_Bucket_01.png
[0.741s] -- Up-to-date: /home/vboxuser/bumperbot_ws/install/bumperbot_description/share/bumperbot_description/models/aws_robomaker_warehouse_Bucket_01/materials/.DS_Store
[0.741s] -- Up-to-date: /home/vboxuser/bumperbot_ws/install/bumperbot_description/share/bumperbot_description/models/aws_robomaker_warehouse_Bucket_01/meshes
[0.742s] -- Up-to-date: /home/vboxuser/bumperbot_ws/install/bumperbot_description/share/bumperbot_description/models/aws_robomaker_warehouse_Bucket_01/meshes/aws_robomaker_warehouse_Bucket_01_visual.DAE
[0.742s] -- Up-to-date: /home/vboxuser/bumperbot_ws/install/bumperbot_description/share/bumperbot_description/models/aws_robomaker_warehouse_Bucket_01/meshes/aws_robomaker_warehouse_Bucket_01_collision.DAE
[0.742s] -- Up-to-date: /home/vboxuser/bumperbot_ws/install/bumperbot_description/share/bumperbot_description/models/aws_robomaker_warehouse_Bucket_01/model.config
[0.742s] -- Up-to-date: /home/vboxuser/bumperbot_ws/install/bumperbot_description/share/bumperbot_description/models/aws_robomaker_warehouse_Bucket_01/.DS_Store
[0.742s] -- Up-to-date: /home/vboxuser/bumperbot_ws/install/bumperbot_description/share/bumperbot_description/models/aws_robomaker_warehouse_Bucket_01/model.sdf
[0.742s] -- Up-to-date: /home/vboxuser/bumperbot_ws/install/bumperbot_description/share/bumperbot_description/models/aws_robomaker_warehouse_ClutteringC_01
[0.742s] -- Up-to-date: /home/vboxuser/bumperbot_ws/install/bumperbot_description/share/bumperbot_description/models/aws_robomaker_warehouse_ClutteringC_01/materials
[0.744s] -- Up-to-date: /home/vboxuser/bumperbot_ws/install/bumperbot_description/share/bumperbot_description/models/aws_robomaker_warehouse_ClutteringC_01/materials/textures
[0.745s] -- Up-to-date: /home/vboxuser/bumperbot_ws/install/bumperbot_description/share/bumperbot_description/models/aws_robomaker_warehouse_ClutteringC_01/materials/textures/aws_robomaker_warehouse_ClutteringC_01.png
[0.745s] -- Up-to-date: /home/vboxuser/bumperbot_ws/install/bumperbot_description/share/bumperbot_description/models/aws_robomaker_warehouse_ClutteringC_01/materials/textures/aws_robomaker_warehouse_ClutteringC_02.png
[0.745s] -- Up-to-date: /home/vboxuser/bumperbot_ws/install/bumperbot_description/share/bumperbot_description/models/aws_robomaker_warehouse_ClutteringC_01/meshes
[0.748s] -- Up-to-date: /home/vboxuser/bumperbot_ws/install/bumperbot_description/share/bumperbot_description/models/aws_robomaker_warehouse_ClutteringC_01/meshes/aws_robomaker_warehouse_ClutteringC_01_visual.DAE
[0.748s] -- Up-to-date: /home/vboxuser/bumperbot_ws/install/bumperbot_description/share/bumperbot_description/models/aws_robomaker_warehouse_ClutteringC_01/meshes/aws_robomaker_warehouse_ClutteringC_01_collision.DAE
[0.748s] -- Up-to-date: /home/vboxuser/bumperbot_ws/install/bumperbot_description/share/bumperbot_description/models/aws_robomaker_warehouse_ClutteringC_01/model.config
[0.748s] -- Up-to-date: /home/vboxuser/bumperbot_ws/install/bumperbot_description/share/bumperbot_description/models/aws_robomaker_warehouse_ClutteringC_01/model.sdf
[0.749s] -- Up-to-date: /home/vboxuser/bumperbot_ws/install/bumperbot_description/share/bumperbot_description/models/aws_robomaker_warehouse_TrashCanC_01
[0.750s] -- Up-to-date: /home/vboxuser/bumperbot_ws/install/bumperbot_description/share/bumperbot_description/models/aws_robomaker_warehouse_TrashCanC_01/materials
[0.753s] -- Up-to-date: /home/vboxuser/bumperbot_ws/install/bumperbot_description/share/bumperbot_description/models/aws_robomaker_warehouse_TrashCanC_01/materials/textures
[0.753s] -- Up-to-date: /home/vboxuser/bumperbot_ws/install/bumperbot_description/share/bumperbot_description/models/aws_robomaker_warehouse_TrashCanC_01/materials/textures/aws_robomaker_warehouse_TrashCanC_01.png
[0.753s] -- Up-to-date: /home/vboxuser/bumperbot_ws/install/bumperbot_description/share/bumperbot_description/models/aws_robomaker_warehouse_TrashCanC_01/meshes
[0.754s] -- Up-to-date: /home/vboxuser/bumperbot_ws/install/bumperbot_description/share/bumperbot_description/models/aws_robomaker_warehouse_TrashCanC_01/meshes/aws_robomaker_warehouse_TrashCanC_01_visual.DAE
[0.754s] -- Up-to-date: /home/vboxuser/bumperbot_ws/install/bumperbot_description/share/bumperbot_description/models/aws_robomaker_warehouse_TrashCanC_01/meshes/aws_robomaker_warehouse_TrashCanC_01_collision.DAE
[0.754s] -- Up-to-date: /home/vboxuser/bumperbot_ws/install/bumperbot_description/share/bumperbot_description/models/aws_robomaker_warehouse_TrashCanC_01/model.config
[0.755s] -- Up-to-date: /home/vboxuser/bumperbot_ws/install/bumperbot_description/share/bumperbot_description/models/aws_robomaker_warehouse_TrashCanC_01/model.sdf
[0.755s] -- Up-to-date: /home/vboxuser/bumperbot_ws/install/bumperbot_description/share/bumperbot_description/models/aws_robomaker_residential_BalconyTable_01
[0.766s] -- Up-to-date: /home/vboxuser/bumperbot_ws/install/bumperbot_description/share/bumperbot_description/models/aws_robomaker_residential_BalconyTable_01/materials
[0.766s] -- Up-to-date: /home/vboxuser/bumperbot_ws/install/bumperbot_description/share/bumperbot_description/models/aws_robomaker_residential_BalconyTable_01/materials/textures
[0.766s] -- Up-to-date: /home/vboxuser/bumperbot_ws/install/bumperbot_description/share/bumperbot_description/models/aws_robomaker_residential_BalconyTable_01/materials/textures/aws_BalconyTable_01.png
[0.766s] -- Up-to-date: /home/vboxuser/bumperbot_ws/install/bumperbot_description/share/bumperbot_description/models/aws_robomaker_residential_BalconyTable_01/meshes
[0.832s] -- Up-to-date: /home/vboxuser/bumperbot_ws/install/bumperbot_description/share/bumperbot_description/models/aws_robomaker_residential_BalconyTable_01/meshes/aws_BalconyTable_01_collision.DAE
[0.832s] -- Up-to-date: /home/vboxuser/bumperbot_ws/install/bumperbot_description/share/bumperbot_description/models/aws_robomaker_residential_BalconyTable_01/meshes/aws_BalconyTable_01_visual.DAE
[0.832s] -- Up-to-date: /home/vboxuser/bumperbot_ws/install/bumperbot_description/share/bumperbot_description/models/aws_robomaker_residential_BalconyTable_01/model.config
[0.833s] -- Up-to-date: /home/vboxuser/bumperbot_ws/install/bumperbot_description/share/bumperbot_description/models/aws_robomaker_residential_BalconyTable_01/model.sdf
[0.833s] -- Up-to-date: /home/vboxuser/bumperbot_ws/install/bumperbot_description/share/bumperbot_description/models/aws_robomaker_residential_RoomWall_01
[0.833s] -- Up-to-date: /home/vboxuser/bumperbot_ws/install/bumperbot_description/share/bumperbot_description/models/aws_robomaker_residential_RoomWall_01/materials
[0.834s] -- Up-to-date: /home/vboxuser/bumperbot_ws/install/bumperbot_description/share/bumperbot_description/models/aws_robomaker_residential_RoomWall_01/materials/textures
[0.866s] -- Up-to-date: /home/vboxuser/bumperbot_ws/install/bumperbot_description/share/bumperbot_description/models/aws_robomaker_residential_RoomWall_01/materials/textures/aws_RoomWall_01.png
[0.867s] -- Up-to-date: /home/vboxuser/bumperbot_ws/install/bumperbot_description/share/bumperbot_description/models/aws_robomaker_residential_RoomWall_01/meshes
[0.869s] -- Up-to-date: /home/vboxuser/bumperbot_ws/install/bumperbot_description/share/bumperbot_description/models/aws_robomaker_residential_RoomWall_01/meshes/aws_RoomWall_01_collision.DAE
[0.884s] -- Up-to-date: /home/vboxuser/bumperbot_ws/install/bumperbot_description/share/bumperbot_description/models/aws_robomaker_residential_RoomWall_01/meshes/aws_RoomWall_01_visual.DAE
[0.884s] -- Up-to-date: /home/vboxuser/bumperbot_ws/install/bumperbot_description/share/bumperbot_description/models/aws_robomaker_residential_RoomWall_01/model.config
[0.885s] -- Up-to-date: /home/vboxuser/bumperbot_ws/install/bumperbot_description/share/bumperbot_description/models/aws_robomaker_residential_RoomWall_01/model.sdf
[0.885s] -- Up-to-date: /home/vboxuser/bumperbot_ws/install/bumperbot_description/share/bumperbot_description/models/aws_robomaker_residential_DeskPortraitD_02
[0.887s] -- Up-to-date: /home/vboxuser/bumperbot_ws/install/bumperbot_description/share/bumperbot_description/models/aws_robomaker_residential_DeskPortraitD_02/materials
[0.887s] -- Up-to-date: /home/vboxuser/bumperbot_ws/install/bumperbot_description/share/bumperbot_description/models/aws_robomaker_residential_DeskPortraitD_02/materials/textures
[0.887s] -- Up-to-date: /home/vboxuser/bumperbot_ws/install/bumperbot_description/share/bumperbot_description/models/aws_robomaker_residential_DeskPortraitD_02/materials/textures/aws_DeskPortraitD_02.png
[0.887s] -- Up-to-date: /home/vboxuser/bumperbot_ws/install/bumperbot_description/share/bumperbot_description/models/aws_robomaker_residential_DeskPortraitD_02/materials/textures/aws_DeskPortraitD_01.png
[0.888s] -- Up-to-date: /home/vboxuser/bumperbot_ws/install/bumperbot_description/share/bumperbot_description/models/aws_robomaker_residential_DeskPortraitD_02/meshes
[0.888s] -- Up-to-date: /home/vboxuser/bumperbot_ws/install/bumperbot_description/share/bumperbot_description/models/aws_robomaker_residential_DeskPortraitD_02/meshes/aws_DeskPortraitD_01_collision.DAE
[0.889s] -- Up-to-date: /home/vboxuser/bumperbot_ws/install/bumperbot_description/share/bumperbot_description/models/aws_robomaker_residential_DeskPortraitD_02/meshes/aws_DeskPortraitD_01_visual.DAE
[0.889s] -- Up-to-date: /home/vboxuser/bumperbot_ws/install/bumperbot_description/share/bumperbot_description/models/aws_robomaker_residential_DeskPortraitD_02/model.config
[0.890s] -- Up-to-date: /home/vboxuser/bumperbot_ws/install/bumperbot_description/share/bumperbot_description/models/aws_robomaker_residential_DeskPortraitD_02/model.sdf
[0.890s] -- Up-to-date: /home/vboxuser/bumperbot_ws/install/bumperbot_description/share/bumperbot_description/models/aws_robomaker_residential_RoomCeiling_01
[0.890s] -- Up-to-date: /home/vboxuser/bumperbot_ws/install/bumperbot_description/share/bumperbot_description/models/aws_robomaker_residential_RoomCeiling_01/materials
[0.891s] -- Up-to-date: /home/vboxuser/bumperbot_ws/install/bumperbot_description/share/bumperbot_description/models/aws_robomaker_residential_RoomCeiling_01/materials/textures
[0.891s] -- Up-to-date: /home/vboxuser/bumperbot_ws/install/bumperbot_description/share/bumperbot_description/models/aws_robomaker_residential_RoomCeiling_01/materials/textures/aws_RoomCeiling_01.png
[0.892s] -- Up-to-date: /home/vboxuser/bumperbot_ws/install/bumperbot_description/share/bumperbot_description/models/aws_robomaker_residential_RoomCeiling_01/meshes
[0.892s] -- Up-to-date: /home/vboxuser/bumperbot_ws/install/bumperbot_description/share/bumperbot_description/models/aws_robomaker_residential_RoomCeiling_01/meshes/aws_RoomCeiling_01_visual.DAE
[0.892s] -- Up-to-date: /home/vboxuser/bumperbot_ws/install/bumperbot_description/share/bumperbot_description/models/aws_robomaker_residential_RoomCeiling_01/meshes/aws_RoomCeiling_01_collision.DAE
[0.892s] -- Up-to-date: /home/vboxuser/bumperbot_ws/install/bumperbot_description/share/bumperbot_description/models/aws_robomaker_residential_RoomCeiling_01/model.config
[0.893s] -- Up-to-date: /home/vboxuser/bumperbot_ws/install/bumperbot_description/share/bumperbot_description/models/aws_robomaker_residential_RoomCeiling_01/model.sdf
[0.895s] -- Up-to-date: /home/vboxuser/bumperbot_ws/install/bumperbot_description/share/bumperbot_description/models/aws_robomaker_residential_SofaB_01
[0.896s] -- Up-to-date: /home/vboxuser/bumperbot_ws/install/bumperbot_description/share/bumperbot_description/models/aws_robomaker_residential_SofaB_01/materials
[0.897s] -- Up-to-date: /home/vboxuser/bumperbot_ws/install/bumperbot_description/share/bumperbot_description/models/aws_robomaker_residential_SofaB_01/materials/textures
[0.897s] -- Up-to-date: /home/vboxuser/bumperbot_ws/install/bumperbot_description/share/bumperbot_description/models/aws_robomaker_residential_SofaB_01/materials/textures/aws_SofaB_01.png
[0.897s] -- Up-to-date: /home/vboxuser/bumperbot_ws/install/bumperbot_description/share/bumperbot_description/models/aws_robomaker_residential_SofaB_01/meshes
[0.897s] -- Up-to-date: /home/vboxuser/bumperbot_ws/install/bumperbot_description/share/bumperbot_description/models/aws_robomaker_residential_SofaB_01/meshes/aws_SofaB_01_visual.DAE
[0.897s] -- Up-to-date: /home/vboxuser/bumperbot_ws/install/bumperbot_description/share/bumperbot_description/models/aws_robomaker_residential_SofaB_01/meshes/aws_SofaB_01_collision.DAE
[0.898s] -- Up-to-date: /home/vboxuser/bumperbot_ws/install/bumperbot_description/share/bumperbot_description/models/aws_robomaker_residential_SofaB_01/model.config
[0.898s] -- Up-to-date: /home/vboxuser/bumperbot_ws/install/bumperbot_description/share/bumperbot_description/models/aws_robomaker_residential_SofaB_01/model.sdf
[0.900s] -- Up-to-date: /home/vboxuser/bumperbot_ws/install/bumperbot_description/share/bumperbot_description/models/aws_robomaker_residential_Chandelier_01
[0.901s] -- Up-to-date: /home/vboxuser/bumperbot_ws/install/bumperbot_description/share/bumperbot_description/models/aws_robomaker_residential_Chandelier_01/materials
[0.902s] -- Up-to-date: /home/vboxuser/bumperbot_ws/install/bumperbot_description/share/bumperbot_description/models/aws_robomaker_residential_Chandelier_01/materials/textures
[0.902s] -- Up-to-date: /home/vboxuser/bumperbot_ws/install/bumperbot_description/share/bumperbot_description/models/aws_robomaker_residential_Chandelier_01/materials/textures/aws_Chandelier_01.png
[0.902s] -- Up-to-date: /home/vboxuser/bumperbot_ws/install/bumperbot_description/share/bumperbot_description/models/aws_robomaker_residential_Chandelier_01/meshes
[0.903s] -- Up-to-date: /home/vboxuser/bumperbot_ws/install/bumperbot_description/share/bumperbot_description/models/aws_robomaker_residential_Chandelier_01/meshes/aws_Chandelier_01.DAE
[0.903s] -- Up-to-date: /home/vboxuser/bumperbot_ws/install/bumperbot_description/share/bumperbot_description/models/aws_robomaker_residential_Chandelier_01/meshes/aws_Chandelier_01_visual.DAE
[0.904s] -- Up-to-date: /home/vboxuser/bumperbot_ws/install/bumperbot_description/share/bumperbot_description/models/aws_robomaker_residential_Chandelier_01/meshes/aws_Chandelier_01_collision.DAE
[0.904s] -- Up-to-date: /home/vboxuser/bumperbot_ws/install/bumperbot_description/share/bumperbot_description/models/aws_robomaker_residential_Chandelier_01/model.config
[0.904s] -- Up-to-date: /home/vboxuser/bumperbot_ws/install/bumperbot_description/share/bumperbot_description/models/aws_robomaker_residential_Chandelier_01/model.sdf
[0.904s] -- Up-to-date: /home/vboxuser/bumperbot_ws/install/bumperbot_description/share/bumperbot_description/models/aws_robomaker_residential_DeskPortraitC_02
[0.905s] -- Up-to-date: /home/vboxuser/bumperbot_ws/install/bumperbot_description/share/bumperbot_description/models/aws_robomaker_residential_DeskPortraitC_02/materials
[0.906s] -- Up-to-date: /home/vboxuser/bumperbot_ws/install/bumperbot_description/share/bumperbot_description/models/aws_robomaker_residential_DeskPortraitC_02/materials/textures
[0.906s] -- Up-to-date: /home/vboxuser/bumperbot_ws/install/bumperbot_description/share/bumperbot_description/models/aws_robomaker_residential_DeskPortraitC_02/materials/textures/aws_DeskPortraitC_01.png
[0.907s] -- Up-to-date: /home/vboxuser/bumperbot_ws/install/bumperbot_description/share/bumperbot_description/models/aws_robomaker_residential_DeskPortraitC_02/materials/textures/aws_DeskPortraitC_02.png
[0.907s] -- Up-to-date: /home/vboxuser/bumperbot_ws/install/bumperbot_description/share/bumperbot_description/models/aws_robomaker_residential_DeskPortraitC_02/meshes
[0.907s] -- Up-to-date: /home/vboxuser/bumperbot_ws/install/bumperbot_description/share/bumperbot_description/models/aws_robomaker_residential_DeskPortraitC_02/meshes/aws_DeskPortraitC_01_visual.DAE
[0.907s] -- Up-to-date: /home/vboxuser/bumperbot_ws/install/bumperbot_description/share/bumperbot_description/models/aws_robomaker_residential_DeskPortraitC_02/meshes/aws_DeskPortraitC_01_collision.DAE
[0.907s] -- Up-to-date: /home/vboxuser/bumperbot_ws/install/bumperbot_description/share/bumperbot_description/models/aws_robomaker_residential_DeskPortraitC_02/model.config
[0.907s] -- Up-to-date: /home/vboxuser/bumperbot_ws/install/bumperbot_description/share/bumperbot_description/models/aws_robomaker_residential_DeskPortraitC_02/model.sdf
[0.907s] -- Up-to-date: /home/vboxuser/bumperbot_ws/install/bumperbot_description/share/bumperbot_description/models/aws_robomaker_residential_PortraitA_01
[0.907s] -- Up-to-date: /home/vboxuser/bumperbot_ws/install/bumperbot_description/share/bumperbot_description/models/aws_robomaker_residential_PortraitA_01/materials
[0.911s] -- Up-to-date: /home/vboxuser/bumperbot_ws/install/bumperbot_description/share/bumperbot_description/models/aws_robomaker_residential_PortraitA_01/materials/textures
[0.911s] -- Up-to-date: /home/vboxuser/bumperbot_ws/install/bumperbot_description/share/bumperbot_description/models/aws_robomaker_residential_PortraitA_01/materials/textures/aws_PortraitA_01.png
[0.912s] -- Up-to-date: /home/vboxuser/bumperbot_ws/install/bumperbot_description/share/bumperbot_description/models/aws_robomaker_residential_PortraitA_01/materials/textures/aws_PortraitA_02.png
[0.912s] -- Up-to-date: /home/vboxuser/bumperbot_ws/install/bumperbot_description/share/bumperbot_description/models/aws_robomaker_residential_PortraitA_01/meshes
[0.917s] -- Up-to-date: /home/vboxuser/bumperbot_ws/install/bumperbot_description/share/bumperbot_description/models/aws_robomaker_residential_PortraitA_01/meshes/aws_PortraitA_01_visual.DAE
[0.920s] -- Up-to-date: /home/vboxuser/bumperbot_ws/install/bumperbot_description/share/bumperbot_description/models/aws_robomaker_residential_PortraitA_01/meshes/aws_PortraitA_01_collision.DAE
[0.921s] -- Up-to-date: /home/vboxuser/bumperbot_ws/install/bumperbot_description/share/bumperbot_description/models/aws_robomaker_residential_PortraitA_01/model.config
[0.922s] -- Up-to-date: /home/vboxuser/bumperbot_ws/install/bumperbot_description/share/bumperbot_description/models/aws_robomaker_residential_PortraitA_01/model.sdf
[0.922s] -- Up-to-date: /home/vboxuser/bumperbot_ws/install/bumperbot_description/share/bumperbot_description/models/aws_robomaker_residential_PortraitD_02
[0.922s] -- Up-to-date: /home/vboxuser/bumperbot_ws/install/bumperbot_description/share/bumperbot_description/models/aws_robomaker_residential_PortraitD_02/materials
[0.935s] -- Up-to-date: /home/vboxuser/bumperbot_ws/install/bumperbot_description/share/bumperbot_description/models/aws_robomaker_residential_PortraitD_02/materials/textures
[0.938s] -- Up-to-date: /home/vboxuser/bumperbot_ws/install/bumperbot_description/share/bumperbot_description/models/aws_robomaker_residential_PortraitD_02/materials/textures/aws_PortraitD_01.png
[0.938s] -- Up-to-date: /home/vboxuser/bumperbot_ws/install/bumperbot_description/share/bumperbot_description/models/aws_robomaker_residential_PortraitD_02/materials/textures/aws_PortraitD_02.png
[0.938s] -- Up-to-date: /home/vboxuser/bumperbot_ws/install/bumperbot_description/share/bumperbot_description/models/aws_robomaker_residential_PortraitD_02/meshes
[0.939s] -- Up-to-date: /home/vboxuser/bumperbot_ws/install/bumperbot_description/share/bumperbot_description/models/aws_robomaker_residential_PortraitD_02/meshes/aws_PortraitD_01_visual.DAE
[0.940s] -- Up-to-date: /home/vboxuser/bumperbot_ws/install/bumperbot_description/share/bumperbot_description/models/aws_robomaker_residential_PortraitD_02/meshes/aws_PortraitD_01_collision.DAE
[0.942s] -- Up-to-date: /home/vboxuser/bumperbot_ws/install/bumperbot_description/share/bumperbot_description/models/aws_robomaker_residential_PortraitD_02/model.config
[0.942s] -- Up-to-date: /home/vboxuser/bumperbot_ws/install/bumperbot_description/share/bumperbot_description/models/aws_robomaker_residential_PortraitD_02/model.sdf
[0.942s] -- Up-to-date: /home/vboxuser/bumperbot_ws/install/bumperbot_description/share/bumperbot_description/models/aws_robomaker_residential_ChairA_01
[0.943s] -- Up-to-date: /home/vboxuser/bumperbot_ws/install/bumperbot_description/share/bumperbot_description/models/aws_robomaker_residential_ChairA_01/materials
[0.948s] -- Up-to-date: /home/vboxuser/bumperbot_ws/install/bumperbot_description/share/bumperbot_description/models/aws_robomaker_residential_ChairA_01/materials/textures
[0.949s] -- Up-to-date: /home/vboxuser/bumperbot_ws/install/bumperbot_description/share/bumperbot_description/models/aws_robomaker_residential_ChairA_01/materials/textures/aws_ChairA_01.png
[0.949s] -- Up-to-date: /home/vboxuser/bumperbot_ws/install/bumperbot_description/share/bumperbot_description/models/aws_robomaker_residential_ChairA_01/meshes
[0.950s] -- Up-to-date: /home/vboxuser/bumperbot_ws/install/bumperbot_description/share/bumperbot_description/models/aws_robomaker_residential_ChairA_01/meshes/aws_ChairA_01_visual.DAE
[0.950s] -- Up-to-date: /home/vboxuser/bumperbot_ws/install/bumperbot_description/share/bumperbot_description/models/aws_robomaker_residential_ChairA_01/meshes/aws_ChairA_01_collision.DAE
[0.951s] -- Up-to-date: /home/vboxuser/bumperbot_ws/install/bumperbot_description/share/bumperbot_description/models/aws_robomaker_residential_ChairA_01/model.config
[0.951s] -- Up-to-date: /home/vboxuser/bumperbot_ws/install/bumperbot_description/share/bumperbot_description/models/aws_robomaker_residential_ChairA_01/model.sdf
[0.951s] -- Up-to-date: /home/vboxuser/bumperbot_ws/install/bumperbot_description/share/bumperbot_description/models/aws_robomaker_residential_SecurityCamera_01
[0.951s] -- Up-to-date: /home/vboxuser/bumperbot_ws/install/bumperbot_description/share/bumperbot_description/models/aws_robomaker_residential_SecurityCamera_01/materials
[0.955s] -- Up-to-date: /home/vboxuser/bumperbot_ws/install/bumperbot_description/share/bumperbot_description/models/aws_robomaker_residential_SecurityCamera_01/materials/textures
[0.955s] -- Up-to-date: /home/vboxuser/bumperbot_ws/install/bumperbot_description/share/bumperbot_description/models/aws_robomaker_residential_SecurityCamera_01/materials/textures/aws_SecurityCamera_01.png
[0.956s] -- Up-to-date: /home/vboxuser/bumperbot_ws/install/bumperbot_description/share/bumperbot_description/models/aws_robomaker_residential_SecurityCamera_01/meshes
[0.957s] -- Up-to-date: /home/vboxuser/bumperbot_ws/install/bumperbot_description/share/bumperbot_description/models/aws_robomaker_residential_SecurityCamera_01/meshes/aws_SecurityCamera_01_collision.DAE
[0.957s] -- Up-to-date: /home/vboxuser/bumperbot_ws/install/bumperbot_description/share/bumperbot_description/models/aws_robomaker_residential_SecurityCamera_01/meshes/aws_SecurityCamera_01_visual.DAE
[0.957s] -- Up-to-date: /home/vboxuser/bumperbot_ws/install/bumperbot_description/share/bumperbot_description/models/aws_robomaker_residential_SecurityCamera_01/model.config
[0.957s] -- Up-to-date: /home/vboxuser/bumperbot_ws/install/bumperbot_description/share/bumperbot_description/models/aws_robomaker_residential_SecurityCamera_01/model.sdf
[0.958s] -- Up-to-date: /home/vboxuser/bumperbot_ws/install/bumperbot_description/share/bumperbot_description/models/aws_robomaker_residential_DeskPortraitA_01
[0.958s] -- Up-to-date: /home/vboxuser/bumperbot_ws/install/bumperbot_description/share/bumperbot_description/models/aws_robomaker_residential_DeskPortraitA_01/materials
[0.958s] -- Up-to-date: /home/vboxuser/bumperbot_ws/install/bumperbot_description/share/bumperbot_description/models/aws_robomaker_residential_DeskPortraitA_01/materials/textures
[0.958s] -- Up-to-date: /home/vboxuser/bumperbot_ws/install/bumperbot_description/share/bumperbot_description/models/aws_robomaker_residential_DeskPortraitA_01/materials/textures/aws_DeskPortraitA_01.png
[0.959s] -- Up-to-date: /home/vboxuser/bumperbot_ws/install/bumperbot_description/share/bumperbot_description/models/aws_robomaker_residential_DeskPortraitA_01/materials/textures/aws_DeskPortraitA_02.png
[0.959s] -- Up-to-date: /home/vboxuser/bumperbot_ws/install/bumperbot_description/share/bumperbot_description/models/aws_robomaker_residential_DeskPortraitA_01/meshes
[0.959s] -- Up-to-date: /home/vboxuser/bumperbot_ws/install/bumperbot_description/share/bumperbot_description/models/aws_robomaker_residential_DeskPortraitA_01/meshes/aws_DeskPortraitA_01_collision.DAE
[0.959s] -- Up-to-date: /home/vboxuser/bumperbot_ws/install/bumperbot_description/share/bumperbot_description/models/aws_robomaker_residential_DeskPortraitA_01/meshes/aws_DeskPortraitA_01_visual.DAE
[0.961s] -- Up-to-date: /home/vboxuser/bumperbot_ws/install/bumperbot_description/share/bumperbot_description/models/aws_robomaker_residential_DeskPortraitA_01/model.config
[0.961s] -- Up-to-date: /home/vboxuser/bumperbot_ws/install/bumperbot_description/share/bumperbot_description/models/aws_robomaker_residential_DeskPortraitA_01/model.sdf
[0.961s] -- Up-to-date: /home/vboxuser/bumperbot_ws/install/bumperbot_description/share/bumperbot_description/models/aws_robomaker_residential_ShoeRack_01
[0.962s] -- Up-to-date: /home/vboxuser/bumperbot_ws/install/bumperbot_description/share/bumperbot_description/models/aws_robomaker_residential_ShoeRack_01/materials
[0.963s] -- Up-to-date: /home/vboxuser/bumperbot_ws/install/bumperbot_description/share/bumperbot_description/models/aws_robomaker_residential_ShoeRack_01/materials/textures
[0.963s] -- Up-to-date: /home/vboxuser/bumperbot_ws/install/bumperbot_description/share/bumperbot_description/models/aws_robomaker_residential_ShoeRack_01/materials/textures/aws_ShoeRack_01.png
[0.963s] -- Up-to-date: /home/vboxuser/bumperbot_ws/install/bumperbot_description/share/bumperbot_description/models/aws_robomaker_residential_ShoeRack_01/meshes
[0.963s] -- Up-to-date: /home/vboxuser/bumperbot_ws/install/bumperbot_description/share/bumperbot_description/models/aws_robomaker_residential_ShoeRack_01/meshes/aws_ShoeRack_01_visual.DAE
[0.963s] -- Up-to-date: /home/vboxuser/bumperbot_ws/install/bumperbot_description/share/bumperbot_description/models/aws_robomaker_residential_ShoeRack_01/meshes/aws_ShoeRack_01_collision.DAE
[0.964s] -- Up-to-date: /home/vboxuser/bumperbot_ws/install/bumperbot_description/share/bumperbot_description/models/aws_robomaker_residential_ShoeRack_01/model.config
[0.964s] -- Up-to-date: /home/vboxuser/bumperbot_ws/install/bumperbot_description/share/bumperbot_description/models/aws_robomaker_residential_ShoeRack_01/model.sdf
[0.967s] -- Up-to-date: /home/vboxuser/bumperbot_ws/install/bumperbot_description/share/bumperbot_description/models/aws_robomaker_residential_FoldingDoor_01
[0.968s] -- Up-to-date: /home/vboxuser/bumperbot_ws/install/bumperbot_description/share/bumperbot_description/models/aws_robomaker_residential_FoldingDoor_01/materials
[0.969s] -- Up-to-date: /home/vboxuser/bumperbot_ws/install/bumperbot_description/share/bumperbot_description/models/aws_robomaker_residential_FoldingDoor_01/materials/textures
[0.969s] -- Up-to-date: /home/vboxuser/bumperbot_ws/install/bumperbot_description/share/bumperbot_description/models/aws_robomaker_residential_FoldingDoor_01/materials/textures/aws_FoldingDoor_01.png
[0.969s] -- Up-to-date: /home/vboxuser/bumperbot_ws/install/bumperbot_description/share/bumperbot_description/models/aws_robomaker_residential_FoldingDoor_01/meshes
[0.969s] -- Up-to-date: /home/vboxuser/bumperbot_ws/install/bumperbot_description/share/bumperbot_description/models/aws_robomaker_residential_FoldingDoor_01/meshes/aws_FoldingDoor_01_visual.DAE
[0.970s] -- Up-to-date: /home/vboxuser/bumperbot_ws/install/bumperbot_description/share/bumperbot_description/models/aws_robomaker_residential_FoldingDoor_01/meshes/aws_FoldingDoor_01_collision.DAE
[0.970s] -- Up-to-date: /home/vboxuser/bumperbot_ws/install/bumperbot_description/share/bumperbot_description/models/aws_robomaker_residential_FoldingDoor_01/model.config
[0.971s] -- Up-to-date: /home/vboxuser/bumperbot_ws/install/bumperbot_description/share/bumperbot_description/models/aws_robomaker_residential_FoldingDoor_01/model.sdf
[0.971s] -- Up-to-date: /home/vboxuser/bumperbot_ws/install/bumperbot_description/share/bumperbot_description/models/aws_robomaker_residential_Tablet_01
[0.971s] -- Up-to-date: /home/vboxuser/bumperbot_ws/install/bumperbot_description/share/bumperbot_description/models/aws_robomaker_residential_Tablet_01/materials
[0.971s] -- Up-to-date: /home/vboxuser/bumperbot_ws/install/bumperbot_description/share/bumperbot_description/models/aws_robomaker_residential_Tablet_01/materials/textures
[0.972s] -- Up-to-date: /home/vboxuser/bumperbot_ws/install/bumperbot_description/share/bumperbot_description/models/aws_robomaker_residential_Tablet_01/materials/textures/aws_Tablet_01_nologo.png
[0.972s] -- Up-to-date: /home/vboxuser/bumperbot_ws/install/bumperbot_description/share/bumperbot_description/models/aws_robomaker_residential_Tablet_01/meshes
[0.972s] -- Up-to-date: /home/vboxuser/bumperbot_ws/install/bumperbot_description/share/bumperbot_description/models/aws_robomaker_residential_Tablet_01/meshes/aws_Tablet_01_visual.DAE
[0.973s] -- Up-to-date: /home/vboxuser/bumperbot_ws/install/bumperbot_description/share/bumperbot_description/models/aws_robomaker_residential_Tablet_01/meshes/aws_Tablet_01_collision.DAE
[0.973s] -- Up-to-date: /home/vboxuser/bumperbot_ws/install/bumperbot_description/share/bumperbot_description/models/aws_robomaker_residential_Tablet_01/model.config
[0.974s] -- Up-to-date: /home/vboxuser/bumperbot_ws/install/bumperbot_description/share/bumperbot_description/models/aws_robomaker_residential_Tablet_01/model.sdf
[0.974s] -- Up-to-date: /home/vboxuser/bumperbot_ws/install/bumperbot_description/share/bumperbot_description/models/aws_robomaker_residential_Vase_01
[0.974s] -- Up-to-date: /home/vboxuser/bumperbot_ws/install/bumperbot_description/share/bumperbot_description/models/aws_robomaker_residential_Vase_01/materials
[0.974s] -- Up-to-date: /home/vboxuser/bumperbot_ws/install/bumperbot_description/share/bumperbot_description/models/aws_robomaker_residential_Vase_01/materials/textures
[0.974s] -- Up-to-date: /home/vboxuser/bumperbot_ws/install/bumperbot_description/share/bumperbot_description/models/aws_robomaker_residential_Vase_01/materials/textures/aws_Vase_01.png
[0.975s] -- Up-to-date: /home/vboxuser/bumperbot_ws/install/bumperbot_description/share/bumperbot_description/models/aws_robomaker_residential_Vase_01/meshes
[0.975s] -- Up-to-date: /home/vboxuser/bumperbot_ws/install/bumperbot_description/share/bumperbot_description/models/aws_robomaker_residential_Vase_01/meshes/aws_Vase_01_visual.DAE
[0.975s] -- Up-to-date: /home/vboxuser/bumperbot_ws/install/bumperbot_description/share/bumperbot_description/models/aws_robomaker_residential_Vase_01/meshes/aws_Vase_01_collision.DAE
[0.975s] -- Up-to-date: /home/vboxuser/bumperbot_ws/install/bumperbot_description/share/bumperbot_description/models/aws_robomaker_residential_Vase_01/model.config
[0.975s] -- Up-to-date: /home/vboxuser/bumperbot_ws/install/bumperbot_description/share/bumperbot_description/models/aws_robomaker_residential_Vase_01/model.sdf
[0.975s] -- Up-to-date: /home/vboxuser/bumperbot_ws/install/bumperbot_description/share/bumperbot_description/models/aws_robomaker_residential_KitchenCabinet_01
[0.976s] -- Up-to-date: /home/vboxuser/bumperbot_ws/install/bumperbot_description/share/bumperbot_description/models/aws_robomaker_residential_KitchenCabinet_01/materials
[0.976s] -- Up-to-date: /home/vboxuser/bumperbot_ws/install/bumperbot_description/share/bumperbot_description/models/aws_robomaker_residential_KitchenCabinet_01/materials/textures
[0.977s] -- Up-to-date: /home/vboxuser/bumperbot_ws/install/bumperbot_description/share/bumperbot_description/models/aws_robomaker_residential_KitchenCabinet_01/materials/textures/aws_KitchenCabinet_01.png
[0.977s] -- Up-to-date: /home/vboxuser/bumperbot_ws/install/bumperbot_description/share/bumperbot_description/models/aws_robomaker_residential_KitchenCabinet_01/meshes
[0.977s] -- Up-to-date: /home/vboxuser/bumperbot_ws/install/bumperbot_description/share/bumperbot_description/models/aws_robomaker_residential_KitchenCabinet_01/meshes/aws_KitchenCabinet_01_visual.DAE
[0.977s] -- Up-to-date: /home/vboxuser/bumperbot_ws/install/bumperbot_description/share/bumperbot_description/models/aws_robomaker_residential_KitchenCabinet_01/meshes/aws_KitchenCabinet_01_collision.DAE
[0.978s] -- Up-to-date: /home/vboxuser/bumperbot_ws/install/bumperbot_description/share/bumperbot_description/models/aws_robomaker_residential_KitchenCabinet_01/model.config
[0.978s] -- Up-to-date: /home/vboxuser/bumperbot_ws/install/bumperbot_description/share/bumperbot_description/models/aws_robomaker_residential_KitchenCabinet_01/model.sdf
[0.978s] -- Up-to-date: /home/vboxuser/bumperbot_ws/install/bumperbot_description/share/bumperbot_description/models/aws_robomaker_residential_DeskPortraitD_04
[0.979s] -- Up-to-date: /home/vboxuser/bumperbot_ws/install/bumperbot_description/share/bumperbot_description/models/aws_robomaker_residential_DeskPortraitD_04/materials
[0.979s] -- Up-to-date: /home/vboxuser/bumperbot_ws/install/bumperbot_description/share/bumperbot_description/models/aws_robomaker_residential_DeskPortraitD_04/materials/textures
[0.979s] -- Up-to-date: /home/vboxuser/bumperbot_ws/install/bumperbot_description/share/bumperbot_description/models/aws_robomaker_residential_DeskPortraitD_04/materials/textures/aws_DeskPortraitD_02.png
[0.980s] -- Up-to-date: /home/vboxuser/bumperbot_ws/install/bumperbot_description/share/bumperbot_description/models/aws_robomaker_residential_DeskPortraitD_04/materials/textures/aws_DeskPortraitD_01.png
[0.980s] -- Up-to-date: /home/vboxuser/bumperbot_ws/install/bumperbot_description/share/bumperbot_description/models/aws_robomaker_residential_DeskPortraitD_04/meshes
[0.980s] -- Up-to-date: /home/vboxuser/bumperbot_ws/install/bumperbot_description/share/bumperbot_description/models/aws_robomaker_residential_DeskPortraitD_04/meshes/aws_DeskPortraitD_01_collision.DAE
[0.980s] -- Up-to-date: /home/vboxuser/bumperbot_ws/install/bumperbot_description/share/bumperbot_description/models/aws_robomaker_residential_DeskPortraitD_04/meshes/aws_DeskPortraitD_01_visual.DAE
[0.981s] -- Up-to-date: /home/vboxuser/bumperbot_ws/install/bumperbot_description/share/bumperbot_description/models/aws_robomaker_residential_DeskPortraitD_04/model.config
[0.982s] -- Up-to-date: /home/vboxuser/bumperbot_ws/install/bumperbot_description/share/bumperbot_description/models/aws_robomaker_residential_DeskPortraitD_04/model.sdf
[0.983s] -- Up-to-date: /home/vboxuser/bumperbot_ws/install/bumperbot_description/share/bumperbot_description/models/aws_robomaker_residential_Handle_01
[0.983s] -- Up-to-date: /home/vboxuser/bumperbot_ws/install/bumperbot_description/share/bumperbot_description/models/aws_robomaker_residential_Handle_01/materials
[0.984s] -- Up-to-date: /home/vboxuser/bumperbot_ws/install/bumperbot_description/share/bumperbot_description/models/aws_robomaker_residential_Handle_01/materials/textures
[0.986s] -- Up-to-date: /home/vboxuser/bumperbot_ws/install/bumperbot_description/share/bumperbot_description/models/aws_robomaker_residential_Handle_01/materials/textures/aws_Handle_01.png
[0.986s] -- Up-to-date: /home/vboxuser/bumperbot_ws/install/bumperbot_description/share/bumperbot_description/models/aws_robomaker_residential_Handle_01/meshes
[0.986s] -- Up-to-date: /home/vboxuser/bumperbot_ws/install/bumperbot_description/share/bumperbot_description/models/aws_robomaker_residential_Handle_01/meshes/aws_Handle_01_visual.DAE
[0.986s] -- Up-to-date: /home/vboxuser/bumperbot_ws/install/bumperbot_description/share/bumperbot_description/models/aws_robomaker_residential_Handle_01/meshes/aws_Handle_01_collision.DAE
[0.986s] -- Up-to-date: /home/vboxuser/bumperbot_ws/install/bumperbot_description/share/bumperbot_description/models/aws_robomaker_residential_Handle_01/meshes/aws_ handle_01_collision.DAE
[0.986s] -- Up-to-date: /home/vboxuser/bumperbot_ws/install/bumperbot_description/share/bumperbot_description/models/aws_robomaker_residential_Handle_01/model.config
[0.986s] -- Up-to-date: /home/vboxuser/bumperbot_ws/install/bumperbot_description/share/bumperbot_description/models/aws_robomaker_residential_Handle_01/model.sdf
[0.986s] -- Up-to-date: /home/vboxuser/bumperbot_ws/install/bumperbot_description/share/bumperbot_description/models/aws_robomaker_residential_ChairD_01
[0.986s] -- Up-to-date: /home/vboxuser/bumperbot_ws/install/bumperbot_description/share/bumperbot_description/models/aws_robomaker_residential_ChairD_01/materials
[0.986s] -- Up-to-date: /home/vboxuser/bumperbot_ws/install/bumperbot_description/share/bumperbot_description/models/aws_robomaker_residential_ChairD_01/materials/textures
[0.986s] -- Up-to-date: /home/vboxuser/bumperbot_ws/install/bumperbot_description/share/bumperbot_description/models/aws_robomaker_residential_ChairD_01/materials/textures/aws_ChairD_01.png
[0.986s] -- Up-to-date: /home/vboxuser/bumperbot_ws/install/bumperbot_description/share/bumperbot_description/models/aws_robomaker_residential_ChairD_01/meshes
[0.986s] -- Up-to-date: /home/vboxuser/bumperbot_ws/install/bumperbot_description/share/bumperbot_description/models/aws_robomaker_residential_ChairD_01/meshes/aws_ChairD_01_collision.DAE
[0.986s] -- Up-to-date: /home/vboxuser/bumperbot_ws/install/bumperbot_description/share/bumperbot_description/models/aws_robomaker_residential_ChairD_01/meshes/aws_ChairD_01_visual.DAE
[0.986s] -- Up-to-date: /home/vboxuser/bumperbot_ws/install/bumperbot_description/share/bumperbot_description/models/aws_robomaker_residential_ChairD_01/model.config
[0.987s] -- Up-to-date: /home/vboxuser/bumperbot_ws/install/bumperbot_description/share/bumperbot_description/models/aws_robomaker_residential_ChairD_01/model.sdf
[0.987s] -- Up-to-date: /home/vboxuser/bumperbot_ws/install/bumperbot_description/share/bumperbot_description/models/aws_robomaker_residential_Quilt_01
[0.987s] -- Up-to-date: /home/vboxuser/bumperbot_ws/install/bumperbot_description/share/bumperbot_description/models/aws_robomaker_residential_Quilt_01/materials
[0.987s] -- Up-to-date: /home/vboxuser/bumperbot_ws/install/bumperbot_description/share/bumperbot_description/models/aws_robomaker_residential_Quilt_01/materials/textures
[0.987s] -- Up-to-date: /home/vboxuser/bumperbot_ws/install/bumperbot_description/share/bumperbot_description/models/aws_robomaker_residential_Quilt_01/materials/textures/aws_Quilt_01.png
[0.987s] -- Up-to-date: /home/vboxuser/bumperbot_ws/install/bumperbot_description/share/bumperbot_description/models/aws_robomaker_residential_Quilt_01/meshes
[0.987s] -- Up-to-date: /home/vboxuser/bumperbot_ws/install/bumperbot_description/share/bumperbot_description/models/aws_robomaker_residential_Quilt_01/meshes/aws_Quilt_01_visual.DAE
[0.987s] -- Up-to-date: /home/vboxuser/bumperbot_ws/install/bumperbot_description/share/bumperbot_description/models/aws_robomaker_residential_Quilt_01/meshes/aws_Quilt_01_collision.DAE
[0.987s] -- Up-to-date: /home/vboxuser/bumperbot_ws/install/bumperbot_description/share/bumperbot_description/models/aws_robomaker_residential_Quilt_01/model.config
[0.987s] -- Up-to-date: /home/vboxuser/bumperbot_ws/install/bumperbot_description/share/bumperbot_description/models/aws_robomaker_residential_Quilt_01/model.sdf
[0.987s] -- Up-to-date: /home/vboxuser/bumperbot_ws/install/bumperbot_description/share/bumperbot_description/models/aws_robomaker_residential_SofaC_01
[0.987s] -- Up-to-date: /home/vboxuser/bumperbot_ws/install/bumperbot_description/share/bumperbot_description/models/aws_robomaker_residential_SofaC_01/materials
[0.987s] -- Up-to-date: /home/vboxuser/bumperbot_ws/install/bumperbot_description/share/bumperbot_description/models/aws_robomaker_residential_SofaC_01/materials/textures
[0.987s] -- Up-to-date: /home/vboxuser/bumperbot_ws/install/bumperbot_description/share/bumperbot_description/models/aws_robomaker_residential_SofaC_01/materials/textures/aws_SofaC_01.png
[0.987s] -- Up-to-date: /home/vboxuser/bumperbot_ws/install/bumperbot_description/share/bumperbot_description/models/aws_robomaker_residential_SofaC_01/meshes
[0.987s] -- Up-to-date: /home/vboxuser/bumperbot_ws/install/bumperbot_description/share/bumperbot_description/models/aws_robomaker_residential_SofaC_01/meshes/aws_SofaC_01_collision.DAE
[0.987s] -- Up-to-date: /home/vboxuser/bumperbot_ws/install/bumperbot_description/share/bumperbot_description/models/aws_robomaker_residential_SofaC_01/meshes/aws_SofaC_01_visual.DAE
[0.987s] -- Up-to-date: /home/vboxuser/bumperbot_ws/install/bumperbot_description/share/bumperbot_description/models/aws_robomaker_residential_SofaC_01/model.config
[0.987s] -- Up-to-date: /home/vboxuser/bumperbot_ws/install/bumperbot_description/share/bumperbot_description/models/aws_robomaker_residential_SofaC_01/model.sdf
[0.987s] -- Up-to-date: /home/vboxuser/bumperbot_ws/install/bumperbot_description/share/bumperbot_description/models/aws_robomaker_residential_Refrigerator_01
[0.987s] -- Up-to-date: /home/vboxuser/bumperbot_ws/install/bumperbot_description/share/bumperbot_description/models/aws_robomaker_residential_Refrigerator_01/materials
[0.987s] -- Up-to-date: /home/vboxuser/bumperbot_ws/install/bumperbot_description/share/bumperbot_description/models/aws_robomaker_residential_Refrigerator_01/materials/textures
[0.987s] -- Up-to-date: /home/vboxuser/bumperbot_ws/install/bumperbot_description/share/bumperbot_description/models/aws_robomaker_residential_Refrigerator_01/materials/textures/aws_Refrigerator_01.png
[0.987s] -- Up-to-date: /home/vboxuser/bumperbot_ws/install/bumperbot_description/share/bumperbot_description/models/aws_robomaker_residential_Refrigerator_01/materials/textures/aws_Refrigerator_02.png
[0.987s] -- Up-to-date: /home/vboxuser/bumperbot_ws/install/bumperbot_description/share/bumperbot_description/models/aws_robomaker_residential_Refrigerator_01/meshes
[0.987s] -- Up-to-date: /home/vboxuser/bumperbot_ws/install/bumperbot_description/share/bumperbot_description/models/aws_robomaker_residential_Refrigerator_01/meshes/aws_Refrigerator_01.DAE
[0.987s] -- Up-to-date: /home/vboxuser/bumperbot_ws/install/bumperbot_description/share/bumperbot_description/models/aws_robomaker_residential_Refrigerator_01/meshes/aws_Refrigerator_01_visual.DAE
[0.987s] -- Up-to-date: /home/vboxuser/bumperbot_ws/install/bumperbot_description/share/bumperbot_description/models/aws_robomaker_residential_Refrigerator_01/meshes/aws_Refrigerator_01_collision.DAE
[0.990s] -- Up-to-date: /home/vboxuser/bumperbot_ws/install/bumperbot_description/share/bumperbot_description/models/aws_robomaker_residential_Refrigerator_01/model.config
[0.990s] -- Up-to-date: /home/vboxuser/bumperbot_ws/install/bumperbot_description/share/bumperbot_description/models/aws_robomaker_residential_Refrigerator_01/model.sdf
[0.990s] -- Up-to-date: /home/vboxuser/bumperbot_ws/install/bumperbot_description/share/bumperbot_description/models/aws_robomaker_warehouse_ClutteringD_01
[0.990s] -- Up-to-date: /home/vboxuser/bumperbot_ws/install/bumperbot_description/share/bumperbot_description/models/aws_robomaker_warehouse_ClutteringD_01/materials
[0.990s] -- Up-to-date: /home/vboxuser/bumperbot_ws/install/bumperbot_description/share/bumperbot_description/models/aws_robomaker_warehouse_ClutteringD_01/materials/textures
[0.991s] -- Up-to-date: /home/vboxuser/bumperbot_ws/install/bumperbot_description/share/bumperbot_description/models/aws_robomaker_warehouse_ClutteringD_01/materials/textures/aws_robomaker_warehouse_ClutteringD_01.png
[0.991s] -- Up-to-date: /home/vboxuser/bumperbot_ws/install/bumperbot_description/share/bumperbot_description/models/aws_robomaker_warehouse_ClutteringD_01/materials/textures/aws_robomaker_warehouse_ClutteringD_02.png
[0.991s] -- Up-to-date: /home/vboxuser/bumperbot_ws/install/bumperbot_description/share/bumperbot_description/models/aws_robomaker_warehouse_ClutteringD_01/meshes
[0.991s] -- Up-to-date: /home/vboxuser/bumperbot_ws/install/bumperbot_description/share/bumperbot_description/models/aws_robomaker_warehouse_ClutteringD_01/meshes/aws_robomaker_warehouse_ClutteringD_01_visual.DAE
[0.992s] -- Up-to-date: /home/vboxuser/bumperbot_ws/install/bumperbot_description/share/bumperbot_description/models/aws_robomaker_warehouse_ClutteringD_01/meshes/aws_robomaker_warehouse_ClutteringD_01_collision.DAE
[0.992s] -- Up-to-date: /home/vboxuser/bumperbot_ws/install/bumperbot_description/share/bumperbot_description/models/aws_robomaker_warehouse_ClutteringD_01/model.config
[0.992s] -- Up-to-date: /home/vboxuser/bumperbot_ws/install/bumperbot_description/share/bumperbot_description/models/aws_robomaker_warehouse_ClutteringD_01/model.sdf
[0.992s] -- Up-to-date: /home/vboxuser/bumperbot_ws/install/bumperbot_description/share/bumperbot_description/models/aws_robomaker_residential_DeskPortraitA_02
[0.992s] -- Up-to-date: /home/vboxuser/bumperbot_ws/install/bumperbot_description/share/bumperbot_description/models/aws_robomaker_residential_DeskPortraitA_02/materials
[0.992s] -- Up-to-date: /home/vboxuser/bumperbot_ws/install/bumperbot_description/share/bumperbot_description/models/aws_robomaker_residential_DeskPortraitA_02/materials/textures
[0.992s] -- Up-to-date: /home/vboxuser/bumperbot_ws/install/bumperbot_description/share/bumperbot_description/models/aws_robomaker_residential_DeskPortraitA_02/materials/textures/aws_DeskPortraitA_01.png
[0.992s] -- Up-to-date: /home/vboxuser/bumperbot_ws/install/bumperbot_description/share/bumperbot_description/models/aws_robomaker_residential_DeskPortraitA_02/materials/textures/aws_DeskPortraitA_02.png
[0.992s] -- Up-to-date: /home/vboxuser/bumperbot_ws/install/bumperbot_description/share/bumperbot_description/models/aws_robomaker_residential_DeskPortraitA_02/meshes
[0.992s] -- Up-to-date: /home/vboxuser/bumperbot_ws/install/bumperbot_description/share/bumperbot_description/models/aws_robomaker_residential_DeskPortraitA_02/meshes/aws_DeskPortraitA_01_collision.DAE
[0.992s] -- Up-to-date: /home/vboxuser/bumperbot_ws/install/bumperbot_description/share/bumperbot_description/models/aws_robomaker_residential_DeskPortraitA_02/meshes/aws_DeskPortraitA_01_visual.DAE
[0.992s] -- Up-to-date: /home/vboxuser/bumperbot_ws/install/bumperbot_description/share/bumperbot_description/models/aws_robomaker_residential_DeskPortraitA_02/model.config
[0.992s] -- Up-to-date: /home/vboxuser/bumperbot_ws/install/bumperbot_description/share/bumperbot_description/models/aws_robomaker_residential_DeskPortraitA_02/model.sdf
[0.992s] -- Up-to-date: /home/vboxuser/bumperbot_ws/install/bumperbot_description/share/bumperbot_description/models/aws_robomaker_residential_Carpet_01
[0.992s] -- Up-to-date: /home/vboxuser/bumperbot_ws/install/bumperbot_description/share/bumperbot_description/models/aws_robomaker_residential_Carpet_01/materials
[0.992s] -- Up-to-date: /home/vboxuser/bumperbot_ws/install/bumperbot_description/share/bumperbot_description/models/aws_robomaker_residential_Carpet_01/materials/textures
[0.992s] -- Up-to-date: /home/vboxuser/bumperbot_ws/install/bumperbot_description/share/bumperbot_description/models/aws_robomaker_residential_Carpet_01/materials/textures/aws_Carpet_01.png
[0.992s] -- Up-to-date: /home/vboxuser/bumperbot_ws/install/bumperbot_description/share/bumperbot_description/models/aws_robomaker_residential_Carpet_01/meshes
[0.992s] -- Up-to-date: /home/vboxuser/bumperbot_ws/install/bumperbot_description/share/bumperbot_description/models/aws_robomaker_residential_Carpet_01/meshes/aws_Carpet_01_visual.DAE
[0.992s] -- Up-to-date: /home/vboxuser/bumperbot_ws/install/bumperbot_description/share/bumperbot_description/models/aws_robomaker_residential_Carpet_01/meshes/aws_Carpet_01_collision.DAE
[0.992s] -- Up-to-date: /home/vboxuser/bumperbot_ws/install/bumperbot_description/share/bumperbot_description/models/aws_robomaker_residential_Carpet_01/model.config
[0.992s] -- Up-to-date: /home/vboxuser/bumperbot_ws/install/bumperbot_description/share/bumperbot_description/models/aws_robomaker_residential_Carpet_01/model.sdf
[0.992s] -- Up-to-date: /home/vboxuser/bumperbot_ws/install/bumperbot_description/share/bumperbot_description/models/aws_robomaker_residential_ReadingDesk_01
[0.992s] -- Up-to-date: /home/vboxuser/bumperbot_ws/install/bumperbot_description/share/bumperbot_description/models/aws_robomaker_residential_ReadingDesk_01/materials
[0.992s] -- Up-to-date: /home/vboxuser/bumperbot_ws/install/bumperbot_description/share/bumperbot_description/models/aws_robomaker_residential_ReadingDesk_01/materials/textures
[0.992s] -- Up-to-date: /home/vboxuser/bumperbot_ws/install/bumperbot_description/share/bumperbot_description/models/aws_robomaker_residential_ReadingDesk_01/materials/textures/aws_ReadingDesk_01.png
[0.992s] -- Up-to-date: /home/vboxuser/bumperbot_ws/install/bumperbot_description/share/bumperbot_description/models/aws_robomaker_residential_ReadingDesk_01/meshes
[0.992s] -- Up-to-date: /home/vboxuser/bumperbot_ws/install/bumperbot_description/share/bumperbot_description/models/aws_robomaker_residential_ReadingDesk_01/meshes/aws_ReadingDesk_01_collision.DAE
[0.993s] -- Up-to-date: /home/vboxuser/bumperbot_ws/install/bumperbot_description/share/bumperbot_description/models/aws_robomaker_residential_ReadingDesk_01/meshes/aws_ReadingDesk_01_visual.DAE
[0.993s] -- Up-to-date: /home/vboxuser/bumperbot_ws/install/bumperbot_description/share/bumperbot_description/models/aws_robomaker_residential_ReadingDesk_01/model.config
[0.993s] -- Up-to-date: /home/vboxuser/bumperbot_ws/install/bumperbot_description/share/bumperbot_description/models/aws_robomaker_residential_ReadingDesk_01/model.sdf
[0.993s] -- Up-to-date: /home/vboxuser/bumperbot_ws/install/bumperbot_description/share/bumperbot_description/models/aws_robomaker_residential_Tableware_01
[0.994s] -- Up-to-date: /home/vboxuser/bumperbot_ws/install/bumperbot_description/share/bumperbot_description/models/aws_robomaker_residential_Tableware_01/materials
[0.994s] -- Up-to-date: /home/vboxuser/bumperbot_ws/install/bumperbot_description/share/bumperbot_description/models/aws_robomaker_residential_Tableware_01/materials/textures
[0.994s] -- Up-to-date: /home/vboxuser/bumperbot_ws/install/bumperbot_description/share/bumperbot_description/models/aws_robomaker_residential_Tableware_01/materials/textures/aws_Tableware_01.png
[0.994s] -- Up-to-date: /home/vboxuser/bumperbot_ws/install/bumperbot_description/share/bumperbot_description/models/aws_robomaker_residential_Tableware_01/meshes
[0.994s] -- Up-to-date: /home/vboxuser/bumperbot_ws/install/bumperbot_description/share/bumperbot_description/models/aws_robomaker_residential_Tableware_01/meshes/aws_Tableware_01_visual.DAE
[0.994s] -- Up-to-date: /home/vboxuser/bumperbot_ws/install/bumperbot_description/share/bumperbot_description/models/aws_robomaker_residential_Tableware_01/meshes/aws_Tableware_01_collision.DAE
[0.994s] -- Up-to-date: /home/vboxuser/bumperbot_ws/install/bumperbot_description/share/bumperbot_description/models/aws_robomaker_residential_Tableware_01/model.config
[0.995s] -- Up-to-date: /home/vboxuser/bumperbot_ws/install/bumperbot_description/share/bumperbot_description/models/aws_robomaker_residential_Tableware_01/model.sdf
[0.995s] -- Up-to-date: /home/vboxuser/bumperbot_ws/install/bumperbot_description/share/bumperbot_description/models/aws_robomaker_residential_PortraitE_01
[0.995s] -- Up-to-date: /home/vboxuser/bumperbot_ws/install/bumperbot_description/share/bumperbot_description/models/aws_robomaker_residential_PortraitE_01/materials
[0.995s] -- Up-to-date: /home/vboxuser/bumperbot_ws/install/bumperbot_description/share/bumperbot_description/models/aws_robomaker_residential_PortraitE_01/materials/textures
[0.995s] -- Up-to-date: /home/vboxuser/bumperbot_ws/install/bumperbot_description/share/bumperbot_description/models/aws_robomaker_residential_PortraitE_01/materials/textures/aws_PortraitE_02.png
[0.995s] -- Up-to-date: /home/vboxuser/bumperbot_ws/install/bumperbot_description/share/bumperbot_description/models/aws_robomaker_residential_PortraitE_01/materials/textures/aws_PortraitE_01.png
[0.995s] -- Up-to-date: /home/vboxuser/bumperbot_ws/install/bumperbot_description/share/bumperbot_description/models/aws_robomaker_residential_PortraitE_01/meshes
[0.995s] -- Up-to-date: /home/vboxuser/bumperbot_ws/install/bumperbot_description/share/bumperbot_description/models/aws_robomaker_residential_PortraitE_01/meshes/aws_PortraitE_01_visual.DAE
[0.995s] -- Up-to-date: /home/vboxuser/bumperbot_ws/install/bumperbot_description/share/bumperbot_description/models/aws_robomaker_residential_PortraitE_01/meshes/aws_PortraitE_01_collision.DAE
[0.995s] -- Up-to-date: /home/vboxuser/bumperbot_ws/install/bumperbot_description/share/bumperbot_description/models/aws_robomaker_residential_PortraitE_01/model.config
[0.995s] -- Up-to-date: /home/vboxuser/bumperbot_ws/install/bumperbot_description/share/bumperbot_description/models/aws_robomaker_residential_PortraitE_01/model.sdf
[0.995s] -- Up-to-date: /home/vboxuser/bumperbot_ws/install/bumperbot_description/share/bumperbot_description/models/aws_robomaker_residential_TVCabinet_01
[0.996s] -- Up-to-date: /home/vboxuser/bumperbot_ws/install/bumperbot_description/share/bumperbot_description/models/aws_robomaker_residential_TVCabinet_01/materials
[0.996s] -- Up-to-date: /home/vboxuser/bumperbot_ws/install/bumperbot_description/share/bumperbot_description/models/aws_robomaker_residential_TVCabinet_01/materials/textures
[0.997s] -- Up-to-date: /home/vboxuser/bumperbot_ws/install/bumperbot_description/share/bumperbot_description/models/aws_robomaker_residential_TVCabinet_01/materials/textures/aws_TVCabinet_01.png
[0.997s] -- Up-to-date: /home/vboxuser/bumperbot_ws/install/bumperbot_description/share/bumperbot_description/models/aws_robomaker_residential_TVCabinet_01/meshes
[0.997s] -- Up-to-date: /home/vboxuser/bumperbot_ws/install/bumperbot_description/share/bumperbot_description/models/aws_robomaker_residential_TVCabinet_01/meshes/aws_TVCabinet_01_visual.DAE
[0.997s] -- Up-to-date: /home/vboxuser/bumperbot_ws/install/bumperbot_description/share/bumperbot_description/models/aws_robomaker_residential_TVCabinet_01/meshes/aws_TVCabinet_01_collision.DAE
[0.997s] -- Up-to-date: /home/vboxuser/bumperbot_ws/install/bumperbot_description/share/bumperbot_description/models/aws_robomaker_residential_TVCabinet_01/model.config
[0.997s] -- Up-to-date: /home/vboxuser/bumperbot_ws/install/bumperbot_description/share/bumperbot_description/models/aws_robomaker_residential_TVCabinet_01/model.sdf
[0.998s] -- Up-to-date: /home/vboxuser/bumperbot_ws/install/bumperbot_description/share/bumperbot_description/models/aws_robomaker_residential_PortraitC_01
[0.998s] -- Up-to-date: /home/vboxuser/bumperbot_ws/install/bumperbot_description/share/bumperbot_description/models/aws_robomaker_residential_PortraitC_01/materials
[0.998s] -- Up-to-date: /home/vboxuser/bumperbot_ws/install/bumperbot_description/share/bumperbot_description/models/aws_robomaker_residential_PortraitC_01/materials/textures
[0.998s] -- Up-to-date: /home/vboxuser/bumperbot_ws/install/bumperbot_description/share/bumperbot_description/models/aws_robomaker_residential_PortraitC_01/materials/textures/aws_PortraitC_01.png
[0.998s] -- Up-to-date: /home/vboxuser/bumperbot_ws/install/bumperbot_description/share/bumperbot_description/models/aws_robomaker_residential_PortraitC_01/materials/textures/aws_PortraitC_02.png
[0.998s] -- Up-to-date: /home/vboxuser/bumperbot_ws/install/bumperbot_description/share/bumperbot_description/models/aws_robomaker_residential_PortraitC_01/meshes
[0.998s] -- Up-to-date: /home/vboxuser/bumperbot_ws/install/bumperbot_description/share/bumperbot_description/models/aws_robomaker_residential_PortraitC_01/meshes/aws_PortraitC_01_visual.DAE
[0.998s] -- Up-to-date: /home/vboxuser/bumperbot_ws/install/bumperbot_description/share/bumperbot_description/models/aws_robomaker_residential_PortraitC_01/meshes/aws_PortraitC_01_collision.DAE
[0.998s] -- Up-to-date: /home/vboxuser/bumperbot_ws/install/bumperbot_description/share/bumperbot_description/models/aws_robomaker_residential_PortraitC_01/model.config
[0.998s] -- Up-to-date: /home/vboxuser/bumperbot_ws/install/bumperbot_description/share/bumperbot_description/models/aws_robomaker_residential_PortraitC_01/model.sdf
[0.999s] -- Up-to-date: /home/vboxuser/bumperbot_ws/install/bumperbot_description/share/bumperbot_description/models/aws_robomaker_residential_AirconditionerB_01
[0.999s] -- Up-to-date: /home/vboxuser/bumperbot_ws/install/bumperbot_description/share/bumperbot_description/models/aws_robomaker_residential_AirconditionerB_01/materials
[0.999s] -- Up-to-date: /home/vboxuser/bumperbot_ws/install/bumperbot_description/share/bumperbot_description/models/aws_robomaker_residential_AirconditionerB_01/materials/textures
[0.999s] -- Up-to-date: /home/vboxuser/bumperbot_ws/install/bumperbot_description/share/bumperbot_description/models/aws_robomaker_residential_AirconditionerB_01/materials/textures/aws_AirconditionerB_01.png
[0.999s] -- Up-to-date: /home/vboxuser/bumperbot_ws/install/bumperbot_description/share/bumperbot_description/models/aws_robomaker_residential_AirconditionerB_01/meshes
[0.999s] -- Up-to-date: /home/vboxuser/bumperbot_ws/install/bumperbot_description/share/bumperbot_description/models/aws_robomaker_residential_AirconditionerB_01/meshes/aws_AirconditionerB_01_collision.DAE
[0.999s] -- Up-to-date: /home/vboxuser/bumperbot_ws/install/bumperbot_description/share/bumperbot_description/models/aws_robomaker_residential_AirconditionerB_01/meshes/aws_AirconditionerB_01_visual.DAE
[0.999s] -- Up-to-date: /home/vboxuser/bumperbot_ws/install/bumperbot_description/share/bumperbot_description/models/aws_robomaker_residential_AirconditionerB_01/model.config
[0.999s] -- Up-to-date: /home/vboxuser/bumperbot_ws/install/bumperbot_description/share/bumperbot_description/models/aws_robomaker_residential_AirconditionerB_01/model.sdf
[0.999s] -- Up-to-date: /home/vboxuser/bumperbot_ws/install/bumperbot_description/share/bumperbot_description/models/aws_robomaker_residential_Sofa_01
[0.999s] -- Up-to-date: /home/vboxuser/bumperbot_ws/install/bumperbot_description/share/bumperbot_description/models/aws_robomaker_residential_Sofa_01/materials
[0.999s] -- Up-to-date: /home/vboxuser/bumperbot_ws/install/bumperbot_description/share/bumperbot_description/models/aws_robomaker_residential_Sofa_01/materials/textures
[0.999s] -- Up-to-date: /home/vboxuser/bumperbot_ws/install/bumperbot_description/share/bumperbot_description/models/aws_robomaker_residential_Sofa_01/materials/textures/aws_Sofa_01.png
[0.999s] -- Up-to-date: /home/vboxuser/bumperbot_ws/install/bumperbot_description/share/bumperbot_description/models/aws_robomaker_residential_Sofa_01/meshes
[0.999s] -- Up-to-date: /home/vboxuser/bumperbot_ws/install/bumperbot_description/share/bumperbot_description/models/aws_robomaker_residential_Sofa_01/meshes/aws_Sofa_01_collision.DAE
[0.999s] -- Up-to-date: /home/vboxuser/bumperbot_ws/install/bumperbot_description/share/bumperbot_description/models/aws_robomaker_residential_Sofa_01/meshes/aws_Sofa_01.DAE
[0.999s] -- Up-to-date: /home/vboxuser/bumperbot_ws/install/bumperbot_description/share/bumperbot_description/models/aws_robomaker_residential_Sofa_01/meshes/aws_Sofa_01_visual.DAE
[1.000s] -- Up-to-date: /home/vboxuser/bumperbot_ws/install/bumperbot_description/share/bumperbot_description/models/aws_robomaker_residential_Sofa_01/model.config
[1.000s] -- Up-to-date: /home/vboxuser/bumperbot_ws/install/bumperbot_description/share/bumperbot_description/models/aws_robomaker_residential_Sofa_01/model.sdf
[1.000s] -- Up-to-date: /home/vboxuser/bumperbot_ws/install/bumperbot_description/share/bumperbot_description/models/aws_robomaker_warehouse_RoofB_01
[1.000s] -- Up-to-date: /home/vboxuser/bumperbot_ws/install/bumperbot_description/share/bumperbot_description/models/aws_robomaker_warehouse_RoofB_01/materials
[1.000s] -- Up-to-date: /home/vboxuser/bumperbot_ws/install/bumperbot_description/share/bumperbot_description/models/aws_robomaker_warehouse_RoofB_01/materials/textures
[1.000s] -- Up-to-date: /home/vboxuser/bumperbot_ws/install/bumperbot_description/share/bumperbot_description/models/aws_robomaker_warehouse_RoofB_01/materials/textures/aws_robomaker_warehouse_RoofB_01.png
[1.000s] -- Up-to-date: /home/vboxuser/bumperbot_ws/install/bumperbot_description/share/bumperbot_description/models/aws_robomaker_warehouse_RoofB_01/meshes
[1.000s] -- Up-to-date: /home/vboxuser/bumperbot_ws/install/bumperbot_description/share/bumperbot_description/models/aws_robomaker_warehouse_RoofB_01/meshes/aws_robomaker_warehouse_RoofB_01_visual.DAE
[1.000s] -- Up-to-date: /home/vboxuser/bumperbot_ws/install/bumperbot_description/share/bumperbot_description/models/aws_robomaker_warehouse_RoofB_01/meshes/aws_robomaker_warehouse_RoofB_01_collision.DAE
[1.000s] -- Up-to-date: /home/vboxuser/bumperbot_ws/install/bumperbot_description/share/bumperbot_description/models/aws_robomaker_warehouse_RoofB_01/model.config
[1.000s] -- Up-to-date: /home/vboxuser/bumperbot_ws/install/bumperbot_description/share/bumperbot_description/models/aws_robomaker_warehouse_RoofB_01/model.sdf
[1.001s] -- Up-to-date: /home/vboxuser/bumperbot_ws/install/bumperbot_description/share/bumperbot_description/models/aws_robomaker_residential_PortraitB_03
[1.001s] -- Up-to-date: /home/vboxuser/bumperbot_ws/install/bumperbot_description/share/bumperbot_description/models/aws_robomaker_residential_PortraitB_03/materials
[1.001s] -- Up-to-date: /home/vboxuser/bumperbot_ws/install/bumperbot_description/share/bumperbot_description/models/aws_robomaker_residential_PortraitB_03/materials/textures
[1.001s] -- Up-to-date: /home/vboxuser/bumperbot_ws/install/bumperbot_description/share/bumperbot_description/models/aws_robomaker_residential_PortraitB_03/materials/textures/aws_PortraitB_02.png
[1.001s] -- Up-to-date: /home/vboxuser/bumperbot_ws/install/bumperbot_description/share/bumperbot_description/models/aws_robomaker_residential_PortraitB_03/materials/textures/aws_PortraitB_01.png
[1.001s] -- Up-to-date: /home/vboxuser/bumperbot_ws/install/bumperbot_description/share/bumperbot_description/models/aws_robomaker_residential_PortraitB_03/meshes
[1.001s] -- Up-to-date: /home/vboxuser/bumperbot_ws/install/bumperbot_description/share/bumperbot_description/models/aws_robomaker_residential_PortraitB_03/meshes/aws_PortraitB_01_collision.DAE
[1.001s] -- Up-to-date: /home/vboxuser/bumperbot_ws/install/bumperbot_description/share/bumperbot_description/models/aws_robomaker_residential_PortraitB_03/meshes/aws_PortraitB_01_visual.DAE
[1.001s] -- Up-to-date: /home/vboxuser/bumperbot_ws/install/bumperbot_description/share/bumperbot_description/models/aws_robomaker_residential_PortraitB_03/model.config
[1.001s] -- Up-to-date: /home/vboxuser/bumperbot_ws/install/bumperbot_description/share/bumperbot_description/models/aws_robomaker_residential_PortraitB_03/model.sdf
[1.002s] -- Up-to-date: /home/vboxuser/bumperbot_ws/install/bumperbot_description/share/bumperbot_description/models/aws_robomaker_warehouse_PalletJackB_01
[1.002s] -- Up-to-date: /home/vboxuser/bumperbot_ws/install/bumperbot_description/share/bumperbot_description/models/aws_robomaker_warehouse_PalletJackB_01/materials
[1.002s] -- Up-to-date: /home/vboxuser/bumperbot_ws/install/bumperbot_description/share/bumperbot_description/models/aws_robomaker_warehouse_PalletJackB_01/materials/textures
[1.002s] -- Up-to-date: /home/vboxuser/bumperbot_ws/install/bumperbot_description/share/bumperbot_description/models/aws_robomaker_warehouse_PalletJackB_01/materials/textures/aws_robomaker_warehouse_PalletJackB_01.png
[1.002s] -- Up-to-date: /home/vboxuser/bumperbot_ws/install/bumperbot_description/share/bumperbot_description/models/aws_robomaker_warehouse_PalletJackB_01/materials/textures/aws_robomaker_warehouse_PalletJackB_02.png
[1.002s] -- Up-to-date: /home/vboxuser/bumperbot_ws/install/bumperbot_description/share/bumperbot_description/models/aws_robomaker_warehouse_PalletJackB_01/materials/.DS_Store
[1.002s] -- Up-to-date: /home/vboxuser/bumperbot_ws/install/bumperbot_description/share/bumperbot_description/models/aws_robomaker_warehouse_PalletJackB_01/meshes
[1.002s] -- Up-to-date: /home/vboxuser/bumperbot_ws/install/bumperbot_description/share/bumperbot_description/models/aws_robomaker_warehouse_PalletJackB_01/meshes/aws_robomaker_warehouse_PalletJackB_01_collision.DAE
[1.002s] -- Up-to-date: /home/vboxuser/bumperbot_ws/install/bumperbot_description/share/bumperbot_description/models/aws_robomaker_warehouse_PalletJackB_01/meshes/aws_robomaker_warehouse_PalletJackB_01_visual.DAE
[1.002s] -- Up-to-date: /home/vboxuser/bumperbot_ws/install/bumperbot_description/share/bumperbot_description/models/aws_robomaker_warehouse_PalletJackB_01/model.config
[1.002s] -- Up-to-date: /home/vboxuser/bumperbot_ws/install/bumperbot_description/share/bumperbot_description/models/aws_robomaker_warehouse_PalletJackB_01/.DS_Store
[1.002s] -- Up-to-date: /home/vboxuser/bumperbot_ws/install/bumperbot_description/share/bumperbot_description/models/aws_robomaker_warehouse_PalletJackB_01/model.sdf
[1.002s] -- Up-to-date: /home/vboxuser/bumperbot_ws/install/bumperbot_description/share/bumperbot_description/models/aws_robomaker_residential_PortraitD_01
[1.002s] -- Up-to-date: /home/vboxuser/bumperbot_ws/install/bumperbot_description/share/bumperbot_description/models/aws_robomaker_residential_PortraitD_01/materials
[1.002s] -- Up-to-date: /home/vboxuser/bumperbot_ws/install/bumperbot_description/share/bumperbot_description/models/aws_robomaker_residential_PortraitD_01/materials/textures
[1.002s] -- Up-to-date: /home/vboxuser/bumperbot_ws/install/bumperbot_description/share/bumperbot_description/models/aws_robomaker_residential_PortraitD_01/materials/textures/aws_PortraitD_01.png
[1.002s] -- Up-to-date: /home/vboxuser/bumperbot_ws/install/bumperbot_description/share/bumperbot_description/models/aws_robomaker_residential_PortraitD_01/materials/textures/aws_PortraitD_02.png
[1.002s] -- Up-to-date: /home/vboxuser/bumperbot_ws/install/bumperbot_description/share/bumperbot_description/models/aws_robomaker_residential_PortraitD_01/meshes
[1.003s] -- Up-to-date: /home/vboxuser/bumperbot_ws/install/bumperbot_description/share/bumperbot_description/models/aws_robomaker_residential_PortraitD_01/meshes/aws_PortraitD_01_visual.DAE
[1.003s] -- Up-to-date: /home/vboxuser/bumperbot_ws/install/bumperbot_description/share/bumperbot_description/models/aws_robomaker_residential_PortraitD_01/meshes/aws_PortraitD_01_collision.DAE
[1.003s] -- Up-to-date: /home/vboxuser/bumperbot_ws/install/bumperbot_description/share/bumperbot_description/models/aws_robomaker_residential_PortraitD_01/model.config
[1.003s] -- Up-to-date: /home/vboxuser/bumperbot_ws/install/bumperbot_description/share/bumperbot_description/models/aws_robomaker_residential_PortraitD_01/model.sdf
[1.003s] -- Up-to-date: /home/vboxuser/bumperbot_ws/install/bumperbot_description/share/bumperbot_description/models/aws_robomaker_residential_TV_02
[1.003s] -- Up-to-date: /home/vboxuser/bumperbot_ws/install/bumperbot_description/share/bumperbot_description/models/aws_robomaker_residential_TV_02/materials
[1.003s] -- Up-to-date: /home/vboxuser/bumperbot_ws/install/bumperbot_description/share/bumperbot_description/models/aws_robomaker_residential_TV_02/materials/textures
[1.003s] -- Up-to-date: /home/vboxuser/bumperbot_ws/install/bumperbot_description/share/bumperbot_description/models/aws_robomaker_residential_TV_02/materials/textures/aws_TV_01.png
[1.003s] -- Up-to-date: /home/vboxuser/bumperbot_ws/install/bumperbot_description/share/bumperbot_description/models/aws_robomaker_residential_TV_02/meshes
[1.003s] -- Up-to-date: /home/vboxuser/bumperbot_ws/install/bumperbot_description/share/bumperbot_description/models/aws_robomaker_residential_TV_02/meshes/aws_TV_01_collision.DAE
[1.003s] -- Up-to-date: /home/vboxuser/bumperbot_ws/install/bumperbot_description/share/bumperbot_description/models/aws_robomaker_residential_TV_02/meshes/aws_TV_01_visual.DAE
[1.003s] -- Up-to-date: /home/vboxuser/bumperbot_ws/install/bumperbot_description/share/bumperbot_description/models/aws_robomaker_residential_TV_02/model.config
[1.003s] -- Up-to-date: /home/vboxuser/bumperbot_ws/install/bumperbot_description/share/bumperbot_description/models/aws_robomaker_residential_TV_02/model.sdf
[1.004s] -- Up-to-date: /home/vboxuser/bumperbot_ws/install/bumperbot_description/share/bumperbot_description/models/aws_robomaker_residential_CookingBench_01
[1.004s] -- Up-to-date: /home/vboxuser/bumperbot_ws/install/bumperbot_description/share/bumperbot_description/models/aws_robomaker_residential_CookingBench_01/materials
[1.004s] -- Up-to-date: /home/vboxuser/bumperbot_ws/install/bumperbot_description/share/bumperbot_description/models/aws_robomaker_residential_CookingBench_01/materials/textures
[1.004s] -- Up-to-date: /home/vboxuser/bumperbot_ws/install/bumperbot_description/share/bumperbot_description/models/aws_robomaker_residential_CookingBench_01/materials/textures/aws_CookingBench_01.png
[1.005s] -- Up-to-date: /home/vboxuser/bumperbot_ws/install/bumperbot_description/share/bumperbot_description/models/aws_robomaker_residential_CookingBench_01/meshes
[1.005s] -- Up-to-date: /home/vboxuser/bumperbot_ws/install/bumperbot_description/share/bumperbot_description/models/aws_robomaker_residential_CookingBench_01/meshes/aws_CookingBench_01_visual.DAE
[1.005s] -- Up-to-date: /home/vboxuser/bumperbot_ws/install/bumperbot_description/share/bumperbot_description/models/aws_robomaker_residential_CookingBench_01/meshes/aws_CookingBench_01_collision.DAE
[1.005s] -- Up-to-date: /home/vboxuser/bumperbot_ws/install/bumperbot_description/share/bumperbot_description/models/aws_robomaker_residential_CookingBench_01/meshes/aws_CookingBench_01.DAE
[1.005s] -- Up-to-date: /home/vboxuser/bumperbot_ws/install/bumperbot_description/share/bumperbot_description/models/aws_robomaker_residential_CookingBench_01/model.config
[1.005s] -- Up-to-date: /home/vboxuser/bumperbot_ws/install/bumperbot_description/share/bumperbot_description/models/aws_robomaker_residential_CookingBench_01/model.sdf
[1.005s] -- Up-to-date: /home/vboxuser/bumperbot_ws/install/bumperbot_description/share/bumperbot_description/models/aws_robomaker_residential_DeskPortraitD_01
[1.005s] -- Up-to-date: /home/vboxuser/bumperbot_ws/install/bumperbot_description/share/bumperbot_description/models/aws_robomaker_residential_DeskPortraitD_01/materials
[1.005s] -- Up-to-date: /home/vboxuser/bumperbot_ws/install/bumperbot_description/share/bumperbot_description/models/aws_robomaker_residential_DeskPortraitD_01/materials/textures
[1.005s] -- Up-to-date: /home/vboxuser/bumperbot_ws/install/bumperbot_description/share/bumperbot_description/models/aws_robomaker_residential_DeskPortraitD_01/materials/textures/aws_DeskPortraitD_02.png
[1.006s] -- Up-to-date: /home/vboxuser/bumperbot_ws/install/bumperbot_description/share/bumperbot_description/models/aws_robomaker_residential_DeskPortraitD_01/materials/textures/aws_DeskPortraitD_01.png
[1.006s] -- Up-to-date: /home/vboxuser/bumperbot_ws/install/bumperbot_description/share/bumperbot_description/models/aws_robomaker_residential_DeskPortraitD_01/meshes
[1.006s] -- Up-to-date: /home/vboxuser/bumperbot_ws/install/bumperbot_description/share/bumperbot_description/models/aws_robomaker_residential_DeskPortraitD_01/meshes/aws_DeskPortraitD_01_collision.DAE
[1.006s] -- Up-to-date: /home/vboxuser/bumperbot_ws/install/bumperbot_description/share/bumperbot_description/models/aws_robomaker_residential_DeskPortraitD_01/meshes/aws_DeskPortraitD_01_visual.DAE
[1.006s] -- Up-to-date: /home/vboxuser/bumperbot_ws/install/bumperbot_description/share/bumperbot_description/models/aws_robomaker_residential_DeskPortraitD_01/model.config
[1.006s] -- Up-to-date: /home/vboxuser/bumperbot_ws/install/bumperbot_description/share/bumperbot_description/models/aws_robomaker_residential_DeskPortraitD_01/model.sdf
[1.006s] -- Up-to-date: /home/vboxuser/bumperbot_ws/install/bumperbot_description/share/bumperbot_description/models/aws_robomaker_warehouse_ShelfD_01
[1.006s] -- Up-to-date: /home/vboxuser/bumperbot_ws/install/bumperbot_description/share/bumperbot_description/models/aws_robomaker_warehouse_ShelfD_01/materials
[1.006s] -- Up-to-date: /home/vboxuser/bumperbot_ws/install/bumperbot_description/share/bumperbot_description/models/aws_robomaker_warehouse_ShelfD_01/materials/textures
[1.006s] -- Up-to-date: /home/vboxuser/bumperbot_ws/install/bumperbot_description/share/bumperbot_description/models/aws_robomaker_warehouse_ShelfD_01/materials/textures/aws_robomaker_warehouse_ShelfD_01.png
[1.006s] -- Up-to-date: /home/vboxuser/bumperbot_ws/install/bumperbot_description/share/bumperbot_description/models/aws_robomaker_warehouse_ShelfD_01/materials/textures/aws_robomaker_warehouse_ShelfD_02.png
[1.006s] -- Up-to-date: /home/vboxuser/bumperbot_ws/install/bumperbot_description/share/bumperbot_description/models/aws_robomaker_warehouse_ShelfD_01/materials/textures/aws_robomaker_warehouse_ShelfD_03.png
[1.006s] -- Up-to-date: /home/vboxuser/bumperbot_ws/install/bumperbot_description/share/bumperbot_description/models/aws_robomaker_warehouse_ShelfD_01/materials/textures/aws_robomaker_warehouse_ShelfD_04.png
[1.006s] -- Up-to-date: /home/vboxuser/bumperbot_ws/install/bumperbot_description/share/bumperbot_description/models/aws_robomaker_warehouse_ShelfD_01/meshes
[1.006s] -- Up-to-date: /home/vboxuser/bumperbot_ws/install/bumperbot_description/share/bumperbot_description/models/aws_robomaker_warehouse_ShelfD_01/meshes/aws_robomaker_warehouse_ShelfD_01_collision.DAE
[1.006s] -- Up-to-date: /home/vboxuser/bumperbot_ws/install/bumperbot_description/share/bumperbot_description/models/aws_robomaker_warehouse_ShelfD_01/meshes/aws_robomaker_warehouse_ShelfD_01_visual.DAE
[1.006s] -- Up-to-date: /home/vboxuser/bumperbot_ws/install/bumperbot_description/share/bumperbot_description/models/aws_robomaker_warehouse_ShelfD_01/model.config
[1.006s] -- Up-to-date: /home/vboxuser/bumperbot_ws/install/bumperbot_description/share/bumperbot_description/models/aws_robomaker_warehouse_ShelfD_01/model.sdf
[1.006s] -- Up-to-date: /home/vboxuser/bumperbot_ws/install/bumperbot_description/share/bumperbot_description/models/aws_robomaker_residential_KitchenTable_01
[1.006s] -- Up-to-date: /home/vboxuser/bumperbot_ws/install/bumperbot_description/share/bumperbot_description/models/aws_robomaker_residential_KitchenTable_01/materials
[1.006s] -- Up-to-date: /home/vboxuser/bumperbot_ws/install/bumperbot_description/share/bumperbot_description/models/aws_robomaker_residential_KitchenTable_01/materials/textures
[1.006s] -- Up-to-date: /home/vboxuser/bumperbot_ws/install/bumperbot_description/share/bumperbot_description/models/aws_robomaker_residential_KitchenTable_01/materials/textures/aws_KitchenTable_01.png
[1.006s] -- Up-to-date: /home/vboxuser/bumperbot_ws/install/bumperbot_description/share/bumperbot_description/models/aws_robomaker_residential_KitchenTable_01/meshes
[1.006s] -- Up-to-date: /home/vboxuser/bumperbot_ws/install/bumperbot_description/share/bumperbot_description/models/aws_robomaker_residential_KitchenTable_01/meshes/aws_KitchenTable_01_visual.DAE
[1.006s] -- Up-to-date: /home/vboxuser/bumperbot_ws/install/bumperbot_description/share/bumperbot_description/models/aws_robomaker_residential_KitchenTable_01/meshes/aws_KitchenTable_01_collision.DAE
[1.006s] -- Up-to-date: /home/vboxuser/bumperbot_ws/install/bumperbot_description/share/bumperbot_description/models/aws_robomaker_residential_KitchenTable_01/model.config
[1.006s] -- Up-to-date: /home/vboxuser/bumperbot_ws/install/bumperbot_description/share/bumperbot_description/models/aws_robomaker_residential_KitchenTable_01/model.sdf
[1.007s] -- Up-to-date: /home/vboxuser/bumperbot_ws/install/bumperbot_description/share/bumperbot_description/models/aws_robomaker_warehouse_ShelfF_01
[1.007s] -- Up-to-date: /home/vboxuser/bumperbot_ws/install/bumperbot_description/share/bumperbot_description/models/aws_robomaker_warehouse_ShelfF_01/materials
[1.007s] -- Up-to-date: /home/vboxuser/bumperbot_ws/install/bumperbot_description/share/bumperbot_description/models/aws_robomaker_warehouse_ShelfF_01/materials/textures
[1.007s] -- Up-to-date: /home/vboxuser/bumperbot_ws/install/bumperbot_description/share/bumperbot_description/models/aws_robomaker_warehouse_ShelfF_01/materials/textures/aws_robomaker_warehouse_ShelfF_02.png
[1.007s] -- Up-to-date: /home/vboxuser/bumperbot_ws/install/bumperbot_description/share/bumperbot_description/models/aws_robomaker_warehouse_ShelfF_01/materials/textures/aws_robomaker_warehouse_ShelfF_01.png
[1.007s] -- Up-to-date: /home/vboxuser/bumperbot_ws/install/bumperbot_description/share/bumperbot_description/models/aws_robomaker_warehouse_ShelfF_01/materials/textures/aws_robomaker_warehouse_ShelfF_03.png
[1.007s] -- Up-to-date: /home/vboxuser/bumperbot_ws/install/bumperbot_description/share/bumperbot_description/models/aws_robomaker_warehouse_ShelfF_01/meshes
[1.007s] -- Up-to-date: /home/vboxuser/bumperbot_ws/install/bumperbot_description/share/bumperbot_description/models/aws_robomaker_warehouse_ShelfF_01/meshes/aws_robomaker_warehouse_ShelfF_01_visual.DAE
[1.007s] -- Up-to-date: /home/vboxuser/bumperbot_ws/install/bumperbot_description/share/bumperbot_description/models/aws_robomaker_warehouse_ShelfF_01/meshes/aws_robomaker_warehouse_ShelfF_01_collision.DAE
[1.007s] -- Up-to-date: /home/vboxuser/bumperbot_ws/install/bumperbot_description/share/bumperbot_description/models/aws_robomaker_warehouse_ShelfF_01/model.config
[1.007s] -- Up-to-date: /home/vboxuser/bumperbot_ws/install/bumperbot_description/share/bumperbot_description/models/aws_robomaker_warehouse_ShelfF_01/model.sdf
[1.007s] -- Up-to-date: /home/vboxuser/bumperbot_ws/install/bumperbot_description/share/bumperbot_description/models/aws_robomaker_residential_FloorB_01
[1.007s] -- Up-to-date: /home/vboxuser/bumperbot_ws/install/bumperbot_description/share/bumperbot_description/models/aws_robomaker_residential_FloorB_01/materials
[1.007s] -- Up-to-date: /home/vboxuser/bumperbot_ws/install/bumperbot_description/share/bumperbot_description/models/aws_robomaker_residential_FloorB_01/materials/textures
[1.007s] -- Up-to-date: /home/vboxuser/bumperbot_ws/install/bumperbot_description/share/bumperbot_description/models/aws_robomaker_residential_FloorB_01/materials/textures/aws_FloorB_01.png
[1.007s] -- Up-to-date: /home/vboxuser/bumperbot_ws/install/bumperbot_description/share/bumperbot_description/models/aws_robomaker_residential_FloorB_01/meshes
[1.007s] -- Up-to-date: /home/vboxuser/bumperbot_ws/install/bumperbot_description/share/bumperbot_description/models/aws_robomaker_residential_FloorB_01/meshes/aws_FloorB_01_collision.DAE
[1.007s] -- Up-to-date: /home/vboxuser/bumperbot_ws/install/bumperbot_description/share/bumperbot_description/models/aws_robomaker_residential_FloorB_01/meshes/aws_FloorB_01_visual.DAE
[1.007s] -- Up-to-date: /home/vboxuser/bumperbot_ws/install/bumperbot_description/share/bumperbot_description/models/aws_robomaker_residential_FloorB_01/model.config
[1.007s] -- Up-to-date: /home/vboxuser/bumperbot_ws/install/bumperbot_description/share/bumperbot_description/models/aws_robomaker_residential_FloorB_01/model.sdf
[1.007s] -- Up-to-date: /home/vboxuser/bumperbot_ws/install/bumperbot_description/share/bumperbot_description/models/aws_robomaker_warehouse_GroundB_01
[1.007s] -- Up-to-date: /home/vboxuser/bumperbot_ws/install/bumperbot_description/share/bumperbot_description/models/aws_robomaker_warehouse_GroundB_01/materials
[1.007s] -- Up-to-date: /home/vboxuser/bumperbot_ws/install/bumperbot_description/share/bumperbot_description/models/aws_robomaker_warehouse_GroundB_01/materials/textures
[1.007s] -- Up-to-date: /home/vboxuser/bumperbot_ws/install/bumperbot_description/share/bumperbot_description/models/aws_robomaker_warehouse_GroundB_01/materials/textures/aws_robomaker_warehouse_GroundB_02.png
[1.007s] -- Up-to-date: /home/vboxuser/bumperbot_ws/install/bumperbot_description/share/bumperbot_description/models/aws_robomaker_warehouse_GroundB_01/materials/textures/aws_robomaker_warehouse_GroundB_01.png
[1.008s] -- Up-to-date: /home/vboxuser/bumperbot_ws/install/bumperbot_description/share/bumperbot_description/models/aws_robomaker_warehouse_GroundB_01/meshes
[1.008s] -- Up-to-date: /home/vboxuser/bumperbot_ws/install/bumperbot_description/share/bumperbot_description/models/aws_robomaker_warehouse_GroundB_01/meshes/aws_robomaker_warehouse_GroundB_01_collision.DAE
[1.008s] -- Up-to-date: /home/vboxuser/bumperbot_ws/install/bumperbot_description/share/bumperbot_description/models/aws_robomaker_warehouse_GroundB_01/meshes/aws_robomaker_warehouse_GroundB_01_visual.DAE
[1.008s] -- Up-to-date: /home/vboxuser/bumperbot_ws/install/bumperbot_description/share/bumperbot_description/models/aws_robomaker_warehouse_GroundB_01/model.config
[1.008s] -- Up-to-date: /home/vboxuser/bumperbot_ws/install/bumperbot_description/share/bumperbot_description/models/aws_robomaker_warehouse_GroundB_01/model.sdf
[1.008s] -- Up-to-date: /home/vboxuser/bumperbot_ws/install/bumperbot_description/share/bumperbot_description/models/aws_robomaker_residential_PortraitE_02
[1.008s] -- Up-to-date: /home/vboxuser/bumperbot_ws/install/bumperbot_description/share/bumperbot_description/models/aws_robomaker_residential_PortraitE_02/materials
[1.008s] -- Up-to-date: /home/vboxuser/bumperbot_ws/install/bumperbot_description/share/bumperbot_description/models/aws_robomaker_residential_PortraitE_02/materials/textures
[1.008s] -- Up-to-date: /home/vboxuser/bumperbot_ws/install/bumperbot_description/share/bumperbot_description/models/aws_robomaker_residential_PortraitE_02/materials/textures/aws_PortraitE_02.png
[1.008s] -- Up-to-date: /home/vboxuser/bumperbot_ws/install/bumperbot_description/share/bumperbot_description/models/aws_robomaker_residential_PortraitE_02/materials/textures/aws_PortraitE_01.png
[1.008s] -- Up-to-date: /home/vboxuser/bumperbot_ws/install/bumperbot_description/share/bumperbot_description/models/aws_robomaker_residential_PortraitE_02/meshes
[1.008s] -- Up-to-date: /home/vboxuser/bumperbot_ws/install/bumperbot_description/share/bumperbot_description/models/aws_robomaker_residential_PortraitE_02/meshes/aws_PortraitE_01_visual.DAE
[1.008s] -- Up-to-date: /home/vboxuser/bumperbot_ws/install/bumperbot_description/share/bumperbot_description/models/aws_robomaker_residential_PortraitE_02/meshes/aws_PortraitE_01_collision.DAE
[1.008s] -- Up-to-date: /home/vboxuser/bumperbot_ws/install/bumperbot_description/share/bumperbot_description/models/aws_robomaker_residential_PortraitE_02/model.config
[1.008s] -- Up-to-date: /home/vboxuser/bumperbot_ws/install/bumperbot_description/share/bumperbot_description/models/aws_robomaker_residential_PortraitE_02/model.sdf
[1.008s] -- Up-to-date: /home/vboxuser/bumperbot_ws/install/bumperbot_description/share/bumperbot_description/models/aws_robomaker_residential_Board_01
[1.008s] -- Up-to-date: /home/vboxuser/bumperbot_ws/install/bumperbot_description/share/bumperbot_description/models/aws_robomaker_residential_Board_01/materials
[1.008s] -- Up-to-date: /home/vboxuser/bumperbot_ws/install/bumperbot_description/share/bumperbot_description/models/aws_robomaker_residential_Board_01/materials/textures
[1.008s] -- Up-to-date: /home/vboxuser/bumperbot_ws/install/bumperbot_description/share/bumperbot_description/models/aws_robomaker_residential_Board_01/materials/textures/aws_Board_01.png
[1.008s] -- Up-to-date: /home/vboxuser/bumperbot_ws/install/bumperbot_description/share/bumperbot_description/models/aws_robomaker_residential_Board_01/meshes
[1.008s] -- Up-to-date: /home/vboxuser/bumperbot_ws/install/bumperbot_description/share/bumperbot_description/models/aws_robomaker_residential_Board_01/meshes/aws_Board_01_visual.DAE
[1.008s] -- Up-to-date: /home/vboxuser/bumperbot_ws/install/bumperbot_description/share/bumperbot_description/models/aws_robomaker_residential_Board_01/meshes/aws_Board_01_collision.DAE
[1.008s] -- Up-to-date: /home/vboxuser/bumperbot_ws/install/bumperbot_description/share/bumperbot_description/models/aws_robomaker_residential_Board_01/model.config
[1.008s] -- Up-to-date: /home/vboxuser/bumperbot_ws/install/bumperbot_description/share/bumperbot_description/models/aws_robomaker_residential_Board_01/model.sdf
[1.008s] -- Up-to-date: /home/vboxuser/bumperbot_ws/install/bumperbot_description/share/bumperbot_description/models/aws_robomaker_residential_Ball_01
[1.008s] -- Up-to-date: /home/vboxuser/bumperbot_ws/install/bumperbot_description/share/bumperbot_description/models/aws_robomaker_residential_Ball_01/materials
[1.008s] -- Up-to-date: /home/vboxuser/bumperbot_ws/install/bumperbot_description/share/bumperbot_description/models/aws_robomaker_residential_Ball_01/materials/textures
[1.008s] -- Up-to-date: /home/vboxuser/bumperbot_ws/install/bumperbot_description/share/bumperbot_description/models/aws_robomaker_residential_Ball_01/materials/textures/aws_Ball_01.png
[1.009s] -- Up-to-date: /home/vboxuser/bumperbot_ws/install/bumperbot_description/share/bumperbot_description/models/aws_robomaker_residential_Ball_01/meshes
[1.009s] -- Up-to-date: /home/vboxuser/bumperbot_ws/install/bumperbot_description/share/bumperbot_description/models/aws_robomaker_residential_Ball_01/meshes/aws_Ball_01_collision.DAE
[1.009s] -- Up-to-date: /home/vboxuser/bumperbot_ws/install/bumperbot_description/share/bumperbot_description/models/aws_robomaker_residential_Ball_01/meshes/aws_Ball_01_visual.DAE
[1.009s] -- Up-to-date: /home/vboxuser/bumperbot_ws/install/bumperbot_description/share/bumperbot_description/models/aws_robomaker_residential_Ball_01/model.config
[1.009s] -- Up-to-date: /home/vboxuser/bumperbot_ws/install/bumperbot_description/share/bumperbot_description/models/aws_robomaker_residential_Ball_01/model.sdf
[1.009s] -- Up-to-date: /home/vboxuser/bumperbot_ws/install/bumperbot_description/share/bumperbot_description/models/aws_robomaker_residential_Dumbbell_01
[1.009s] -- Up-to-date: /home/vboxuser/bumperbot_ws/install/bumperbot_description/share/bumperbot_description/models/aws_robomaker_residential_Dumbbell_01/materials
[1.009s] -- Up-to-date: /home/vboxuser/bumperbot_ws/install/bumperbot_description/share/bumperbot_description/models/aws_robomaker_residential_Dumbbell_01/materials/textures
[1.009s] -- Up-to-date: /home/vboxuser/bumperbot_ws/install/bumperbot_description/share/bumperbot_description/models/aws_robomaker_residential_Dumbbell_01/materials/textures/aws_Dumbbell_01.png
[1.009s] -- Up-to-date: /home/vboxuser/bumperbot_ws/install/bumperbot_description/share/bumperbot_description/models/aws_robomaker_residential_Dumbbell_01/meshes
[1.009s] -- Up-to-date: /home/vboxuser/bumperbot_ws/install/bumperbot_description/share/bumperbot_description/models/aws_robomaker_residential_Dumbbell_01/meshes/aws_Dumbbell_01_visual.DAE
[1.009s] -- Up-to-date: /home/vboxuser/bumperbot_ws/install/bumperbot_description/share/bumperbot_description/models/aws_robomaker_residential_Dumbbell_01/meshes/aws_Dumbbell_01_collision.DAE
[1.009s] -- Up-to-date: /home/vboxuser/bumperbot_ws/install/bumperbot_description/share/bumperbot_description/models/aws_robomaker_residential_Dumbbell_01/model.config
[1.009s] -- Up-to-date: /home/vboxuser/bumperbot_ws/install/bumperbot_description/share/bumperbot_description/models/aws_robomaker_residential_Dumbbell_01/model.sdf
[1.009s] -- Up-to-date: /home/vboxuser/bumperbot_ws/install/bumperbot_description/share/bumperbot_description/models/aws_robomaker_warehouse_WallB_01
[1.009s] -- Up-to-date: /home/vboxuser/bumperbot_ws/install/bumperbot_description/share/bumperbot_description/models/aws_robomaker_warehouse_WallB_01/materials
[1.009s] -- Up-to-date: /home/vboxuser/bumperbot_ws/install/bumperbot_description/share/bumperbot_description/models/aws_robomaker_warehouse_WallB_01/materials/textures
[1.009s] -- Up-to-date: /home/vboxuser/bumperbot_ws/install/bumperbot_description/share/bumperbot_description/models/aws_robomaker_warehouse_WallB_01/materials/textures/aws_robomaker_warehouse_WallB_01.png
[1.010s] -- Up-to-date: /home/vboxuser/bumperbot_ws/install/bumperbot_description/share/bumperbot_description/models/aws_robomaker_warehouse_WallB_01/meshes
[1.010s] -- Up-to-date: /home/vboxuser/bumperbot_ws/install/bumperbot_description/share/bumperbot_description/models/aws_robomaker_warehouse_WallB_01/meshes/aws_robomaker_warehouse_WallB_01_collision.DAE
[1.010s] -- Up-to-date: /home/vboxuser/bumperbot_ws/install/bumperbot_description/share/bumperbot_description/models/aws_robomaker_warehouse_WallB_01/meshes/aws_robomaker_warehouse_WallB_01_visual.DAE
[1.010s] -- Up-to-date: /home/vboxuser/bumperbot_ws/install/bumperbot_description/share/bumperbot_description/models/aws_robomaker_warehouse_WallB_01/model.config
[1.010s] -- Up-to-date: /home/vboxuser/bumperbot_ws/install/bumperbot_description/share/bumperbot_description/models/aws_robomaker_warehouse_WallB_01/model.sdf
[1.010s] -- Up-to-date: /home/vboxuser/bumperbot_ws/install/bumperbot_description/share/bumperbot_description/models/aws_robomaker_residential_TV_01
[1.010s] -- Up-to-date: /home/vboxuser/bumperbot_ws/install/bumperbot_description/share/bumperbot_description/models/aws_robomaker_residential_TV_01/materials
[1.010s] -- Up-to-date: /home/vboxuser/bumperbot_ws/install/bumperbot_description/share/bumperbot_description/models/aws_robomaker_residential_TV_01/materials/textures
[1.010s] -- Up-to-date: /home/vboxuser/bumperbot_ws/install/bumperbot_description/share/bumperbot_description/models/aws_robomaker_residential_TV_01/materials/textures/aws_TV_01.png
[1.011s] -- Up-to-date: /home/vboxuser/bumperbot_ws/install/bumperbot_description/share/bumperbot_description/models/aws_robomaker_residential_TV_01/meshes
[1.011s] -- Up-to-date: /home/vboxuser/bumperbot_ws/install/bumperbot_description/share/bumperbot_description/models/aws_robomaker_residential_TV_01/meshes/aws_TV_01_collision.DAE
[1.011s] -- Up-to-date: /home/vboxuser/bumperbot_ws/install/bumperbot_description/share/bumperbot_description/models/aws_robomaker_residential_TV_01/meshes/aws_TV_01_visual.DAE
[1.011s] -- Up-to-date: /home/vboxuser/bumperbot_ws/install/bumperbot_description/share/bumperbot_description/models/aws_robomaker_residential_TV_01/model.config
[1.011s] -- Up-to-date: /home/vboxuser/bumperbot_ws/install/bumperbot_description/share/bumperbot_description/models/aws_robomaker_residential_TV_01/model.sdf
[1.011s] -- Up-to-date: /home/vboxuser/bumperbot_ws/install/bumperbot_description/share/bumperbot_description/models/aws_robomaker_residential_AirconditionerA_01
[1.011s] -- Up-to-date: /home/vboxuser/bumperbot_ws/install/bumperbot_description/share/bumperbot_description/models/aws_robomaker_residential_AirconditionerA_01/materials
[1.011s] -- Up-to-date: /home/vboxuser/bumperbot_ws/install/bumperbot_description/share/bumperbot_description/models/aws_robomaker_residential_AirconditionerA_01/materials/textures
[1.011s] -- Up-to-date: /home/vboxuser/bumperbot_ws/install/bumperbot_description/share/bumperbot_description/models/aws_robomaker_residential_AirconditionerA_01/materials/textures/aws_AirconditionerA_01.png
[1.011s] -- Up-to-date: /home/vboxuser/bumperbot_ws/install/bumperbot_description/share/bumperbot_description/models/aws_robomaker_residential_AirconditionerA_01/meshes
[1.012s] -- Up-to-date: /home/vboxuser/bumperbot_ws/install/bumperbot_description/share/bumperbot_description/models/aws_robomaker_residential_AirconditionerA_01/meshes/aws_AirconditionerA_01_visual.DAE
[1.012s] -- Up-to-date: /home/vboxuser/bumperbot_ws/install/bumperbot_description/share/bumperbot_description/models/aws_robomaker_residential_AirconditionerA_01/meshes/aws__Air conditioner_01.DAE
[1.012s] -- Up-to-date: /home/vboxuser/bumperbot_ws/install/bumperbot_description/share/bumperbot_description/models/aws_robomaker_residential_AirconditionerA_01/meshes/aws_AirconditionerA_01_collision.DAE
[1.012s] -- Up-to-date: /home/vboxuser/bumperbot_ws/install/bumperbot_description/share/bumperbot_description/models/aws_robomaker_residential_AirconditionerA_01/model.config
[1.012s] -- Up-to-date: /home/vboxuser/bumperbot_ws/install/bumperbot_description/share/bumperbot_description/models/aws_robomaker_residential_AirconditionerA_01/model.sdf
[1.012s] -- Up-to-date: /home/vboxuser/bumperbot_ws/install/bumperbot_description/share/bumperbot_description/models/aws_robomaker_residential_NightStand_01
[1.014s] -- Up-to-date: /home/vboxuser/bumperbot_ws/install/bumperbot_description/share/bumperbot_description/models/aws_robomaker_residential_NightStand_01/materials
[1.014s] -- Up-to-date: /home/vboxuser/bumperbot_ws/install/bumperbot_description/share/bumperbot_description/models/aws_robomaker_residential_NightStand_01/materials/textures
[1.014s] -- Up-to-date: /home/vboxuser/bumperbot_ws/install/bumperbot_description/share/bumperbot_description/models/aws_robomaker_residential_NightStand_01/materials/textures/aws_NightStand_01.png
[1.015s] -- Up-to-date: /home/vboxuser/bumperbot_ws/install/bumperbot_description/share/bumperbot_description/models/aws_robomaker_residential_NightStand_01/meshes
[1.015s] -- Up-to-date: /home/vboxuser/bumperbot_ws/install/bumperbot_description/share/bumperbot_description/models/aws_robomaker_residential_NightStand_01/meshes/aws_NightStand_01_visual.DAE
[1.015s] -- Up-to-date: /home/vboxuser/bumperbot_ws/install/bumperbot_description/share/bumperbot_description/models/aws_robomaker_residential_NightStand_01/meshes/aws_NightStand_01_collision.DAE
[1.015s] -- Up-to-date: /home/vboxuser/bumperbot_ws/install/bumperbot_description/share/bumperbot_description/models/aws_robomaker_residential_NightStand_01/model.config
[1.017s] -- Up-to-date: /home/vboxuser/bumperbot_ws/install/bumperbot_description/share/bumperbot_description/models/aws_robomaker_residential_NightStand_01/model.sdf
[1.017s] -- Up-to-date: /home/vboxuser/bumperbot_ws/install/bumperbot_description/share/bumperbot_description/models/aws_robomaker_residential_KitchenUtensils_01
[1.017s] -- Up-to-date: /home/vboxuser/bumperbot_ws/install/bumperbot_description/share/bumperbot_description/models/aws_robomaker_residential_KitchenUtensils_01/materials
[1.017s] -- Up-to-date: /home/vboxuser/bumperbot_ws/install/bumperbot_description/share/bumperbot_description/models/aws_robomaker_residential_KitchenUtensils_01/materials/textures
[1.017s] -- Up-to-date: /home/vboxuser/bumperbot_ws/install/bumperbot_description/share/bumperbot_description/models/aws_robomaker_residential_KitchenUtensils_01/materials/textures/aws_KitchenUtensils_01.png
[1.017s] -- Up-to-date: /home/vboxuser/bumperbot_ws/install/bumperbot_description/share/bumperbot_description/models/aws_robomaker_residential_KitchenUtensils_01/meshes
[1.017s] -- Up-to-date: /home/vboxuser/bumperbot_ws/install/bumperbot_description/share/bumperbot_description/models/aws_robomaker_residential_KitchenUtensils_01/meshes/aws_KitchenUtensils_01_visual.DAE
[1.017s] -- Up-to-date: /home/vboxuser/bumperbot_ws/install/bumperbot_description/share/bumperbot_description/models/aws_robomaker_residential_KitchenUtensils_01/meshes/aws_KitchenUtensils_01_collision.DAE
[1.017s] -- Up-to-date: /home/vboxuser/bumperbot_ws/install/bumperbot_description/share/bumperbot_description/models/aws_robomaker_residential_KitchenUtensils_01/model.config
[1.017s] -- Up-to-date: /home/vboxuser/bumperbot_ws/install/bumperbot_description/share/bumperbot_description/models/aws_robomaker_residential_KitchenUtensils_01/model.sdf
[1.017s] -- Up-to-date: /home/vboxuser/bumperbot_ws/install/bumperbot_description/share/bumperbot_description/models/aws_robomaker_warehouse_ClutteringA_01
[1.017s] -- Up-to-date: /home/vboxuser/bumperbot_ws/install/bumperbot_description/share/bumperbot_description/models/aws_robomaker_warehouse_ClutteringA_01/materials
[1.017s] -- Up-to-date: /home/vboxuser/bumperbot_ws/install/bumperbot_description/share/bumperbot_description/models/aws_robomaker_warehouse_ClutteringA_01/materials/textures
[1.017s] -- Up-to-date: /home/vboxuser/bumperbot_ws/install/bumperbot_description/share/bumperbot_description/models/aws_robomaker_warehouse_ClutteringA_01/materials/textures/aws_robomaker_warehouse_ClutteringA_01.png
[1.017s] -- Up-to-date: /home/vboxuser/bumperbot_ws/install/bumperbot_description/share/bumperbot_description/models/aws_robomaker_warehouse_ClutteringA_01/materials/textures/aws_robomaker_warehouse_ClutteringA_03.png
[1.018s] -- Up-to-date: /home/vboxuser/bumperbot_ws/install/bumperbot_description/share/bumperbot_description/models/aws_robomaker_warehouse_ClutteringA_01/materials/textures/aws_robomaker_warehouse_ClutteringA_02.png
[1.019s] -- Up-to-date: /home/vboxuser/bumperbot_ws/install/bumperbot_description/share/bumperbot_description/models/aws_robomaker_warehouse_ClutteringA_01/materials/textures/.DS_Store
[1.019s] -- Up-to-date: /home/vboxuser/bumperbot_ws/install/bumperbot_description/share/bumperbot_description/models/aws_robomaker_warehouse_ClutteringA_01/materials/.DS_Store
[1.019s] -- Up-to-date: /home/vboxuser/bumperbot_ws/install/bumperbot_description/share/bumperbot_description/models/aws_robomaker_warehouse_ClutteringA_01/meshes
[1.019s] -- Up-to-date: /home/vboxuser/bumperbot_ws/install/bumperbot_description/share/bumperbot_description/models/aws_robomaker_warehouse_ClutteringA_01/meshes/aws_robomaker_warehouse_ClutteringA_01_collision.DAE
[1.019s] -- Up-to-date: /home/vboxuser/bumperbot_ws/install/bumperbot_description/share/bumperbot_description/models/aws_robomaker_warehouse_ClutteringA_01/meshes/aws_robomaker_warehouse_ClutteringA_01_visual.DAE
[1.019s] -- Up-to-date: /home/vboxuser/bumperbot_ws/install/bumperbot_description/share/bumperbot_description/models/aws_robomaker_warehouse_ClutteringA_01/model.config
[1.019s] -- Up-to-date: /home/vboxuser/bumperbot_ws/install/bumperbot_description/share/bumperbot_description/models/aws_robomaker_warehouse_ClutteringA_01/.DS_Store
[1.020s] -- Up-to-date: /home/vboxuser/bumperbot_ws/install/bumperbot_description/share/bumperbot_description/models/aws_robomaker_warehouse_ClutteringA_01/model.sdf
[1.020s] -- Up-to-date: /home/vboxuser/bumperbot_ws/install/bumperbot_description/share/bumperbot_description/photos
[1.020s] -- Up-to-date: /home/vboxuser/bumperbot_ws/install/bumperbot_description/share/bumperbot_description/photos/DeskPortraitC_01.jpg
[1.021s] -- Up-to-date: /home/vboxuser/bumperbot_ws/install/bumperbot_description/share/bumperbot_description/photos/DeskPortraitA_01.jpg
[1.021s] -- Up-to-date: /home/vboxuser/bumperbot_ws/install/bumperbot_description/share/bumperbot_description/photos/DeskPortraitD_03.jpg
[1.021s] -- Up-to-date: /home/vboxuser/bumperbot_ws/install/bumperbot_description/share/bumperbot_description/photos/DeskPortraitC_02.jpg
[1.021s] -- Up-to-date: /home/vboxuser/bumperbot_ws/install/bumperbot_description/share/bumperbot_description/photos/PortraitA_02.jpg
[1.021s] -- Up-to-date: /home/vboxuser/bumperbot_ws/install/bumperbot_description/share/bumperbot_description/photos/PortraitE_02.jpg
[1.021s] -- Up-to-date: /home/vboxuser/bumperbot_ws/install/bumperbot_description/share/bumperbot_description/photos/PortraitD_02.jpg
[1.021s] -- Up-to-date: /home/vboxuser/bumperbot_ws/install/bumperbot_description/share/bumperbot_description/photos/PortraitB_01.jpg
[1.022s] -- Up-to-date: /home/vboxuser/bumperbot_ws/install/bumperbot_description/share/bumperbot_description/photos/PortraitE_01.jpg
[1.022s] -- Up-to-date: /home/vboxuser/bumperbot_ws/install/bumperbot_description/share/bumperbot_description/photos/PortraitB_02.jpg
[1.022s] -- Up-to-date: /home/vboxuser/bumperbot_ws/install/bumperbot_description/share/bumperbot_description/photos/PortraitA_01.jpg
[1.022s] -- Up-to-date: /home/vboxuser/bumperbot_ws/install/bumperbot_description/share/bumperbot_description/photos/DeskPortraitB_02.jpg
[1.022s] -- Up-to-date: /home/vboxuser/bumperbot_ws/install/bumperbot_description/share/bumperbot_description/photos/DeskPortraitA_02.jpg
[1.022s] -- Up-to-date: /home/vboxuser/bumperbot_ws/install/bumperbot_description/share/bumperbot_description/photos/DeskPortraitB_01.jpg
[1.022s] -- Up-to-date: /home/vboxuser/bumperbot_ws/install/bumperbot_description/share/bumperbot_description/photos/PortraitD_01.jpg
[1.022s] -- Up-to-date: /home/vboxuser/bumperbot_ws/install/bumperbot_description/share/bumperbot_description/photos/DeskPortraitD_02.jpg
[1.023s] -- Up-to-date: /home/vboxuser/bumperbot_ws/install/bumperbot_description/share/bumperbot_description/photos/PortraitC_01.jpg
[1.023s] -- Up-to-date: /home/vboxuser/bumperbot_ws/install/bumperbot_description/share/bumperbot_description/photos/DeskPortraitD_01.jpg
[1.023s] -- Up-to-date: /home/vboxuser/bumperbot_ws/install/bumperbot_description/share/bumperbot_description/photos/PortraitB_03.jpg
[1.023s] -- Up-to-date: /home/vboxuser/bumperbot_ws/install/bumperbot_description/share/bumperbot_description/photos/DeskPortraitD_04.jpg
[1.024s] -- Up-to-date: /home/vboxuser/bumperbot_ws/install/bumperbot_description/share/bumperbot_description/urdf
[1.025s] -- Up-to-date: /home/vboxuser/bumperbot_ws/install/bumperbot_description/share/bumperbot_description/urdf/bumperbot_ros2_control.xacro
[1.025s] -- Up-to-date: /home/vboxuser/bumperbot_ws/install/bumperbot_description/share/bumperbot_description/urdf/bumperbot_gazebo.xacro
[1.025s] -- Up-to-date: /home/vboxuser/bumperbot_ws/install/bumperbot_description/share/bumperbot_description/urdf/bumperbot.urdf.xacro
[1.025s] -- Up-to-date: /home/vboxuser/bumperbot_ws/install/bumperbot_description/share/bumperbot_description/rviz
[1.025s] -- Up-to-date: /home/vboxuser/bumperbot_ws/install/bumperbot_description/share/bumperbot_description/rviz/display.rviz
[1.025s] -- Up-to-date: /home/vboxuser/bumperbot_ws/install/bumperbot_description/share/bumperbot_description/worlds
[1.025s] -- Up-to-date: /home/vboxuser/bumperbot_ws/install/bumperbot_description/share/bumperbot_description/worlds/empty.world
[1.025s] -- Up-to-date: /home/vboxuser/bumperbot_ws/install/bumperbot_description/share/bumperbot_description/worlds/small_warehouse.world
[1.025s] -- Up-to-date: /home/vboxuser/bumperbot_ws/install/bumperbot_description/share/bumperbot_description/worlds/small_house.world
[1.025s] -- Up-to-date: /home/vboxuser/bumperbot_ws/install/bumperbot_description/share/ament_index/resource_index/package_run_dependencies/bumperbot_description
[1.026s] -- Up-to-date: /home/vboxuser/bumperbot_ws/install/bumperbot_description/share/ament_index/resource_index/parent_prefix_path/bumperbot_description
[1.026s] -- Up-to-date: /home/vboxuser/bumperbot_ws/install/bumperbot_description/share/bumperbot_description/environment/ament_prefix_path.sh
[1.026s] -- Up-to-date: /home/vboxuser/bumperbot_ws/install/bumperbot_description/share/bumperbot_description/environment/ament_prefix_path.dsv
[1.026s] -- Up-to-date: /home/vboxuser/bumperbot_ws/install/bumperbot_description/share/bumperbot_description/environment/path.sh
[1.026s] -- Up-to-date: /home/vboxuser/bumperbot_ws/install/bumperbot_description/share/bumperbot_description/environment/path.dsv
[1.026s] -- Up-to-date: /home/vboxuser/bumperbot_ws/install/bumperbot_description/share/bumperbot_description/local_setup.bash
[1.026s] -- Up-to-date: /home/vboxuser/bumperbot_ws/install/bumperbot_description/share/bumperbot_description/local_setup.sh
[1.026s] -- Up-to-date: /home/vboxuser/bumperbot_ws/install/bumperbot_description/share/bumperbot_description/local_setup.zsh
[1.026s] -- Up-to-date: /home/vboxuser/bumperbot_ws/install/bumperbot_description/share/bumperbot_description/local_setup.dsv
[1.026s] -- Installing: /home/vboxuser/bumperbot_ws/install/bumperbot_description/share/bumperbot_description/package.dsv
[1.026s] -- Up-to-date: /home/vboxuser/bumperbot_ws/install/bumperbot_description/share/ament_index/resource_index/packages/bumperbot_description
[1.026s] -- Up-to-date: /home/vboxuser/bumperbot_ws/install/bumperbot_description/share/bumperbot_description/cmake/bumperbot_descriptionConfig.cmake
[1.026s] -- Up-to-date: /home/vboxuser/bumperbot_ws/install/bumperbot_description/share/bumperbot_description/cmake/bumperbot_descriptionConfig-version.cmake
[1.026s] -- Up-to-date: /home/vboxuser/bumperbot_ws/install/bumperbot_description/share/bumperbot_description/package.xml
[1.092s] Invoked command in '/home/vboxuser/bumperbot_ws/build/bumperbot_description' returned '0': CMAKE_PREFIX_PATH=${CMAKE_PREFIX_PATH}:/home/vboxuser/bumperbot_ws/install/bumperbot_py_examples:/opt/ros/jazzy DEBUGINFOD_URLS=https://debuginfod.ubuntu.com /usr/bin/cmake --install /home/vboxuser/bumperbot_ws/build/bumperbot_description
