[0.040s] Invoking command in '/home/vboxuser/bumperbot_ws/build/bumperbot_description': CMAKE_PREFIX_PATH=${CMAKE_PREFIX_PATH}:/opt/ros/jazzy DEBUGINFOD_URLS=https://debuginfod.ubuntu.com /usr/bin/cmake --build /home/vboxuser/bumperbot_ws/build/bumperbot_description -- -j6 -l6
[0.224s] Invoked command in '/home/vboxuser/bumperbot_ws/build/bumperbot_description' returned '0': CMAKE_PREFIX_PATH=${CMAKE_PREFIX_PATH}:/opt/ros/jazzy DEBUGINFOD_URLS=https://debuginfod.ubuntu.com /usr/bin/cmake --build /home/vboxuser/bumperbot_ws/build/bumperbot_description -- -j6 -l6
[0.271s] Invoking command in '/home/vboxuser/bumperbot_ws/build/bumperbot_description': CMAKE_PREFIX_PATH=${CMAKE_PREFIX_PATH}:/opt/ros/jazzy DEBUGINFOD_URLS=https://debuginfod.ubuntu.com /usr/bin/cmake --install /home/vboxuser/bumperbot_ws/build/bumperbot_description
[1.116s] -- Install configuration: ""
[1.116s] -- Up-to-date: /home/vboxuser/bumperbot_ws/install/bumperbot_description/share/bumperbot_description/launch
[1.116s] -- Up-to-date: /home/vboxuser/bumperbot_ws/install/bumperbot_description/share/bumperbot_description/launch/display.launch.py
[1.116s] -- Up-to-date: /home/vboxuser/bumperbot_ws/install/bumperbot_description/share/bumperbot_description/launch/gazebo.launch.py
[1.116s] -- Up-to-date: /home/vboxuser/bumperbot_ws/install/bumperbot_description/share/bumperbot_description/meshes
[1.116s] -- Up-to-date: /home/vboxuser/bumperbot_ws/install/bumperbot_description/share/bumperbot_description/meshes/wheel_right_link.STL
[1.116s] -- Up-to-date: /home/vboxuser/bumperbot_ws/install/bumperbot_description/share/bumperbot_description/meshes/caster_front_link.STL
[1.116s] -- Up-to-date: /home/vboxuser/bumperbot_ws/install/bumperbot_description/share/bumperbot_description/meshes/wheel_left_link.STL
[1.119s] -- Up-to-date: /home/vboxuser/bumperbot_ws/install/bumperbot_description/share/bumperbot_description/meshes/caster_rear_link.STL
[1.119s] -- Up-to-date: /home/vboxuser/bumperbot_ws/install/bumperbot_description/share/bumperbot_description/meshes/imu_link.STL
[1.119s] -- Up-to-date: /home/vboxuser/bumperbot_ws/install/bumperbot_description/share/bumperbot_description/meshes/laser_link.STL
[1.119s] -- Up-to-date: /home/vboxuser/bumperbot_ws/install/bumperbot_description/share/bumperbot_description/meshes/base_link.STL
[1.119s] -- Up-to-date: /home/vboxuser/bumperbot_ws/install/bumperbot_description/share/bumperbot_description/models
[1.119s] -- Up-to-date: /home/vboxuser/bumperbot_ws/install/bumperbot_description/share/bumperbot_description/models/aws_robomaker_residential_FitnessEquipment_01
[1.119s] -- Up-to-date: /home/vboxuser/bumperbot_ws/install/bumperbot_description/share/bumperbot_description/models/aws_robomaker_residential_FitnessEquipment_01/materials
[1.119s] -- Up-to-date: /home/vboxuser/bumperbot_ws/install/bumperbot_description/share/bumperbot_description/models/aws_robomaker_residential_FitnessEquipment_01/materials/textures
[1.119s] -- Up-to-date: /home/vboxuser/bumperbot_ws/install/bumperbot_description/share/bumperbot_description/models/aws_robomaker_residential_FitnessEquipment_01/materials/textures/aws_FitnessEquipment_01.png
[1.119s] -- Up-to-date: /home/vboxuser/bumperbot_ws/install/bumperbot_description/share/bumperbot_description/models/aws_robomaker_residential_FitnessEquipment_01/meshes
[1.119s] -- Up-to-date: /home/vboxuser/bumperbot_ws/install/bumperbot_description/share/bumperbot_description/models/aws_robomaker_residential_FitnessEquipment_01/meshes/aws_FitnessEquipment_01_collision.DAE
[1.119s] -- Up-to-date: /home/vboxuser/bumperbot_ws/install/bumperbot_description/share/bumperbot_description/models/aws_robomaker_residential_FitnessEquipment_01/meshes/aws_FitnessEquipment_01_visual.DAE
[1.119s] -- Up-to-date: /home/vboxuser/bumperbot_ws/install/bumperbot_description/share/bumperbot_description/models/aws_robomaker_residential_FitnessEquipment_01/model.config
[1.119s] -- Up-to-date: /home/vboxuser/bumperbot_ws/install/bumperbot_description/share/bumperbot_description/models/aws_robomaker_residential_FitnessEquipment_01/model.sdf
[1.120s] -- Up-to-date: /home/vboxuser/bumperbot_ws/install/bumperbot_description/share/bumperbot_description/models/aws_robomaker_residential_PortraitA_02
[1.120s] -- Up-to-date: /home/vboxuser/bumperbot_ws/install/bumperbot_description/share/bumperbot_description/models/aws_robomaker_residential_PortraitA_02/materials
[1.120s] -- Up-to-date: /home/vboxuser/bumperbot_ws/install/bumperbot_description/share/bumperbot_description/models/aws_robomaker_residential_PortraitA_02/materials/textures
[1.120s] -- Up-to-date: /home/vboxuser/bumperbot_ws/install/bumperbot_description/share/bumperbot_description/models/aws_robomaker_residential_PortraitA_02/materials/textures/aws_PortraitA_01.png
[1.120s] -- Up-to-date: /home/vboxuser/bumperbot_ws/install/bumperbot_description/share/bumperbot_description/models/aws_robomaker_residential_PortraitA_02/materials/textures/aws_PortraitA_02.png
[1.120s] -- Up-to-date: /home/vboxuser/bumperbot_ws/install/bumperbot_description/share/bumperbot_description/models/aws_robomaker_residential_PortraitA_02/meshes
[1.120s] -- Up-to-date: /home/vboxuser/bumperbot_ws/install/bumperbot_description/share/bumperbot_description/models/aws_robomaker_residential_PortraitA_02/meshes/aws_PortraitA_01_visual.DAE
[1.120s] -- Up-to-date: /home/vboxuser/bumperbot_ws/install/bumperbot_description/share/bumperbot_description/models/aws_robomaker_residential_PortraitA_02/meshes/aws_PortraitA_01_collision.DAE
[1.120s] -- Up-to-date: /home/vboxuser/bumperbot_ws/install/bumperbot_description/share/bumperbot_description/models/aws_robomaker_residential_PortraitA_02/model.config
[1.120s] -- Up-to-date: /home/vboxuser/bumperbot_ws/install/bumperbot_description/share/bumperbot_description/models/aws_robomaker_residential_PortraitA_02/model.sdf
[1.120s] -- Up-to-date: /home/vboxuser/bumperbot_ws/install/bumperbot_description/share/bumperbot_description/models/aws_robomaker_residential_PortraitB_02
[1.120s] -- Up-to-date: /home/vboxuser/bumperbot_ws/install/bumperbot_description/share/bumperbot_description/models/aws_robomaker_residential_PortraitB_02/materials
[1.120s] -- Up-to-date: /home/vboxuser/bumperbot_ws/install/bumperbot_description/share/bumperbot_description/models/aws_robomaker_residential_PortraitB_02/materials/textures
[1.120s] -- Up-to-date: /home/vboxuser/bumperbot_ws/install/bumperbot_description/share/bumperbot_description/models/aws_robomaker_residential_PortraitB_02/materials/textures/aws_PortraitB_02.png
[1.120s] -- Up-to-date: /home/vboxuser/bumperbot_ws/install/bumperbot_description/share/bumperbot_description/models/aws_robomaker_residential_PortraitB_02/materials/textures/aws_PortraitB_01.png
[1.120s] -- Up-to-date: /home/vboxuser/bumperbot_ws/install/bumperbot_description/share/bumperbot_description/models/aws_robomaker_residential_PortraitB_02/meshes
[1.120s] -- Up-to-date: /home/vboxuser/bumperbot_ws/install/bumperbot_description/share/bumperbot_description/models/aws_robomaker_residential_PortraitB_02/meshes/aws_PortraitB_01_collision.DAE
[1.120s] -- Up-to-date: /home/vboxuser/bumperbot_ws/install/bumperbot_description/share/bumperbot_description/models/aws_robomaker_residential_PortraitB_02/meshes/aws_PortraitB_01_visual.DAE
[1.120s] -- Up-to-date: /home/vboxuser/bumperbot_ws/install/bumperbot_description/share/bumperbot_description/models/aws_robomaker_residential_PortraitB_02/model.config
[1.120s] -- Up-to-date: /home/vboxuser/bumperbot_ws/install/bumperbot_description/share/bumperbot_description/models/aws_robomaker_residential_PortraitB_02/model.sdf
[1.120s] -- Up-to-date: /home/vboxuser/bumperbot_ws/install/bumperbot_description/share/bumperbot_description/models/aws_robomaker_residential_CoffeeTable_01
[1.120s] -- Up-to-date: /home/vboxuser/bumperbot_ws/install/bumperbot_description/share/bumperbot_description/models/aws_robomaker_residential_CoffeeTable_01/materials
[1.120s] -- Up-to-date: /home/vboxuser/bumperbot_ws/install/bumperbot_description/share/bumperbot_description/models/aws_robomaker_residential_CoffeeTable_01/materials/textures
[1.122s] -- Up-to-date: /home/vboxuser/bumperbot_ws/install/bumperbot_description/share/bumperbot_description/models/aws_robomaker_residential_CoffeeTable_01/materials/textures/aws_CoffeeTable_01.png
[1.122s] -- Up-to-date: /home/vboxuser/bumperbot_ws/install/bumperbot_description/share/bumperbot_description/models/aws_robomaker_residential_CoffeeTable_01/meshes
[1.123s] -- Up-to-date: /home/vboxuser/bumperbot_ws/install/bumperbot_description/share/bumperbot_description/models/aws_robomaker_residential_CoffeeTable_01/meshes/aws_CoffeeTable_01_visual.DAE
[1.123s] -- Up-to-date: /home/vboxuser/bumperbot_ws/install/bumperbot_description/share/bumperbot_description/models/aws_robomaker_residential_CoffeeTable_01/meshes/aws_CoffeeTable_01_collision.DAE
[1.123s] -- Up-to-date: /home/vboxuser/bumperbot_ws/install/bumperbot_description/share/bumperbot_description/models/aws_robomaker_residential_CoffeeTable_01/model.config
[1.123s] -- Up-to-date: /home/vboxuser/bumperbot_ws/install/bumperbot_description/share/bumperbot_description/models/aws_robomaker_residential_CoffeeTable_01/model.sdf
[1.123s] -- Up-to-date: /home/vboxuser/bumperbot_ws/install/bumperbot_description/share/bumperbot_description/models/aws_robomaker_residential_Door_01
[1.123s] -- Up-to-date: /home/vboxuser/bumperbot_ws/install/bumperbot_description/share/bumperbot_description/models/aws_robomaker_residential_Door_01/materials
[1.123s] -- Up-to-date: /home/vboxuser/bumperbot_ws/install/bumperbot_description/share/bumperbot_description/models/aws_robomaker_residential_Door_01/materials/textures
[1.123s] -- Up-to-date: /home/vboxuser/bumperbot_ws/install/bumperbot_description/share/bumperbot_description/models/aws_robomaker_residential_Door_01/materials/textures/aws_Door_01.png
[1.124s] -- Up-to-date: /home/vboxuser/bumperbot_ws/install/bumperbot_description/share/bumperbot_description/models/aws_robomaker_residential_Door_01/meshes
[1.124s] -- Up-to-date: /home/vboxuser/bumperbot_ws/install/bumperbot_description/share/bumperbot_description/models/aws_robomaker_residential_Door_01/meshes/aws_Door_01_visual.DAE
[1.125s] -- Up-to-date: /home/vboxuser/bumperbot_ws/install/bumperbot_description/share/bumperbot_description/models/aws_robomaker_residential_Door_01/meshes/aws_Door_01_collision.DAE
[1.125s] -- Up-to-date: /home/vboxuser/bumperbot_ws/install/bumperbot_description/share/bumperbot_description/models/aws_robomaker_residential_Door_01/model.config
[1.125s] -- Up-to-date: /home/vboxuser/bumperbot_ws/install/bumperbot_description/share/bumperbot_description/models/aws_robomaker_residential_Door_01/model.sdf
[1.125s] -- Up-to-date: /home/vboxuser/bumperbot_ws/install/bumperbot_description/share/bumperbot_description/models/aws_robomaker_residential_LightC_01
[1.125s] -- Up-to-date: /home/vboxuser/bumperbot_ws/install/bumperbot_description/share/bumperbot_description/models/aws_robomaker_residential_LightC_01/materials
[1.125s] -- Up-to-date: /home/vboxuser/bumperbot_ws/install/bumperbot_description/share/bumperbot_description/models/aws_robomaker_residential_LightC_01/materials/textures
[1.125s] -- Up-to-date: /home/vboxuser/bumperbot_ws/install/bumperbot_description/share/bumperbot_description/models/aws_robomaker_residential_LightC_01/materials/textures/aws_LightC_01.png
[1.134s] -- Up-to-date: /home/vboxuser/bumperbot_ws/install/bumperbot_description/share/bumperbot_description/models/aws_robomaker_residential_LightC_01/meshes
[1.135s] -- Up-to-date: /home/vboxuser/bumperbot_ws/install/bumperbot_description/share/bumperbot_description/models/aws_robomaker_residential_LightC_01/meshes/aws_LightC_01_collision.DAE
[1.135s] -- Up-to-date: /home/vboxuser/bumperbot_ws/install/bumperbot_description/share/bumperbot_description/models/aws_robomaker_residential_LightC_01/meshes/aws_LightC_01_visual.DAE
[1.135s] -- Up-to-date: /home/vboxuser/bumperbot_ws/install/bumperbot_description/share/bumperbot_description/models/aws_robomaker_residential_LightC_01/model.config
[1.135s] -- Up-to-date: /home/vboxuser/bumperbot_ws/install/bumperbot_description/share/bumperbot_description/models/aws_robomaker_residential_LightC_01/model.sdf
[1.135s] -- Up-to-date: /home/vboxuser/bumperbot_ws/install/bumperbot_description/share/bumperbot_description/models/aws_robomaker_residential_SeasoningBox_01
[1.135s] -- Up-to-date: /home/vboxuser/bumperbot_ws/install/bumperbot_description/share/bumperbot_description/models/aws_robomaker_residential_SeasoningBox_01/materials
[1.135s] -- Up-to-date: /home/vboxuser/bumperbot_ws/install/bumperbot_description/share/bumperbot_description/models/aws_robomaker_residential_SeasoningBox_01/materials/textures
[1.135s] -- Up-to-date: /home/vboxuser/bumperbot_ws/install/bumperbot_description/share/bumperbot_description/models/aws_robomaker_residential_SeasoningBox_01/materials/textures/aws_SeasoningBox_01.png
[1.135s] -- Up-to-date: /home/vboxuser/bumperbot_ws/install/bumperbot_description/share/bumperbot_description/models/aws_robomaker_residential_SeasoningBox_01/meshes
[1.135s] -- Up-to-date: /home/vboxuser/bumperbot_ws/install/bumperbot_description/share/bumperbot_description/models/aws_robomaker_residential_SeasoningBox_01/meshes/aws_SeasoningBox_01_collision.DAE
[1.135s] -- Up-to-date: /home/vboxuser/bumperbot_ws/install/bumperbot_description/share/bumperbot_description/models/aws_robomaker_residential_SeasoningBox_01/meshes/aws_SeasoningBox_01_visual.DAE
[1.135s] -- Up-to-date: /home/vboxuser/bumperbot_ws/install/bumperbot_description/share/bumperbot_description/models/aws_robomaker_residential_SeasoningBox_01/model.config
[1.135s] -- Up-to-date: /home/vboxuser/bumperbot_ws/install/bumperbot_description/share/bumperbot_description/models/aws_robomaker_residential_SeasoningBox_01/model.sdf
[1.135s] -- Up-to-date: /home/vboxuser/bumperbot_ws/install/bumperbot_description/share/bumperbot_description/models/aws_robomaker_residential_Curtain_01
[1.135s] -- Up-to-date: /home/vboxuser/bumperbot_ws/install/bumperbot_description/share/bumperbot_description/models/aws_robomaker_residential_Curtain_01/materials
[1.135s] -- Up-to-date: /home/vboxuser/bumperbot_ws/install/bumperbot_description/share/bumperbot_description/models/aws_robomaker_residential_Curtain_01/materials/textures
[1.135s] -- Up-to-date: /home/vboxuser/bumperbot_ws/install/bumperbot_description/share/bumperbot_description/models/aws_robomaker_residential_Curtain_01/materials/textures/aws_Curtain_01.png
[1.135s] -- Up-to-date: /home/vboxuser/bumperbot_ws/install/bumperbot_description/share/bumperbot_description/models/aws_robomaker_residential_Curtain_01/meshes
[1.135s] -- Up-to-date: /home/vboxuser/bumperbot_ws/install/bumperbot_description/share/bumperbot_description/models/aws_robomaker_residential_Curtain_01/meshes/aws_Curtain_01_visual.DAE
[1.135s] -- Up-to-date: /home/vboxuser/bumperbot_ws/install/bumperbot_description/share/bumperbot_description/models/aws_robomaker_residential_Curtain_01/meshes/aws_Curtain_01_collision.DAE
[1.135s] -- Up-to-date: /home/vboxuser/bumperbot_ws/install/bumperbot_description/share/bumperbot_description/models/aws_robomaker_residential_Curtain_01/model.config
[1.135s] -- Up-to-date: /home/vboxuser/bumperbot_ws/install/bumperbot_description/share/bumperbot_description/models/aws_robomaker_residential_Curtain_01/model.sdf
[1.136s] -- Up-to-date: /home/vboxuser/bumperbot_ws/install/bumperbot_description/share/bumperbot_description/models/aws_robomaker_warehouse_ShelfE_01
[1.136s] -- Up-to-date: /home/vboxuser/bumperbot_ws/install/bumperbot_description/share/bumperbot_description/models/aws_robomaker_warehouse_ShelfE_01/materials
[1.136s] -- Up-to-date: /home/vboxuser/bumperbot_ws/install/bumperbot_description/share/bumperbot_description/models/aws_robomaker_warehouse_ShelfE_01/materials/textures
[1.136s] -- Up-to-date: /home/vboxuser/bumperbot_ws/install/bumperbot_description/share/bumperbot_description/models/aws_robomaker_warehouse_ShelfE_01/materials/textures/aws_robomaker_warehouse_ShelfE_04.png
[1.136s] -- Up-to-date: /home/vboxuser/bumperbot_ws/install/bumperbot_description/share/bumperbot_description/models/aws_robomaker_warehouse_ShelfE_01/materials/textures/aws_robomaker_warehouse_ShelfE_03.png
[1.136s] -- Up-to-date: /home/vboxuser/bumperbot_ws/install/bumperbot_description/share/bumperbot_description/models/aws_robomaker_warehouse_ShelfE_01/materials/textures/aws_robomaker_warehouse_ShelfE_01.png
[1.136s] -- Up-to-date: /home/vboxuser/bumperbot_ws/install/bumperbot_description/share/bumperbot_description/models/aws_robomaker_warehouse_ShelfE_01/materials/textures/aws_robomaker_warehouse_ShelfE_02.png
[1.136s] -- Up-to-date: /home/vboxuser/bumperbot_ws/install/bumperbot_description/share/bumperbot_description/models/aws_robomaker_warehouse_ShelfE_01/materials/.DS_Store
[1.136s] -- Up-to-date: /home/vboxuser/bumperbot_ws/install/bumperbot_description/share/bumperbot_description/models/aws_robomaker_warehouse_ShelfE_01/meshes
[1.136s] -- Up-to-date: /home/vboxuser/bumperbot_ws/install/bumperbot_description/share/bumperbot_description/models/aws_robomaker_warehouse_ShelfE_01/meshes/aws_robomaker_warehouse_ShelfE_01_collision.DAE
[1.136s] -- Up-to-date: /home/vboxuser/bumperbot_ws/install/bumperbot_description/share/bumperbot_description/models/aws_robomaker_warehouse_ShelfE_01/meshes/aws_robomaker_warehouse_ShelfE_01_visual.DAE
[1.136s] -- Up-to-date: /home/vboxuser/bumperbot_ws/install/bumperbot_description/share/bumperbot_description/models/aws_robomaker_warehouse_ShelfE_01/model.config
[1.136s] -- Up-to-date: /home/vboxuser/bumperbot_ws/install/bumperbot_description/share/bumperbot_description/models/aws_robomaker_warehouse_ShelfE_01/.DS_Store
[1.136s] -- Up-to-date: /home/vboxuser/bumperbot_ws/install/bumperbot_description/share/bumperbot_description/models/aws_robomaker_warehouse_ShelfE_01/model.sdf
[1.136s] -- Up-to-date: /home/vboxuser/bumperbot_ws/install/bumperbot_description/share/bumperbot_description/models/aws_robomaker_residential_Trash_01
[1.136s] -- Up-to-date: /home/vboxuser/bumperbot_ws/install/bumperbot_description/share/bumperbot_description/models/aws_robomaker_residential_Trash_01/materials
[1.136s] -- Up-to-date: /home/vboxuser/bumperbot_ws/install/bumperbot_description/share/bumperbot_description/models/aws_robomaker_residential_Trash_01/materials/textures
[1.136s] -- Up-to-date: /home/vboxuser/bumperbot_ws/install/bumperbot_description/share/bumperbot_description/models/aws_robomaker_residential_Trash_01/materials/textures/aws_Trash_01.png
[1.136s] -- Up-to-date: /home/vboxuser/bumperbot_ws/install/bumperbot_description/share/bumperbot_description/models/aws_robomaker_residential_Trash_01/meshes
[1.136s] -- Up-to-date: /home/vboxuser/bumperbot_ws/install/bumperbot_description/share/bumperbot_description/models/aws_robomaker_residential_Trash_01/meshes/aws_Trash_01_collision.DAE
[1.137s] -- Up-to-date: /home/vboxuser/bumperbot_ws/install/bumperbot_description/share/bumperbot_description/models/aws_robomaker_residential_Trash_01/meshes/aws_Trash_01_visual.DAE
[1.137s] -- Up-to-date: /home/vboxuser/bumperbot_ws/install/bumperbot_description/share/bumperbot_description/models/aws_robomaker_residential_Trash_01/model.config
[1.137s] -- Up-to-date: /home/vboxuser/bumperbot_ws/install/bumperbot_description/share/bumperbot_description/models/aws_robomaker_residential_Trash_01/model.sdf
[1.137s] -- Up-to-date: /home/vboxuser/bumperbot_ws/install/bumperbot_description/share/bumperbot_description/models/aws_robomaker_residential_Wardrobe_01
[1.137s] -- Up-to-date: /home/vboxuser/bumperbot_ws/install/bumperbot_description/share/bumperbot_description/models/aws_robomaker_residential_Wardrobe_01/materials
[1.137s] -- Up-to-date: /home/vboxuser/bumperbot_ws/install/bumperbot_description/share/bumperbot_description/models/aws_robomaker_residential_Wardrobe_01/materials/textures
[1.137s] -- Up-to-date: /home/vboxuser/bumperbot_ws/install/bumperbot_description/share/bumperbot_description/models/aws_robomaker_residential_Wardrobe_01/materials/textures/aws_Wardrobe_01.png
[1.137s] -- Up-to-date: /home/vboxuser/bumperbot_ws/install/bumperbot_description/share/bumperbot_description/models/aws_robomaker_residential_Wardrobe_01/meshes
[1.137s] -- Up-to-date: /home/vboxuser/bumperbot_ws/install/bumperbot_description/share/bumperbot_description/models/aws_robomaker_residential_Wardrobe_01/meshes/aws_Wardrobe_01_visual.DAE
[1.137s] -- Up-to-date: /home/vboxuser/bumperbot_ws/install/bumperbot_description/share/bumperbot_description/models/aws_robomaker_residential_Wardrobe_01/meshes/aws_Wardrobe_01_collision.DAE
[1.137s] -- Up-to-date: /home/vboxuser/bumperbot_ws/install/bumperbot_description/share/bumperbot_description/models/aws_robomaker_residential_Wardrobe_01/model.config
[1.138s] -- Up-to-date: /home/vboxuser/bumperbot_ws/install/bumperbot_description/share/bumperbot_description/models/aws_robomaker_residential_Wardrobe_01/model.sdf
[1.139s] -- Up-to-date: /home/vboxuser/bumperbot_ws/install/bumperbot_description/share/bumperbot_description/models/aws_robomaker_residential_FoldingDoor_02
[1.139s] -- Up-to-date: /home/vboxuser/bumperbot_ws/install/bumperbot_description/share/bumperbot_description/models/aws_robomaker_residential_FoldingDoor_02/materials
[1.139s] -- Up-to-date: /home/vboxuser/bumperbot_ws/install/bumperbot_description/share/bumperbot_description/models/aws_robomaker_residential_FoldingDoor_02/materials/textures
[1.139s] -- Up-to-date: /home/vboxuser/bumperbot_ws/install/bumperbot_description/share/bumperbot_description/models/aws_robomaker_residential_FoldingDoor_02/materials/textures/aws_FoldingDoor_02.png
[1.139s] -- Up-to-date: /home/vboxuser/bumperbot_ws/install/bumperbot_description/share/bumperbot_description/models/aws_robomaker_residential_FoldingDoor_02/meshes
[1.139s] -- Up-to-date: /home/vboxuser/bumperbot_ws/install/bumperbot_description/share/bumperbot_description/models/aws_robomaker_residential_FoldingDoor_02/meshes/aws_FoldingDoor_02_visual.DAE
[1.141s] -- Up-to-date: /home/vboxuser/bumperbot_ws/install/bumperbot_description/share/bumperbot_description/models/aws_robomaker_residential_FoldingDoor_02/meshes/aws_FoldingDoor_02_collision.DAE
[1.141s] -- Up-to-date: /home/vboxuser/bumperbot_ws/install/bumperbot_description/share/bumperbot_description/models/aws_robomaker_residential_FoldingDoor_02/model.config
[1.141s] -- Up-to-date: /home/vboxuser/bumperbot_ws/install/bumperbot_description/share/bumperbot_description/models/aws_robomaker_residential_FoldingDoor_02/model.sdf
[1.141s] -- Up-to-date: /home/vboxuser/bumperbot_ws/install/bumperbot_description/share/bumperbot_description/models/aws_robomaker_warehouse_DeskC_01
[1.141s] -- Up-to-date: /home/vboxuser/bumperbot_ws/install/bumperbot_description/share/bumperbot_description/models/aws_robomaker_warehouse_DeskC_01/materials
[1.141s] -- Up-to-date: /home/vboxuser/bumperbot_ws/install/bumperbot_description/share/bumperbot_description/models/aws_robomaker_warehouse_DeskC_01/materials/textures
[1.141s] -- Up-to-date: /home/vboxuser/bumperbot_ws/install/bumperbot_description/share/bumperbot_description/models/aws_robomaker_warehouse_DeskC_01/materials/textures/aws_robomaker_warehouse_DeskC_03.psd
[1.141s] -- Up-to-date: /home/vboxuser/bumperbot_ws/install/bumperbot_description/share/bumperbot_description/models/aws_robomaker_warehouse_DeskC_01/materials/textures/aws_robomaker_warehouse_DeskC_04.png
[1.141s] -- Up-to-date: /home/vboxuser/bumperbot_ws/install/bumperbot_description/share/bumperbot_description/models/aws_robomaker_warehouse_DeskC_01/materials/textures/aws_robomaker_warehouse_DeskC_02.png
[1.141s] -- Up-to-date: /home/vboxuser/bumperbot_ws/install/bumperbot_description/share/bumperbot_description/models/aws_robomaker_warehouse_DeskC_01/materials/textures/aws_robomaker_warehouse_DeskC_01.png
[1.141s] -- Up-to-date: /home/vboxuser/bumperbot_ws/install/bumperbot_description/share/bumperbot_description/models/aws_robomaker_warehouse_DeskC_01/materials/textures/aws_robomaker_warehouse_DeskC_03.png
[1.141s] -- Up-to-date: /home/vboxuser/bumperbot_ws/install/bumperbot_description/share/bumperbot_description/models/aws_robomaker_warehouse_DeskC_01/materials/.DS_Store
[1.142s] -- Up-to-date: /home/vboxuser/bumperbot_ws/install/bumperbot_description/share/bumperbot_description/models/aws_robomaker_warehouse_DeskC_01/meshes
[1.143s] -- Up-to-date: /home/vboxuser/bumperbot_ws/install/bumperbot_description/share/bumperbot_description/models/aws_robomaker_warehouse_DeskC_01/meshes/aws_robomaker_warehouse_DeskC_01_visual.DAE
[1.143s] -- Up-to-date: /home/vboxuser/bumperbot_ws/install/bumperbot_description/share/bumperbot_description/models/aws_robomaker_warehouse_DeskC_01/meshes/aws_robomaker_warehouse_DeskC_01_collision.DAE
[1.143s] -- Up-to-date: /home/vboxuser/bumperbot_ws/install/bumperbot_description/share/bumperbot_description/models/aws_robomaker_warehouse_DeskC_01/model.config
[1.143s] -- Up-to-date: /home/vboxuser/bumperbot_ws/install/bumperbot_description/share/bumperbot_description/models/aws_robomaker_warehouse_DeskC_01/model.sdf
[1.143s] -- Up-to-date: /home/vboxuser/bumperbot_ws/install/bumperbot_description/share/bumperbot_description/models/aws_robomaker_residential_Pillow_01
[1.143s] -- Up-to-date: /home/vboxuser/bumperbot_ws/install/bumperbot_description/share/bumperbot_description/models/aws_robomaker_residential_Pillow_01/materials
[1.143s] -- Up-to-date: /home/vboxuser/bumperbot_ws/install/bumperbot_description/share/bumperbot_description/models/aws_robomaker_residential_Pillow_01/materials/textures
[1.143s] -- Up-to-date: /home/vboxuser/bumperbot_ws/install/bumperbot_description/share/bumperbot_description/models/aws_robomaker_residential_Pillow_01/materials/textures/aws_Pillow_01.png
[1.143s] -- Up-to-date: /home/vboxuser/bumperbot_ws/install/bumperbot_description/share/bumperbot_description/models/aws_robomaker_residential_Pillow_01/meshes
[1.143s] -- Up-to-date: /home/vboxuser/bumperbot_ws/install/bumperbot_description/share/bumperbot_description/models/aws_robomaker_residential_Pillow_01/meshes/aws_Pillow_01_visual.DAE
[1.143s] -- Up-to-date: /home/vboxuser/bumperbot_ws/install/bumperbot_description/share/bumperbot_description/models/aws_robomaker_residential_Pillow_01/meshes/aws_Pillow_01_collision.DAE
[1.143s] -- Up-to-date: /home/vboxuser/bumperbot_ws/install/bumperbot_description/share/bumperbot_description/models/aws_robomaker_residential_Pillow_01/model.config
[1.143s] -- Up-to-date: /home/vboxuser/bumperbot_ws/install/bumperbot_description/share/bumperbot_description/models/aws_robomaker_residential_Pillow_01/model.sdf
[1.143s] -- Up-to-date: /home/vboxuser/bumperbot_ws/install/bumperbot_description/share/bumperbot_description/models/aws_robomaker_warehouse_Lamp_01
[1.146s] -- Up-to-date: /home/vboxuser/bumperbot_ws/install/bumperbot_description/share/bumperbot_description/models/aws_robomaker_warehouse_Lamp_01/materials
[1.147s] -- Up-to-date: /home/vboxuser/bumperbot_ws/install/bumperbot_description/share/bumperbot_description/models/aws_robomaker_warehouse_Lamp_01/materials/textures
[1.148s] -- Up-to-date: /home/vboxuser/bumperbot_ws/install/bumperbot_description/share/bumperbot_description/models/aws_robomaker_warehouse_Lamp_01/materials/textures/aws_robomaker_warehouse_Lamp_01.png
[1.148s] -- Up-to-date: /home/vboxuser/bumperbot_ws/install/bumperbot_description/share/bumperbot_description/models/aws_robomaker_warehouse_Lamp_01/meshes
[1.149s] -- Up-to-date: /home/vboxuser/bumperbot_ws/install/bumperbot_description/share/bumperbot_description/models/aws_robomaker_warehouse_Lamp_01/meshes/aws_robomaker_warehouse_Lamp_01_visual.DAE
[1.149s] -- Up-to-date: /home/vboxuser/bumperbot_ws/install/bumperbot_description/share/bumperbot_description/models/aws_robomaker_warehouse_Lamp_01/meshes/aws_robomaker_warehouse_Lamp_01_collision.DAE
[1.149s] -- Up-to-date: /home/vboxuser/bumperbot_ws/install/bumperbot_description/share/bumperbot_description/models/aws_robomaker_warehouse_Lamp_01/model.config
[1.149s] -- Up-to-date: /home/vboxuser/bumperbot_ws/install/bumperbot_description/share/bumperbot_description/models/aws_robomaker_warehouse_Lamp_01/model.sdf
[1.149s] -- Up-to-date: /home/vboxuser/bumperbot_ws/install/bumperbot_description/share/bumperbot_description/models/aws_robomaker_residential_HouseWallB_01
[1.150s] -- Up-to-date: /home/vboxuser/bumperbot_ws/install/bumperbot_description/share/bumperbot_description/models/aws_robomaker_residential_HouseWallB_01/materials
[1.151s] -- Up-to-date: /home/vboxuser/bumperbot_ws/install/bumperbot_description/share/bumperbot_description/models/aws_robomaker_residential_HouseWallB_01/materials/textures
[1.184s] -- Up-to-date: /home/vboxuser/bumperbot_ws/install/bumperbot_description/share/bumperbot_description/models/aws_robomaker_residential_HouseWallB_01/materials/textures/aws_HouseWallB_01.png
[1.184s] -- Up-to-date: /home/vboxuser/bumperbot_ws/install/bumperbot_description/share/bumperbot_description/models/aws_robomaker_residential_HouseWallB_01/meshes
[1.184s] -- Up-to-date: /home/vboxuser/bumperbot_ws/install/bumperbot_description/share/bumperbot_description/models/aws_robomaker_residential_HouseWallB_01/meshes/aws_HouseWallB_01_visual.DAE
[1.184s] -- Up-to-date: /home/vboxuser/bumperbot_ws/install/bumperbot_description/share/bumperbot_description/models/aws_robomaker_residential_HouseWallB_01/meshes/aws_HouseWallB_01_collision.DAE
[1.184s] -- Up-to-date: /home/vboxuser/bumperbot_ws/install/bumperbot_description/share/bumperbot_description/models/aws_robomaker_residential_HouseWallB_01/model.config
[1.184s] -- Up-to-date: /home/vboxuser/bumperbot_ws/install/bumperbot_description/share/bumperbot_description/models/aws_robomaker_residential_HouseWallB_01/model.sdf
[1.184s] -- Up-to-date: /home/vboxuser/bumperbot_ws/install/bumperbot_description/share/bumperbot_description/models/aws_robomaker_residential_Bed_01
[1.184s] -- Up-to-date: /home/vboxuser/bumperbot_ws/install/bumperbot_description/share/bumperbot_description/models/aws_robomaker_residential_Bed_01/materials
[1.184s] -- Up-to-date: /home/vboxuser/bumperbot_ws/install/bumperbot_description/share/bumperbot_description/models/aws_robomaker_residential_Bed_01/materials/textures
[1.184s] -- Up-to-date: /home/vboxuser/bumperbot_ws/install/bumperbot_description/share/bumperbot_description/models/aws_robomaker_residential_Bed_01/materials/textures/aws_BedB_01.png
[1.185s] -- Up-to-date: /home/vboxuser/bumperbot_ws/install/bumperbot_description/share/bumperbot_description/models/aws_robomaker_residential_Bed_01/materials/textures/aws_BedC_01.png
[1.185s] -- Up-to-date: /home/vboxuser/bumperbot_ws/install/bumperbot_description/share/bumperbot_description/models/aws_robomaker_residential_Bed_01/materials/textures/aws_BedA_01.png
[1.185s] -- Up-to-date: /home/vboxuser/bumperbot_ws/install/bumperbot_description/share/bumperbot_description/models/aws_robomaker_residential_Bed_01/materials/textures/aws_Bed_01.png
[1.185s] -- Up-to-date: /home/vboxuser/bumperbot_ws/install/bumperbot_description/share/bumperbot_description/models/aws_robomaker_residential_Bed_01/meshes
[1.185s] -- Up-to-date: /home/vboxuser/bumperbot_ws/install/bumperbot_description/share/bumperbot_description/models/aws_robomaker_residential_Bed_01/meshes/aws_Bed_01_visual.DAE
[1.185s] -- Up-to-date: /home/vboxuser/bumperbot_ws/install/bumperbot_description/share/bumperbot_description/models/aws_robomaker_residential_Bed_01/meshes/aws_Bed_01_collision.DAE
[1.185s] -- Up-to-date: /home/vboxuser/bumperbot_ws/install/bumperbot_description/share/bumperbot_description/models/aws_robomaker_residential_Bed_01/model.config
[1.185s] -- Up-to-date: /home/vboxuser/bumperbot_ws/install/bumperbot_description/share/bumperbot_description/models/aws_robomaker_residential_Bed_01/model.sdf
[1.185s] -- Up-to-date: /home/vboxuser/bumperbot_ws/install/bumperbot_description/share/bumperbot_description/models/aws_robomaker_residential_PortraitB_01
[1.185s] -- Up-to-date: /home/vboxuser/bumperbot_ws/install/bumperbot_description/share/bumperbot_description/models/aws_robomaker_residential_PortraitB_01/materials
[1.185s] -- Up-to-date: /home/vboxuser/bumperbot_ws/install/bumperbot_description/share/bumperbot_description/models/aws_robomaker_residential_PortraitB_01/materials/textures
[1.185s] -- Up-to-date: /home/vboxuser/bumperbot_ws/install/bumperbot_description/share/bumperbot_description/models/aws_robomaker_residential_PortraitB_01/materials/textures/aws_PortraitB_02.png
[1.185s] -- Up-to-date: /home/vboxuser/bumperbot_ws/install/bumperbot_description/share/bumperbot_description/models/aws_robomaker_residential_PortraitB_01/materials/textures/aws_PortraitB_01.png
[1.185s] -- Up-to-date: /home/vboxuser/bumperbot_ws/install/bumperbot_description/share/bumperbot_description/models/aws_robomaker_residential_PortraitB_01/meshes
[1.186s] -- Up-to-date: /home/vboxuser/bumperbot_ws/install/bumperbot_description/share/bumperbot_description/models/aws_robomaker_residential_PortraitB_01/meshes/aws_PortraitB_01_collision.DAE
[1.186s] -- Up-to-date: /home/vboxuser/bumperbot_ws/install/bumperbot_description/share/bumperbot_description/models/aws_robomaker_residential_PortraitB_01/meshes/aws_PortraitB_01_visual.DAE
[1.186s] -- Up-to-date: /home/vboxuser/bumperbot_ws/install/bumperbot_description/share/bumperbot_description/models/aws_robomaker_residential_PortraitB_01/model.config
[1.186s] -- Up-to-date: /home/vboxuser/bumperbot_ws/install/bumperbot_description/share/bumperbot_description/models/aws_robomaker_residential_PortraitB_01/model.sdf
[1.186s] -- Up-to-date: /home/vboxuser/bumperbot_ws/install/bumperbot_description/share/bumperbot_description/models/aws_robomaker_residential_DeskPortraitD_03
[1.187s] -- Up-to-date: /home/vboxuser/bumperbot_ws/install/bumperbot_description/share/bumperbot_description/models/aws_robomaker_residential_DeskPortraitD_03/materials
[1.188s] -- Up-to-date: /home/vboxuser/bumperbot_ws/install/bumperbot_description/share/bumperbot_description/models/aws_robomaker_residential_DeskPortraitD_03/materials/textures
[1.190s] -- Up-to-date: /home/vboxuser/bumperbot_ws/install/bumperbot_description/share/bumperbot_description/models/aws_robomaker_residential_DeskPortraitD_03/materials/textures/aws_DeskPortraitD_02.png
[1.190s] -- Up-to-date: /home/vboxuser/bumperbot_ws/install/bumperbot_description/share/bumperbot_description/models/aws_robomaker_residential_DeskPortraitD_03/materials/textures/aws_DeskPortraitD_01.png
[1.190s] -- Up-to-date: /home/vboxuser/bumperbot_ws/install/bumperbot_description/share/bumperbot_description/models/aws_robomaker_residential_DeskPortraitD_03/meshes
[1.191s] -- Up-to-date: /home/vboxuser/bumperbot_ws/install/bumperbot_description/share/bumperbot_description/models/aws_robomaker_residential_DeskPortraitD_03/meshes/aws_DeskPortraitD_01_collision.DAE
[1.191s] -- Up-to-date: /home/vboxuser/bumperbot_ws/install/bumperbot_description/share/bumperbot_description/models/aws_robomaker_residential_DeskPortraitD_03/meshes/aws_DeskPortraitD_01_visual.DAE
[1.191s] -- Up-to-date: /home/vboxuser/bumperbot_ws/install/bumperbot_description/share/bumperbot_description/models/aws_robomaker_residential_DeskPortraitD_03/model.config
[1.192s] -- Up-to-date: /home/vboxuser/bumperbot_ws/install/bumperbot_description/share/bumperbot_description/models/aws_robomaker_residential_DeskPortraitD_03/model.sdf
[1.192s] -- Up-to-date: /home/vboxuser/bumperbot_ws/install/bumperbot_description/share/bumperbot_description/models/aws_robomaker_residential_RoomWindow_01
[1.192s] -- Up-to-date: /home/vboxuser/bumperbot_ws/install/bumperbot_description/share/bumperbot_description/models/aws_robomaker_residential_RoomWindow_01/materials
[1.193s] -- Up-to-date: /home/vboxuser/bumperbot_ws/install/bumperbot_description/share/bumperbot_description/models/aws_robomaker_residential_RoomWindow_01/materials/textures
[1.195s] -- Up-to-date: /home/vboxuser/bumperbot_ws/install/bumperbot_description/share/bumperbot_description/models/aws_robomaker_residential_RoomWindow_01/materials/textures/aws_RoomWindow_01.png
[1.195s] -- Up-to-date: /home/vboxuser/bumperbot_ws/install/bumperbot_description/share/bumperbot_description/models/aws_robomaker_residential_RoomWindow_01/meshes
[1.196s] -- Up-to-date: /home/vboxuser/bumperbot_ws/install/bumperbot_description/share/bumperbot_description/models/aws_robomaker_residential_RoomWindow_01/meshes/aws_RoomWindow_01_collision.DAE
[1.196s] -- Up-to-date: /home/vboxuser/bumperbot_ws/install/bumperbot_description/share/bumperbot_description/models/aws_robomaker_residential_RoomWindow_01/meshes/aws_RoomWindow_01_visual.DAE
[1.196s] -- Up-to-date: /home/vboxuser/bumperbot_ws/install/bumperbot_description/share/bumperbot_description/models/aws_robomaker_residential_RoomWindow_01/model.config
[1.196s] -- Up-to-date: /home/vboxuser/bumperbot_ws/install/bumperbot_description/share/bumperbot_description/models/aws_robomaker_residential_RoomWindow_01/model.sdf
[1.196s] -- Up-to-date: /home/vboxuser/bumperbot_ws/install/bumperbot_description/share/bumperbot_description/models/aws_robomaker_residential_DeskPortraitB_02
[1.197s] -- Up-to-date: /home/vboxuser/bumperbot_ws/install/bumperbot_description/share/bumperbot_description/models/aws_robomaker_residential_DeskPortraitB_02/materials
[1.199s] -- Up-to-date: /home/vboxuser/bumperbot_ws/install/bumperbot_description/share/bumperbot_description/models/aws_robomaker_residential_DeskPortraitB_02/materials/textures
[1.199s] -- Up-to-date: /home/vboxuser/bumperbot_ws/install/bumperbot_description/share/bumperbot_description/models/aws_robomaker_residential_DeskPortraitB_02/materials/textures/aws_DeskPortraitB_02.png
[1.199s] -- Up-to-date: /home/vboxuser/bumperbot_ws/install/bumperbot_description/share/bumperbot_description/models/aws_robomaker_residential_DeskPortraitB_02/materials/textures/aws_DeskPortraitB_01.png
[1.199s] -- Up-to-date: /home/vboxuser/bumperbot_ws/install/bumperbot_description/share/bumperbot_description/models/aws_robomaker_residential_DeskPortraitB_02/meshes
[1.200s] -- Up-to-date: /home/vboxuser/bumperbot_ws/install/bumperbot_description/share/bumperbot_description/models/aws_robomaker_residential_DeskPortraitB_02/meshes/aws_DeskPortraitB_01_visual.DAE
[1.200s] -- Up-to-date: /home/vboxuser/bumperbot_ws/install/bumperbot_description/share/bumperbot_description/models/aws_robomaker_residential_DeskPortraitB_02/meshes/aws_DeskPortraitB_01_collision.DAE
[1.200s] -- Up-to-date: /home/vboxuser/bumperbot_ws/install/bumperbot_description/share/bumperbot_description/models/aws_robomaker_residential_DeskPortraitB_02/model.config
[1.200s] -- Up-to-date: /home/vboxuser/bumperbot_ws/install/bumperbot_description/share/bumperbot_description/models/aws_robomaker_residential_DeskPortraitB_02/model.sdf
[1.201s] -- Up-to-date: /home/vboxuser/bumperbot_ws/install/bumperbot_description/share/bumperbot_description/models/aws_robomaker_residential_DeskPortraitB_01
[1.202s] -- Up-to-date: /home/vboxuser/bumperbot_ws/install/bumperbot_description/share/bumperbot_description/models/aws_robomaker_residential_DeskPortraitB_01/materials
[1.204s] -- Up-to-date: /home/vboxuser/bumperbot_ws/install/bumperbot_description/share/bumperbot_description/models/aws_robomaker_residential_DeskPortraitB_01/materials/textures
[1.206s] -- Up-to-date: /home/vboxuser/bumperbot_ws/install/bumperbot_description/share/bumperbot_description/models/aws_robomaker_residential_DeskPortraitB_01/materials/textures/aws_DeskPortraitB_02.png
[1.206s] -- Up-to-date: /home/vboxuser/bumperbot_ws/install/bumperbot_description/share/bumperbot_description/models/aws_robomaker_residential_DeskPortraitB_01/materials/textures/aws_DeskPortraitB_01.png
[1.207s] -- Up-to-date: /home/vboxuser/bumperbot_ws/install/bumperbot_description/share/bumperbot_description/models/aws_robomaker_residential_DeskPortraitB_01/meshes
[1.208s] -- Up-to-date: /home/vboxuser/bumperbot_ws/install/bumperbot_description/share/bumperbot_description/models/aws_robomaker_residential_DeskPortraitB_01/meshes/aws_DeskPortraitB_01_visual.DAE
[1.208s] -- Up-to-date: /home/vboxuser/bumperbot_ws/install/bumperbot_description/share/bumperbot_description/models/aws_robomaker_residential_DeskPortraitB_01/meshes/aws_DeskPortraitB_01_collision.DAE
[1.208s] -- Up-to-date: /home/vboxuser/bumperbot_ws/install/bumperbot_description/share/bumperbot_description/models/aws_robomaker_residential_DeskPortraitB_01/model.config
[1.209s] -- Up-to-date: /home/vboxuser/bumperbot_ws/install/bumperbot_description/share/bumperbot_description/models/aws_robomaker_residential_DeskPortraitB_01/model.sdf
[1.209s] -- Up-to-date: /home/vboxuser/bumperbot_ws/install/bumperbot_description/share/bumperbot_description/models/aws_robomaker_residential_DeskPortraitC_01
[1.210s] -- Up-to-date: /home/vboxuser/bumperbot_ws/install/bumperbot_description/share/bumperbot_description/models/aws_robomaker_residential_DeskPortraitC_01/materials
[1.212s] -- Up-to-date: /home/vboxuser/bumperbot_ws/install/bumperbot_description/share/bumperbot_description/models/aws_robomaker_residential_DeskPortraitC_01/materials/textures
[1.213s] -- Up-to-date: /home/vboxuser/bumperbot_ws/install/bumperbot_description/share/bumperbot_description/models/aws_robomaker_residential_DeskPortraitC_01/materials/textures/aws_DeskPortraitC_01.png
[1.213s] -- Up-to-date: /home/vboxuser/bumperbot_ws/install/bumperbot_description/share/bumperbot_description/models/aws_robomaker_residential_DeskPortraitC_01/materials/textures/aws_DeskPortraitC_02.png
[1.214s] -- Up-to-date: /home/vboxuser/bumperbot_ws/install/bumperbot_description/share/bumperbot_description/models/aws_robomaker_residential_DeskPortraitC_01/meshes
[1.216s] -- Up-to-date: /home/vboxuser/bumperbot_ws/install/bumperbot_description/share/bumperbot_description/models/aws_robomaker_residential_DeskPortraitC_01/meshes/aws_DeskPortraitC_01_visual.DAE
[1.216s] -- Up-to-date: /home/vboxuser/bumperbot_ws/install/bumperbot_description/share/bumperbot_description/models/aws_robomaker_residential_DeskPortraitC_01/meshes/aws_DeskPortraitC_01_collision.DAE
[1.216s] -- Up-to-date: /home/vboxuser/bumperbot_ws/install/bumperbot_description/share/bumperbot_description/models/aws_robomaker_residential_DeskPortraitC_01/model.config
[1.216s] -- Up-to-date: /home/vboxuser/bumperbot_ws/install/bumperbot_description/share/bumperbot_description/models/aws_robomaker_residential_DeskPortraitC_01/model.sdf
[1.221s] -- Up-to-date: /home/vboxuser/bumperbot_ws/install/bumperbot_description/share/bumperbot_description/models/aws_robomaker_residential_Rangehood_01
[1.226s] -- Up-to-date: /home/vboxuser/bumperbot_ws/install/bumperbot_description/share/bumperbot_description/models/aws_robomaker_residential_Rangehood_01/materials
[1.233s] -- Up-to-date: /home/vboxuser/bumperbot_ws/install/bumperbot_description/share/bumperbot_description/models/aws_robomaker_residential_Rangehood_01/materials/textures
[1.236s] -- Up-to-date: /home/vboxuser/bumperbot_ws/install/bumperbot_description/share/bumperbot_description/models/aws_robomaker_residential_Rangehood_01/materials/textures/aws_Rangehood_01.png
[1.236s] -- Up-to-date: /home/vboxuser/bumperbot_ws/install/bumperbot_description/share/bumperbot_description/models/aws_robomaker_residential_Rangehood_01/meshes
[1.236s] -- Up-to-date: /home/vboxuser/bumperbot_ws/install/bumperbot_description/share/bumperbot_description/models/aws_robomaker_residential_Rangehood_01/meshes/aws_Rangehood_01_visual.DAE
[1.237s] -- Up-to-date: /home/vboxuser/bumperbot_ws/install/bumperbot_description/share/bumperbot_description/models/aws_robomaker_residential_Rangehood_01/meshes/aws_Rangehood_01_collision.DAE
[1.237s] -- Up-to-date: /home/vboxuser/bumperbot_ws/install/bumperbot_description/share/bumperbot_description/models/aws_robomaker_residential_Rangehood_01/model.config
[1.237s] -- Up-to-date: /home/vboxuser/bumperbot_ws/install/bumperbot_description/share/bumperbot_description/models/aws_robomaker_residential_Rangehood_01/model.sdf
[1.237s] -- Up-to-date: /home/vboxuser/bumperbot_ws/install/bumperbot_description/share/bumperbot_description/models/aws_robomaker_warehouse_Bucket_01
[1.243s] -- Up-to-date: /home/vboxuser/bumperbot_ws/install/bumperbot_description/share/bumperbot_description/models/aws_robomaker_warehouse_Bucket_01/materials
[1.244s] -- Up-to-date: /home/vboxuser/bumperbot_ws/install/bumperbot_description/share/bumperbot_description/models/aws_robomaker_warehouse_Bucket_01/materials/textures
[1.245s] -- Up-to-date: /home/vboxuser/bumperbot_ws/install/bumperbot_description/share/bumperbot_description/models/aws_robomaker_warehouse_Bucket_01/materials/textures/aws_robomaker_warehouse_Bucket_01.png
[1.245s] -- Up-to-date: /home/vboxuser/bumperbot_ws/install/bumperbot_description/share/bumperbot_description/models/aws_robomaker_warehouse_Bucket_01/materials/.DS_Store
[1.245s] -- Up-to-date: /home/vboxuser/bumperbot_ws/install/bumperbot_description/share/bumperbot_description/models/aws_robomaker_warehouse_Bucket_01/meshes
[1.246s] -- Up-to-date: /home/vboxuser/bumperbot_ws/install/bumperbot_description/share/bumperbot_description/models/aws_robomaker_warehouse_Bucket_01/meshes/aws_robomaker_warehouse_Bucket_01_visual.DAE
[1.246s] -- Up-to-date: /home/vboxuser/bumperbot_ws/install/bumperbot_description/share/bumperbot_description/models/aws_robomaker_warehouse_Bucket_01/meshes/aws_robomaker_warehouse_Bucket_01_collision.DAE
[1.246s] -- Up-to-date: /home/vboxuser/bumperbot_ws/install/bumperbot_description/share/bumperbot_description/models/aws_robomaker_warehouse_Bucket_01/model.config
[1.247s] -- Up-to-date: /home/vboxuser/bumperbot_ws/install/bumperbot_description/share/bumperbot_description/models/aws_robomaker_warehouse_Bucket_01/.DS_Store
[1.247s] -- Up-to-date: /home/vboxuser/bumperbot_ws/install/bumperbot_description/share/bumperbot_description/models/aws_robomaker_warehouse_Bucket_01/model.sdf
[1.247s] -- Up-to-date: /home/vboxuser/bumperbot_ws/install/bumperbot_description/share/bumperbot_description/models/aws_robomaker_warehouse_ClutteringC_01
[1.248s] -- Up-to-date: /home/vboxuser/bumperbot_ws/install/bumperbot_description/share/bumperbot_description/models/aws_robomaker_warehouse_ClutteringC_01/materials
[1.249s] -- Up-to-date: /home/vboxuser/bumperbot_ws/install/bumperbot_description/share/bumperbot_description/models/aws_robomaker_warehouse_ClutteringC_01/materials/textures
[1.250s] -- Up-to-date: /home/vboxuser/bumperbot_ws/install/bumperbot_description/share/bumperbot_description/models/aws_robomaker_warehouse_ClutteringC_01/materials/textures/aws_robomaker_warehouse_ClutteringC_01.png
[1.250s] -- Up-to-date: /home/vboxuser/bumperbot_ws/install/bumperbot_description/share/bumperbot_description/models/aws_robomaker_warehouse_ClutteringC_01/materials/textures/aws_robomaker_warehouse_ClutteringC_02.png
[1.250s] -- Up-to-date: /home/vboxuser/bumperbot_ws/install/bumperbot_description/share/bumperbot_description/models/aws_robomaker_warehouse_ClutteringC_01/meshes
[1.252s] -- Up-to-date: /home/vboxuser/bumperbot_ws/install/bumperbot_description/share/bumperbot_description/models/aws_robomaker_warehouse_ClutteringC_01/meshes/aws_robomaker_warehouse_ClutteringC_01_visual.DAE
[1.252s] -- Up-to-date: /home/vboxuser/bumperbot_ws/install/bumperbot_description/share/bumperbot_description/models/aws_robomaker_warehouse_ClutteringC_01/meshes/aws_robomaker_warehouse_ClutteringC_01_collision.DAE
[1.252s] -- Up-to-date: /home/vboxuser/bumperbot_ws/install/bumperbot_description/share/bumperbot_description/models/aws_robomaker_warehouse_ClutteringC_01/model.config
[1.253s] -- Up-to-date: /home/vboxuser/bumperbot_ws/install/bumperbot_description/share/bumperbot_description/models/aws_robomaker_warehouse_ClutteringC_01/model.sdf
[1.253s] -- Up-to-date: /home/vboxuser/bumperbot_ws/install/bumperbot_description/share/bumperbot_description/models/aws_robomaker_warehouse_TrashCanC_01
[1.253s] -- Up-to-date: /home/vboxuser/bumperbot_ws/install/bumperbot_description/share/bumperbot_description/models/aws_robomaker_warehouse_TrashCanC_01/materials
[1.255s] -- Up-to-date: /home/vboxuser/bumperbot_ws/install/bumperbot_description/share/bumperbot_description/models/aws_robomaker_warehouse_TrashCanC_01/materials/textures
[1.256s] -- Up-to-date: /home/vboxuser/bumperbot_ws/install/bumperbot_description/share/bumperbot_description/models/aws_robomaker_warehouse_TrashCanC_01/materials/textures/aws_robomaker_warehouse_TrashCanC_01.png
[1.256s] -- Up-to-date: /home/vboxuser/bumperbot_ws/install/bumperbot_description/share/bumperbot_description/models/aws_robomaker_warehouse_TrashCanC_01/meshes
[1.257s] -- Up-to-date: /home/vboxuser/bumperbot_ws/install/bumperbot_description/share/bumperbot_description/models/aws_robomaker_warehouse_TrashCanC_01/meshes/aws_robomaker_warehouse_TrashCanC_01_visual.DAE
[1.257s] -- Up-to-date: /home/vboxuser/bumperbot_ws/install/bumperbot_description/share/bumperbot_description/models/aws_robomaker_warehouse_TrashCanC_01/meshes/aws_robomaker_warehouse_TrashCanC_01_collision.DAE
[1.257s] -- Up-to-date: /home/vboxuser/bumperbot_ws/install/bumperbot_description/share/bumperbot_description/models/aws_robomaker_warehouse_TrashCanC_01/model.config
[1.258s] -- Up-to-date: /home/vboxuser/bumperbot_ws/install/bumperbot_description/share/bumperbot_description/models/aws_robomaker_warehouse_TrashCanC_01/model.sdf
[1.258s] -- Up-to-date: /home/vboxuser/bumperbot_ws/install/bumperbot_description/share/bumperbot_description/models/aws_robomaker_residential_BalconyTable_01
[1.258s] -- Up-to-date: /home/vboxuser/bumperbot_ws/install/bumperbot_description/share/bumperbot_description/models/aws_robomaker_residential_BalconyTable_01/materials
[1.260s] -- Up-to-date: /home/vboxuser/bumperbot_ws/install/bumperbot_description/share/bumperbot_description/models/aws_robomaker_residential_BalconyTable_01/materials/textures
[1.261s] -- Up-to-date: /home/vboxuser/bumperbot_ws/install/bumperbot_description/share/bumperbot_description/models/aws_robomaker_residential_BalconyTable_01/materials/textures/aws_BalconyTable_01.png
[1.261s] -- Up-to-date: /home/vboxuser/bumperbot_ws/install/bumperbot_description/share/bumperbot_description/models/aws_robomaker_residential_BalconyTable_01/meshes
[1.262s] -- Up-to-date: /home/vboxuser/bumperbot_ws/install/bumperbot_description/share/bumperbot_description/models/aws_robomaker_residential_BalconyTable_01/meshes/aws_BalconyTable_01_collision.DAE
[1.262s] -- Up-to-date: /home/vboxuser/bumperbot_ws/install/bumperbot_description/share/bumperbot_description/models/aws_robomaker_residential_BalconyTable_01/meshes/aws_BalconyTable_01_visual.DAE
[1.262s] -- Up-to-date: /home/vboxuser/bumperbot_ws/install/bumperbot_description/share/bumperbot_description/models/aws_robomaker_residential_BalconyTable_01/model.config
[1.262s] -- Up-to-date: /home/vboxuser/bumperbot_ws/install/bumperbot_description/share/bumperbot_description/models/aws_robomaker_residential_BalconyTable_01/model.sdf
[1.262s] -- Up-to-date: /home/vboxuser/bumperbot_ws/install/bumperbot_description/share/bumperbot_description/models/aws_robomaker_residential_RoomWall_01
[1.263s] -- Up-to-date: /home/vboxuser/bumperbot_ws/install/bumperbot_description/share/bumperbot_description/models/aws_robomaker_residential_RoomWall_01/materials
[1.264s] -- Up-to-date: /home/vboxuser/bumperbot_ws/install/bumperbot_description/share/bumperbot_description/models/aws_robomaker_residential_RoomWall_01/materials/textures
[1.268s] -- Up-to-date: /home/vboxuser/bumperbot_ws/install/bumperbot_description/share/bumperbot_description/models/aws_robomaker_residential_RoomWall_01/materials/textures/aws_RoomWall_01.png
[1.268s] -- Up-to-date: /home/vboxuser/bumperbot_ws/install/bumperbot_description/share/bumperbot_description/models/aws_robomaker_residential_RoomWall_01/meshes
[1.268s] -- Up-to-date: /home/vboxuser/bumperbot_ws/install/bumperbot_description/share/bumperbot_description/models/aws_robomaker_residential_RoomWall_01/meshes/aws_RoomWall_01_collision.DAE
[1.268s] -- Up-to-date: /home/vboxuser/bumperbot_ws/install/bumperbot_description/share/bumperbot_description/models/aws_robomaker_residential_RoomWall_01/meshes/aws_RoomWall_01_visual.DAE
[1.268s] -- Up-to-date: /home/vboxuser/bumperbot_ws/install/bumperbot_description/share/bumperbot_description/models/aws_robomaker_residential_RoomWall_01/model.config
[1.268s] -- Up-to-date: /home/vboxuser/bumperbot_ws/install/bumperbot_description/share/bumperbot_description/models/aws_robomaker_residential_RoomWall_01/model.sdf
[1.268s] -- Up-to-date: /home/vboxuser/bumperbot_ws/install/bumperbot_description/share/bumperbot_description/models/aws_robomaker_residential_DeskPortraitD_02
[1.269s] -- Up-to-date: /home/vboxuser/bumperbot_ws/install/bumperbot_description/share/bumperbot_description/models/aws_robomaker_residential_DeskPortraitD_02/materials
[1.270s] -- Up-to-date: /home/vboxuser/bumperbot_ws/install/bumperbot_description/share/bumperbot_description/models/aws_robomaker_residential_DeskPortraitD_02/materials/textures
[1.272s] -- Up-to-date: /home/vboxuser/bumperbot_ws/install/bumperbot_description/share/bumperbot_description/models/aws_robomaker_residential_DeskPortraitD_02/materials/textures/aws_DeskPortraitD_02.png
[1.272s] -- Up-to-date: /home/vboxuser/bumperbot_ws/install/bumperbot_description/share/bumperbot_description/models/aws_robomaker_residential_DeskPortraitD_02/materials/textures/aws_DeskPortraitD_01.png
[1.272s] -- Up-to-date: /home/vboxuser/bumperbot_ws/install/bumperbot_description/share/bumperbot_description/models/aws_robomaker_residential_DeskPortraitD_02/meshes
[1.273s] -- Up-to-date: /home/vboxuser/bumperbot_ws/install/bumperbot_description/share/bumperbot_description/models/aws_robomaker_residential_DeskPortraitD_02/meshes/aws_DeskPortraitD_01_collision.DAE
[1.273s] -- Up-to-date: /home/vboxuser/bumperbot_ws/install/bumperbot_description/share/bumperbot_description/models/aws_robomaker_residential_DeskPortraitD_02/meshes/aws_DeskPortraitD_01_visual.DAE
[1.273s] -- Up-to-date: /home/vboxuser/bumperbot_ws/install/bumperbot_description/share/bumperbot_description/models/aws_robomaker_residential_DeskPortraitD_02/model.config
[1.274s] -- Up-to-date: /home/vboxuser/bumperbot_ws/install/bumperbot_description/share/bumperbot_description/models/aws_robomaker_residential_DeskPortraitD_02/model.sdf
[1.274s] -- Up-to-date: /home/vboxuser/bumperbot_ws/install/bumperbot_description/share/bumperbot_description/models/aws_robomaker_residential_RoomCeiling_01
[1.274s] -- Up-to-date: /home/vboxuser/bumperbot_ws/install/bumperbot_description/share/bumperbot_description/models/aws_robomaker_residential_RoomCeiling_01/materials
[1.275s] -- Up-to-date: /home/vboxuser/bumperbot_ws/install/bumperbot_description/share/bumperbot_description/models/aws_robomaker_residential_RoomCeiling_01/materials/textures
[1.276s] -- Up-to-date: /home/vboxuser/bumperbot_ws/install/bumperbot_description/share/bumperbot_description/models/aws_robomaker_residential_RoomCeiling_01/materials/textures/aws_RoomCeiling_01.png
[1.276s] -- Up-to-date: /home/vboxuser/bumperbot_ws/install/bumperbot_description/share/bumperbot_description/models/aws_robomaker_residential_RoomCeiling_01/meshes
[1.277s] -- Up-to-date: /home/vboxuser/bumperbot_ws/install/bumperbot_description/share/bumperbot_description/models/aws_robomaker_residential_RoomCeiling_01/meshes/aws_RoomCeiling_01_visual.DAE
[1.277s] -- Up-to-date: /home/vboxuser/bumperbot_ws/install/bumperbot_description/share/bumperbot_description/models/aws_robomaker_residential_RoomCeiling_01/meshes/aws_RoomCeiling_01_collision.DAE
[1.277s] -- Up-to-date: /home/vboxuser/bumperbot_ws/install/bumperbot_description/share/bumperbot_description/models/aws_robomaker_residential_RoomCeiling_01/model.config
[1.278s] -- Up-to-date: /home/vboxuser/bumperbot_ws/install/bumperbot_description/share/bumperbot_description/models/aws_robomaker_residential_RoomCeiling_01/model.sdf
[1.278s] -- Up-to-date: /home/vboxuser/bumperbot_ws/install/bumperbot_description/share/bumperbot_description/models/aws_robomaker_residential_SofaB_01
[1.279s] -- Up-to-date: /home/vboxuser/bumperbot_ws/install/bumperbot_description/share/bumperbot_description/models/aws_robomaker_residential_SofaB_01/materials
[1.280s] -- Up-to-date: /home/vboxuser/bumperbot_ws/install/bumperbot_description/share/bumperbot_description/models/aws_robomaker_residential_SofaB_01/materials/textures
[1.281s] -- Up-to-date: /home/vboxuser/bumperbot_ws/install/bumperbot_description/share/bumperbot_description/models/aws_robomaker_residential_SofaB_01/materials/textures/aws_SofaB_01.png
[1.281s] -- Up-to-date: /home/vboxuser/bumperbot_ws/install/bumperbot_description/share/bumperbot_description/models/aws_robomaker_residential_SofaB_01/meshes
[1.282s] -- Up-to-date: /home/vboxuser/bumperbot_ws/install/bumperbot_description/share/bumperbot_description/models/aws_robomaker_residential_SofaB_01/meshes/aws_SofaB_01_visual.DAE
[1.282s] -- Up-to-date: /home/vboxuser/bumperbot_ws/install/bumperbot_description/share/bumperbot_description/models/aws_robomaker_residential_SofaB_01/meshes/aws_SofaB_01_collision.DAE
[1.282s] -- Up-to-date: /home/vboxuser/bumperbot_ws/install/bumperbot_description/share/bumperbot_description/models/aws_robomaker_residential_SofaB_01/model.config
[1.282s] -- Up-to-date: /home/vboxuser/bumperbot_ws/install/bumperbot_description/share/bumperbot_description/models/aws_robomaker_residential_SofaB_01/model.sdf
[1.284s] -- Up-to-date: /home/vboxuser/bumperbot_ws/install/bumperbot_description/share/bumperbot_description/models/aws_robomaker_residential_Chandelier_01
[1.284s] -- Up-to-date: /home/vboxuser/bumperbot_ws/install/bumperbot_description/share/bumperbot_description/models/aws_robomaker_residential_Chandelier_01/materials
[1.285s] -- Up-to-date: /home/vboxuser/bumperbot_ws/install/bumperbot_description/share/bumperbot_description/models/aws_robomaker_residential_Chandelier_01/materials/textures
[1.286s] -- Up-to-date: /home/vboxuser/bumperbot_ws/install/bumperbot_description/share/bumperbot_description/models/aws_robomaker_residential_Chandelier_01/materials/textures/aws_Chandelier_01.png
[1.286s] -- Up-to-date: /home/vboxuser/bumperbot_ws/install/bumperbot_description/share/bumperbot_description/models/aws_robomaker_residential_Chandelier_01/meshes
[1.287s] -- Up-to-date: /home/vboxuser/bumperbot_ws/install/bumperbot_description/share/bumperbot_description/models/aws_robomaker_residential_Chandelier_01/meshes/aws_Chandelier_01.DAE
[1.287s] -- Up-to-date: /home/vboxuser/bumperbot_ws/install/bumperbot_description/share/bumperbot_description/models/aws_robomaker_residential_Chandelier_01/meshes/aws_Chandelier_01_visual.DAE
[1.287s] -- Up-to-date: /home/vboxuser/bumperbot_ws/install/bumperbot_description/share/bumperbot_description/models/aws_robomaker_residential_Chandelier_01/meshes/aws_Chandelier_01_collision.DAE
[1.288s] -- Up-to-date: /home/vboxuser/bumperbot_ws/install/bumperbot_description/share/bumperbot_description/models/aws_robomaker_residential_Chandelier_01/model.config
[1.288s] -- Up-to-date: /home/vboxuser/bumperbot_ws/install/bumperbot_description/share/bumperbot_description/models/aws_robomaker_residential_Chandelier_01/model.sdf
[1.288s] -- Up-to-date: /home/vboxuser/bumperbot_ws/install/bumperbot_description/share/bumperbot_description/models/aws_robomaker_residential_DeskPortraitC_02
[1.289s] -- Up-to-date: /home/vboxuser/bumperbot_ws/install/bumperbot_description/share/bumperbot_description/models/aws_robomaker_residential_DeskPortraitC_02/materials
[1.290s] -- Up-to-date: /home/vboxuser/bumperbot_ws/install/bumperbot_description/share/bumperbot_description/models/aws_robomaker_residential_DeskPortraitC_02/materials/textures
[1.291s] -- Up-to-date: /home/vboxuser/bumperbot_ws/install/bumperbot_description/share/bumperbot_description/models/aws_robomaker_residential_DeskPortraitC_02/materials/textures/aws_DeskPortraitC_01.png
[1.291s] -- Up-to-date: /home/vboxuser/bumperbot_ws/install/bumperbot_description/share/bumperbot_description/models/aws_robomaker_residential_DeskPortraitC_02/materials/textures/aws_DeskPortraitC_02.png
[1.291s] -- Up-to-date: /home/vboxuser/bumperbot_ws/install/bumperbot_description/share/bumperbot_description/models/aws_robomaker_residential_DeskPortraitC_02/meshes
[1.292s] -- Up-to-date: /home/vboxuser/bumperbot_ws/install/bumperbot_description/share/bumperbot_description/models/aws_robomaker_residential_DeskPortraitC_02/meshes/aws_DeskPortraitC_01_visual.DAE
[1.292s] -- Up-to-date: /home/vboxuser/bumperbot_ws/install/bumperbot_description/share/bumperbot_description/models/aws_robomaker_residential_DeskPortraitC_02/meshes/aws_DeskPortraitC_01_collision.DAE
[1.292s] -- Up-to-date: /home/vboxuser/bumperbot_ws/install/bumperbot_description/share/bumperbot_description/models/aws_robomaker_residential_DeskPortraitC_02/model.config
[1.292s] -- Up-to-date: /home/vboxuser/bumperbot_ws/install/bumperbot_description/share/bumperbot_description/models/aws_robomaker_residential_DeskPortraitC_02/model.sdf
[1.293s] -- Up-to-date: /home/vboxuser/bumperbot_ws/install/bumperbot_description/share/bumperbot_description/models/aws_robomaker_residential_PortraitA_01
[1.294s] -- Up-to-date: /home/vboxuser/bumperbot_ws/install/bumperbot_description/share/bumperbot_description/models/aws_robomaker_residential_PortraitA_01/materials
[1.294s] -- Up-to-date: /home/vboxuser/bumperbot_ws/install/bumperbot_description/share/bumperbot_description/models/aws_robomaker_residential_PortraitA_01/materials/textures
[1.297s] -- Up-to-date: /home/vboxuser/bumperbot_ws/install/bumperbot_description/share/bumperbot_description/models/aws_robomaker_residential_PortraitA_01/materials/textures/aws_PortraitA_01.png
[1.297s] -- Up-to-date: /home/vboxuser/bumperbot_ws/install/bumperbot_description/share/bumperbot_description/models/aws_robomaker_residential_PortraitA_01/materials/textures/aws_PortraitA_02.png
[1.298s] -- Up-to-date: /home/vboxuser/bumperbot_ws/install/bumperbot_description/share/bumperbot_description/models/aws_robomaker_residential_PortraitA_01/meshes
[1.298s] -- Up-to-date: /home/vboxuser/bumperbot_ws/install/bumperbot_description/share/bumperbot_description/models/aws_robomaker_residential_PortraitA_01/meshes/aws_PortraitA_01_visual.DAE
[1.298s] -- Up-to-date: /home/vboxuser/bumperbot_ws/install/bumperbot_description/share/bumperbot_description/models/aws_robomaker_residential_PortraitA_01/meshes/aws_PortraitA_01_collision.DAE
[1.298s] -- Up-to-date: /home/vboxuser/bumperbot_ws/install/bumperbot_description/share/bumperbot_description/models/aws_robomaker_residential_PortraitA_01/model.config
[1.298s] -- Up-to-date: /home/vboxuser/bumperbot_ws/install/bumperbot_description/share/bumperbot_description/models/aws_robomaker_residential_PortraitA_01/model.sdf
[1.298s] -- Up-to-date: /home/vboxuser/bumperbot_ws/install/bumperbot_description/share/bumperbot_description/models/aws_robomaker_residential_PortraitD_02
[1.298s] -- Up-to-date: /home/vboxuser/bumperbot_ws/install/bumperbot_description/share/bumperbot_description/models/aws_robomaker_residential_PortraitD_02/materials
[1.299s] -- Up-to-date: /home/vboxuser/bumperbot_ws/install/bumperbot_description/share/bumperbot_description/models/aws_robomaker_residential_PortraitD_02/materials/textures
[1.300s] -- Up-to-date: /home/vboxuser/bumperbot_ws/install/bumperbot_description/share/bumperbot_description/models/aws_robomaker_residential_PortraitD_02/materials/textures/aws_PortraitD_01.png
[1.300s] -- Up-to-date: /home/vboxuser/bumperbot_ws/install/bumperbot_description/share/bumperbot_description/models/aws_robomaker_residential_PortraitD_02/materials/textures/aws_PortraitD_02.png
[1.300s] -- Up-to-date: /home/vboxuser/bumperbot_ws/install/bumperbot_description/share/bumperbot_description/models/aws_robomaker_residential_PortraitD_02/meshes
[1.301s] -- Up-to-date: /home/vboxuser/bumperbot_ws/install/bumperbot_description/share/bumperbot_description/models/aws_robomaker_residential_PortraitD_02/meshes/aws_PortraitD_01_visual.DAE
[1.301s] -- Up-to-date: /home/vboxuser/bumperbot_ws/install/bumperbot_description/share/bumperbot_description/models/aws_robomaker_residential_PortraitD_02/meshes/aws_PortraitD_01_collision.DAE
[1.301s] -- Up-to-date: /home/vboxuser/bumperbot_ws/install/bumperbot_description/share/bumperbot_description/models/aws_robomaker_residential_PortraitD_02/model.config
[1.301s] -- Up-to-date: /home/vboxuser/bumperbot_ws/install/bumperbot_description/share/bumperbot_description/models/aws_robomaker_residential_PortraitD_02/model.sdf
[1.301s] -- Up-to-date: /home/vboxuser/bumperbot_ws/install/bumperbot_description/share/bumperbot_description/models/aws_robomaker_residential_ChairA_01
[1.303s] -- Up-to-date: /home/vboxuser/bumperbot_ws/install/bumperbot_description/share/bumperbot_description/models/aws_robomaker_residential_ChairA_01/materials
[1.304s] -- Up-to-date: /home/vboxuser/bumperbot_ws/install/bumperbot_description/share/bumperbot_description/models/aws_robomaker_residential_ChairA_01/materials/textures
[1.305s] -- Up-to-date: /home/vboxuser/bumperbot_ws/install/bumperbot_description/share/bumperbot_description/models/aws_robomaker_residential_ChairA_01/materials/textures/aws_ChairA_01.png
[1.305s] -- Up-to-date: /home/vboxuser/bumperbot_ws/install/bumperbot_description/share/bumperbot_description/models/aws_robomaker_residential_ChairA_01/meshes
[1.306s] -- Up-to-date: /home/vboxuser/bumperbot_ws/install/bumperbot_description/share/bumperbot_description/models/aws_robomaker_residential_ChairA_01/meshes/aws_ChairA_01_visual.DAE
[1.306s] -- Up-to-date: /home/vboxuser/bumperbot_ws/install/bumperbot_description/share/bumperbot_description/models/aws_robomaker_residential_ChairA_01/meshes/aws_ChairA_01_collision.DAE
[1.306s] -- Up-to-date: /home/vboxuser/bumperbot_ws/install/bumperbot_description/share/bumperbot_description/models/aws_robomaker_residential_ChairA_01/model.config
[1.306s] -- Up-to-date: /home/vboxuser/bumperbot_ws/install/bumperbot_description/share/bumperbot_description/models/aws_robomaker_residential_ChairA_01/model.sdf
[1.306s] -- Up-to-date: /home/vboxuser/bumperbot_ws/install/bumperbot_description/share/bumperbot_description/models/aws_robomaker_residential_SecurityCamera_01
[1.307s] -- Up-to-date: /home/vboxuser/bumperbot_ws/install/bumperbot_description/share/bumperbot_description/models/aws_robomaker_residential_SecurityCamera_01/materials
[1.308s] -- Up-to-date: /home/vboxuser/bumperbot_ws/install/bumperbot_description/share/bumperbot_description/models/aws_robomaker_residential_SecurityCamera_01/materials/textures
[1.310s] -- Up-to-date: /home/vboxuser/bumperbot_ws/install/bumperbot_description/share/bumperbot_description/models/aws_robomaker_residential_SecurityCamera_01/materials/textures/aws_SecurityCamera_01.png
[1.310s] -- Up-to-date: /home/vboxuser/bumperbot_ws/install/bumperbot_description/share/bumperbot_description/models/aws_robomaker_residential_SecurityCamera_01/meshes
[1.311s] -- Up-to-date: /home/vboxuser/bumperbot_ws/install/bumperbot_description/share/bumperbot_description/models/aws_robomaker_residential_SecurityCamera_01/meshes/aws_SecurityCamera_01_collision.DAE
[1.311s] -- Up-to-date: /home/vboxuser/bumperbot_ws/install/bumperbot_description/share/bumperbot_description/models/aws_robomaker_residential_SecurityCamera_01/meshes/aws_SecurityCamera_01_visual.DAE
[1.311s] -- Up-to-date: /home/vboxuser/bumperbot_ws/install/bumperbot_description/share/bumperbot_description/models/aws_robomaker_residential_SecurityCamera_01/model.config
[1.311s] -- Up-to-date: /home/vboxuser/bumperbot_ws/install/bumperbot_description/share/bumperbot_description/models/aws_robomaker_residential_SecurityCamera_01/model.sdf
[1.312s] -- Up-to-date: /home/vboxuser/bumperbot_ws/install/bumperbot_description/share/bumperbot_description/models/aws_robomaker_residential_DeskPortraitA_01
[1.313s] -- Up-to-date: /home/vboxuser/bumperbot_ws/install/bumperbot_description/share/bumperbot_description/models/aws_robomaker_residential_DeskPortraitA_01/materials
[1.315s] -- Up-to-date: /home/vboxuser/bumperbot_ws/install/bumperbot_description/share/bumperbot_description/models/aws_robomaker_residential_DeskPortraitA_01/materials/textures
[1.316s] -- Up-to-date: /home/vboxuser/bumperbot_ws/install/bumperbot_description/share/bumperbot_description/models/aws_robomaker_residential_DeskPortraitA_01/materials/textures/aws_DeskPortraitA_01.png
[1.316s] -- Up-to-date: /home/vboxuser/bumperbot_ws/install/bumperbot_description/share/bumperbot_description/models/aws_robomaker_residential_DeskPortraitA_01/materials/textures/aws_DeskPortraitA_02.png
[1.316s] -- Up-to-date: /home/vboxuser/bumperbot_ws/install/bumperbot_description/share/bumperbot_description/models/aws_robomaker_residential_DeskPortraitA_01/meshes
[1.317s] -- Up-to-date: /home/vboxuser/bumperbot_ws/install/bumperbot_description/share/bumperbot_description/models/aws_robomaker_residential_DeskPortraitA_01/meshes/aws_DeskPortraitA_01_collision.DAE
[1.318s] -- Up-to-date: /home/vboxuser/bumperbot_ws/install/bumperbot_description/share/bumperbot_description/models/aws_robomaker_residential_DeskPortraitA_01/meshes/aws_DeskPortraitA_01_visual.DAE
[1.318s] -- Up-to-date: /home/vboxuser/bumperbot_ws/install/bumperbot_description/share/bumperbot_description/models/aws_robomaker_residential_DeskPortraitA_01/model.config
[1.318s] -- Up-to-date: /home/vboxuser/bumperbot_ws/install/bumperbot_description/share/bumperbot_description/models/aws_robomaker_residential_DeskPortraitA_01/model.sdf
[1.318s] -- Up-to-date: /home/vboxuser/bumperbot_ws/install/bumperbot_description/share/bumperbot_description/models/aws_robomaker_residential_ShoeRack_01
[1.321s] -- Up-to-date: /home/vboxuser/bumperbot_ws/install/bumperbot_description/share/bumperbot_description/models/aws_robomaker_residential_ShoeRack_01/materials
[1.325s] -- Up-to-date: /home/vboxuser/bumperbot_ws/install/bumperbot_description/share/bumperbot_description/models/aws_robomaker_residential_ShoeRack_01/materials/textures
[1.325s] -- Up-to-date: /home/vboxuser/bumperbot_ws/install/bumperbot_description/share/bumperbot_description/models/aws_robomaker_residential_ShoeRack_01/materials/textures/aws_ShoeRack_01.png
[1.325s] -- Up-to-date: /home/vboxuser/bumperbot_ws/install/bumperbot_description/share/bumperbot_description/models/aws_robomaker_residential_ShoeRack_01/meshes
[1.325s] -- Up-to-date: /home/vboxuser/bumperbot_ws/install/bumperbot_description/share/bumperbot_description/models/aws_robomaker_residential_ShoeRack_01/meshes/aws_ShoeRack_01_visual.DAE
[1.326s] -- Up-to-date: /home/vboxuser/bumperbot_ws/install/bumperbot_description/share/bumperbot_description/models/aws_robomaker_residential_ShoeRack_01/meshes/aws_ShoeRack_01_collision.DAE
[1.328s] -- Up-to-date: /home/vboxuser/bumperbot_ws/install/bumperbot_description/share/bumperbot_description/models/aws_robomaker_residential_ShoeRack_01/model.config
[1.328s] -- Up-to-date: /home/vboxuser/bumperbot_ws/install/bumperbot_description/share/bumperbot_description/models/aws_robomaker_residential_ShoeRack_01/model.sdf
[1.328s] -- Up-to-date: /home/vboxuser/bumperbot_ws/install/bumperbot_description/share/bumperbot_description/models/aws_robomaker_residential_FoldingDoor_01
[1.328s] -- Up-to-date: /home/vboxuser/bumperbot_ws/install/bumperbot_description/share/bumperbot_description/models/aws_robomaker_residential_FoldingDoor_01/materials
[1.328s] -- Up-to-date: /home/vboxuser/bumperbot_ws/install/bumperbot_description/share/bumperbot_description/models/aws_robomaker_residential_FoldingDoor_01/materials/textures
[1.328s] -- Up-to-date: /home/vboxuser/bumperbot_ws/install/bumperbot_description/share/bumperbot_description/models/aws_robomaker_residential_FoldingDoor_01/materials/textures/aws_FoldingDoor_01.png
[1.328s] -- Up-to-date: /home/vboxuser/bumperbot_ws/install/bumperbot_description/share/bumperbot_description/models/aws_robomaker_residential_FoldingDoor_01/meshes
[1.330s] -- Up-to-date: /home/vboxuser/bumperbot_ws/install/bumperbot_description/share/bumperbot_description/models/aws_robomaker_residential_FoldingDoor_01/meshes/aws_FoldingDoor_01_visual.DAE
[1.330s] -- Up-to-date: /home/vboxuser/bumperbot_ws/install/bumperbot_description/share/bumperbot_description/models/aws_robomaker_residential_FoldingDoor_01/meshes/aws_FoldingDoor_01_collision.DAE
[1.331s] -- Up-to-date: /home/vboxuser/bumperbot_ws/install/bumperbot_description/share/bumperbot_description/models/aws_robomaker_residential_FoldingDoor_01/model.config
[1.331s] -- Up-to-date: /home/vboxuser/bumperbot_ws/install/bumperbot_description/share/bumperbot_description/models/aws_robomaker_residential_FoldingDoor_01/model.sdf
[1.331s] -- Up-to-date: /home/vboxuser/bumperbot_ws/install/bumperbot_description/share/bumperbot_description/models/aws_robomaker_residential_Tablet_01
[1.331s] -- Up-to-date: /home/vboxuser/bumperbot_ws/install/bumperbot_description/share/bumperbot_description/models/aws_robomaker_residential_Tablet_01/materials
[1.333s] -- Up-to-date: /home/vboxuser/bumperbot_ws/install/bumperbot_description/share/bumperbot_description/models/aws_robomaker_residential_Tablet_01/materials/textures
[1.339s] -- Up-to-date: /home/vboxuser/bumperbot_ws/install/bumperbot_description/share/bumperbot_description/models/aws_robomaker_residential_Tablet_01/materials/textures/aws_Tablet_01_nologo.png
[1.341s] -- Up-to-date: /home/vboxuser/bumperbot_ws/install/bumperbot_description/share/bumperbot_description/models/aws_robomaker_residential_Tablet_01/meshes
[1.344s] -- Up-to-date: /home/vboxuser/bumperbot_ws/install/bumperbot_description/share/bumperbot_description/models/aws_robomaker_residential_Tablet_01/meshes/aws_Tablet_01_visual.DAE
[1.344s] -- Up-to-date: /home/vboxuser/bumperbot_ws/install/bumperbot_description/share/bumperbot_description/models/aws_robomaker_residential_Tablet_01/meshes/aws_Tablet_01_collision.DAE
[1.344s] -- Up-to-date: /home/vboxuser/bumperbot_ws/install/bumperbot_description/share/bumperbot_description/models/aws_robomaker_residential_Tablet_01/model.config
[1.344s] -- Up-to-date: /home/vboxuser/bumperbot_ws/install/bumperbot_description/share/bumperbot_description/models/aws_robomaker_residential_Tablet_01/model.sdf
[1.344s] -- Up-to-date: /home/vboxuser/bumperbot_ws/install/bumperbot_description/share/bumperbot_description/models/aws_robomaker_residential_Vase_01
[1.353s] -- Up-to-date: /home/vboxuser/bumperbot_ws/install/bumperbot_description/share/bumperbot_description/models/aws_robomaker_residential_Vase_01/materials
[1.355s] -- Up-to-date: /home/vboxuser/bumperbot_ws/install/bumperbot_description/share/bumperbot_description/models/aws_robomaker_residential_Vase_01/materials/textures
[1.356s] -- Up-to-date: /home/vboxuser/bumperbot_ws/install/bumperbot_description/share/bumperbot_description/models/aws_robomaker_residential_Vase_01/materials/textures/aws_Vase_01.png
[1.356s] -- Up-to-date: /home/vboxuser/bumperbot_ws/install/bumperbot_description/share/bumperbot_description/models/aws_robomaker_residential_Vase_01/meshes
[1.357s] -- Up-to-date: /home/vboxuser/bumperbot_ws/install/bumperbot_description/share/bumperbot_description/models/aws_robomaker_residential_Vase_01/meshes/aws_Vase_01_visual.DAE
[1.358s] -- Up-to-date: /home/vboxuser/bumperbot_ws/install/bumperbot_description/share/bumperbot_description/models/aws_robomaker_residential_Vase_01/meshes/aws_Vase_01_collision.DAE
[1.358s] -- Up-to-date: /home/vboxuser/bumperbot_ws/install/bumperbot_description/share/bumperbot_description/models/aws_robomaker_residential_Vase_01/model.config
[1.359s] -- Up-to-date: /home/vboxuser/bumperbot_ws/install/bumperbot_description/share/bumperbot_description/models/aws_robomaker_residential_Vase_01/model.sdf
[1.359s] -- Up-to-date: /home/vboxuser/bumperbot_ws/install/bumperbot_description/share/bumperbot_description/models/aws_robomaker_residential_KitchenCabinet_01
[1.360s] -- Up-to-date: /home/vboxuser/bumperbot_ws/install/bumperbot_description/share/bumperbot_description/models/aws_robomaker_residential_KitchenCabinet_01/materials
[1.364s] -- Up-to-date: /home/vboxuser/bumperbot_ws/install/bumperbot_description/share/bumperbot_description/models/aws_robomaker_residential_KitchenCabinet_01/materials/textures
[1.367s] -- Up-to-date: /home/vboxuser/bumperbot_ws/install/bumperbot_description/share/bumperbot_description/models/aws_robomaker_residential_KitchenCabinet_01/materials/textures/aws_KitchenCabinet_01.png
[1.367s] -- Up-to-date: /home/vboxuser/bumperbot_ws/install/bumperbot_description/share/bumperbot_description/models/aws_robomaker_residential_KitchenCabinet_01/meshes
[1.369s] -- Up-to-date: /home/vboxuser/bumperbot_ws/install/bumperbot_description/share/bumperbot_description/models/aws_robomaker_residential_KitchenCabinet_01/meshes/aws_KitchenCabinet_01_visual.DAE
[1.369s] -- Up-to-date: /home/vboxuser/bumperbot_ws/install/bumperbot_description/share/bumperbot_description/models/aws_robomaker_residential_KitchenCabinet_01/meshes/aws_KitchenCabinet_01_collision.DAE
[1.369s] -- Up-to-date: /home/vboxuser/bumperbot_ws/install/bumperbot_description/share/bumperbot_description/models/aws_robomaker_residential_KitchenCabinet_01/model.config
[1.369s] -- Up-to-date: /home/vboxuser/bumperbot_ws/install/bumperbot_description/share/bumperbot_description/models/aws_robomaker_residential_KitchenCabinet_01/model.sdf
[1.370s] -- Up-to-date: /home/vboxuser/bumperbot_ws/install/bumperbot_description/share/bumperbot_description/models/aws_robomaker_residential_DeskPortraitD_04
[1.371s] -- Up-to-date: /home/vboxuser/bumperbot_ws/install/bumperbot_description/share/bumperbot_description/models/aws_robomaker_residential_DeskPortraitD_04/materials
[1.373s] -- Up-to-date: /home/vboxuser/bumperbot_ws/install/bumperbot_description/share/bumperbot_description/models/aws_robomaker_residential_DeskPortraitD_04/materials/textures
[1.374s] -- Up-to-date: /home/vboxuser/bumperbot_ws/install/bumperbot_description/share/bumperbot_description/models/aws_robomaker_residential_DeskPortraitD_04/materials/textures/aws_DeskPortraitD_02.png
[1.375s] -- Up-to-date: /home/vboxuser/bumperbot_ws/install/bumperbot_description/share/bumperbot_description/models/aws_robomaker_residential_DeskPortraitD_04/materials/textures/aws_DeskPortraitD_01.png
[1.375s] -- Up-to-date: /home/vboxuser/bumperbot_ws/install/bumperbot_description/share/bumperbot_description/models/aws_robomaker_residential_DeskPortraitD_04/meshes
[1.375s] -- Up-to-date: /home/vboxuser/bumperbot_ws/install/bumperbot_description/share/bumperbot_description/models/aws_robomaker_residential_DeskPortraitD_04/meshes/aws_DeskPortraitD_01_collision.DAE
[1.375s] -- Up-to-date: /home/vboxuser/bumperbot_ws/install/bumperbot_description/share/bumperbot_description/models/aws_robomaker_residential_DeskPortraitD_04/meshes/aws_DeskPortraitD_01_visual.DAE
[1.502s] -- Up-to-date: /home/vboxuser/bumperbot_ws/install/bumperbot_description/share/bumperbot_description/models/aws_robomaker_residential_DeskPortraitD_04/model.config
[1.502s] -- Up-to-date: /home/vboxuser/bumperbot_ws/install/bumperbot_description/share/bumperbot_description/models/aws_robomaker_residential_DeskPortraitD_04/model.sdf
[1.502s] -- Up-to-date: /home/vboxuser/bumperbot_ws/install/bumperbot_description/share/bumperbot_description/models/aws_robomaker_residential_Handle_01
[1.502s] -- Up-to-date: /home/vboxuser/bumperbot_ws/install/bumperbot_description/share/bumperbot_description/models/aws_robomaker_residential_Handle_01/materials
[1.503s] -- Up-to-date: /home/vboxuser/bumperbot_ws/install/bumperbot_description/share/bumperbot_description/models/aws_robomaker_residential_Handle_01/materials/textures
[1.503s] -- Up-to-date: /home/vboxuser/bumperbot_ws/install/bumperbot_description/share/bumperbot_description/models/aws_robomaker_residential_Handle_01/materials/textures/aws_Handle_01.png
[1.503s] -- Up-to-date: /home/vboxuser/bumperbot_ws/install/bumperbot_description/share/bumperbot_description/models/aws_robomaker_residential_Handle_01/meshes
[1.503s] -- Up-to-date: /home/vboxuser/bumperbot_ws/install/bumperbot_description/share/bumperbot_description/models/aws_robomaker_residential_Handle_01/meshes/aws_Handle_01_visual.DAE
[1.503s] -- Up-to-date: /home/vboxuser/bumperbot_ws/install/bumperbot_description/share/bumperbot_description/models/aws_robomaker_residential_Handle_01/meshes/aws_Handle_01_collision.DAE
[1.503s] -- Up-to-date: /home/vboxuser/bumperbot_ws/install/bumperbot_description/share/bumperbot_description/models/aws_robomaker_residential_Handle_01/meshes/aws_ handle_01_collision.DAE
[1.503s] -- Up-to-date: /home/vboxuser/bumperbot_ws/install/bumperbot_description/share/bumperbot_description/models/aws_robomaker_residential_Handle_01/model.config
[1.503s] -- Up-to-date: /home/vboxuser/bumperbot_ws/install/bumperbot_description/share/bumperbot_description/models/aws_robomaker_residential_Handle_01/model.sdf
[1.503s] -- Up-to-date: /home/vboxuser/bumperbot_ws/install/bumperbot_description/share/bumperbot_description/models/aws_robomaker_residential_ChairD_01
[1.503s] -- Up-to-date: /home/vboxuser/bumperbot_ws/install/bumperbot_description/share/bumperbot_description/models/aws_robomaker_residential_ChairD_01/materials
[1.504s] -- Up-to-date: /home/vboxuser/bumperbot_ws/install/bumperbot_description/share/bumperbot_description/models/aws_robomaker_residential_ChairD_01/materials/textures
[1.509s] -- Up-to-date: /home/vboxuser/bumperbot_ws/install/bumperbot_description/share/bumperbot_description/models/aws_robomaker_residential_ChairD_01/materials/textures/aws_ChairD_01.png
[1.510s] -- Up-to-date: /home/vboxuser/bumperbot_ws/install/bumperbot_description/share/bumperbot_description/models/aws_robomaker_residential_ChairD_01/meshes
[1.517s] -- Up-to-date: /home/vboxuser/bumperbot_ws/install/bumperbot_description/share/bumperbot_description/models/aws_robomaker_residential_ChairD_01/meshes/aws_ChairD_01_collision.DAE
[1.517s] -- Up-to-date: /home/vboxuser/bumperbot_ws/install/bumperbot_description/share/bumperbot_description/models/aws_robomaker_residential_ChairD_01/meshes/aws_ChairD_01_visual.DAE
[1.517s] -- Up-to-date: /home/vboxuser/bumperbot_ws/install/bumperbot_description/share/bumperbot_description/models/aws_robomaker_residential_ChairD_01/model.config
[1.517s] -- Up-to-date: /home/vboxuser/bumperbot_ws/install/bumperbot_description/share/bumperbot_description/models/aws_robomaker_residential_ChairD_01/model.sdf
[1.517s] -- Up-to-date: /home/vboxuser/bumperbot_ws/install/bumperbot_description/share/bumperbot_description/models/aws_robomaker_residential_Quilt_01
[1.519s] -- Up-to-date: /home/vboxuser/bumperbot_ws/install/bumperbot_description/share/bumperbot_description/models/aws_robomaker_residential_Quilt_01/materials
[2.381s] -- Up-to-date: /home/vboxuser/bumperbot_ws/install/bumperbot_description/share/bumperbot_description/models/aws_robomaker_residential_Quilt_01/materials/textures
[2.381s] -- Up-to-date: /home/vboxuser/bumperbot_ws/install/bumperbot_description/share/bumperbot_description/models/aws_robomaker_residential_Quilt_01/materials/textures/aws_Quilt_01.png
[2.381s] -- Up-to-date: /home/vboxuser/bumperbot_ws/install/bumperbot_description/share/bumperbot_description/models/aws_robomaker_residential_Quilt_01/meshes
[2.381s] -- Up-to-date: /home/vboxuser/bumperbot_ws/install/bumperbot_description/share/bumperbot_description/models/aws_robomaker_residential_Quilt_01/meshes/aws_Quilt_01_visual.DAE
[2.381s] -- Up-to-date: /home/vboxuser/bumperbot_ws/install/bumperbot_description/share/bumperbot_description/models/aws_robomaker_residential_Quilt_01/meshes/aws_Quilt_01_collision.DAE
[2.381s] -- Up-to-date: /home/vboxuser/bumperbot_ws/install/bumperbot_description/share/bumperbot_description/models/aws_robomaker_residential_Quilt_01/model.config
[2.381s] -- Up-to-date: /home/vboxuser/bumperbot_ws/install/bumperbot_description/share/bumperbot_description/models/aws_robomaker_residential_Quilt_01/model.sdf
[2.381s] -- Up-to-date: /home/vboxuser/bumperbot_ws/install/bumperbot_description/share/bumperbot_description/models/aws_robomaker_residential_SofaC_01
[2.381s] -- Up-to-date: /home/vboxuser/bumperbot_ws/install/bumperbot_description/share/bumperbot_description/models/aws_robomaker_residential_SofaC_01/materials
[2.381s] -- Up-to-date: /home/vboxuser/bumperbot_ws/install/bumperbot_description/share/bumperbot_description/models/aws_robomaker_residential_SofaC_01/materials/textures
[2.381s] -- Up-to-date: /home/vboxuser/bumperbot_ws/install/bumperbot_description/share/bumperbot_description/models/aws_robomaker_residential_SofaC_01/materials/textures/aws_SofaC_01.png
[2.381s] -- Up-to-date: /home/vboxuser/bumperbot_ws/install/bumperbot_description/share/bumperbot_description/models/aws_robomaker_residential_SofaC_01/meshes
[2.381s] -- Up-to-date: /home/vboxuser/bumperbot_ws/install/bumperbot_description/share/bumperbot_description/models/aws_robomaker_residential_SofaC_01/meshes/aws_SofaC_01_collision.DAE
[2.381s] -- Up-to-date: /home/vboxuser/bumperbot_ws/install/bumperbot_description/share/bumperbot_description/models/aws_robomaker_residential_SofaC_01/meshes/aws_SofaC_01_visual.DAE
[2.381s] -- Up-to-date: /home/vboxuser/bumperbot_ws/install/bumperbot_description/share/bumperbot_description/models/aws_robomaker_residential_SofaC_01/model.config
[2.381s] -- Up-to-date: /home/vboxuser/bumperbot_ws/install/bumperbot_description/share/bumperbot_description/models/aws_robomaker_residential_SofaC_01/model.sdf
[2.381s] -- Up-to-date: /home/vboxuser/bumperbot_ws/install/bumperbot_description/share/bumperbot_description/models/aws_robomaker_residential_Refrigerator_01
[2.381s] -- Up-to-date: /home/vboxuser/bumperbot_ws/install/bumperbot_description/share/bumperbot_description/models/aws_robomaker_residential_Refrigerator_01/materials
[2.381s] -- Up-to-date: /home/vboxuser/bumperbot_ws/install/bumperbot_description/share/bumperbot_description/models/aws_robomaker_residential_Refrigerator_01/materials/textures
[2.381s] -- Up-to-date: /home/vboxuser/bumperbot_ws/install/bumperbot_description/share/bumperbot_description/models/aws_robomaker_residential_Refrigerator_01/materials/textures/aws_Refrigerator_01.png
[2.381s] -- Up-to-date: /home/vboxuser/bumperbot_ws/install/bumperbot_description/share/bumperbot_description/models/aws_robomaker_residential_Refrigerator_01/materials/textures/aws_Refrigerator_02.png
[2.381s] -- Up-to-date: /home/vboxuser/bumperbot_ws/install/bumperbot_description/share/bumperbot_description/models/aws_robomaker_residential_Refrigerator_01/meshes
[2.381s] -- Up-to-date: /home/vboxuser/bumperbot_ws/install/bumperbot_description/share/bumperbot_description/models/aws_robomaker_residential_Refrigerator_01/meshes/aws_Refrigerator_01.DAE
[2.381s] -- Up-to-date: /home/vboxuser/bumperbot_ws/install/bumperbot_description/share/bumperbot_description/models/aws_robomaker_residential_Refrigerator_01/meshes/aws_Refrigerator_01_visual.DAE
[2.382s] -- Up-to-date: /home/vboxuser/bumperbot_ws/install/bumperbot_description/share/bumperbot_description/models/aws_robomaker_residential_Refrigerator_01/meshes/aws_Refrigerator_01_collision.DAE
[2.382s] -- Up-to-date: /home/vboxuser/bumperbot_ws/install/bumperbot_description/share/bumperbot_description/models/aws_robomaker_residential_Refrigerator_01/model.config
[2.382s] -- Up-to-date: /home/vboxuser/bumperbot_ws/install/bumperbot_description/share/bumperbot_description/models/aws_robomaker_residential_Refrigerator_01/model.sdf
[2.382s] -- Up-to-date: /home/vboxuser/bumperbot_ws/install/bumperbot_description/share/bumperbot_description/models/aws_robomaker_warehouse_ClutteringD_01
[2.382s] -- Up-to-date: /home/vboxuser/bumperbot_ws/install/bumperbot_description/share/bumperbot_description/models/aws_robomaker_warehouse_ClutteringD_01/materials
[2.382s] -- Up-to-date: /home/vboxuser/bumperbot_ws/install/bumperbot_description/share/bumperbot_description/models/aws_robomaker_warehouse_ClutteringD_01/materials/textures
[2.382s] -- Up-to-date: /home/vboxuser/bumperbot_ws/install/bumperbot_description/share/bumperbot_description/models/aws_robomaker_warehouse_ClutteringD_01/materials/textures/aws_robomaker_warehouse_ClutteringD_01.png
[2.382s] -- Up-to-date: /home/vboxuser/bumperbot_ws/install/bumperbot_description/share/bumperbot_description/models/aws_robomaker_warehouse_ClutteringD_01/materials/textures/aws_robomaker_warehouse_ClutteringD_02.png
[2.382s] -- Up-to-date: /home/vboxuser/bumperbot_ws/install/bumperbot_description/share/bumperbot_description/models/aws_robomaker_warehouse_ClutteringD_01/meshes
[2.385s] -- Up-to-date: /home/vboxuser/bumperbot_ws/install/bumperbot_description/share/bumperbot_description/models/aws_robomaker_warehouse_ClutteringD_01/meshes/aws_robomaker_warehouse_ClutteringD_01_visual.DAE
[2.385s] -- Up-to-date: /home/vboxuser/bumperbot_ws/install/bumperbot_description/share/bumperbot_description/models/aws_robomaker_warehouse_ClutteringD_01/meshes/aws_robomaker_warehouse_ClutteringD_01_collision.DAE
[2.385s] -- Up-to-date: /home/vboxuser/bumperbot_ws/install/bumperbot_description/share/bumperbot_description/models/aws_robomaker_warehouse_ClutteringD_01/model.config
[2.385s] -- Up-to-date: /home/vboxuser/bumperbot_ws/install/bumperbot_description/share/bumperbot_description/models/aws_robomaker_warehouse_ClutteringD_01/model.sdf
[2.385s] -- Up-to-date: /home/vboxuser/bumperbot_ws/install/bumperbot_description/share/bumperbot_description/models/aws_robomaker_residential_DeskPortraitA_02
[2.393s] -- Up-to-date: /home/vboxuser/bumperbot_ws/install/bumperbot_description/share/bumperbot_description/models/aws_robomaker_residential_DeskPortraitA_02/materials
[2.394s] -- Up-to-date: /home/vboxuser/bumperbot_ws/install/bumperbot_description/share/bumperbot_description/models/aws_robomaker_residential_DeskPortraitA_02/materials/textures
[2.396s] -- Up-to-date: /home/vboxuser/bumperbot_ws/install/bumperbot_description/share/bumperbot_description/models/aws_robomaker_residential_DeskPortraitA_02/materials/textures/aws_DeskPortraitA_01.png
[2.396s] -- Up-to-date: /home/vboxuser/bumperbot_ws/install/bumperbot_description/share/bumperbot_description/models/aws_robomaker_residential_DeskPortraitA_02/materials/textures/aws_DeskPortraitA_02.png
[2.396s] -- Up-to-date: /home/vboxuser/bumperbot_ws/install/bumperbot_description/share/bumperbot_description/models/aws_robomaker_residential_DeskPortraitA_02/meshes
[2.397s] -- Up-to-date: /home/vboxuser/bumperbot_ws/install/bumperbot_description/share/bumperbot_description/models/aws_robomaker_residential_DeskPortraitA_02/meshes/aws_DeskPortraitA_01_collision.DAE
[2.397s] -- Up-to-date: /home/vboxuser/bumperbot_ws/install/bumperbot_description/share/bumperbot_description/models/aws_robomaker_residential_DeskPortraitA_02/meshes/aws_DeskPortraitA_01_visual.DAE
[2.397s] -- Up-to-date: /home/vboxuser/bumperbot_ws/install/bumperbot_description/share/bumperbot_description/models/aws_robomaker_residential_DeskPortraitA_02/model.config
[2.397s] -- Up-to-date: /home/vboxuser/bumperbot_ws/install/bumperbot_description/share/bumperbot_description/models/aws_robomaker_residential_DeskPortraitA_02/model.sdf
[2.397s] -- Up-to-date: /home/vboxuser/bumperbot_ws/install/bumperbot_description/share/bumperbot_description/models/aws_robomaker_residential_Carpet_01
[2.398s] -- Up-to-date: /home/vboxuser/bumperbot_ws/install/bumperbot_description/share/bumperbot_description/models/aws_robomaker_residential_Carpet_01/materials
[2.399s] -- Up-to-date: /home/vboxuser/bumperbot_ws/install/bumperbot_description/share/bumperbot_description/models/aws_robomaker_residential_Carpet_01/materials/textures
[2.400s] -- Up-to-date: /home/vboxuser/bumperbot_ws/install/bumperbot_description/share/bumperbot_description/models/aws_robomaker_residential_Carpet_01/materials/textures/aws_Carpet_01.png
[2.400s] -- Up-to-date: /home/vboxuser/bumperbot_ws/install/bumperbot_description/share/bumperbot_description/models/aws_robomaker_residential_Carpet_01/meshes
[2.402s] -- Up-to-date: /home/vboxuser/bumperbot_ws/install/bumperbot_description/share/bumperbot_description/models/aws_robomaker_residential_Carpet_01/meshes/aws_Carpet_01_visual.DAE
[2.402s] -- Up-to-date: /home/vboxuser/bumperbot_ws/install/bumperbot_description/share/bumperbot_description/models/aws_robomaker_residential_Carpet_01/meshes/aws_Carpet_01_collision.DAE
[2.402s] -- Up-to-date: /home/vboxuser/bumperbot_ws/install/bumperbot_description/share/bumperbot_description/models/aws_robomaker_residential_Carpet_01/model.config
[2.402s] -- Up-to-date: /home/vboxuser/bumperbot_ws/install/bumperbot_description/share/bumperbot_description/models/aws_robomaker_residential_Carpet_01/model.sdf
[2.402s] -- Up-to-date: /home/vboxuser/bumperbot_ws/install/bumperbot_description/share/bumperbot_description/models/aws_robomaker_residential_ReadingDesk_01
[2.403s] -- Up-to-date: /home/vboxuser/bumperbot_ws/install/bumperbot_description/share/bumperbot_description/models/aws_robomaker_residential_ReadingDesk_01/materials
[2.403s] -- Up-to-date: /home/vboxuser/bumperbot_ws/install/bumperbot_description/share/bumperbot_description/models/aws_robomaker_residential_ReadingDesk_01/materials/textures
[2.405s] -- Up-to-date: /home/vboxuser/bumperbot_ws/install/bumperbot_description/share/bumperbot_description/models/aws_robomaker_residential_ReadingDesk_01/materials/textures/aws_ReadingDesk_01.png
[2.405s] -- Up-to-date: /home/vboxuser/bumperbot_ws/install/bumperbot_description/share/bumperbot_description/models/aws_robomaker_residential_ReadingDesk_01/meshes
[2.407s] -- Up-to-date: /home/vboxuser/bumperbot_ws/install/bumperbot_description/share/bumperbot_description/models/aws_robomaker_residential_ReadingDesk_01/meshes/aws_ReadingDesk_01_collision.DAE
[2.407s] -- Up-to-date: /home/vboxuser/bumperbot_ws/install/bumperbot_description/share/bumperbot_description/models/aws_robomaker_residential_ReadingDesk_01/meshes/aws_ReadingDesk_01_visual.DAE
[2.407s] -- Up-to-date: /home/vboxuser/bumperbot_ws/install/bumperbot_description/share/bumperbot_description/models/aws_robomaker_residential_ReadingDesk_01/model.config
[2.407s] -- Up-to-date: /home/vboxuser/bumperbot_ws/install/bumperbot_description/share/bumperbot_description/models/aws_robomaker_residential_ReadingDesk_01/model.sdf
[2.407s] -- Up-to-date: /home/vboxuser/bumperbot_ws/install/bumperbot_description/share/bumperbot_description/models/aws_robomaker_residential_Tableware_01
[2.408s] -- Up-to-date: /home/vboxuser/bumperbot_ws/install/bumperbot_description/share/bumperbot_description/models/aws_robomaker_residential_Tableware_01/materials
[2.409s] -- Up-to-date: /home/vboxuser/bumperbot_ws/install/bumperbot_description/share/bumperbot_description/models/aws_robomaker_residential_Tableware_01/materials/textures
[2.410s] -- Up-to-date: /home/vboxuser/bumperbot_ws/install/bumperbot_description/share/bumperbot_description/models/aws_robomaker_residential_Tableware_01/materials/textures/aws_Tableware_01.png
[2.410s] -- Up-to-date: /home/vboxuser/bumperbot_ws/install/bumperbot_description/share/bumperbot_description/models/aws_robomaker_residential_Tableware_01/meshes
[2.411s] -- Up-to-date: /home/vboxuser/bumperbot_ws/install/bumperbot_description/share/bumperbot_description/models/aws_robomaker_residential_Tableware_01/meshes/aws_Tableware_01_visual.DAE
[2.411s] -- Up-to-date: /home/vboxuser/bumperbot_ws/install/bumperbot_description/share/bumperbot_description/models/aws_robomaker_residential_Tableware_01/meshes/aws_Tableware_01_collision.DAE
[2.411s] -- Up-to-date: /home/vboxuser/bumperbot_ws/install/bumperbot_description/share/bumperbot_description/models/aws_robomaker_residential_Tableware_01/model.config
[2.411s] -- Up-to-date: /home/vboxuser/bumperbot_ws/install/bumperbot_description/share/bumperbot_description/models/aws_robomaker_residential_Tableware_01/model.sdf
[2.411s] -- Up-to-date: /home/vboxuser/bumperbot_ws/install/bumperbot_description/share/bumperbot_description/models/aws_robomaker_residential_PortraitE_01
[2.412s] -- Up-to-date: /home/vboxuser/bumperbot_ws/install/bumperbot_description/share/bumperbot_description/models/aws_robomaker_residential_PortraitE_01/materials
[2.413s] -- Up-to-date: /home/vboxuser/bumperbot_ws/install/bumperbot_description/share/bumperbot_description/models/aws_robomaker_residential_PortraitE_01/materials/textures
[2.415s] -- Up-to-date: /home/vboxuser/bumperbot_ws/install/bumperbot_description/share/bumperbot_description/models/aws_robomaker_residential_PortraitE_01/materials/textures/aws_PortraitE_02.png
[2.415s] -- Up-to-date: /home/vboxuser/bumperbot_ws/install/bumperbot_description/share/bumperbot_description/models/aws_robomaker_residential_PortraitE_01/materials/textures/aws_PortraitE_01.png
[2.415s] -- Up-to-date: /home/vboxuser/bumperbot_ws/install/bumperbot_description/share/bumperbot_description/models/aws_robomaker_residential_PortraitE_01/meshes
[2.415s] -- Up-to-date: /home/vboxuser/bumperbot_ws/install/bumperbot_description/share/bumperbot_description/models/aws_robomaker_residential_PortraitE_01/meshes/aws_PortraitE_01_visual.DAE
[2.415s] -- Up-to-date: /home/vboxuser/bumperbot_ws/install/bumperbot_description/share/bumperbot_description/models/aws_robomaker_residential_PortraitE_01/meshes/aws_PortraitE_01_collision.DAE
[2.415s] -- Up-to-date: /home/vboxuser/bumperbot_ws/install/bumperbot_description/share/bumperbot_description/models/aws_robomaker_residential_PortraitE_01/model.config
[2.415s] -- Up-to-date: /home/vboxuser/bumperbot_ws/install/bumperbot_description/share/bumperbot_description/models/aws_robomaker_residential_PortraitE_01/model.sdf
[2.415s] -- Up-to-date: /home/vboxuser/bumperbot_ws/install/bumperbot_description/share/bumperbot_description/models/aws_robomaker_residential_TVCabinet_01
[3.529s] -- Up-to-date: /home/vboxuser/bumperbot_ws/install/bumperbot_description/share/bumperbot_description/models/aws_robomaker_residential_TVCabinet_01/materials
[3.529s] -- Up-to-date: /home/vboxuser/bumperbot_ws/install/bumperbot_description/share/bumperbot_description/models/aws_robomaker_residential_TVCabinet_01/materials/textures
[3.544s] -- Up-to-date: /home/vboxuser/bumperbot_ws/install/bumperbot_description/share/bumperbot_description/models/aws_robomaker_residential_TVCabinet_01/materials/textures/aws_TVCabinet_01.png
[3.545s] -- Up-to-date: /home/vboxuser/bumperbot_ws/install/bumperbot_description/share/bumperbot_description/models/aws_robomaker_residential_TVCabinet_01/meshes
[3.551s] -- Up-to-date: /home/vboxuser/bumperbot_ws/install/bumperbot_description/share/bumperbot_description/models/aws_robomaker_residential_TVCabinet_01/meshes/aws_TVCabinet_01_visual.DAE
[3.551s] -- Up-to-date: /home/vboxuser/bumperbot_ws/install/bumperbot_description/share/bumperbot_description/models/aws_robomaker_residential_TVCabinet_01/meshes/aws_TVCabinet_01_collision.DAE
[3.551s] -- Up-to-date: /home/vboxuser/bumperbot_ws/install/bumperbot_description/share/bumperbot_description/models/aws_robomaker_residential_TVCabinet_01/model.config
[3.552s] -- Up-to-date: /home/vboxuser/bumperbot_ws/install/bumperbot_description/share/bumperbot_description/models/aws_robomaker_residential_TVCabinet_01/model.sdf
[3.552s] -- Up-to-date: /home/vboxuser/bumperbot_ws/install/bumperbot_description/share/bumperbot_description/models/aws_robomaker_residential_PortraitC_01
[3.576s] -- Up-to-date: /home/vboxuser/bumperbot_ws/install/bumperbot_description/share/bumperbot_description/models/aws_robomaker_residential_PortraitC_01/materials
[3.595s] -- Up-to-date: /home/vboxuser/bumperbot_ws/install/bumperbot_description/share/bumperbot_description/models/aws_robomaker_residential_PortraitC_01/materials/textures
[3.596s] -- Up-to-date: /home/vboxuser/bumperbot_ws/install/bumperbot_description/share/bumperbot_description/models/aws_robomaker_residential_PortraitC_01/materials/textures/aws_PortraitC_01.png
[3.596s] -- Up-to-date: /home/vboxuser/bumperbot_ws/install/bumperbot_description/share/bumperbot_description/models/aws_robomaker_residential_PortraitC_01/materials/textures/aws_PortraitC_02.png
[3.596s] -- Up-to-date: /home/vboxuser/bumperbot_ws/install/bumperbot_description/share/bumperbot_description/models/aws_robomaker_residential_PortraitC_01/meshes
[3.598s] -- Up-to-date: /home/vboxuser/bumperbot_ws/install/bumperbot_description/share/bumperbot_description/models/aws_robomaker_residential_PortraitC_01/meshes/aws_PortraitC_01_visual.DAE
[3.598s] -- Up-to-date: /home/vboxuser/bumperbot_ws/install/bumperbot_description/share/bumperbot_description/models/aws_robomaker_residential_PortraitC_01/meshes/aws_PortraitC_01_collision.DAE
[3.601s] -- Up-to-date: /home/vboxuser/bumperbot_ws/install/bumperbot_description/share/bumperbot_description/models/aws_robomaker_residential_PortraitC_01/model.config
[3.601s] -- Up-to-date: /home/vboxuser/bumperbot_ws/install/bumperbot_description/share/bumperbot_description/models/aws_robomaker_residential_PortraitC_01/model.sdf
[3.601s] -- Up-to-date: /home/vboxuser/bumperbot_ws/install/bumperbot_description/share/bumperbot_description/models/aws_robomaker_residential_AirconditionerB_01
[3.603s] -- Up-to-date: /home/vboxuser/bumperbot_ws/install/bumperbot_description/share/bumperbot_description/models/aws_robomaker_residential_AirconditionerB_01/materials
[3.609s] -- Up-to-date: /home/vboxuser/bumperbot_ws/install/bumperbot_description/share/bumperbot_description/models/aws_robomaker_residential_AirconditionerB_01/materials/textures
[3.609s] -- Up-to-date: /home/vboxuser/bumperbot_ws/install/bumperbot_description/share/bumperbot_description/models/aws_robomaker_residential_AirconditionerB_01/materials/textures/aws_AirconditionerB_01.png
[3.609s] -- Up-to-date: /home/vboxuser/bumperbot_ws/install/bumperbot_description/share/bumperbot_description/models/aws_robomaker_residential_AirconditionerB_01/meshes
[3.611s] -- Up-to-date: /home/vboxuser/bumperbot_ws/install/bumperbot_description/share/bumperbot_description/models/aws_robomaker_residential_AirconditionerB_01/meshes/aws_AirconditionerB_01_collision.DAE
[3.612s] -- Up-to-date: /home/vboxuser/bumperbot_ws/install/bumperbot_description/share/bumperbot_description/models/aws_robomaker_residential_AirconditionerB_01/meshes/aws_AirconditionerB_01_visual.DAE
[3.618s] -- Up-to-date: /home/vboxuser/bumperbot_ws/install/bumperbot_description/share/bumperbot_description/models/aws_robomaker_residential_AirconditionerB_01/model.config
[3.618s] -- Up-to-date: /home/vboxuser/bumperbot_ws/install/bumperbot_description/share/bumperbot_description/models/aws_robomaker_residential_AirconditionerB_01/model.sdf
[3.619s] -- Up-to-date: /home/vboxuser/bumperbot_ws/install/bumperbot_description/share/bumperbot_description/models/aws_robomaker_residential_Sofa_01
[3.619s] -- Up-to-date: /home/vboxuser/bumperbot_ws/install/bumperbot_description/share/bumperbot_description/models/aws_robomaker_residential_Sofa_01/materials
[3.620s] -- Up-to-date: /home/vboxuser/bumperbot_ws/install/bumperbot_description/share/bumperbot_description/models/aws_robomaker_residential_Sofa_01/materials/textures
[3.623s] -- Up-to-date: /home/vboxuser/bumperbot_ws/install/bumperbot_description/share/bumperbot_description/models/aws_robomaker_residential_Sofa_01/materials/textures/aws_Sofa_01.png
[3.623s] -- Up-to-date: /home/vboxuser/bumperbot_ws/install/bumperbot_description/share/bumperbot_description/models/aws_robomaker_residential_Sofa_01/meshes
[3.625s] -- Up-to-date: /home/vboxuser/bumperbot_ws/install/bumperbot_description/share/bumperbot_description/models/aws_robomaker_residential_Sofa_01/meshes/aws_Sofa_01_collision.DAE
[3.625s] -- Up-to-date: /home/vboxuser/bumperbot_ws/install/bumperbot_description/share/bumperbot_description/models/aws_robomaker_residential_Sofa_01/meshes/aws_Sofa_01.DAE
[3.626s] -- Up-to-date: /home/vboxuser/bumperbot_ws/install/bumperbot_description/share/bumperbot_description/models/aws_robomaker_residential_Sofa_01/meshes/aws_Sofa_01_visual.DAE
[3.626s] -- Up-to-date: /home/vboxuser/bumperbot_ws/install/bumperbot_description/share/bumperbot_description/models/aws_robomaker_residential_Sofa_01/model.config
[3.626s] -- Up-to-date: /home/vboxuser/bumperbot_ws/install/bumperbot_description/share/bumperbot_description/models/aws_robomaker_residential_Sofa_01/model.sdf
[3.628s] -- Up-to-date: /home/vboxuser/bumperbot_ws/install/bumperbot_description/share/bumperbot_description/models/aws_robomaker_warehouse_RoofB_01
[3.635s] -- Up-to-date: /home/vboxuser/bumperbot_ws/install/bumperbot_description/share/bumperbot_description/models/aws_robomaker_warehouse_RoofB_01/materials
[3.635s] -- Up-to-date: /home/vboxuser/bumperbot_ws/install/bumperbot_description/share/bumperbot_description/models/aws_robomaker_warehouse_RoofB_01/materials/textures
[3.637s] -- Up-to-date: /home/vboxuser/bumperbot_ws/install/bumperbot_description/share/bumperbot_description/models/aws_robomaker_warehouse_RoofB_01/materials/textures/aws_robomaker_warehouse_RoofB_01.png
[3.637s] -- Up-to-date: /home/vboxuser/bumperbot_ws/install/bumperbot_description/share/bumperbot_description/models/aws_robomaker_warehouse_RoofB_01/meshes
[3.638s] -- Up-to-date: /home/vboxuser/bumperbot_ws/install/bumperbot_description/share/bumperbot_description/models/aws_robomaker_warehouse_RoofB_01/meshes/aws_robomaker_warehouse_RoofB_01_visual.DAE
[3.638s] -- Up-to-date: /home/vboxuser/bumperbot_ws/install/bumperbot_description/share/bumperbot_description/models/aws_robomaker_warehouse_RoofB_01/meshes/aws_robomaker_warehouse_RoofB_01_collision.DAE
[3.638s] -- Up-to-date: /home/vboxuser/bumperbot_ws/install/bumperbot_description/share/bumperbot_description/models/aws_robomaker_warehouse_RoofB_01/model.config
[3.638s] -- Up-to-date: /home/vboxuser/bumperbot_ws/install/bumperbot_description/share/bumperbot_description/models/aws_robomaker_warehouse_RoofB_01/model.sdf
[3.638s] -- Up-to-date: /home/vboxuser/bumperbot_ws/install/bumperbot_description/share/bumperbot_description/models/aws_robomaker_residential_PortraitB_03
[3.642s] -- Up-to-date: /home/vboxuser/bumperbot_ws/install/bumperbot_description/share/bumperbot_description/models/aws_robomaker_residential_PortraitB_03/materials
[3.650s] -- Up-to-date: /home/vboxuser/bumperbot_ws/install/bumperbot_description/share/bumperbot_description/models/aws_robomaker_residential_PortraitB_03/materials/textures
[3.651s] -- Up-to-date: /home/vboxuser/bumperbot_ws/install/bumperbot_description/share/bumperbot_description/models/aws_robomaker_residential_PortraitB_03/materials/textures/aws_PortraitB_02.png
[3.652s] -- Up-to-date: /home/vboxuser/bumperbot_ws/install/bumperbot_description/share/bumperbot_description/models/aws_robomaker_residential_PortraitB_03/materials/textures/aws_PortraitB_01.png
[3.652s] -- Up-to-date: /home/vboxuser/bumperbot_ws/install/bumperbot_description/share/bumperbot_description/models/aws_robomaker_residential_PortraitB_03/meshes
[3.652s] -- Up-to-date: /home/vboxuser/bumperbot_ws/install/bumperbot_description/share/bumperbot_description/models/aws_robomaker_residential_PortraitB_03/meshes/aws_PortraitB_01_collision.DAE
[3.652s] -- Up-to-date: /home/vboxuser/bumperbot_ws/install/bumperbot_description/share/bumperbot_description/models/aws_robomaker_residential_PortraitB_03/meshes/aws_PortraitB_01_visual.DAE
[3.653s] -- Up-to-date: /home/vboxuser/bumperbot_ws/install/bumperbot_description/share/bumperbot_description/models/aws_robomaker_residential_PortraitB_03/model.config
[3.653s] -- Up-to-date: /home/vboxuser/bumperbot_ws/install/bumperbot_description/share/bumperbot_description/models/aws_robomaker_residential_PortraitB_03/model.sdf
[3.653s] -- Up-to-date: /home/vboxuser/bumperbot_ws/install/bumperbot_description/share/bumperbot_description/models/aws_robomaker_warehouse_PalletJackB_01
[3.655s] -- Up-to-date: /home/vboxuser/bumperbot_ws/install/bumperbot_description/share/bumperbot_description/models/aws_robomaker_warehouse_PalletJackB_01/materials
[3.657s] -- Up-to-date: /home/vboxuser/bumperbot_ws/install/bumperbot_description/share/bumperbot_description/models/aws_robomaker_warehouse_PalletJackB_01/materials/textures
[3.660s] -- Up-to-date: /home/vboxuser/bumperbot_ws/install/bumperbot_description/share/bumperbot_description/models/aws_robomaker_warehouse_PalletJackB_01/materials/textures/aws_robomaker_warehouse_PalletJackB_01.png
[3.667s] -- Up-to-date: /home/vboxuser/bumperbot_ws/install/bumperbot_description/share/bumperbot_description/models/aws_robomaker_warehouse_PalletJackB_01/materials/textures/aws_robomaker_warehouse_PalletJackB_02.png
[3.667s] -- Up-to-date: /home/vboxuser/bumperbot_ws/install/bumperbot_description/share/bumperbot_description/models/aws_robomaker_warehouse_PalletJackB_01/materials/.DS_Store
[3.667s] -- Up-to-date: /home/vboxuser/bumperbot_ws/install/bumperbot_description/share/bumperbot_description/models/aws_robomaker_warehouse_PalletJackB_01/meshes
[3.668s] -- Up-to-date: /home/vboxuser/bumperbot_ws/install/bumperbot_description/share/bumperbot_description/models/aws_robomaker_warehouse_PalletJackB_01/meshes/aws_robomaker_warehouse_PalletJackB_01_collision.DAE
[3.669s] -- Up-to-date: /home/vboxuser/bumperbot_ws/install/bumperbot_description/share/bumperbot_description/models/aws_robomaker_warehouse_PalletJackB_01/meshes/aws_robomaker_warehouse_PalletJackB_01_visual.DAE
[3.669s] -- Up-to-date: /home/vboxuser/bumperbot_ws/install/bumperbot_description/share/bumperbot_description/models/aws_robomaker_warehouse_PalletJackB_01/model.config
[3.669s] -- Up-to-date: /home/vboxuser/bumperbot_ws/install/bumperbot_description/share/bumperbot_description/models/aws_robomaker_warehouse_PalletJackB_01/.DS_Store
[3.669s] -- Up-to-date: /home/vboxuser/bumperbot_ws/install/bumperbot_description/share/bumperbot_description/models/aws_robomaker_warehouse_PalletJackB_01/model.sdf
[3.669s] -- Up-to-date: /home/vboxuser/bumperbot_ws/install/bumperbot_description/share/bumperbot_description/models/aws_robomaker_residential_PortraitD_01
[3.670s] -- Up-to-date: /home/vboxuser/bumperbot_ws/install/bumperbot_description/share/bumperbot_description/models/aws_robomaker_residential_PortraitD_01/materials
[3.672s] -- Up-to-date: /home/vboxuser/bumperbot_ws/install/bumperbot_description/share/bumperbot_description/models/aws_robomaker_residential_PortraitD_01/materials/textures
[3.673s] -- Up-to-date: /home/vboxuser/bumperbot_ws/install/bumperbot_description/share/bumperbot_description/models/aws_robomaker_residential_PortraitD_01/materials/textures/aws_PortraitD_01.png
[3.673s] -- Up-to-date: /home/vboxuser/bumperbot_ws/install/bumperbot_description/share/bumperbot_description/models/aws_robomaker_residential_PortraitD_01/materials/textures/aws_PortraitD_02.png
[3.673s] -- Up-to-date: /home/vboxuser/bumperbot_ws/install/bumperbot_description/share/bumperbot_description/models/aws_robomaker_residential_PortraitD_01/meshes
[3.675s] -- Up-to-date: /home/vboxuser/bumperbot_ws/install/bumperbot_description/share/bumperbot_description/models/aws_robomaker_residential_PortraitD_01/meshes/aws_PortraitD_01_visual.DAE
[3.676s] -- Up-to-date: /home/vboxuser/bumperbot_ws/install/bumperbot_description/share/bumperbot_description/models/aws_robomaker_residential_PortraitD_01/meshes/aws_PortraitD_01_collision.DAE
[3.676s] -- Up-to-date: /home/vboxuser/bumperbot_ws/install/bumperbot_description/share/bumperbot_description/models/aws_robomaker_residential_PortraitD_01/model.config
[3.676s] -- Up-to-date: /home/vboxuser/bumperbot_ws/install/bumperbot_description/share/bumperbot_description/models/aws_robomaker_residential_PortraitD_01/model.sdf
[3.676s] -- Up-to-date: /home/vboxuser/bumperbot_ws/install/bumperbot_description/share/bumperbot_description/models/aws_robomaker_residential_TV_02
[3.676s] -- Up-to-date: /home/vboxuser/bumperbot_ws/install/bumperbot_description/share/bumperbot_description/models/aws_robomaker_residential_TV_02/materials
[3.677s] -- Up-to-date: /home/vboxuser/bumperbot_ws/install/bumperbot_description/share/bumperbot_description/models/aws_robomaker_residential_TV_02/materials/textures
[3.678s] -- Up-to-date: /home/vboxuser/bumperbot_ws/install/bumperbot_description/share/bumperbot_description/models/aws_robomaker_residential_TV_02/materials/textures/aws_TV_01.png
[3.678s] -- Up-to-date: /home/vboxuser/bumperbot_ws/install/bumperbot_description/share/bumperbot_description/models/aws_robomaker_residential_TV_02/meshes
[3.680s] -- Up-to-date: /home/vboxuser/bumperbot_ws/install/bumperbot_description/share/bumperbot_description/models/aws_robomaker_residential_TV_02/meshes/aws_TV_01_collision.DAE
[3.681s] -- Up-to-date: /home/vboxuser/bumperbot_ws/install/bumperbot_description/share/bumperbot_description/models/aws_robomaker_residential_TV_02/meshes/aws_TV_01_visual.DAE
[3.681s] -- Up-to-date: /home/vboxuser/bumperbot_ws/install/bumperbot_description/share/bumperbot_description/models/aws_robomaker_residential_TV_02/model.config
[3.681s] -- Up-to-date: /home/vboxuser/bumperbot_ws/install/bumperbot_description/share/bumperbot_description/models/aws_robomaker_residential_TV_02/model.sdf
[3.681s] -- Up-to-date: /home/vboxuser/bumperbot_ws/install/bumperbot_description/share/bumperbot_description/models/aws_robomaker_residential_CookingBench_01
[3.682s] -- Up-to-date: /home/vboxuser/bumperbot_ws/install/bumperbot_description/share/bumperbot_description/models/aws_robomaker_residential_CookingBench_01/materials
[3.683s] -- Up-to-date: /home/vboxuser/bumperbot_ws/install/bumperbot_description/share/bumperbot_description/models/aws_robomaker_residential_CookingBench_01/materials/textures
[3.684s] -- Up-to-date: /home/vboxuser/bumperbot_ws/install/bumperbot_description/share/bumperbot_description/models/aws_robomaker_residential_CookingBench_01/materials/textures/aws_CookingBench_01.png
[3.684s] -- Up-to-date: /home/vboxuser/bumperbot_ws/install/bumperbot_description/share/bumperbot_description/models/aws_robomaker_residential_CookingBench_01/meshes
[3.685s] -- Up-to-date: /home/vboxuser/bumperbot_ws/install/bumperbot_description/share/bumperbot_description/models/aws_robomaker_residential_CookingBench_01/meshes/aws_CookingBench_01_visual.DAE
[3.685s] -- Up-to-date: /home/vboxuser/bumperbot_ws/install/bumperbot_description/share/bumperbot_description/models/aws_robomaker_residential_CookingBench_01/meshes/aws_CookingBench_01_collision.DAE
[3.685s] -- Up-to-date: /home/vboxuser/bumperbot_ws/install/bumperbot_description/share/bumperbot_description/models/aws_robomaker_residential_CookingBench_01/meshes/aws_CookingBench_01.DAE
[3.685s] -- Up-to-date: /home/vboxuser/bumperbot_ws/install/bumperbot_description/share/bumperbot_description/models/aws_robomaker_residential_CookingBench_01/model.config
[3.685s] -- Up-to-date: /home/vboxuser/bumperbot_ws/install/bumperbot_description/share/bumperbot_description/models/aws_robomaker_residential_CookingBench_01/model.sdf
[3.685s] -- Up-to-date: /home/vboxuser/bumperbot_ws/install/bumperbot_description/share/bumperbot_description/models/aws_robomaker_residential_DeskPortraitD_01
[3.686s] -- Up-to-date: /home/vboxuser/bumperbot_ws/install/bumperbot_description/share/bumperbot_description/models/aws_robomaker_residential_DeskPortraitD_01/materials
[3.687s] -- Up-to-date: /home/vboxuser/bumperbot_ws/install/bumperbot_description/share/bumperbot_description/models/aws_robomaker_residential_DeskPortraitD_01/materials/textures
[3.688s] -- Up-to-date: /home/vboxuser/bumperbot_ws/install/bumperbot_description/share/bumperbot_description/models/aws_robomaker_residential_DeskPortraitD_01/materials/textures/aws_DeskPortraitD_02.png
[3.689s] -- Up-to-date: /home/vboxuser/bumperbot_ws/install/bumperbot_description/share/bumperbot_description/models/aws_robomaker_residential_DeskPortraitD_01/materials/textures/aws_DeskPortraitD_01.png
[3.689s] -- Up-to-date: /home/vboxuser/bumperbot_ws/install/bumperbot_description/share/bumperbot_description/models/aws_robomaker_residential_DeskPortraitD_01/meshes
[3.690s] -- Up-to-date: /home/vboxuser/bumperbot_ws/install/bumperbot_description/share/bumperbot_description/models/aws_robomaker_residential_DeskPortraitD_01/meshes/aws_DeskPortraitD_01_collision.DAE
[3.690s] -- Up-to-date: /home/vboxuser/bumperbot_ws/install/bumperbot_description/share/bumperbot_description/models/aws_robomaker_residential_DeskPortraitD_01/meshes/aws_DeskPortraitD_01_visual.DAE
[3.691s] -- Up-to-date: /home/vboxuser/bumperbot_ws/install/bumperbot_description/share/bumperbot_description/models/aws_robomaker_residential_DeskPortraitD_01/model.config
[3.691s] -- Up-to-date: /home/vboxuser/bumperbot_ws/install/bumperbot_description/share/bumperbot_description/models/aws_robomaker_residential_DeskPortraitD_01/model.sdf
[3.692s] -- Up-to-date: /home/vboxuser/bumperbot_ws/install/bumperbot_description/share/bumperbot_description/models/aws_robomaker_warehouse_ShelfD_01
[3.692s] -- Up-to-date: /home/vboxuser/bumperbot_ws/install/bumperbot_description/share/bumperbot_description/models/aws_robomaker_warehouse_ShelfD_01/materials
[3.692s] -- Up-to-date: /home/vboxuser/bumperbot_ws/install/bumperbot_description/share/bumperbot_description/models/aws_robomaker_warehouse_ShelfD_01/materials/textures
[3.694s] -- Up-to-date: /home/vboxuser/bumperbot_ws/install/bumperbot_description/share/bumperbot_description/models/aws_robomaker_warehouse_ShelfD_01/materials/textures/aws_robomaker_warehouse_ShelfD_01.png
[3.694s] -- Up-to-date: /home/vboxuser/bumperbot_ws/install/bumperbot_description/share/bumperbot_description/models/aws_robomaker_warehouse_ShelfD_01/materials/textures/aws_robomaker_warehouse_ShelfD_02.png
[3.695s] -- Up-to-date: /home/vboxuser/bumperbot_ws/install/bumperbot_description/share/bumperbot_description/models/aws_robomaker_warehouse_ShelfD_01/materials/textures/aws_robomaker_warehouse_ShelfD_03.png
[3.695s] -- Up-to-date: /home/vboxuser/bumperbot_ws/install/bumperbot_description/share/bumperbot_description/models/aws_robomaker_warehouse_ShelfD_01/materials/textures/aws_robomaker_warehouse_ShelfD_04.png
[3.695s] -- Up-to-date: /home/vboxuser/bumperbot_ws/install/bumperbot_description/share/bumperbot_description/models/aws_robomaker_warehouse_ShelfD_01/meshes
[3.696s] -- Up-to-date: /home/vboxuser/bumperbot_ws/install/bumperbot_description/share/bumperbot_description/models/aws_robomaker_warehouse_ShelfD_01/meshes/aws_robomaker_warehouse_ShelfD_01_collision.DAE
[3.696s] -- Up-to-date: /home/vboxuser/bumperbot_ws/install/bumperbot_description/share/bumperbot_description/models/aws_robomaker_warehouse_ShelfD_01/meshes/aws_robomaker_warehouse_ShelfD_01_visual.DAE
[3.696s] -- Up-to-date: /home/vboxuser/bumperbot_ws/install/bumperbot_description/share/bumperbot_description/models/aws_robomaker_warehouse_ShelfD_01/model.config
[3.697s] -- Up-to-date: /home/vboxuser/bumperbot_ws/install/bumperbot_description/share/bumperbot_description/models/aws_robomaker_warehouse_ShelfD_01/model.sdf
[3.697s] -- Up-to-date: /home/vboxuser/bumperbot_ws/install/bumperbot_description/share/bumperbot_description/models/aws_robomaker_residential_KitchenTable_01
[3.697s] -- Up-to-date: /home/vboxuser/bumperbot_ws/install/bumperbot_description/share/bumperbot_description/models/aws_robomaker_residential_KitchenTable_01/materials
[3.699s] -- Up-to-date: /home/vboxuser/bumperbot_ws/install/bumperbot_description/share/bumperbot_description/models/aws_robomaker_residential_KitchenTable_01/materials/textures
[3.700s] -- Up-to-date: /home/vboxuser/bumperbot_ws/install/bumperbot_description/share/bumperbot_description/models/aws_robomaker_residential_KitchenTable_01/materials/textures/aws_KitchenTable_01.png
[3.700s] -- Up-to-date: /home/vboxuser/bumperbot_ws/install/bumperbot_description/share/bumperbot_description/models/aws_robomaker_residential_KitchenTable_01/meshes
[3.701s] -- Up-to-date: /home/vboxuser/bumperbot_ws/install/bumperbot_description/share/bumperbot_description/models/aws_robomaker_residential_KitchenTable_01/meshes/aws_KitchenTable_01_visual.DAE
[3.701s] -- Up-to-date: /home/vboxuser/bumperbot_ws/install/bumperbot_description/share/bumperbot_description/models/aws_robomaker_residential_KitchenTable_01/meshes/aws_KitchenTable_01_collision.DAE
[3.701s] -- Up-to-date: /home/vboxuser/bumperbot_ws/install/bumperbot_description/share/bumperbot_description/models/aws_robomaker_residential_KitchenTable_01/model.config
[3.701s] -- Up-to-date: /home/vboxuser/bumperbot_ws/install/bumperbot_description/share/bumperbot_description/models/aws_robomaker_residential_KitchenTable_01/model.sdf
[3.701s] -- Up-to-date: /home/vboxuser/bumperbot_ws/install/bumperbot_description/share/bumperbot_description/models/aws_robomaker_warehouse_ShelfF_01
[3.702s] -- Up-to-date: /home/vboxuser/bumperbot_ws/install/bumperbot_description/share/bumperbot_description/models/aws_robomaker_warehouse_ShelfF_01/materials
[3.703s] -- Up-to-date: /home/vboxuser/bumperbot_ws/install/bumperbot_description/share/bumperbot_description/models/aws_robomaker_warehouse_ShelfF_01/materials/textures
[3.703s] -- Up-to-date: /home/vboxuser/bumperbot_ws/install/bumperbot_description/share/bumperbot_description/models/aws_robomaker_warehouse_ShelfF_01/materials/textures/aws_robomaker_warehouse_ShelfF_02.png
[3.704s] -- Up-to-date: /home/vboxuser/bumperbot_ws/install/bumperbot_description/share/bumperbot_description/models/aws_robomaker_warehouse_ShelfF_01/materials/textures/aws_robomaker_warehouse_ShelfF_01.png
[3.704s] -- Up-to-date: /home/vboxuser/bumperbot_ws/install/bumperbot_description/share/bumperbot_description/models/aws_robomaker_warehouse_ShelfF_01/materials/textures/aws_robomaker_warehouse_ShelfF_03.png
[3.704s] -- Up-to-date: /home/vboxuser/bumperbot_ws/install/bumperbot_description/share/bumperbot_description/models/aws_robomaker_warehouse_ShelfF_01/meshes
[3.704s] -- Up-to-date: /home/vboxuser/bumperbot_ws/install/bumperbot_description/share/bumperbot_description/models/aws_robomaker_warehouse_ShelfF_01/meshes/aws_robomaker_warehouse_ShelfF_01_visual.DAE
[3.705s] -- Up-to-date: /home/vboxuser/bumperbot_ws/install/bumperbot_description/share/bumperbot_description/models/aws_robomaker_warehouse_ShelfF_01/meshes/aws_robomaker_warehouse_ShelfF_01_collision.DAE
[3.705s] -- Up-to-date: /home/vboxuser/bumperbot_ws/install/bumperbot_description/share/bumperbot_description/models/aws_robomaker_warehouse_ShelfF_01/model.config
[3.705s] -- Up-to-date: /home/vboxuser/bumperbot_ws/install/bumperbot_description/share/bumperbot_description/models/aws_robomaker_warehouse_ShelfF_01/model.sdf
[3.705s] -- Up-to-date: /home/vboxuser/bumperbot_ws/install/bumperbot_description/share/bumperbot_description/models/aws_robomaker_residential_FloorB_01
[3.706s] -- Up-to-date: /home/vboxuser/bumperbot_ws/install/bumperbot_description/share/bumperbot_description/models/aws_robomaker_residential_FloorB_01/materials
[3.707s] -- Up-to-date: /home/vboxuser/bumperbot_ws/install/bumperbot_description/share/bumperbot_description/models/aws_robomaker_residential_FloorB_01/materials/textures
[3.708s] -- Up-to-date: /home/vboxuser/bumperbot_ws/install/bumperbot_description/share/bumperbot_description/models/aws_robomaker_residential_FloorB_01/materials/textures/aws_FloorB_01.png
[3.708s] -- Up-to-date: /home/vboxuser/bumperbot_ws/install/bumperbot_description/share/bumperbot_description/models/aws_robomaker_residential_FloorB_01/meshes
[3.711s] -- Up-to-date: /home/vboxuser/bumperbot_ws/install/bumperbot_description/share/bumperbot_description/models/aws_robomaker_residential_FloorB_01/meshes/aws_FloorB_01_collision.DAE
[3.719s] -- Up-to-date: /home/vboxuser/bumperbot_ws/install/bumperbot_description/share/bumperbot_description/models/aws_robomaker_residential_FloorB_01/meshes/aws_FloorB_01_visual.DAE
[3.720s] -- Up-to-date: /home/vboxuser/bumperbot_ws/install/bumperbot_description/share/bumperbot_description/models/aws_robomaker_residential_FloorB_01/model.config
[3.720s] -- Up-to-date: /home/vboxuser/bumperbot_ws/install/bumperbot_description/share/bumperbot_description/models/aws_robomaker_residential_FloorB_01/model.sdf
[3.720s] -- Up-to-date: /home/vboxuser/bumperbot_ws/install/bumperbot_description/share/bumperbot_description/models/aws_robomaker_warehouse_GroundB_01
[3.720s] -- Up-to-date: /home/vboxuser/bumperbot_ws/install/bumperbot_description/share/bumperbot_description/models/aws_robomaker_warehouse_GroundB_01/materials
[3.721s] -- Up-to-date: /home/vboxuser/bumperbot_ws/install/bumperbot_description/share/bumperbot_description/models/aws_robomaker_warehouse_GroundB_01/materials/textures
[3.722s] -- Up-to-date: /home/vboxuser/bumperbot_ws/install/bumperbot_description/share/bumperbot_description/models/aws_robomaker_warehouse_GroundB_01/materials/textures/aws_robomaker_warehouse_GroundB_02.png
[3.722s] -- Up-to-date: /home/vboxuser/bumperbot_ws/install/bumperbot_description/share/bumperbot_description/models/aws_robomaker_warehouse_GroundB_01/materials/textures/aws_robomaker_warehouse_GroundB_01.png
[3.722s] -- Up-to-date: /home/vboxuser/bumperbot_ws/install/bumperbot_description/share/bumperbot_description/models/aws_robomaker_warehouse_GroundB_01/meshes
[3.723s] -- Up-to-date: /home/vboxuser/bumperbot_ws/install/bumperbot_description/share/bumperbot_description/models/aws_robomaker_warehouse_GroundB_01/meshes/aws_robomaker_warehouse_GroundB_01_collision.DAE
[3.724s] -- Up-to-date: /home/vboxuser/bumperbot_ws/install/bumperbot_description/share/bumperbot_description/models/aws_robomaker_warehouse_GroundB_01/meshes/aws_robomaker_warehouse_GroundB_01_visual.DAE
[3.724s] -- Up-to-date: /home/vboxuser/bumperbot_ws/install/bumperbot_description/share/bumperbot_description/models/aws_robomaker_warehouse_GroundB_01/model.config
[3.724s] -- Up-to-date: /home/vboxuser/bumperbot_ws/install/bumperbot_description/share/bumperbot_description/models/aws_robomaker_warehouse_GroundB_01/model.sdf
[3.724s] -- Up-to-date: /home/vboxuser/bumperbot_ws/install/bumperbot_description/share/bumperbot_description/models/aws_robomaker_residential_PortraitE_02
[3.725s] -- Up-to-date: /home/vboxuser/bumperbot_ws/install/bumperbot_description/share/bumperbot_description/models/aws_robomaker_residential_PortraitE_02/materials
[3.726s] -- Up-to-date: /home/vboxuser/bumperbot_ws/install/bumperbot_description/share/bumperbot_description/models/aws_robomaker_residential_PortraitE_02/materials/textures
[3.729s] -- Up-to-date: /home/vboxuser/bumperbot_ws/install/bumperbot_description/share/bumperbot_description/models/aws_robomaker_residential_PortraitE_02/materials/textures/aws_PortraitE_02.png
[3.729s] -- Up-to-date: /home/vboxuser/bumperbot_ws/install/bumperbot_description/share/bumperbot_description/models/aws_robomaker_residential_PortraitE_02/materials/textures/aws_PortraitE_01.png
[3.730s] -- Up-to-date: /home/vboxuser/bumperbot_ws/install/bumperbot_description/share/bumperbot_description/models/aws_robomaker_residential_PortraitE_02/meshes
[3.730s] -- Up-to-date: /home/vboxuser/bumperbot_ws/install/bumperbot_description/share/bumperbot_description/models/aws_robomaker_residential_PortraitE_02/meshes/aws_PortraitE_01_visual.DAE
[3.730s] -- Up-to-date: /home/vboxuser/bumperbot_ws/install/bumperbot_description/share/bumperbot_description/models/aws_robomaker_residential_PortraitE_02/meshes/aws_PortraitE_01_collision.DAE
[3.730s] -- Up-to-date: /home/vboxuser/bumperbot_ws/install/bumperbot_description/share/bumperbot_description/models/aws_robomaker_residential_PortraitE_02/model.config
[3.730s] -- Up-to-date: /home/vboxuser/bumperbot_ws/install/bumperbot_description/share/bumperbot_description/models/aws_robomaker_residential_PortraitE_02/model.sdf
[3.730s] -- Up-to-date: /home/vboxuser/bumperbot_ws/install/bumperbot_description/share/bumperbot_description/models/aws_robomaker_residential_Board_01
[3.738s] -- Up-to-date: /home/vboxuser/bumperbot_ws/install/bumperbot_description/share/bumperbot_description/models/aws_robomaker_residential_Board_01/materials
[3.739s] -- Up-to-date: /home/vboxuser/bumperbot_ws/install/bumperbot_description/share/bumperbot_description/models/aws_robomaker_residential_Board_01/materials/textures
[3.740s] -- Up-to-date: /home/vboxuser/bumperbot_ws/install/bumperbot_description/share/bumperbot_description/models/aws_robomaker_residential_Board_01/materials/textures/aws_Board_01.png
[3.740s] -- Up-to-date: /home/vboxuser/bumperbot_ws/install/bumperbot_description/share/bumperbot_description/models/aws_robomaker_residential_Board_01/meshes
[3.741s] -- Up-to-date: /home/vboxuser/bumperbot_ws/install/bumperbot_description/share/bumperbot_description/models/aws_robomaker_residential_Board_01/meshes/aws_Board_01_visual.DAE
[3.742s] -- Up-to-date: /home/vboxuser/bumperbot_ws/install/bumperbot_description/share/bumperbot_description/models/aws_robomaker_residential_Board_01/meshes/aws_Board_01_collision.DAE
[3.742s] -- Up-to-date: /home/vboxuser/bumperbot_ws/install/bumperbot_description/share/bumperbot_description/models/aws_robomaker_residential_Board_01/model.config
[3.742s] -- Up-to-date: /home/vboxuser/bumperbot_ws/install/bumperbot_description/share/bumperbot_description/models/aws_robomaker_residential_Board_01/model.sdf
[3.742s] -- Up-to-date: /home/vboxuser/bumperbot_ws/install/bumperbot_description/share/bumperbot_description/models/aws_robomaker_residential_Ball_01
[3.742s] -- Up-to-date: /home/vboxuser/bumperbot_ws/install/bumperbot_description/share/bumperbot_description/models/aws_robomaker_residential_Ball_01/materials
[3.744s] -- Up-to-date: /home/vboxuser/bumperbot_ws/install/bumperbot_description/share/bumperbot_description/models/aws_robomaker_residential_Ball_01/materials/textures
[3.746s] -- Up-to-date: /home/vboxuser/bumperbot_ws/install/bumperbot_description/share/bumperbot_description/models/aws_robomaker_residential_Ball_01/materials/textures/aws_Ball_01.png
[3.746s] -- Up-to-date: /home/vboxuser/bumperbot_ws/install/bumperbot_description/share/bumperbot_description/models/aws_robomaker_residential_Ball_01/meshes
[3.747s] -- Up-to-date: /home/vboxuser/bumperbot_ws/install/bumperbot_description/share/bumperbot_description/models/aws_robomaker_residential_Ball_01/meshes/aws_Ball_01_collision.DAE
[3.747s] -- Up-to-date: /home/vboxuser/bumperbot_ws/install/bumperbot_description/share/bumperbot_description/models/aws_robomaker_residential_Ball_01/meshes/aws_Ball_01_visual.DAE
[3.747s] -- Up-to-date: /home/vboxuser/bumperbot_ws/install/bumperbot_description/share/bumperbot_description/models/aws_robomaker_residential_Ball_01/model.config
[3.748s] -- Up-to-date: /home/vboxuser/bumperbot_ws/install/bumperbot_description/share/bumperbot_description/models/aws_robomaker_residential_Ball_01/model.sdf
[3.748s] -- Up-to-date: /home/vboxuser/bumperbot_ws/install/bumperbot_description/share/bumperbot_description/models/aws_robomaker_residential_Dumbbell_01
[3.748s] -- Up-to-date: /home/vboxuser/bumperbot_ws/install/bumperbot_description/share/bumperbot_description/models/aws_robomaker_residential_Dumbbell_01/materials
[3.749s] -- Up-to-date: /home/vboxuser/bumperbot_ws/install/bumperbot_description/share/bumperbot_description/models/aws_robomaker_residential_Dumbbell_01/materials/textures
[3.751s] -- Up-to-date: /home/vboxuser/bumperbot_ws/install/bumperbot_description/share/bumperbot_description/models/aws_robomaker_residential_Dumbbell_01/materials/textures/aws_Dumbbell_01.png
[3.751s] -- Up-to-date: /home/vboxuser/bumperbot_ws/install/bumperbot_description/share/bumperbot_description/models/aws_robomaker_residential_Dumbbell_01/meshes
[3.753s] -- Up-to-date: /home/vboxuser/bumperbot_ws/install/bumperbot_description/share/bumperbot_description/models/aws_robomaker_residential_Dumbbell_01/meshes/aws_Dumbbell_01_visual.DAE
[3.753s] -- Up-to-date: /home/vboxuser/bumperbot_ws/install/bumperbot_description/share/bumperbot_description/models/aws_robomaker_residential_Dumbbell_01/meshes/aws_Dumbbell_01_collision.DAE
[3.753s] -- Up-to-date: /home/vboxuser/bumperbot_ws/install/bumperbot_description/share/bumperbot_description/models/aws_robomaker_residential_Dumbbell_01/model.config
[3.753s] -- Up-to-date: /home/vboxuser/bumperbot_ws/install/bumperbot_description/share/bumperbot_description/models/aws_robomaker_residential_Dumbbell_01/model.sdf
[3.754s] -- Up-to-date: /home/vboxuser/bumperbot_ws/install/bumperbot_description/share/bumperbot_description/models/aws_robomaker_warehouse_WallB_01
[3.754s] -- Up-to-date: /home/vboxuser/bumperbot_ws/install/bumperbot_description/share/bumperbot_description/models/aws_robomaker_warehouse_WallB_01/materials
[3.755s] -- Up-to-date: /home/vboxuser/bumperbot_ws/install/bumperbot_description/share/bumperbot_description/models/aws_robomaker_warehouse_WallB_01/materials/textures
[3.757s] -- Up-to-date: /home/vboxuser/bumperbot_ws/install/bumperbot_description/share/bumperbot_description/models/aws_robomaker_warehouse_WallB_01/materials/textures/aws_robomaker_warehouse_WallB_01.png
[3.757s] -- Up-to-date: /home/vboxuser/bumperbot_ws/install/bumperbot_description/share/bumperbot_description/models/aws_robomaker_warehouse_WallB_01/meshes
[3.758s] -- Up-to-date: /home/vboxuser/bumperbot_ws/install/bumperbot_description/share/bumperbot_description/models/aws_robomaker_warehouse_WallB_01/meshes/aws_robomaker_warehouse_WallB_01_collision.DAE
[3.758s] -- Up-to-date: /home/vboxuser/bumperbot_ws/install/bumperbot_description/share/bumperbot_description/models/aws_robomaker_warehouse_WallB_01/meshes/aws_robomaker_warehouse_WallB_01_visual.DAE
[3.759s] -- Up-to-date: /home/vboxuser/bumperbot_ws/install/bumperbot_description/share/bumperbot_description/models/aws_robomaker_warehouse_WallB_01/model.config
[3.759s] -- Up-to-date: /home/vboxuser/bumperbot_ws/install/bumperbot_description/share/bumperbot_description/models/aws_robomaker_warehouse_WallB_01/model.sdf
[3.759s] -- Up-to-date: /home/vboxuser/bumperbot_ws/install/bumperbot_description/share/bumperbot_description/models/aws_robomaker_residential_TV_01
[3.760s] -- Up-to-date: /home/vboxuser/bumperbot_ws/install/bumperbot_description/share/bumperbot_description/models/aws_robomaker_residential_TV_01/materials
[3.761s] -- Up-to-date: /home/vboxuser/bumperbot_ws/install/bumperbot_description/share/bumperbot_description/models/aws_robomaker_residential_TV_01/materials/textures
[3.762s] -- Up-to-date: /home/vboxuser/bumperbot_ws/install/bumperbot_description/share/bumperbot_description/models/aws_robomaker_residential_TV_01/materials/textures/aws_TV_01.png
[3.762s] -- Up-to-date: /home/vboxuser/bumperbot_ws/install/bumperbot_description/share/bumperbot_description/models/aws_robomaker_residential_TV_01/meshes
[3.763s] -- Up-to-date: /home/vboxuser/bumperbot_ws/install/bumperbot_description/share/bumperbot_description/models/aws_robomaker_residential_TV_01/meshes/aws_TV_01_collision.DAE
[3.763s] -- Up-to-date: /home/vboxuser/bumperbot_ws/install/bumperbot_description/share/bumperbot_description/models/aws_robomaker_residential_TV_01/meshes/aws_TV_01_visual.DAE
[3.763s] -- Up-to-date: /home/vboxuser/bumperbot_ws/install/bumperbot_description/share/bumperbot_description/models/aws_robomaker_residential_TV_01/model.config
[3.763s] -- Up-to-date: /home/vboxuser/bumperbot_ws/install/bumperbot_description/share/bumperbot_description/models/aws_robomaker_residential_TV_01/model.sdf
[3.763s] -- Up-to-date: /home/vboxuser/bumperbot_ws/install/bumperbot_description/share/bumperbot_description/models/aws_robomaker_residential_AirconditionerA_01
[3.764s] -- Up-to-date: /home/vboxuser/bumperbot_ws/install/bumperbot_description/share/bumperbot_description/models/aws_robomaker_residential_AirconditionerA_01/materials
[3.765s] -- Up-to-date: /home/vboxuser/bumperbot_ws/install/bumperbot_description/share/bumperbot_description/models/aws_robomaker_residential_AirconditionerA_01/materials/textures
[3.766s] -- Up-to-date: /home/vboxuser/bumperbot_ws/install/bumperbot_description/share/bumperbot_description/models/aws_robomaker_residential_AirconditionerA_01/materials/textures/aws_AirconditionerA_01.png
[3.766s] -- Up-to-date: /home/vboxuser/bumperbot_ws/install/bumperbot_description/share/bumperbot_description/models/aws_robomaker_residential_AirconditionerA_01/meshes
[3.767s] -- Up-to-date: /home/vboxuser/bumperbot_ws/install/bumperbot_description/share/bumperbot_description/models/aws_robomaker_residential_AirconditionerA_01/meshes/aws_AirconditionerA_01_visual.DAE
[3.768s] -- Up-to-date: /home/vboxuser/bumperbot_ws/install/bumperbot_description/share/bumperbot_description/models/aws_robomaker_residential_AirconditionerA_01/meshes/aws__Air conditioner_01.DAE
[3.768s] -- Up-to-date: /home/vboxuser/bumperbot_ws/install/bumperbot_description/share/bumperbot_description/models/aws_robomaker_residential_AirconditionerA_01/meshes/aws_AirconditionerA_01_collision.DAE
[3.768s] -- Up-to-date: /home/vboxuser/bumperbot_ws/install/bumperbot_description/share/bumperbot_description/models/aws_robomaker_residential_AirconditionerA_01/model.config
[3.768s] -- Up-to-date: /home/vboxuser/bumperbot_ws/install/bumperbot_description/share/bumperbot_description/models/aws_robomaker_residential_AirconditionerA_01/model.sdf
[3.768s] -- Up-to-date: /home/vboxuser/bumperbot_ws/install/bumperbot_description/share/bumperbot_description/models/aws_robomaker_residential_NightStand_01
[3.769s] -- Up-to-date: /home/vboxuser/bumperbot_ws/install/bumperbot_description/share/bumperbot_description/models/aws_robomaker_residential_NightStand_01/materials
[3.771s] -- Up-to-date: /home/vboxuser/bumperbot_ws/install/bumperbot_description/share/bumperbot_description/models/aws_robomaker_residential_NightStand_01/materials/textures
[3.773s] -- Up-to-date: /home/vboxuser/bumperbot_ws/install/bumperbot_description/share/bumperbot_description/models/aws_robomaker_residential_NightStand_01/materials/textures/aws_NightStand_01.png
[3.773s] -- Up-to-date: /home/vboxuser/bumperbot_ws/install/bumperbot_description/share/bumperbot_description/models/aws_robomaker_residential_NightStand_01/meshes
[3.774s] -- Up-to-date: /home/vboxuser/bumperbot_ws/install/bumperbot_description/share/bumperbot_description/models/aws_robomaker_residential_NightStand_01/meshes/aws_NightStand_01_visual.DAE
[3.774s] -- Up-to-date: /home/vboxuser/bumperbot_ws/install/bumperbot_description/share/bumperbot_description/models/aws_robomaker_residential_NightStand_01/meshes/aws_NightStand_01_collision.DAE
[3.775s] -- Up-to-date: /home/vboxuser/bumperbot_ws/install/bumperbot_description/share/bumperbot_description/models/aws_robomaker_residential_NightStand_01/model.config
[3.775s] -- Up-to-date: /home/vboxuser/bumperbot_ws/install/bumperbot_description/share/bumperbot_description/models/aws_robomaker_residential_NightStand_01/model.sdf
[3.775s] -- Up-to-date: /home/vboxuser/bumperbot_ws/install/bumperbot_description/share/bumperbot_description/models/aws_robomaker_residential_KitchenUtensils_01
[3.776s] -- Up-to-date: /home/vboxuser/bumperbot_ws/install/bumperbot_description/share/bumperbot_description/models/aws_robomaker_residential_KitchenUtensils_01/materials
[3.778s] -- Up-to-date: /home/vboxuser/bumperbot_ws/install/bumperbot_description/share/bumperbot_description/models/aws_robomaker_residential_KitchenUtensils_01/materials/textures
[3.779s] -- Up-to-date: /home/vboxuser/bumperbot_ws/install/bumperbot_description/share/bumperbot_description/models/aws_robomaker_residential_KitchenUtensils_01/materials/textures/aws_KitchenUtensils_01.png
[3.779s] -- Up-to-date: /home/vboxuser/bumperbot_ws/install/bumperbot_description/share/bumperbot_description/models/aws_robomaker_residential_KitchenUtensils_01/meshes
[3.781s] -- Up-to-date: /home/vboxuser/bumperbot_ws/install/bumperbot_description/share/bumperbot_description/models/aws_robomaker_residential_KitchenUtensils_01/meshes/aws_KitchenUtensils_01_visual.DAE
[3.781s] -- Up-to-date: /home/vboxuser/bumperbot_ws/install/bumperbot_description/share/bumperbot_description/models/aws_robomaker_residential_KitchenUtensils_01/meshes/aws_KitchenUtensils_01_collision.DAE
[3.781s] -- Up-to-date: /home/vboxuser/bumperbot_ws/install/bumperbot_description/share/bumperbot_description/models/aws_robomaker_residential_KitchenUtensils_01/model.config
[3.781s] -- Up-to-date: /home/vboxuser/bumperbot_ws/install/bumperbot_description/share/bumperbot_description/models/aws_robomaker_residential_KitchenUtensils_01/model.sdf
[3.781s] -- Up-to-date: /home/vboxuser/bumperbot_ws/install/bumperbot_description/share/bumperbot_description/models/aws_robomaker_warehouse_ClutteringA_01
[3.782s] -- Up-to-date: /home/vboxuser/bumperbot_ws/install/bumperbot_description/share/bumperbot_description/models/aws_robomaker_warehouse_ClutteringA_01/materials
[3.783s] -- Up-to-date: /home/vboxuser/bumperbot_ws/install/bumperbot_description/share/bumperbot_description/models/aws_robomaker_warehouse_ClutteringA_01/materials/textures
[3.784s] -- Up-to-date: /home/vboxuser/bumperbot_ws/install/bumperbot_description/share/bumperbot_description/models/aws_robomaker_warehouse_ClutteringA_01/materials/textures/aws_robomaker_warehouse_ClutteringA_01.png
[3.784s] -- Up-to-date: /home/vboxuser/bumperbot_ws/install/bumperbot_description/share/bumperbot_description/models/aws_robomaker_warehouse_ClutteringA_01/materials/textures/aws_robomaker_warehouse_ClutteringA_03.png
[3.784s] -- Up-to-date: /home/vboxuser/bumperbot_ws/install/bumperbot_description/share/bumperbot_description/models/aws_robomaker_warehouse_ClutteringA_01/materials/textures/aws_robomaker_warehouse_ClutteringA_02.png
[3.784s] -- Up-to-date: /home/vboxuser/bumperbot_ws/install/bumperbot_description/share/bumperbot_description/models/aws_robomaker_warehouse_ClutteringA_01/materials/textures/.DS_Store
[3.784s] -- Up-to-date: /home/vboxuser/bumperbot_ws/install/bumperbot_description/share/bumperbot_description/models/aws_robomaker_warehouse_ClutteringA_01/materials/.DS_Store
[3.784s] -- Up-to-date: /home/vboxuser/bumperbot_ws/install/bumperbot_description/share/bumperbot_description/models/aws_robomaker_warehouse_ClutteringA_01/meshes
[3.785s] -- Up-to-date: /home/vboxuser/bumperbot_ws/install/bumperbot_description/share/bumperbot_description/models/aws_robomaker_warehouse_ClutteringA_01/meshes/aws_robomaker_warehouse_ClutteringA_01_collision.DAE
[3.786s] -- Up-to-date: /home/vboxuser/bumperbot_ws/install/bumperbot_description/share/bumperbot_description/models/aws_robomaker_warehouse_ClutteringA_01/meshes/aws_robomaker_warehouse_ClutteringA_01_visual.DAE
[3.786s] -- Up-to-date: /home/vboxuser/bumperbot_ws/install/bumperbot_description/share/bumperbot_description/models/aws_robomaker_warehouse_ClutteringA_01/model.config
[3.786s] -- Up-to-date: /home/vboxuser/bumperbot_ws/install/bumperbot_description/share/bumperbot_description/models/aws_robomaker_warehouse_ClutteringA_01/.DS_Store
[3.786s] -- Up-to-date: /home/vboxuser/bumperbot_ws/install/bumperbot_description/share/bumperbot_description/models/aws_robomaker_warehouse_ClutteringA_01/model.sdf
[3.786s] -- Up-to-date: /home/vboxuser/bumperbot_ws/install/bumperbot_description/share/bumperbot_description/photos
[3.788s] -- Up-to-date: /home/vboxuser/bumperbot_ws/install/bumperbot_description/share/bumperbot_description/photos/DeskPortraitC_01.jpg
[3.788s] -- Up-to-date: /home/vboxuser/bumperbot_ws/install/bumperbot_description/share/bumperbot_description/photos/DeskPortraitA_01.jpg
[3.788s] -- Up-to-date: /home/vboxuser/bumperbot_ws/install/bumperbot_description/share/bumperbot_description/photos/DeskPortraitD_03.jpg
[3.788s] -- Up-to-date: /home/vboxuser/bumperbot_ws/install/bumperbot_description/share/bumperbot_description/photos/DeskPortraitC_02.jpg
[3.788s] -- Up-to-date: /home/vboxuser/bumperbot_ws/install/bumperbot_description/share/bumperbot_description/photos/PortraitA_02.jpg
[3.788s] -- Up-to-date: /home/vboxuser/bumperbot_ws/install/bumperbot_description/share/bumperbot_description/photos/PortraitE_02.jpg
[3.788s] -- Up-to-date: /home/vboxuser/bumperbot_ws/install/bumperbot_description/share/bumperbot_description/photos/PortraitD_02.jpg
[3.788s] -- Up-to-date: /home/vboxuser/bumperbot_ws/install/bumperbot_description/share/bumperbot_description/photos/PortraitB_01.jpg
[3.788s] -- Up-to-date: /home/vboxuser/bumperbot_ws/install/bumperbot_description/share/bumperbot_description/photos/PortraitE_01.jpg
[3.788s] -- Up-to-date: /home/vboxuser/bumperbot_ws/install/bumperbot_description/share/bumperbot_description/photos/PortraitB_02.jpg
[3.788s] -- Up-to-date: /home/vboxuser/bumperbot_ws/install/bumperbot_description/share/bumperbot_description/photos/PortraitA_01.jpg
[3.788s] -- Up-to-date: /home/vboxuser/bumperbot_ws/install/bumperbot_description/share/bumperbot_description/photos/DeskPortraitB_02.jpg
[3.788s] -- Up-to-date: /home/vboxuser/bumperbot_ws/install/bumperbot_description/share/bumperbot_description/photos/DeskPortraitA_02.jpg
[3.788s] -- Up-to-date: /home/vboxuser/bumperbot_ws/install/bumperbot_description/share/bumperbot_description/photos/DeskPortraitB_01.jpg
[3.788s] -- Up-to-date: /home/vboxuser/bumperbot_ws/install/bumperbot_description/share/bumperbot_description/photos/PortraitD_01.jpg
[3.789s] -- Up-to-date: /home/vboxuser/bumperbot_ws/install/bumperbot_description/share/bumperbot_description/photos/DeskPortraitD_02.jpg
[3.789s] -- Up-to-date: /home/vboxuser/bumperbot_ws/install/bumperbot_description/share/bumperbot_description/photos/PortraitC_01.jpg
[3.789s] -- Up-to-date: /home/vboxuser/bumperbot_ws/install/bumperbot_description/share/bumperbot_description/photos/DeskPortraitD_01.jpg
[3.789s] -- Up-to-date: /home/vboxuser/bumperbot_ws/install/bumperbot_description/share/bumperbot_description/photos/PortraitB_03.jpg
[3.789s] -- Up-to-date: /home/vboxuser/bumperbot_ws/install/bumperbot_description/share/bumperbot_description/photos/DeskPortraitD_04.jpg
[3.789s] -- Up-to-date: /home/vboxuser/bumperbot_ws/install/bumperbot_description/share/bumperbot_description/urdf
[3.790s] -- Up-to-date: /home/vboxuser/bumperbot_ws/install/bumperbot_description/share/bumperbot_description/urdf/bumperbot_ros2_control.xacro
[3.791s] -- Up-to-date: /home/vboxuser/bumperbot_ws/install/bumperbot_description/share/bumperbot_description/urdf/bumperbot_gazebo.xacro
[3.791s] -- Up-to-date: /home/vboxuser/bumperbot_ws/install/bumperbot_description/share/bumperbot_description/urdf/bumperbot.urdf.xacro
[3.791s] -- Up-to-date: /home/vboxuser/bumperbot_ws/install/bumperbot_description/share/bumperbot_description/rviz
[3.791s] -- Up-to-date: /home/vboxuser/bumperbot_ws/install/bumperbot_description/share/bumperbot_description/rviz/display.rviz
[3.792s] -- Up-to-date: /home/vboxuser/bumperbot_ws/install/bumperbot_description/share/bumperbot_description/worlds
[3.793s] -- Up-to-date: /home/vboxuser/bumperbot_ws/install/bumperbot_description/share/bumperbot_description/worlds/empty.world
[3.793s] -- Up-to-date: /home/vboxuser/bumperbot_ws/install/bumperbot_description/share/bumperbot_description/worlds/small_warehouse.world
[3.793s] -- Up-to-date: /home/vboxuser/bumperbot_ws/install/bumperbot_description/share/bumperbot_description/worlds/small_house.world
[3.794s] -- Up-to-date: /home/vboxuser/bumperbot_ws/install/bumperbot_description/share/ament_index/resource_index/package_run_dependencies/bumperbot_description
[3.798s] -- Up-to-date: /home/vboxuser/bumperbot_ws/install/bumperbot_description/share/ament_index/resource_index/parent_prefix_path/bumperbot_description
[3.799s] -- Up-to-date: /home/vboxuser/bumperbot_ws/install/bumperbot_description/share/bumperbot_description/environment/ament_prefix_path.sh
[3.799s] -- Up-to-date: /home/vboxuser/bumperbot_ws/install/bumperbot_description/share/bumperbot_description/environment/ament_prefix_path.dsv
[3.799s] -- Up-to-date: /home/vboxuser/bumperbot_ws/install/bumperbot_description/share/bumperbot_description/environment/path.sh
[3.799s] -- Up-to-date: /home/vboxuser/bumperbot_ws/install/bumperbot_description/share/bumperbot_description/environment/path.dsv
[3.799s] -- Up-to-date: /home/vboxuser/bumperbot_ws/install/bumperbot_description/share/bumperbot_description/local_setup.bash
[3.800s] -- Up-to-date: /home/vboxuser/bumperbot_ws/install/bumperbot_description/share/bumperbot_description/local_setup.sh
[3.800s] -- Up-to-date: /home/vboxuser/bumperbot_ws/install/bumperbot_description/share/bumperbot_description/local_setup.zsh
[3.800s] -- Up-to-date: /home/vboxuser/bumperbot_ws/install/bumperbot_description/share/bumperbot_description/local_setup.dsv
[3.800s] -- Installing: /home/vboxuser/bumperbot_ws/install/bumperbot_description/share/bumperbot_description/package.dsv
[3.802s] -- Up-to-date: /home/vboxuser/bumperbot_ws/install/bumperbot_description/share/ament_index/resource_index/packages/bumperbot_description
[3.802s] -- Up-to-date: /home/vboxuser/bumperbot_ws/install/bumperbot_description/share/bumperbot_description/cmake/bumperbot_descriptionConfig.cmake
[3.803s] -- Up-to-date: /home/vboxuser/bumperbot_ws/install/bumperbot_description/share/bumperbot_description/cmake/bumperbot_descriptionConfig-version.cmake
[3.803s] -- Up-to-date: /home/vboxuser/bumperbot_ws/install/bumperbot_description/share/bumperbot_description/package.xml
[5.529s] Invoked command in '/home/vboxuser/bumperbot_ws/build/bumperbot_description' returned '0': CMAKE_PREFIX_PATH=${CMAKE_PREFIX_PATH}:/opt/ros/jazzy DEBUGINFOD_URLS=https://debuginfod.ubuntu.com /usr/bin/cmake --install /home/vboxuser/bumperbot_ws/build/bumperbot_description
