[0.000000] (-) TimerEvent: {}
[0.009464] (bumperbot_controller) JobQueued: {'identifier': 'bumperbot_controller', 'dependencies': OrderedDict()}
[0.009509] (bumperbot_description) JobQueued: {'identifier': 'bumperbot_description', 'dependencies': OrderedDict()}
[0.009520] (bumperbot_firmware) JobQueued: {'identifier': 'bumperbot_firmware', 'dependencies': OrderedDict()}
[0.009528] (bumperbot_localization) JobQueued: {'identifier': 'bumperbot_localization', 'dependencies': OrderedDict()}
[0.009534] (bumperbot_mapping) JobQueued: {'identifier': 'bumperbot_mapping', 'dependencies': OrderedDict()}
[0.009541] (bumperbot_msgs) JobQueued: {'identifier': 'bumperbot_msgs', 'dependencies': OrderedDict()}
[0.009547] (bumperbot_utils) JobQueued: {'identifier': 'bumperbot_utils', 'dependencies': OrderedDict()}
[0.009552] (bumperbot_bringup) JobQueued: {'identifier': 'bumperbot_bringup', 'dependencies': OrderedDict({'bumperbot_controller': '/home/vboxuser/bumperbot_ws/install/bumperbot_controller', 'bumperbot_description': '/home/vboxuser/bumperbot_ws/install/bumperbot_description', 'bumperbot_firmware': '/home/vboxuser/bumperbot_ws/install/bumperbot_firmware', 'bumperbot_localization': '/home/vboxuser/bumperbot_ws/install/bumperbot_localization', 'bumperbot_mapping': '/home/vboxuser/bumperbot_ws/install/bumperbot_mapping'})}
[0.009572] (bumperbot_cpp_examples) JobQueued: {'identifier': 'bumperbot_cpp_examples', 'dependencies': OrderedDict({'bumperbot_msgs': '/home/vboxuser/bumperbot_ws/install/bumperbot_msgs'})}
[0.009580] (bumperbot_py_examples) JobQueued: {'identifier': 'bumperbot_py_examples', 'dependencies': OrderedDict({'bumperbot_msgs': '/home/vboxuser/bumperbot_ws/install/bumperbot_msgs'})}
[0.009587] (bumperbot_msgs) JobStarted: {'identifier': 'bumperbot_msgs'}
[0.034272] (bumperbot_msgs) JobProgress: {'identifier': 'bumperbot_msgs', 'progress': 'cmake'}
[0.035734] (bumperbot_msgs) JobProgress: {'identifier': 'bumperbot_msgs', 'progress': 'build'}
[0.036064] (bumperbot_msgs) Command: {'cmd': ['/usr/bin/cmake', '--build', '/home/vboxuser/bumperbot_ws/build/bumperbot_msgs', '--', '-j1', '-l1'], 'cwd': '/home/vboxuser/bumperbot_ws/build/bumperbot_msgs', 'env': OrderedDict({'GJS_DEBUG_TOPICS': 'JS ERROR;JS LOG', 'XDG_ACTIVATION_TOKEN': 'gnome-shell/Terminator/2065-4-Robotproj_TIME1107825', 'LESSOPEN': '| /usr/bin/lesspipe %s', 'USER': 'vboxuser', 'GZ_CONFIG_PATH': '/opt/ros/jazzy/opt/gz_sim_vendor/share/gz:/opt/ros/jazzy/opt/sdformat_vendor/share/gz:/opt/ros/jazzy/opt/gz_gui_vendor/share/gz:/opt/ros/jazzy/opt/gz_transport_vendor/share/gz:/opt/ros/jazzy/opt/gz_rendering_vendor/share/gz:/opt/ros/jazzy/opt/gz_plugin_vendor/share/gz:/opt/ros/jazzy/opt/gz_fuel_tools_vendor/share/gz:/opt/ros/jazzy/opt/gz_msgs_vendor/share/gz:/opt/ros/jazzy/opt/gz_common_vendor/share/gz', 'XDG_SESSION_TYPE': 'wayland', 'CLUTTER_DISABLE_MIPMAPPED_TEXT': '1', 'SHLVL': '1', 'LD_LIBRARY_PATH': '/opt/ros/jazzy/opt/gz_sim_vendor/lib:/opt/ros/jazzy/opt/gz_sensors_vendor/lib:/opt/ros/jazzy/opt/gz_physics_vendor/lib:/opt/ros/jazzy/opt/sdformat_vendor/lib:/opt/ros/jazzy/opt/rviz_ogre_vendor/lib:/opt/ros/jazzy/lib/x86_64-linux-gnu:/opt/ros/jazzy/opt/gz_gui_vendor/lib:/opt/ros/jazzy/opt/gz_transport_vendor/lib:/opt/ros/jazzy/opt/gz_rendering_vendor/lib:/opt/ros/jazzy/opt/gz_plugin_vendor/lib:/opt/ros/jazzy/opt/gz_fuel_tools_vendor/lib:/opt/ros/jazzy/opt/gz_msgs_vendor/lib:/opt/ros/jazzy/opt/gz_common_vendor/lib:/opt/ros/jazzy/opt/gz_math_vendor/lib:/opt/ros/jazzy/opt/gz_utils_vendor/lib:/opt/ros/jazzy/opt/gz_tools_vendor/lib:/opt/ros/jazzy/opt/gz_ogre_next_vendor/lib:/opt/ros/jazzy/opt/gz_dartsim_vendor/lib:/opt/ros/jazzy/opt/gz_cmake_vendor/lib:/opt/ros/jazzy/lib', 'HOME': '/home/vboxuser', 'OLDPWD': '/home/vboxuser/bumperbot_ws', 'DESKTOP_SESSION': 'ubuntu', 'GIO_LAUNCHED_DESKTOP_FILE': '/usr/share/applications/terminator.desktop', 'ROS_PYTHON_VERSION': '3', 'GNOME_SHELL_SESSION_MODE': 'ubuntu', 'GTK_MODULES': 'gail:atk-bridge', 'MANAGERPID': '1821', 'SYSTEMD_EXEC_PID': '2065', 'GSM_SKIP_SSH_AGENT_WORKAROUND': 'true', 'DBUS_SESSION_BUS_ADDRESS': 'unix:path=/run/user/1000/bus', 'COLORTERM': 'truecolor', 'TERMINATOR_DBUS_NAME': 'net.tenshu.Terminator25ef4b219e3b005583550f2b0f9f990c3', 'GIO_LAUNCHED_DESKTOP_FILE_PID': '5942', 'DEBUGINFOD_URLS': 'https://debuginfod.ubuntu.com', 'IM_CONFIG_PHASE': '1', 'WAYLAND_DISPLAY': 'wayland-0', 'ROS_DISTRO': 'jazzy', 'LOGNAME': 'vboxuser', 'JOURNAL_STREAM': '9:15131', '_': '/usr/bin/colcon', 'ROS_VERSION': '2', 'MEMORY_PRESSURE_WATCH': '/sys/fs/cgroup/user.slice/user-1000.slice/user@1000.service/session.slice/org.gnome.Shell@wayland.service/memory.pressure', 'XDG_SESSION_CLASS': 'user', 'USERNAME': 'vboxuser', 'TERM': 'xterm-256color', 'GNOME_DESKTOP_SESSION_ID': 'this-is-deprecated', 'PATH': '/opt/ros/jazzy/opt/gz_msgs_vendor/bin:/opt/ros/jazzy/opt/gz_tools_vendor/bin:/opt/ros/jazzy/opt/gz_ogre_next_vendor/bin:/opt/ros/jazzy/bin:/home/vboxuser/.local/bin:/usr/local/sbin:/usr/local/bin:/usr/sbin:/usr/bin:/sbin:/bin:/usr/games:/usr/local/games:/snap/bin:/snap/bin', 'SESSION_MANAGER': 'local/Robotproj:@/tmp/.ICE-unix/2021,unix/Robotproj:/tmp/.ICE-unix/2021', 'INVOCATION_ID': '0a4448d9e3fa415eb657cec0bbe459f4', 'XDG_MENU_PREFIX': 'gnome-', 'GNOME_SETUP_DISPLAY': ':1', 'XDG_RUNTIME_DIR': '/run/user/1000', 'DISPLAY': ':0', 'TERMINATOR_DBUS_PATH': '/net/tenshu/Terminator2', 'LANG': 'en_US.UTF-8', 'XDG_CURRENT_DESKTOP': 'ubuntu:GNOME', 'XMODIFIERS': '@im=ibus', 'XDG_SESSION_DESKTOP': 'ubuntu', 'XAUTHORITY': '/run/user/1000/.mutter-Xwaylandauth.N2SBM3', 'LS_COLORS': 'rs=0:di=01;34:ln=01;36:mh=00:pi=40;33:so=01;35:do=01;35:bd=40;33;01:cd=40;33;01:or=40;31;01:mi=00:su=37;41:sg=30;43:ca=00:tw=30;42:ow=34;42:st=37;44:ex=01;32:*.tar=01;31:*.tgz=01;31:*.arc=01;31:*.arj=01;31:*.taz=01;31:*.lha=01;31:*.lz4=01;31:*.lzh=01;31:*.lzma=01;31:*.tlz=01;31:*.txz=01;31:*.tzo=01;31:*.t7z=01;31:*.zip=01;31:*.z=01;31:*.dz=01;31:*.gz=01;31:*.lrz=01;31:*.lz=01;31:*.lzo=01;31:*.xz=01;31:*.zst=01;31:*.tzst=01;31:*.bz2=01;31:*.bz=01;31:*.tbz=01;31:*.tbz2=01;31:*.tz=01;31:*.deb=01;31:*.rpm=01;31:*.jar=01;31:*.war=01;31:*.ear=01;31:*.sar=01;31:*.rar=01;31:*.alz=01;31:*.ace=01;31:*.zoo=01;31:*.cpio=01;31:*.7z=01;31:*.rz=01;31:*.cab=01;31:*.wim=01;31:*.swm=01;31:*.dwm=01;31:*.esd=01;31:*.avif=01;35:*.jpg=01;35:*.jpeg=01;35:*.mjpg=01;35:*.mjpeg=01;35:*.gif=01;35:*.bmp=01;35:*.pbm=01;35:*.pgm=01;35:*.ppm=01;35:*.tga=01;35:*.xbm=01;35:*.xpm=01;35:*.tif=01;35:*.tiff=01;35:*.png=01;35:*.svg=01;35:*.svgz=01;35:*.mng=01;35:*.pcx=01;35:*.mov=01;35:*.mpg=01;35:*.mpeg=01;35:*.m2v=01;35:*.mkv=01;35:*.webm=01;35:*.webp=01;35:*.ogm=01;35:*.mp4=01;35:*.m4v=01;35:*.mp4v=01;35:*.vob=01;35:*.qt=01;35:*.nuv=01;35:*.wmv=01;35:*.asf=01;35:*.rm=01;35:*.rmvb=01;35:*.flc=01;35:*.avi=01;35:*.fli=01;35:*.flv=01;35:*.gl=01;35:*.dl=01;35:*.xcf=01;35:*.xwd=01;35:*.yuv=01;35:*.cgm=01;35:*.emf=01;35:*.ogv=01;35:*.ogx=01;35:*.aac=00;36:*.au=00;36:*.flac=00;36:*.m4a=00;36:*.mid=00;36:*.midi=00;36:*.mka=00;36:*.mp3=00;36:*.mpc=00;36:*.ogg=00;36:*.ra=00;36:*.wav=00;36:*.oga=00;36:*.opus=00;36:*.spx=00;36:*.xspf=00;36:*~=00;90:*#=00;90:*.bak=00;90:*.crdownload=00;90:*.dpkg-dist=00;90:*.dpkg-new=00;90:*.dpkg-old=00;90:*.dpkg-tmp=00;90:*.old=00;90:*.orig=00;90:*.part=00;90:*.rej=00;90:*.rpmnew=00;90:*.rpmorig=00;90:*.rpmsave=00;90:*.swp=00;90:*.tmp=00;90:*.ucf-dist=00;90:*.ucf-new=00;90:*.ucf-old=00;90:', 'SSH_AUTH_SOCK': '/run/user/1000/keyring/ssh', 'AMENT_PREFIX_PATH': '/opt/ros/jazzy', 'SHELL': '/bin/bash', 'TERMINATOR_UUID': 'urn:uuid:275a140c-1165-495c-b537-22585f08cb7b', 'QT_ACCESSIBILITY': '1', 'GDMSESSION': 'ubuntu', 'LESSCLOSE': '/usr/bin/lesspipe %s %s', 'GJS_DEBUG_OUTPUT': 'stderr', 'ROS_AUTOMATIC_DISCOVERY_RANGE': 'SUBNET', 'QT_IM_MODULE': 'ibus', 'PWD': '/home/vboxuser/bumperbot_ws/build/bumperbot_msgs', 'LC_ALL': 'en_US.UTF-8', 'XDG_CONFIG_DIRS': '/etc/xdg/xdg-ubuntu:/etc/xdg', 'XDG_DATA_DIRS': '/usr/share/ubuntu:/usr/share/gnome:/usr/local/share/:/usr/share/:/var/lib/snapd/desktop', 'PYTHONPATH': '/opt/ros/jazzy/lib/python3.12/site-packages', 'COLCON': '1', 'MEMORY_PRESSURE_WRITE': 'c29tZSAyMDAwMDAgMjAwMDAwMAA=', 'VTE_VERSION': '7600', 'CMAKE_PREFIX_PATH': '/opt/ros/jazzy/opt/gz_sim_vendor:/opt/ros/jazzy/opt/gz_sensors_vendor:/opt/ros/jazzy/opt/gz_physics_vendor:/opt/ros/jazzy/opt/sdformat_vendor:/opt/ros/jazzy/opt/gz_gui_vendor:/opt/ros/jazzy/opt/gz_transport_vendor:/opt/ros/jazzy/opt/gz_rendering_vendor:/opt/ros/jazzy/opt/gz_plugin_vendor:/opt/ros/jazzy/opt/gz_fuel_tools_vendor:/opt/ros/jazzy/opt/gz_msgs_vendor:/opt/ros/jazzy/opt/gz_common_vendor:/opt/ros/jazzy/opt/gz_math_vendor:/opt/ros/jazzy/opt/gz_utils_vendor:/opt/ros/jazzy/opt/gz_tools_vendor:/opt/ros/jazzy/opt/gz_ogre_next_vendor:/opt/ros/jazzy/opt/gz_dartsim_vendor:/opt/ros/jazzy/opt/gz_cmake_vendor:/opt/ros/jazzy'}), 'shell': False}
[0.099645] (-) TimerEvent: {}
[0.158029] (bumperbot_msgs) StdoutLine: {'line': b'[  1%] Built target bumperbot_msgs__rosidl_generator_type_description\n'}
[0.184839] (bumperbot_msgs) StdoutLine: {'line': b'[  3%] Built target bumperbot_msgs__cpp\n'}
[0.199803] (-) TimerEvent: {}
[0.243086] (bumperbot_msgs) StdoutLine: {'line': b'[ 24%] Built target bumperbot_msgs__rosidl_generator_c\n'}
[0.274012] (bumperbot_msgs) StdoutLine: {'line': b'[ 33%] Built target bumperbot_msgs__rosidl_typesupport_cpp\n'}
[0.300422] (-) TimerEvent: {}
[0.318874] (bumperbot_msgs) StdoutLine: {'line': b'[ 42%] Built target bumperbot_msgs__rosidl_typesupport_fastrtps_c\n'}
[0.356088] (bumperbot_msgs) StdoutLine: {'line': b'[ 51%] Built target bumperbot_msgs__rosidl_typesupport_fastrtps_cpp\n'}
[0.389484] (bumperbot_msgs) StdoutLine: {'line': b'[ 61%] Built target bumperbot_msgs__rosidl_typesupport_introspection_c\n'}
[0.402576] (-) TimerEvent: {}
[0.430856] (bumperbot_msgs) StdoutLine: {'line': b'[ 70%] Built target bumperbot_msgs__rosidl_typesupport_c\n'}
[0.465056] (bumperbot_msgs) StdoutLine: {'line': b'[ 79%] Built target bumperbot_msgs__rosidl_typesupport_introspection_cpp\n'}
[0.487926] (bumperbot_msgs) StdoutLine: {'line': b'[ 79%] Built target bumperbot_msgs\n'}
[0.506845] (-) TimerEvent: {}
[0.536971] (bumperbot_msgs) StdoutLine: {'line': b'[ 79%] Built target ament_cmake_python_copy_bumperbot_msgs\n'}
[0.607378] (-) TimerEvent: {}
[0.714358] (bumperbot_msgs) StdoutLine: {'line': b'running egg_info\n'}
[0.714480] (-) TimerEvent: {}
[0.730360] (bumperbot_msgs) StdoutLine: {'line': b'writing bumperbot_msgs.egg-info/PKG-INFO\n'}
[0.731851] (bumperbot_msgs) StdoutLine: {'line': b'writing dependency_links to bumperbot_msgs.egg-info/dependency_links.txt\n'}
[0.732636] (bumperbot_msgs) StdoutLine: {'line': b'writing top-level names to bumperbot_msgs.egg-info/top_level.txt\n'}
[0.775883] (bumperbot_msgs) StdoutLine: {'line': b"reading manifest file 'bumperbot_msgs.egg-info/SOURCES.txt'\n"}
[0.778415] (bumperbot_msgs) StdoutLine: {'line': b"writing manifest file 'bumperbot_msgs.egg-info/SOURCES.txt'\n"}
[0.801074] (bumperbot_msgs) StdoutLine: {'line': b'[ 79%] Built target ament_cmake_python_build_bumperbot_msgs_egg\n'}
[0.814846] (-) TimerEvent: {}
[0.843512] (bumperbot_msgs) StdoutLine: {'line': b'[ 81%] Built target bumperbot_msgs__py\n'}
[0.874428] (bumperbot_msgs) StdoutLine: {'line': b'[ 88%] Built target bumperbot_msgs__rosidl_generator_py\n'}
[0.901928] (bumperbot_msgs) StdoutLine: {'line': b'[ 92%] Built target bumperbot_msgs_s__rosidl_typesupport_fastrtps_c\n'}
[0.915060] (-) TimerEvent: {}
[0.948805] (bumperbot_msgs) StdoutLine: {'line': b'[ 96%] Built target bumperbot_msgs_s__rosidl_typesupport_introspection_c\n'}
[0.975614] (bumperbot_msgs) StdoutLine: {'line': b'[100%] Built target bumperbot_msgs_s__rosidl_typesupport_c\n'}
[0.985003] (bumperbot_msgs) CommandEnded: {'returncode': 0}
[0.989385] (bumperbot_msgs) JobProgress: {'identifier': 'bumperbot_msgs', 'progress': 'install'}
[0.996328] (bumperbot_msgs) Command: {'cmd': ['/usr/bin/cmake', '--install', '/home/vboxuser/bumperbot_ws/build/bumperbot_msgs'], 'cwd': '/home/vboxuser/bumperbot_ws/build/bumperbot_msgs', 'env': OrderedDict({'GJS_DEBUG_TOPICS': 'JS ERROR;JS LOG', 'XDG_ACTIVATION_TOKEN': 'gnome-shell/Terminator/2065-4-Robotproj_TIME1107825', 'LESSOPEN': '| /usr/bin/lesspipe %s', 'USER': 'vboxuser', 'GZ_CONFIG_PATH': '/opt/ros/jazzy/opt/gz_sim_vendor/share/gz:/opt/ros/jazzy/opt/sdformat_vendor/share/gz:/opt/ros/jazzy/opt/gz_gui_vendor/share/gz:/opt/ros/jazzy/opt/gz_transport_vendor/share/gz:/opt/ros/jazzy/opt/gz_rendering_vendor/share/gz:/opt/ros/jazzy/opt/gz_plugin_vendor/share/gz:/opt/ros/jazzy/opt/gz_fuel_tools_vendor/share/gz:/opt/ros/jazzy/opt/gz_msgs_vendor/share/gz:/opt/ros/jazzy/opt/gz_common_vendor/share/gz', 'XDG_SESSION_TYPE': 'wayland', 'CLUTTER_DISABLE_MIPMAPPED_TEXT': '1', 'SHLVL': '1', 'LD_LIBRARY_PATH': '/opt/ros/jazzy/opt/gz_sim_vendor/lib:/opt/ros/jazzy/opt/gz_sensors_vendor/lib:/opt/ros/jazzy/opt/gz_physics_vendor/lib:/opt/ros/jazzy/opt/sdformat_vendor/lib:/opt/ros/jazzy/opt/rviz_ogre_vendor/lib:/opt/ros/jazzy/lib/x86_64-linux-gnu:/opt/ros/jazzy/opt/gz_gui_vendor/lib:/opt/ros/jazzy/opt/gz_transport_vendor/lib:/opt/ros/jazzy/opt/gz_rendering_vendor/lib:/opt/ros/jazzy/opt/gz_plugin_vendor/lib:/opt/ros/jazzy/opt/gz_fuel_tools_vendor/lib:/opt/ros/jazzy/opt/gz_msgs_vendor/lib:/opt/ros/jazzy/opt/gz_common_vendor/lib:/opt/ros/jazzy/opt/gz_math_vendor/lib:/opt/ros/jazzy/opt/gz_utils_vendor/lib:/opt/ros/jazzy/opt/gz_tools_vendor/lib:/opt/ros/jazzy/opt/gz_ogre_next_vendor/lib:/opt/ros/jazzy/opt/gz_dartsim_vendor/lib:/opt/ros/jazzy/opt/gz_cmake_vendor/lib:/opt/ros/jazzy/lib', 'HOME': '/home/vboxuser', 'OLDPWD': '/home/vboxuser/bumperbot_ws', 'DESKTOP_SESSION': 'ubuntu', 'GIO_LAUNCHED_DESKTOP_FILE': '/usr/share/applications/terminator.desktop', 'ROS_PYTHON_VERSION': '3', 'GNOME_SHELL_SESSION_MODE': 'ubuntu', 'GTK_MODULES': 'gail:atk-bridge', 'MANAGERPID': '1821', 'SYSTEMD_EXEC_PID': '2065', 'GSM_SKIP_SSH_AGENT_WORKAROUND': 'true', 'DBUS_SESSION_BUS_ADDRESS': 'unix:path=/run/user/1000/bus', 'COLORTERM': 'truecolor', 'TERMINATOR_DBUS_NAME': 'net.tenshu.Terminator25ef4b219e3b005583550f2b0f9f990c3', 'GIO_LAUNCHED_DESKTOP_FILE_PID': '5942', 'DEBUGINFOD_URLS': 'https://debuginfod.ubuntu.com', 'IM_CONFIG_PHASE': '1', 'WAYLAND_DISPLAY': 'wayland-0', 'ROS_DISTRO': 'jazzy', 'LOGNAME': 'vboxuser', 'JOURNAL_STREAM': '9:15131', '_': '/usr/bin/colcon', 'ROS_VERSION': '2', 'MEMORY_PRESSURE_WATCH': '/sys/fs/cgroup/user.slice/user-1000.slice/user@1000.service/session.slice/org.gnome.Shell@wayland.service/memory.pressure', 'XDG_SESSION_CLASS': 'user', 'USERNAME': 'vboxuser', 'TERM': 'xterm-256color', 'GNOME_DESKTOP_SESSION_ID': 'this-is-deprecated', 'PATH': '/opt/ros/jazzy/opt/gz_msgs_vendor/bin:/opt/ros/jazzy/opt/gz_tools_vendor/bin:/opt/ros/jazzy/opt/gz_ogre_next_vendor/bin:/opt/ros/jazzy/bin:/home/vboxuser/.local/bin:/usr/local/sbin:/usr/local/bin:/usr/sbin:/usr/bin:/sbin:/bin:/usr/games:/usr/local/games:/snap/bin:/snap/bin', 'SESSION_MANAGER': 'local/Robotproj:@/tmp/.ICE-unix/2021,unix/Robotproj:/tmp/.ICE-unix/2021', 'INVOCATION_ID': '0a4448d9e3fa415eb657cec0bbe459f4', 'XDG_MENU_PREFIX': 'gnome-', 'GNOME_SETUP_DISPLAY': ':1', 'XDG_RUNTIME_DIR': '/run/user/1000', 'DISPLAY': ':0', 'TERMINATOR_DBUS_PATH': '/net/tenshu/Terminator2', 'LANG': 'en_US.UTF-8', 'XDG_CURRENT_DESKTOP': 'ubuntu:GNOME', 'XMODIFIERS': '@im=ibus', 'XDG_SESSION_DESKTOP': 'ubuntu', 'XAUTHORITY': '/run/user/1000/.mutter-Xwaylandauth.N2SBM3', 'LS_COLORS': 'rs=0:di=01;34:ln=01;36:mh=00:pi=40;33:so=01;35:do=01;35:bd=40;33;01:cd=40;33;01:or=40;31;01:mi=00:su=37;41:sg=30;43:ca=00:tw=30;42:ow=34;42:st=37;44:ex=01;32:*.tar=01;31:*.tgz=01;31:*.arc=01;31:*.arj=01;31:*.taz=01;31:*.lha=01;31:*.lz4=01;31:*.lzh=01;31:*.lzma=01;31:*.tlz=01;31:*.txz=01;31:*.tzo=01;31:*.t7z=01;31:*.zip=01;31:*.z=01;31:*.dz=01;31:*.gz=01;31:*.lrz=01;31:*.lz=01;31:*.lzo=01;31:*.xz=01;31:*.zst=01;31:*.tzst=01;31:*.bz2=01;31:*.bz=01;31:*.tbz=01;31:*.tbz2=01;31:*.tz=01;31:*.deb=01;31:*.rpm=01;31:*.jar=01;31:*.war=01;31:*.ear=01;31:*.sar=01;31:*.rar=01;31:*.alz=01;31:*.ace=01;31:*.zoo=01;31:*.cpio=01;31:*.7z=01;31:*.rz=01;31:*.cab=01;31:*.wim=01;31:*.swm=01;31:*.dwm=01;31:*.esd=01;31:*.avif=01;35:*.jpg=01;35:*.jpeg=01;35:*.mjpg=01;35:*.mjpeg=01;35:*.gif=01;35:*.bmp=01;35:*.pbm=01;35:*.pgm=01;35:*.ppm=01;35:*.tga=01;35:*.xbm=01;35:*.xpm=01;35:*.tif=01;35:*.tiff=01;35:*.png=01;35:*.svg=01;35:*.svgz=01;35:*.mng=01;35:*.pcx=01;35:*.mov=01;35:*.mpg=01;35:*.mpeg=01;35:*.m2v=01;35:*.mkv=01;35:*.webm=01;35:*.webp=01;35:*.ogm=01;35:*.mp4=01;35:*.m4v=01;35:*.mp4v=01;35:*.vob=01;35:*.qt=01;35:*.nuv=01;35:*.wmv=01;35:*.asf=01;35:*.rm=01;35:*.rmvb=01;35:*.flc=01;35:*.avi=01;35:*.fli=01;35:*.flv=01;35:*.gl=01;35:*.dl=01;35:*.xcf=01;35:*.xwd=01;35:*.yuv=01;35:*.cgm=01;35:*.emf=01;35:*.ogv=01;35:*.ogx=01;35:*.aac=00;36:*.au=00;36:*.flac=00;36:*.m4a=00;36:*.mid=00;36:*.midi=00;36:*.mka=00;36:*.mp3=00;36:*.mpc=00;36:*.ogg=00;36:*.ra=00;36:*.wav=00;36:*.oga=00;36:*.opus=00;36:*.spx=00;36:*.xspf=00;36:*~=00;90:*#=00;90:*.bak=00;90:*.crdownload=00;90:*.dpkg-dist=00;90:*.dpkg-new=00;90:*.dpkg-old=00;90:*.dpkg-tmp=00;90:*.old=00;90:*.orig=00;90:*.part=00;90:*.rej=00;90:*.rpmnew=00;90:*.rpmorig=00;90:*.rpmsave=00;90:*.swp=00;90:*.tmp=00;90:*.ucf-dist=00;90:*.ucf-new=00;90:*.ucf-old=00;90:', 'SSH_AUTH_SOCK': '/run/user/1000/keyring/ssh', 'AMENT_PREFIX_PATH': '/opt/ros/jazzy', 'SHELL': '/bin/bash', 'TERMINATOR_UUID': 'urn:uuid:275a140c-1165-495c-b537-22585f08cb7b', 'QT_ACCESSIBILITY': '1', 'GDMSESSION': 'ubuntu', 'LESSCLOSE': '/usr/bin/lesspipe %s %s', 'GJS_DEBUG_OUTPUT': 'stderr', 'ROS_AUTOMATIC_DISCOVERY_RANGE': 'SUBNET', 'QT_IM_MODULE': 'ibus', 'PWD': '/home/vboxuser/bumperbot_ws/build/bumperbot_msgs', 'LC_ALL': 'en_US.UTF-8', 'XDG_CONFIG_DIRS': '/etc/xdg/xdg-ubuntu:/etc/xdg', 'XDG_DATA_DIRS': '/usr/share/ubuntu:/usr/share/gnome:/usr/local/share/:/usr/share/:/var/lib/snapd/desktop', 'PYTHONPATH': '/opt/ros/jazzy/lib/python3.12/site-packages', 'COLCON': '1', 'MEMORY_PRESSURE_WRITE': 'c29tZSAyMDAwMDAgMjAwMDAwMAA=', 'VTE_VERSION': '7600', 'CMAKE_PREFIX_PATH': '/opt/ros/jazzy/opt/gz_sim_vendor:/opt/ros/jazzy/opt/gz_sensors_vendor:/opt/ros/jazzy/opt/gz_physics_vendor:/opt/ros/jazzy/opt/sdformat_vendor:/opt/ros/jazzy/opt/gz_gui_vendor:/opt/ros/jazzy/opt/gz_transport_vendor:/opt/ros/jazzy/opt/gz_rendering_vendor:/opt/ros/jazzy/opt/gz_plugin_vendor:/opt/ros/jazzy/opt/gz_fuel_tools_vendor:/opt/ros/jazzy/opt/gz_msgs_vendor:/opt/ros/jazzy/opt/gz_common_vendor:/opt/ros/jazzy/opt/gz_math_vendor:/opt/ros/jazzy/opt/gz_utils_vendor:/opt/ros/jazzy/opt/gz_tools_vendor:/opt/ros/jazzy/opt/gz_ogre_next_vendor:/opt/ros/jazzy/opt/gz_dartsim_vendor:/opt/ros/jazzy/opt/gz_cmake_vendor:/opt/ros/jazzy'}), 'shell': False}
[1.005925] (bumperbot_msgs) StdoutLine: {'line': b'-- Install configuration: ""\n'}
[1.007865] (bumperbot_msgs) StdoutLine: {'line': b'-- Up-to-date: /home/vboxuser/bumperbot_ws/install/bumperbot_msgs/share/ament_index/resource_index/rosidl_interfaces/bumperbot_msgs\n'}
[1.008755] (bumperbot_msgs) StdoutLine: {'line': b'-- Up-to-date: /home/vboxuser/bumperbot_ws/install/bumperbot_msgs/share/bumperbot_msgs/action/Fibonacci.json\n'}
[1.009223] (bumperbot_msgs) StdoutLine: {'line': b'-- Up-to-date: /home/vboxuser/bumperbot_ws/install/bumperbot_msgs/share/bumperbot_msgs/srv/AddTwoInts.json\n'}
[1.009356] (bumperbot_msgs) StdoutLine: {'line': b'-- Up-to-date: /home/vboxuser/bumperbot_ws/install/bumperbot_msgs/share/bumperbot_msgs/srv/GetTransform.json\n'}
[1.010108] (bumperbot_msgs) StdoutLine: {'line': b'-- Up-to-date: /home/vboxuser/bumperbot_ws/install/bumperbot_msgs/include/bumperbot_msgs/bumperbot_msgs\n'}
[1.010703] (bumperbot_msgs) StdoutLine: {'line': b'-- Up-to-date: /home/vboxuser/bumperbot_ws/install/bumperbot_msgs/include/bumperbot_msgs/bumperbot_msgs/action\n'}
[1.011472] (bumperbot_msgs) StdoutLine: {'line': b'-- Up-to-date: /home/vboxuser/bumperbot_ws/install/bumperbot_msgs/include/bumperbot_msgs/bumperbot_msgs/action/detail\n'}
[1.011833] (bumperbot_msgs) StdoutLine: {'line': b'-- Up-to-date: /home/vboxuser/bumperbot_ws/install/bumperbot_msgs/include/bumperbot_msgs/bumperbot_msgs/action/detail/fibonacci__functions.c\n'}
[1.012032] (bumperbot_msgs) StdoutLine: {'line': b'-- Up-to-date: /home/vboxuser/bumperbot_ws/install/bumperbot_msgs/include/bumperbot_msgs/bumperbot_msgs/action/detail/fibonacci__struct.h\n'}
[1.012090] (bumperbot_msgs) StdoutLine: {'line': b'-- Up-to-date: /home/vboxuser/bumperbot_ws/install/bumperbot_msgs/include/bumperbot_msgs/bumperbot_msgs/action/detail/fibonacci__functions.h\n'}
[1.012123] (bumperbot_msgs) StdoutLine: {'line': b'-- Installing: /home/vboxuser/bumperbot_ws/install/bumperbot_msgs/include/bumperbot_msgs/bumperbot_msgs/action/detail/fibonacci__type_support.c\n'}
[1.012905] (bumperbot_msgs) StdoutLine: {'line': b'-- Up-to-date: /home/vboxuser/bumperbot_ws/install/bumperbot_msgs/include/bumperbot_msgs/bumperbot_msgs/action/detail/fibonacci__description.c\n'}
[1.013229] (bumperbot_msgs) StdoutLine: {'line': b'-- Up-to-date: /home/vboxuser/bumperbot_ws/install/bumperbot_msgs/include/bumperbot_msgs/bumperbot_msgs/action/detail/fibonacci__type_support.h\n'}
[1.013284] (bumperbot_msgs) StdoutLine: {'line': b'-- Up-to-date: /home/vboxuser/bumperbot_ws/install/bumperbot_msgs/include/bumperbot_msgs/bumperbot_msgs/action/fibonacci.h\n'}
[1.013317] (bumperbot_msgs) StdoutLine: {'line': b'-- Up-to-date: /home/vboxuser/bumperbot_ws/install/bumperbot_msgs/include/bumperbot_msgs/bumperbot_msgs/srv\n'}
[1.013553] (bumperbot_msgs) StdoutLine: {'line': b'-- Up-to-date: /home/vboxuser/bumperbot_ws/install/bumperbot_msgs/include/bumperbot_msgs/bumperbot_msgs/srv/get_transform.h\n'}
[1.013766] (bumperbot_msgs) StdoutLine: {'line': b'-- Up-to-date: /home/vboxuser/bumperbot_ws/install/bumperbot_msgs/include/bumperbot_msgs/bumperbot_msgs/srv/detail\n'}
[1.014018] (bumperbot_msgs) StdoutLine: {'line': b'-- Up-to-date: /home/vboxuser/bumperbot_ws/install/bumperbot_msgs/include/bumperbot_msgs/bumperbot_msgs/srv/detail/add_two_ints__struct.h\n'}
[1.014073] (bumperbot_msgs) StdoutLine: {'line': b'-- Up-to-date: /home/vboxuser/bumperbot_ws/install/bumperbot_msgs/include/bumperbot_msgs/bumperbot_msgs/srv/detail/add_two_ints__type_support.h\n'}
[1.014104] (bumperbot_msgs) StdoutLine: {'line': b'-- Up-to-date: /home/vboxuser/bumperbot_ws/install/bumperbot_msgs/include/bumperbot_msgs/bumperbot_msgs/srv/detail/add_two_ints__functions.c\n'}
[1.014324] (bumperbot_msgs) StdoutLine: {'line': b'-- Up-to-date: /home/vboxuser/bumperbot_ws/install/bumperbot_msgs/include/bumperbot_msgs/bumperbot_msgs/srv/detail/get_transform__functions.c\n'}
[1.014358] (bumperbot_msgs) StdoutLine: {'line': b'-- Installing: /home/vboxuser/bumperbot_ws/install/bumperbot_msgs/include/bumperbot_msgs/bumperbot_msgs/srv/detail/add_two_ints__type_support.c\n'}
[1.014918] (bumperbot_msgs) StdoutLine: {'line': b'-- Up-to-date: /home/vboxuser/bumperbot_ws/install/bumperbot_msgs/include/bumperbot_msgs/bumperbot_msgs/srv/detail/add_two_ints__functions.h\n'}
[1.014981] (bumperbot_msgs) StdoutLine: {'line': b'-- Up-to-date: /home/vboxuser/bumperbot_ws/install/bumperbot_msgs/include/bumperbot_msgs/bumperbot_msgs/srv/detail/get_transform__struct.h\n'}
[1.015014] (bumperbot_msgs) StdoutLine: {'line': b'-- Up-to-date: /home/vboxuser/bumperbot_ws/install/bumperbot_msgs/include/bumperbot_msgs/bumperbot_msgs/srv/detail/get_transform__type_support.h\n'}
[1.015043] (bumperbot_msgs) StdoutLine: {'line': b'-- Up-to-date: /home/vboxuser/bumperbot_ws/install/bumperbot_msgs/include/bumperbot_msgs/bumperbot_msgs/srv/detail/get_transform__description.c\n'}
[1.015072] (-) TimerEvent: {}
[1.024641] (bumperbot_msgs) StdoutLine: {'line': b'-- Up-to-date: /home/vboxuser/bumperbot_ws/install/bumperbot_msgs/include/bumperbot_msgs/bumperbot_msgs/srv/detail/add_two_ints__description.c\n'}
[1.024741] (bumperbot_msgs) StdoutLine: {'line': b'-- Installing: /home/vboxuser/bumperbot_ws/install/bumperbot_msgs/include/bumperbot_msgs/bumperbot_msgs/srv/detail/get_transform__type_support.c\n'}
[1.024776] (bumperbot_msgs) StdoutLine: {'line': b'-- Up-to-date: /home/vboxuser/bumperbot_ws/install/bumperbot_msgs/include/bumperbot_msgs/bumperbot_msgs/srv/detail/get_transform__functions.h\n'}
[1.024807] (bumperbot_msgs) StdoutLine: {'line': b'-- Up-to-date: /home/vboxuser/bumperbot_ws/install/bumperbot_msgs/include/bumperbot_msgs/bumperbot_msgs/srv/add_two_ints.h\n'}
[1.024836] (bumperbot_msgs) StdoutLine: {'line': b'-- Up-to-date: /home/vboxuser/bumperbot_ws/install/bumperbot_msgs/include/bumperbot_msgs/bumperbot_msgs/msg\n'}
[1.025551] (bumperbot_msgs) StdoutLine: {'line': b'-- Up-to-date: /home/vboxuser/bumperbot_ws/install/bumperbot_msgs/include/bumperbot_msgs/bumperbot_msgs/msg/rosidl_generator_c__visibility_control.h\n'}
[1.025715] (bumperbot_msgs) StdoutLine: {'line': b'-- Up-to-date: /home/vboxuser/bumperbot_ws/install/bumperbot_msgs/share/bumperbot_msgs/environment/library_path.sh\n'}
[1.025825] (bumperbot_msgs) StdoutLine: {'line': b'-- Up-to-date: /home/vboxuser/bumperbot_ws/install/bumperbot_msgs/share/bumperbot_msgs/environment/library_path.dsv\n'}
[1.027698] (bumperbot_msgs) StdoutLine: {'line': b'-- Up-to-date: /home/vboxuser/bumperbot_ws/install/bumperbot_msgs/lib/libbumperbot_msgs__rosidl_generator_c.so\n'}
[1.027910] (bumperbot_msgs) StdoutLine: {'line': b'-- Up-to-date: /home/vboxuser/bumperbot_ws/install/bumperbot_msgs/include/bumperbot_msgs/bumperbot_msgs\n'}
[1.028005] (bumperbot_msgs) StdoutLine: {'line': b'-- Up-to-date: /home/vboxuser/bumperbot_ws/install/bumperbot_msgs/include/bumperbot_msgs/bumperbot_msgs/action\n'}
[1.028125] (bumperbot_msgs) StdoutLine: {'line': b'-- Up-to-date: /home/vboxuser/bumperbot_ws/install/bumperbot_msgs/include/bumperbot_msgs/bumperbot_msgs/action/detail\n'}
[1.028267] (bumperbot_msgs) StdoutLine: {'line': b'-- Up-to-date: /home/vboxuser/bumperbot_ws/install/bumperbot_msgs/include/bumperbot_msgs/bumperbot_msgs/action/detail/fibonacci__rosidl_typesupport_fastrtps_c.h\n'}
[1.028310] (bumperbot_msgs) StdoutLine: {'line': b'-- Up-to-date: /home/vboxuser/bumperbot_ws/install/bumperbot_msgs/include/bumperbot_msgs/bumperbot_msgs/srv\n'}
[1.028340] (bumperbot_msgs) StdoutLine: {'line': b'-- Up-to-date: /home/vboxuser/bumperbot_ws/install/bumperbot_msgs/include/bumperbot_msgs/bumperbot_msgs/srv/detail\n'}
[1.028370] (bumperbot_msgs) StdoutLine: {'line': b'-- Up-to-date: /home/vboxuser/bumperbot_ws/install/bumperbot_msgs/include/bumperbot_msgs/bumperbot_msgs/srv/detail/get_transform__rosidl_typesupport_fastrtps_c.h\n'}
[1.028692] (bumperbot_msgs) StdoutLine: {'line': b'-- Up-to-date: /home/vboxuser/bumperbot_ws/install/bumperbot_msgs/include/bumperbot_msgs/bumperbot_msgs/srv/detail/add_two_ints__rosidl_typesupport_fastrtps_c.h\n'}
[1.028980] (bumperbot_msgs) StdoutLine: {'line': b'-- Up-to-date: /home/vboxuser/bumperbot_ws/install/bumperbot_msgs/include/bumperbot_msgs/bumperbot_msgs/msg\n'}
[1.029553] (bumperbot_msgs) StdoutLine: {'line': b'-- Up-to-date: /home/vboxuser/bumperbot_ws/install/bumperbot_msgs/include/bumperbot_msgs/bumperbot_msgs/msg/rosidl_typesupport_fastrtps_c__visibility_control.h\n'}
[1.034532] (bumperbot_msgs) StdoutLine: {'line': b'-- Up-to-date: /home/vboxuser/bumperbot_ws/install/bumperbot_msgs/lib/libbumperbot_msgs__rosidl_typesupport_fastrtps_c.so\n'}
[1.034766] (bumperbot_msgs) StdoutLine: {'line': b'-- Up-to-date: /home/vboxuser/bumperbot_ws/install/bumperbot_msgs/include/bumperbot_msgs/bumperbot_msgs\n'}
[1.034869] (bumperbot_msgs) StdoutLine: {'line': b'-- Up-to-date: /home/vboxuser/bumperbot_ws/install/bumperbot_msgs/include/bumperbot_msgs/bumperbot_msgs/action\n'}
[1.034944] (bumperbot_msgs) StdoutLine: {'line': b'-- Up-to-date: /home/vboxuser/bumperbot_ws/install/bumperbot_msgs/include/bumperbot_msgs/bumperbot_msgs/action/detail\n'}
[1.035022] (bumperbot_msgs) StdoutLine: {'line': b'-- Up-to-date: /home/vboxuser/bumperbot_ws/install/bumperbot_msgs/include/bumperbot_msgs/bumperbot_msgs/action/detail/fibonacci__type_support.hpp\n'}
[1.035087] (bumperbot_msgs) StdoutLine: {'line': b'-- Up-to-date: /home/vboxuser/bumperbot_ws/install/bumperbot_msgs/include/bumperbot_msgs/bumperbot_msgs/action/detail/fibonacci__builder.hpp\n'}
[1.035152] (bumperbot_msgs) StdoutLine: {'line': b'-- Up-to-date: /home/vboxuser/bumperbot_ws/install/bumperbot_msgs/include/bumperbot_msgs/bumperbot_msgs/action/detail/fibonacci__struct.hpp\n'}
[1.035213] (bumperbot_msgs) StdoutLine: {'line': b'-- Up-to-date: /home/vboxuser/bumperbot_ws/install/bumperbot_msgs/include/bumperbot_msgs/bumperbot_msgs/action/detail/fibonacci__traits.hpp\n'}
[1.035310] (bumperbot_msgs) StdoutLine: {'line': b'-- Up-to-date: /home/vboxuser/bumperbot_ws/install/bumperbot_msgs/include/bumperbot_msgs/bumperbot_msgs/action/fibonacci.hpp\n'}
[1.035348] (bumperbot_msgs) StdoutLine: {'line': b'-- Up-to-date: /home/vboxuser/bumperbot_ws/install/bumperbot_msgs/include/bumperbot_msgs/bumperbot_msgs/srv\n'}
[1.035482] (bumperbot_msgs) StdoutLine: {'line': b'-- Up-to-date: /home/vboxuser/bumperbot_ws/install/bumperbot_msgs/include/bumperbot_msgs/bumperbot_msgs/srv/detail\n'}
[1.035519] (bumperbot_msgs) StdoutLine: {'line': b'-- Up-to-date: /home/vboxuser/bumperbot_ws/install/bumperbot_msgs/include/bumperbot_msgs/bumperbot_msgs/srv/detail/add_two_ints__traits.hpp\n'}
[1.035549] (bumperbot_msgs) StdoutLine: {'line': b'-- Up-to-date: /home/vboxuser/bumperbot_ws/install/bumperbot_msgs/include/bumperbot_msgs/bumperbot_msgs/srv/detail/get_transform__traits.hpp\n'}
[1.035578] (bumperbot_msgs) StdoutLine: {'line': b'-- Up-to-date: /home/vboxuser/bumperbot_ws/install/bumperbot_msgs/include/bumperbot_msgs/bumperbot_msgs/srv/detail/get_transform__builder.hpp\n'}
[1.035606] (bumperbot_msgs) StdoutLine: {'line': b'-- Up-to-date: /home/vboxuser/bumperbot_ws/install/bumperbot_msgs/include/bumperbot_msgs/bumperbot_msgs/srv/detail/add_two_ints__struct.hpp\n'}
[1.035834] (bumperbot_msgs) StdoutLine: {'line': b'-- Up-to-date: /home/vboxuser/bumperbot_ws/install/bumperbot_msgs/include/bumperbot_msgs/bumperbot_msgs/srv/detail/get_transform__struct.hpp\n'}
[1.035880] (bumperbot_msgs) StdoutLine: {'line': b'-- Up-to-date: /home/vboxuser/bumperbot_ws/install/bumperbot_msgs/include/bumperbot_msgs/bumperbot_msgs/srv/detail/add_two_ints__builder.hpp\n'}
[1.035911] (bumperbot_msgs) StdoutLine: {'line': b'-- Up-to-date: /home/vboxuser/bumperbot_ws/install/bumperbot_msgs/include/bumperbot_msgs/bumperbot_msgs/srv/detail/add_two_ints__type_support.hpp\n'}
[1.035940] (bumperbot_msgs) StdoutLine: {'line': b'-- Up-to-date: /home/vboxuser/bumperbot_ws/install/bumperbot_msgs/include/bumperbot_msgs/bumperbot_msgs/srv/detail/get_transform__type_support.hpp\n'}
[1.035968] (bumperbot_msgs) StdoutLine: {'line': b'-- Up-to-date: /home/vboxuser/bumperbot_ws/install/bumperbot_msgs/include/bumperbot_msgs/bumperbot_msgs/srv/add_two_ints.hpp\n'}
[1.035995] (bumperbot_msgs) StdoutLine: {'line': b'-- Up-to-date: /home/vboxuser/bumperbot_ws/install/bumperbot_msgs/include/bumperbot_msgs/bumperbot_msgs/srv/get_transform.hpp\n'}
[1.036023] (bumperbot_msgs) StdoutLine: {'line': b'-- Up-to-date: /home/vboxuser/bumperbot_ws/install/bumperbot_msgs/include/bumperbot_msgs/bumperbot_msgs/msg\n'}
[1.036051] (bumperbot_msgs) StdoutLine: {'line': b'-- Up-to-date: /home/vboxuser/bumperbot_ws/install/bumperbot_msgs/include/bumperbot_msgs/bumperbot_msgs/msg/rosidl_generator_cpp__visibility_control.hpp\n'}
[1.036079] (bumperbot_msgs) StdoutLine: {'line': b'-- Up-to-date: /home/vboxuser/bumperbot_ws/install/bumperbot_msgs/include/bumperbot_msgs/bumperbot_msgs\n'}
[1.036556] (bumperbot_msgs) StdoutLine: {'line': b'-- Up-to-date: /home/vboxuser/bumperbot_ws/install/bumperbot_msgs/include/bumperbot_msgs/bumperbot_msgs/action\n'}
[1.036618] (bumperbot_msgs) StdoutLine: {'line': b'-- Up-to-date: /home/vboxuser/bumperbot_ws/install/bumperbot_msgs/include/bumperbot_msgs/bumperbot_msgs/action/detail\n'}
[1.036649] (bumperbot_msgs) StdoutLine: {'line': b'-- Up-to-date: /home/vboxuser/bumperbot_ws/install/bumperbot_msgs/include/bumperbot_msgs/bumperbot_msgs/action/detail/dds_fastrtps\n'}
[1.036866] (bumperbot_msgs) StdoutLine: {'line': b'-- Up-to-date: /home/vboxuser/bumperbot_ws/install/bumperbot_msgs/include/bumperbot_msgs/bumperbot_msgs/action/detail/fibonacci__rosidl_typesupport_fastrtps_cpp.hpp\n'}
[1.036902] (bumperbot_msgs) StdoutLine: {'line': b'-- Up-to-date: /home/vboxuser/bumperbot_ws/install/bumperbot_msgs/include/bumperbot_msgs/bumperbot_msgs/srv\n'}
[1.036932] (bumperbot_msgs) StdoutLine: {'line': b'-- Up-to-date: /home/vboxuser/bumperbot_ws/install/bumperbot_msgs/include/bumperbot_msgs/bumperbot_msgs/srv/detail\n'}
[1.036962] (bumperbot_msgs) StdoutLine: {'line': b'-- Up-to-date: /home/vboxuser/bumperbot_ws/install/bumperbot_msgs/include/bumperbot_msgs/bumperbot_msgs/srv/detail/dds_fastrtps\n'}
[1.036989] (bumperbot_msgs) StdoutLine: {'line': b'-- Up-to-date: /home/vboxuser/bumperbot_ws/install/bumperbot_msgs/include/bumperbot_msgs/bumperbot_msgs/srv/detail/add_two_ints__rosidl_typesupport_fastrtps_cpp.hpp\n'}
[1.037019] (bumperbot_msgs) StdoutLine: {'line': b'-- Up-to-date: /home/vboxuser/bumperbot_ws/install/bumperbot_msgs/include/bumperbot_msgs/bumperbot_msgs/srv/detail/get_transform__rosidl_typesupport_fastrtps_cpp.hpp\n'}
[1.037047] (bumperbot_msgs) StdoutLine: {'line': b'-- Up-to-date: /home/vboxuser/bumperbot_ws/install/bumperbot_msgs/include/bumperbot_msgs/bumperbot_msgs/msg\n'}
[1.037075] (bumperbot_msgs) StdoutLine: {'line': b'-- Up-to-date: /home/vboxuser/bumperbot_ws/install/bumperbot_msgs/include/bumperbot_msgs/bumperbot_msgs/msg/rosidl_typesupport_fastrtps_cpp__visibility_control.h\n'}
[1.037899] (bumperbot_msgs) StdoutLine: {'line': b'-- Up-to-date: /home/vboxuser/bumperbot_ws/install/bumperbot_msgs/lib/libbumperbot_msgs__rosidl_typesupport_fastrtps_cpp.so\n'}
[1.038094] (bumperbot_msgs) StdoutLine: {'line': b'-- Up-to-date: /home/vboxuser/bumperbot_ws/install/bumperbot_msgs/include/bumperbot_msgs/bumperbot_msgs\n'}
[1.038200] (bumperbot_msgs) StdoutLine: {'line': b'-- Up-to-date: /home/vboxuser/bumperbot_ws/install/bumperbot_msgs/include/bumperbot_msgs/bumperbot_msgs/action\n'}
[1.038278] (bumperbot_msgs) StdoutLine: {'line': b'-- Up-to-date: /home/vboxuser/bumperbot_ws/install/bumperbot_msgs/include/bumperbot_msgs/bumperbot_msgs/action/detail\n'}
[1.038357] (bumperbot_msgs) StdoutLine: {'line': b'-- Up-to-date: /home/vboxuser/bumperbot_ws/install/bumperbot_msgs/include/bumperbot_msgs/bumperbot_msgs/action/detail/fibonacci__rosidl_typesupport_introspection_c.h\n'}
[1.038428] (bumperbot_msgs) StdoutLine: {'line': b'-- Installing: /home/vboxuser/bumperbot_ws/install/bumperbot_msgs/include/bumperbot_msgs/bumperbot_msgs/action/detail/fibonacci__type_support.c\n'}
[1.042639] (bumperbot_msgs) StdoutLine: {'line': b'-- Up-to-date: /home/vboxuser/bumperbot_ws/install/bumperbot_msgs/include/bumperbot_msgs/bumperbot_msgs/srv\n'}
[1.043523] (bumperbot_msgs) StdoutLine: {'line': b'-- Up-to-date: /home/vboxuser/bumperbot_ws/install/bumperbot_msgs/include/bumperbot_msgs/bumperbot_msgs/srv/detail\n'}
[1.043596] (bumperbot_msgs) StdoutLine: {'line': b'-- Installing: /home/vboxuser/bumperbot_ws/install/bumperbot_msgs/include/bumperbot_msgs/bumperbot_msgs/srv/detail/add_two_ints__type_support.c\n'}
[1.043764] (bumperbot_msgs) StdoutLine: {'line': b'-- Up-to-date: /home/vboxuser/bumperbot_ws/install/bumperbot_msgs/include/bumperbot_msgs/bumperbot_msgs/srv/detail/add_two_ints__rosidl_typesupport_introspection_c.h\n'}
[1.043851] (bumperbot_msgs) StdoutLine: {'line': b'-- Installing: /home/vboxuser/bumperbot_ws/install/bumperbot_msgs/include/bumperbot_msgs/bumperbot_msgs/srv/detail/get_transform__type_support.c\n'}
[1.044755] (bumperbot_msgs) StdoutLine: {'line': b'-- Up-to-date: /home/vboxuser/bumperbot_ws/install/bumperbot_msgs/include/bumperbot_msgs/bumperbot_msgs/srv/detail/get_transform__rosidl_typesupport_introspection_c.h\n'}
[1.044880] (bumperbot_msgs) StdoutLine: {'line': b'-- Up-to-date: /home/vboxuser/bumperbot_ws/install/bumperbot_msgs/include/bumperbot_msgs/bumperbot_msgs/msg\n'}
[1.044935] (bumperbot_msgs) StdoutLine: {'line': b'-- Up-to-date: /home/vboxuser/bumperbot_ws/install/bumperbot_msgs/include/bumperbot_msgs/bumperbot_msgs/msg/rosidl_typesupport_introspection_c__visibility_control.h\n'}
[1.046619] (bumperbot_msgs) StdoutLine: {'line': b'-- Up-to-date: /home/vboxuser/bumperbot_ws/install/bumperbot_msgs/lib/libbumperbot_msgs__rosidl_typesupport_introspection_c.so\n'}
[1.048431] (bumperbot_msgs) StdoutLine: {'line': b'-- Up-to-date: /home/vboxuser/bumperbot_ws/install/bumperbot_msgs/lib/libbumperbot_msgs__rosidl_typesupport_c.so\n'}
[1.048501] (bumperbot_msgs) StdoutLine: {'line': b'-- Up-to-date: /home/vboxuser/bumperbot_ws/install/bumperbot_msgs/include/bumperbot_msgs/bumperbot_msgs\n'}
[1.048536] (bumperbot_msgs) StdoutLine: {'line': b'-- Up-to-date: /home/vboxuser/bumperbot_ws/install/bumperbot_msgs/include/bumperbot_msgs/bumperbot_msgs/action\n'}
[1.048747] (bumperbot_msgs) StdoutLine: {'line': b'-- Up-to-date: /home/vboxuser/bumperbot_ws/install/bumperbot_msgs/include/bumperbot_msgs/bumperbot_msgs/action/detail\n'}
[1.048783] (bumperbot_msgs) StdoutLine: {'line': b'-- Up-to-date: /home/vboxuser/bumperbot_ws/install/bumperbot_msgs/include/bumperbot_msgs/bumperbot_msgs/action/detail/fibonacci__type_support.cpp\n'}
[1.048813] (bumperbot_msgs) StdoutLine: {'line': b'-- Up-to-date: /home/vboxuser/bumperbot_ws/install/bumperbot_msgs/include/bumperbot_msgs/bumperbot_msgs/action/detail/fibonacci__rosidl_typesupport_introspection_cpp.hpp\n'}
[1.048845] (bumperbot_msgs) StdoutLine: {'line': b'-- Up-to-date: /home/vboxuser/bumperbot_ws/install/bumperbot_msgs/include/bumperbot_msgs/bumperbot_msgs/srv\n'}
[1.048872] (bumperbot_msgs) StdoutLine: {'line': b'-- Up-to-date: /home/vboxuser/bumperbot_ws/install/bumperbot_msgs/include/bumperbot_msgs/bumperbot_msgs/srv/detail\n'}
[1.048897] (bumperbot_msgs) StdoutLine: {'line': b'-- Up-to-date: /home/vboxuser/bumperbot_ws/install/bumperbot_msgs/include/bumperbot_msgs/bumperbot_msgs/srv/detail/add_two_ints__rosidl_typesupport_introspection_cpp.hpp\n'}
[1.048923] (bumperbot_msgs) StdoutLine: {'line': b'-- Up-to-date: /home/vboxuser/bumperbot_ws/install/bumperbot_msgs/include/bumperbot_msgs/bumperbot_msgs/srv/detail/get_transform__rosidl_typesupport_introspection_cpp.hpp\n'}
[1.048950] (bumperbot_msgs) StdoutLine: {'line': b'-- Up-to-date: /home/vboxuser/bumperbot_ws/install/bumperbot_msgs/include/bumperbot_msgs/bumperbot_msgs/srv/detail/add_two_ints__type_support.cpp\n'}
[1.048977] (bumperbot_msgs) StdoutLine: {'line': b'-- Up-to-date: /home/vboxuser/bumperbot_ws/install/bumperbot_msgs/include/bumperbot_msgs/bumperbot_msgs/srv/detail/get_transform__type_support.cpp\n'}
[1.050058] (bumperbot_msgs) StdoutLine: {'line': b'-- Up-to-date: /home/vboxuser/bumperbot_ws/install/bumperbot_msgs/lib/libbumperbot_msgs__rosidl_typesupport_introspection_cpp.so\n'}
[1.051478] (bumperbot_msgs) StdoutLine: {'line': b'-- Up-to-date: /home/vboxuser/bumperbot_ws/install/bumperbot_msgs/lib/libbumperbot_msgs__rosidl_typesupport_cpp.so\n'}
[1.051698] (bumperbot_msgs) StdoutLine: {'line': b'-- Up-to-date: /home/vboxuser/bumperbot_ws/install/bumperbot_msgs/share/bumperbot_msgs/environment/pythonpath.sh\n'}
[1.051802] (bumperbot_msgs) StdoutLine: {'line': b'-- Up-to-date: /home/vboxuser/bumperbot_ws/install/bumperbot_msgs/share/bumperbot_msgs/environment/pythonpath.dsv\n'}
[1.052344] (bumperbot_msgs) StdoutLine: {'line': b'-- Up-to-date: /home/vboxuser/bumperbot_ws/install/bumperbot_msgs/lib/python3.12/site-packages/bumperbot_msgs-0.0.0-py3.12.egg-info\n'}
[1.052991] (bumperbot_msgs) StdoutLine: {'line': b'-- Installing: /home/vboxuser/bumperbot_ws/install/bumperbot_msgs/lib/python3.12/site-packages/bumperbot_msgs-0.0.0-py3.12.egg-info/dependency_links.txt\n'}
[1.053145] (bumperbot_msgs) StdoutLine: {'line': b'-- Installing: /home/vboxuser/bumperbot_ws/install/bumperbot_msgs/lib/python3.12/site-packages/bumperbot_msgs-0.0.0-py3.12.egg-info/PKG-INFO\n'}
[1.053265] (bumperbot_msgs) StdoutLine: {'line': b'-- Installing: /home/vboxuser/bumperbot_ws/install/bumperbot_msgs/lib/python3.12/site-packages/bumperbot_msgs-0.0.0-py3.12.egg-info/SOURCES.txt\n'}
[1.053421] (bumperbot_msgs) StdoutLine: {'line': b'-- Installing: /home/vboxuser/bumperbot_ws/install/bumperbot_msgs/lib/python3.12/site-packages/bumperbot_msgs-0.0.0-py3.12.egg-info/top_level.txt\n'}
[1.053492] (bumperbot_msgs) StdoutLine: {'line': b'-- Up-to-date: /home/vboxuser/bumperbot_ws/install/bumperbot_msgs/lib/python3.12/site-packages/bumperbot_msgs\n'}
[1.053997] (bumperbot_msgs) StdoutLine: {'line': b'-- Up-to-date: /home/vboxuser/bumperbot_ws/install/bumperbot_msgs/lib/python3.12/site-packages/bumperbot_msgs/action\n'}
[1.054878] (bumperbot_msgs) StdoutLine: {'line': b'-- Up-to-date: /home/vboxuser/bumperbot_ws/install/bumperbot_msgs/lib/python3.12/site-packages/bumperbot_msgs/action/__init__.py\n'}
[1.055024] (bumperbot_msgs) StdoutLine: {'line': b'-- Up-to-date: /home/vboxuser/bumperbot_ws/install/bumperbot_msgs/lib/python3.12/site-packages/bumperbot_msgs/action/_fibonacci_s.c\n'}
[1.055071] (bumperbot_msgs) StdoutLine: {'line': b'-- Up-to-date: /home/vboxuser/bumperbot_ws/install/bumperbot_msgs/lib/python3.12/site-packages/bumperbot_msgs/action/_fibonacci.py\n'}
[1.055209] (bumperbot_msgs) StdoutLine: {'line': b'-- Up-to-date: /home/vboxuser/bumperbot_ws/install/bumperbot_msgs/lib/python3.12/site-packages/bumperbot_msgs/srv\n'}
[1.055563] (bumperbot_msgs) StdoutLine: {'line': b'-- Up-to-date: /home/vboxuser/bumperbot_ws/install/bumperbot_msgs/lib/python3.12/site-packages/bumperbot_msgs/srv/__init__.py\n'}
[1.055695] (bumperbot_msgs) StdoutLine: {'line': b'-- Up-to-date: /home/vboxuser/bumperbot_ws/install/bumperbot_msgs/lib/python3.12/site-packages/bumperbot_msgs/srv/_get_transform_s.c\n'}
[1.055734] (bumperbot_msgs) StdoutLine: {'line': b'-- Up-to-date: /home/vboxuser/bumperbot_ws/install/bumperbot_msgs/lib/python3.12/site-packages/bumperbot_msgs/srv/_get_transform.py\n'}
[1.055879] (bumperbot_msgs) StdoutLine: {'line': b'-- Up-to-date: /home/vboxuser/bumperbot_ws/install/bumperbot_msgs/lib/python3.12/site-packages/bumperbot_msgs/srv/_add_two_ints_s.c\n'}
[1.055915] (bumperbot_msgs) StdoutLine: {'line': b'-- Up-to-date: /home/vboxuser/bumperbot_ws/install/bumperbot_msgs/lib/python3.12/site-packages/bumperbot_msgs/srv/_add_two_ints.py\n'}
[1.055944] (bumperbot_msgs) StdoutLine: {'line': b'-- Up-to-date: /home/vboxuser/bumperbot_ws/install/bumperbot_msgs/lib/python3.12/site-packages/bumperbot_msgs/bumperbot_msgs_s__rosidl_typesupport_c.so\n'}
[1.055973] (bumperbot_msgs) StdoutLine: {'line': b'-- Up-to-date: /home/vboxuser/bumperbot_ws/install/bumperbot_msgs/lib/python3.12/site-packages/bumperbot_msgs/__init__.py\n'}
[1.056000] (bumperbot_msgs) StdoutLine: {'line': b'-- Up-to-date: /home/vboxuser/bumperbot_ws/install/bumperbot_msgs/lib/python3.12/site-packages/bumperbot_msgs/_bumperbot_msgs_s.ep.rosidl_typesupport_fastrtps_c.c\n'}
[1.056033] (bumperbot_msgs) StdoutLine: {'line': b'-- Up-to-date: /home/vboxuser/bumperbot_ws/install/bumperbot_msgs/lib/python3.12/site-packages/bumperbot_msgs/bumperbot_msgs_s__rosidl_typesupport_fastrtps_c.so\n'}
[1.056935] (bumperbot_msgs) StdoutLine: {'line': b'-- Up-to-date: /home/vboxuser/bumperbot_ws/install/bumperbot_msgs/lib/python3.12/site-packages/bumperbot_msgs/_bumperbot_msgs_s.ep.rosidl_typesupport_introspection_c.c\n'}
[1.057005] (bumperbot_msgs) StdoutLine: {'line': b'-- Up-to-date: /home/vboxuser/bumperbot_ws/install/bumperbot_msgs/lib/python3.12/site-packages/bumperbot_msgs/_bumperbot_msgs_s.ep.rosidl_typesupport_c.c\n'}
[1.057038] (bumperbot_msgs) StdoutLine: {'line': b'-- Up-to-date: /home/vboxuser/bumperbot_ws/install/bumperbot_msgs/lib/python3.12/site-packages/bumperbot_msgs/bumperbot_msgs_s__rosidl_typesupport_introspection_c.so\n'}
[1.089742] (bumperbot_msgs) StdoutLine: {'line': b"Listing '/home/vboxuser/bumperbot_ws/install/bumperbot_msgs/lib/python3.12/site-packages/bumperbot_msgs'...\n"}
[1.089888] (bumperbot_msgs) StdoutLine: {'line': b"Listing '/home/vboxuser/bumperbot_ws/install/bumperbot_msgs/lib/python3.12/site-packages/bumperbot_msgs/action'...\n"}
[1.089947] (bumperbot_msgs) StdoutLine: {'line': b"Listing '/home/vboxuser/bumperbot_ws/install/bumperbot_msgs/lib/python3.12/site-packages/bumperbot_msgs/srv'...\n"}
[1.091680] (bumperbot_msgs) StdoutLine: {'line': b'-- Up-to-date: /home/vboxuser/bumperbot_ws/install/bumperbot_msgs/lib/python3.12/site-packages/bumperbot_msgs/bumperbot_msgs_s__rosidl_typesupport_fastrtps_c.so\n'}
[1.093591] (bumperbot_msgs) StdoutLine: {'line': b'-- Up-to-date: /home/vboxuser/bumperbot_ws/install/bumperbot_msgs/lib/python3.12/site-packages/bumperbot_msgs/bumperbot_msgs_s__rosidl_typesupport_introspection_c.so\n'}
[1.094914] (bumperbot_msgs) StdoutLine: {'line': b'-- Up-to-date: /home/vboxuser/bumperbot_ws/install/bumperbot_msgs/lib/python3.12/site-packages/bumperbot_msgs/bumperbot_msgs_s__rosidl_typesupport_c.so\n'}
[1.096295] (bumperbot_msgs) StdoutLine: {'line': b'-- Up-to-date: /home/vboxuser/bumperbot_ws/install/bumperbot_msgs/lib/libbumperbot_msgs__rosidl_generator_py.so\n'}
[1.096390] (bumperbot_msgs) StdoutLine: {'line': b'-- Up-to-date: /home/vboxuser/bumperbot_ws/install/bumperbot_msgs/share/bumperbot_msgs/action/Fibonacci.idl\n'}
[1.096486] (bumperbot_msgs) StdoutLine: {'line': b'-- Up-to-date: /home/vboxuser/bumperbot_ws/install/bumperbot_msgs/share/bumperbot_msgs/srv/AddTwoInts.idl\n'}
[1.096569] (bumperbot_msgs) StdoutLine: {'line': b'-- Up-to-date: /home/vboxuser/bumperbot_ws/install/bumperbot_msgs/share/bumperbot_msgs/srv/GetTransform.idl\n'}
[1.096676] (bumperbot_msgs) StdoutLine: {'line': b'-- Up-to-date: /home/vboxuser/bumperbot_ws/install/bumperbot_msgs/share/bumperbot_msgs/action/Fibonacci.action\n'}
[1.096755] (bumperbot_msgs) StdoutLine: {'line': b'-- Up-to-date: /home/vboxuser/bumperbot_ws/install/bumperbot_msgs/share/bumperbot_msgs/srv/AddTwoInts.srv\n'}
[1.097145] (bumperbot_msgs) StdoutLine: {'line': b'-- Up-to-date: /home/vboxuser/bumperbot_ws/install/bumperbot_msgs/share/bumperbot_msgs/srv/GetTransform.srv\n'}
[1.097445] (bumperbot_msgs) StdoutLine: {'line': b'-- Up-to-date: /home/vboxuser/bumperbot_ws/install/bumperbot_msgs/share/ament_index/resource_index/package_run_dependencies/bumperbot_msgs\n'}
[1.097819] (bumperbot_msgs) StdoutLine: {'line': b'-- Up-to-date: /home/vboxuser/bumperbot_ws/install/bumperbot_msgs/share/ament_index/resource_index/parent_prefix_path/bumperbot_msgs\n'}
[1.097933] (bumperbot_msgs) StdoutLine: {'line': b'-- Up-to-date: /home/vboxuser/bumperbot_ws/install/bumperbot_msgs/share/bumperbot_msgs/environment/ament_prefix_path.sh\n'}
[1.098049] (bumperbot_msgs) StdoutLine: {'line': b'-- Up-to-date: /home/vboxuser/bumperbot_ws/install/bumperbot_msgs/share/bumperbot_msgs/environment/ament_prefix_path.dsv\n'}
[1.098088] (bumperbot_msgs) StdoutLine: {'line': b'-- Up-to-date: /home/vboxuser/bumperbot_ws/install/bumperbot_msgs/share/bumperbot_msgs/environment/path.sh\n'}
[1.098245] (bumperbot_msgs) StdoutLine: {'line': b'-- Up-to-date: /home/vboxuser/bumperbot_ws/install/bumperbot_msgs/share/bumperbot_msgs/environment/path.dsv\n'}
[1.098289] (bumperbot_msgs) StdoutLine: {'line': b'-- Up-to-date: /home/vboxuser/bumperbot_ws/install/bumperbot_msgs/share/bumperbot_msgs/local_setup.bash\n'}
[1.098320] (bumperbot_msgs) StdoutLine: {'line': b'-- Up-to-date: /home/vboxuser/bumperbot_ws/install/bumperbot_msgs/share/bumperbot_msgs/local_setup.sh\n'}
[1.098621] (bumperbot_msgs) StdoutLine: {'line': b'-- Up-to-date: /home/vboxuser/bumperbot_ws/install/bumperbot_msgs/share/bumperbot_msgs/local_setup.zsh\n'}
[1.098683] (bumperbot_msgs) StdoutLine: {'line': b'-- Up-to-date: /home/vboxuser/bumperbot_ws/install/bumperbot_msgs/share/bumperbot_msgs/local_setup.dsv\n'}
[1.099023] (bumperbot_msgs) StdoutLine: {'line': b'-- Installing: /home/vboxuser/bumperbot_ws/install/bumperbot_msgs/share/bumperbot_msgs/package.dsv\n'}
[1.099450] (bumperbot_msgs) StdoutLine: {'line': b'-- Up-to-date: /home/vboxuser/bumperbot_ws/install/bumperbot_msgs/share/ament_index/resource_index/packages/bumperbot_msgs\n'}
[1.101108] (bumperbot_msgs) StdoutLine: {'line': b'-- Up-to-date: /home/vboxuser/bumperbot_ws/install/bumperbot_msgs/share/bumperbot_msgs/cmake/export_bumperbot_msgs__rosidl_generator_cExport.cmake\n'}
[1.101247] (bumperbot_msgs) StdoutLine: {'line': b'-- Up-to-date: /home/vboxuser/bumperbot_ws/install/bumperbot_msgs/share/bumperbot_msgs/cmake/export_bumperbot_msgs__rosidl_generator_cExport-noconfig.cmake\n'}
[1.102070] (bumperbot_msgs) StdoutLine: {'line': b'-- Up-to-date: /home/vboxuser/bumperbot_ws/install/bumperbot_msgs/share/bumperbot_msgs/cmake/export_bumperbot_msgs__rosidl_typesupport_fastrtps_cExport.cmake\n'}
[1.102202] (bumperbot_msgs) StdoutLine: {'line': b'-- Up-to-date: /home/vboxuser/bumperbot_ws/install/bumperbot_msgs/share/bumperbot_msgs/cmake/export_bumperbot_msgs__rosidl_typesupport_fastrtps_cExport-noconfig.cmake\n'}
[1.103048] (bumperbot_msgs) StdoutLine: {'line': b'-- Up-to-date: /home/vboxuser/bumperbot_ws/install/bumperbot_msgs/share/bumperbot_msgs/cmake/export_bumperbot_msgs__rosidl_generator_cppExport.cmake\n'}
[1.104550] (bumperbot_msgs) StdoutLine: {'line': b'-- Up-to-date: /home/vboxuser/bumperbot_ws/install/bumperbot_msgs/share/bumperbot_msgs/cmake/export_bumperbot_msgs__rosidl_typesupport_fastrtps_cppExport.cmake\n'}
[1.104704] (bumperbot_msgs) StdoutLine: {'line': b'-- Up-to-date: /home/vboxuser/bumperbot_ws/install/bumperbot_msgs/share/bumperbot_msgs/cmake/export_bumperbot_msgs__rosidl_typesupport_fastrtps_cppExport-noconfig.cmake\n'}
[1.105549] (bumperbot_msgs) StdoutLine: {'line': b'-- Up-to-date: /home/vboxuser/bumperbot_ws/install/bumperbot_msgs/share/bumperbot_msgs/cmake/bumperbot_msgs__rosidl_typesupport_introspection_cExport.cmake\n'}
[1.105682] (bumperbot_msgs) StdoutLine: {'line': b'-- Up-to-date: /home/vboxuser/bumperbot_ws/install/bumperbot_msgs/share/bumperbot_msgs/cmake/bumperbot_msgs__rosidl_typesupport_introspection_cExport-noconfig.cmake\n'}
[1.106526] (bumperbot_msgs) StdoutLine: {'line': b'-- Up-to-date: /home/vboxuser/bumperbot_ws/install/bumperbot_msgs/share/bumperbot_msgs/cmake/bumperbot_msgs__rosidl_typesupport_cExport.cmake\n'}
[1.106760] (bumperbot_msgs) StdoutLine: {'line': b'-- Up-to-date: /home/vboxuser/bumperbot_ws/install/bumperbot_msgs/share/bumperbot_msgs/cmake/bumperbot_msgs__rosidl_typesupport_cExport-noconfig.cmake\n'}
[1.107494] (bumperbot_msgs) StdoutLine: {'line': b'-- Up-to-date: /home/vboxuser/bumperbot_ws/install/bumperbot_msgs/share/bumperbot_msgs/cmake/bumperbot_msgs__rosidl_typesupport_introspection_cppExport.cmake\n'}
[1.107631] (bumperbot_msgs) StdoutLine: {'line': b'-- Up-to-date: /home/vboxuser/bumperbot_ws/install/bumperbot_msgs/share/bumperbot_msgs/cmake/bumperbot_msgs__rosidl_typesupport_introspection_cppExport-noconfig.cmake\n'}
[1.108987] (bumperbot_msgs) StdoutLine: {'line': b'-- Up-to-date: /home/vboxuser/bumperbot_ws/install/bumperbot_msgs/share/bumperbot_msgs/cmake/bumperbot_msgs__rosidl_typesupport_cppExport.cmake\n'}
[1.109233] (bumperbot_msgs) StdoutLine: {'line': b'-- Up-to-date: /home/vboxuser/bumperbot_ws/install/bumperbot_msgs/share/bumperbot_msgs/cmake/bumperbot_msgs__rosidl_typesupport_cppExport-noconfig.cmake\n'}
[1.109911] (bumperbot_msgs) StdoutLine: {'line': b'-- Up-to-date: /home/vboxuser/bumperbot_ws/install/bumperbot_msgs/share/bumperbot_msgs/cmake/export_bumperbot_msgs__rosidl_generator_pyExport.cmake\n'}
[1.110052] (bumperbot_msgs) StdoutLine: {'line': b'-- Up-to-date: /home/vboxuser/bumperbot_ws/install/bumperbot_msgs/share/bumperbot_msgs/cmake/export_bumperbot_msgs__rosidl_generator_pyExport-noconfig.cmake\n'}
[1.110152] (bumperbot_msgs) StdoutLine: {'line': b'-- Up-to-date: /home/vboxuser/bumperbot_ws/install/bumperbot_msgs/share/bumperbot_msgs/cmake/rosidl_cmake-extras.cmake\n'}
[1.110241] (bumperbot_msgs) StdoutLine: {'line': b'-- Up-to-date: /home/vboxuser/bumperbot_ws/install/bumperbot_msgs/share/bumperbot_msgs/cmake/ament_cmake_export_dependencies-extras.cmake\n'}
[1.110321] (bumperbot_msgs) StdoutLine: {'line': b'-- Up-to-date: /home/vboxuser/bumperbot_ws/install/bumperbot_msgs/share/bumperbot_msgs/cmake/ament_cmake_export_include_directories-extras.cmake\n'}
[1.110427] (bumperbot_msgs) StdoutLine: {'line': b'-- Up-to-date: /home/vboxuser/bumperbot_ws/install/bumperbot_msgs/share/bumperbot_msgs/cmake/ament_cmake_export_libraries-extras.cmake\n'}
[1.110510] (bumperbot_msgs) StdoutLine: {'line': b'-- Up-to-date: /home/vboxuser/bumperbot_ws/install/bumperbot_msgs/share/bumperbot_msgs/cmake/ament_cmake_export_targets-extras.cmake\n'}
[1.110618] (bumperbot_msgs) StdoutLine: {'line': b'-- Up-to-date: /home/vboxuser/bumperbot_ws/install/bumperbot_msgs/share/bumperbot_msgs/cmake/rosidl_cmake_export_typesupport_targets-extras.cmake\n'}
[1.110656] (bumperbot_msgs) StdoutLine: {'line': b'-- Up-to-date: /home/vboxuser/bumperbot_ws/install/bumperbot_msgs/share/bumperbot_msgs/cmake/rosidl_cmake_export_typesupport_libraries-extras.cmake\n'}
[1.110939] (bumperbot_msgs) StdoutLine: {'line': b'-- Up-to-date: /home/vboxuser/bumperbot_ws/install/bumperbot_msgs/share/bumperbot_msgs/cmake/bumperbot_msgsConfig.cmake\n'}
[1.111014] (bumperbot_msgs) StdoutLine: {'line': b'-- Up-to-date: /home/vboxuser/bumperbot_ws/install/bumperbot_msgs/share/bumperbot_msgs/cmake/bumperbot_msgsConfig-version.cmake\n'}
[1.111047] (bumperbot_msgs) StdoutLine: {'line': b'-- Up-to-date: /home/vboxuser/bumperbot_ws/install/bumperbot_msgs/share/bumperbot_msgs/package.xml\n'}
[1.113650] (bumperbot_msgs) CommandEnded: {'returncode': 0}
[1.115375] (-) TimerEvent: {}
[1.168556] (bumperbot_msgs) JobEnded: {'identifier': 'bumperbot_msgs', 'rc': 0}
[1.170686] (bumperbot_controller) JobStarted: {'identifier': 'bumperbot_controller'}
[1.188181] (bumperbot_controller) JobProgress: {'identifier': 'bumperbot_controller', 'progress': 'cmake'}
[1.189993] (bumperbot_controller) JobProgress: {'identifier': 'bumperbot_controller', 'progress': 'build'}
[1.190142] (bumperbot_controller) Command: {'cmd': ['/usr/bin/cmake', '--build', '/home/vboxuser/bumperbot_ws/build/bumperbot_controller', '--', '-j1', '-l1'], 'cwd': '/home/vboxuser/bumperbot_ws/build/bumperbot_controller', 'env': OrderedDict({'GJS_DEBUG_TOPICS': 'JS ERROR;JS LOG', 'XDG_ACTIVATION_TOKEN': 'gnome-shell/Terminator/2065-4-Robotproj_TIME1107825', 'LESSOPEN': '| /usr/bin/lesspipe %s', 'USER': 'vboxuser', 'GZ_CONFIG_PATH': '/opt/ros/jazzy/opt/gz_sim_vendor/share/gz:/opt/ros/jazzy/opt/sdformat_vendor/share/gz:/opt/ros/jazzy/opt/gz_gui_vendor/share/gz:/opt/ros/jazzy/opt/gz_transport_vendor/share/gz:/opt/ros/jazzy/opt/gz_rendering_vendor/share/gz:/opt/ros/jazzy/opt/gz_plugin_vendor/share/gz:/opt/ros/jazzy/opt/gz_fuel_tools_vendor/share/gz:/opt/ros/jazzy/opt/gz_msgs_vendor/share/gz:/opt/ros/jazzy/opt/gz_common_vendor/share/gz', 'XDG_SESSION_TYPE': 'wayland', 'CLUTTER_DISABLE_MIPMAPPED_TEXT': '1', 'SHLVL': '1', 'LD_LIBRARY_PATH': '/opt/ros/jazzy/opt/gz_sim_vendor/lib:/opt/ros/jazzy/opt/gz_sensors_vendor/lib:/opt/ros/jazzy/opt/gz_physics_vendor/lib:/opt/ros/jazzy/opt/sdformat_vendor/lib:/opt/ros/jazzy/opt/rviz_ogre_vendor/lib:/opt/ros/jazzy/lib/x86_64-linux-gnu:/opt/ros/jazzy/opt/gz_gui_vendor/lib:/opt/ros/jazzy/opt/gz_transport_vendor/lib:/opt/ros/jazzy/opt/gz_rendering_vendor/lib:/opt/ros/jazzy/opt/gz_plugin_vendor/lib:/opt/ros/jazzy/opt/gz_fuel_tools_vendor/lib:/opt/ros/jazzy/opt/gz_msgs_vendor/lib:/opt/ros/jazzy/opt/gz_common_vendor/lib:/opt/ros/jazzy/opt/gz_math_vendor/lib:/opt/ros/jazzy/opt/gz_utils_vendor/lib:/opt/ros/jazzy/opt/gz_tools_vendor/lib:/opt/ros/jazzy/opt/gz_ogre_next_vendor/lib:/opt/ros/jazzy/opt/gz_dartsim_vendor/lib:/opt/ros/jazzy/opt/gz_cmake_vendor/lib:/opt/ros/jazzy/lib', 'HOME': '/home/vboxuser', 'OLDPWD': '/home/vboxuser/bumperbot_ws', 'DESKTOP_SESSION': 'ubuntu', 'GIO_LAUNCHED_DESKTOP_FILE': '/usr/share/applications/terminator.desktop', 'ROS_PYTHON_VERSION': '3', 'GNOME_SHELL_SESSION_MODE': 'ubuntu', 'GTK_MODULES': 'gail:atk-bridge', 'MANAGERPID': '1821', 'SYSTEMD_EXEC_PID': '2065', 'GSM_SKIP_SSH_AGENT_WORKAROUND': 'true', 'DBUS_SESSION_BUS_ADDRESS': 'unix:path=/run/user/1000/bus', 'COLORTERM': 'truecolor', 'TERMINATOR_DBUS_NAME': 'net.tenshu.Terminator25ef4b219e3b005583550f2b0f9f990c3', 'GIO_LAUNCHED_DESKTOP_FILE_PID': '5942', 'DEBUGINFOD_URLS': 'https://debuginfod.ubuntu.com', 'IM_CONFIG_PHASE': '1', 'WAYLAND_DISPLAY': 'wayland-0', 'ROS_DISTRO': 'jazzy', 'LOGNAME': 'vboxuser', 'JOURNAL_STREAM': '9:15131', '_': '/usr/bin/colcon', 'ROS_VERSION': '2', 'MEMORY_PRESSURE_WATCH': '/sys/fs/cgroup/user.slice/user-1000.slice/user@1000.service/session.slice/org.gnome.Shell@wayland.service/memory.pressure', 'XDG_SESSION_CLASS': 'user', 'USERNAME': 'vboxuser', 'TERM': 'xterm-256color', 'GNOME_DESKTOP_SESSION_ID': 'this-is-deprecated', 'PATH': '/opt/ros/jazzy/opt/gz_msgs_vendor/bin:/opt/ros/jazzy/opt/gz_tools_vendor/bin:/opt/ros/jazzy/opt/gz_ogre_next_vendor/bin:/opt/ros/jazzy/bin:/home/vboxuser/.local/bin:/usr/local/sbin:/usr/local/bin:/usr/sbin:/usr/bin:/sbin:/bin:/usr/games:/usr/local/games:/snap/bin:/snap/bin', 'SESSION_MANAGER': 'local/Robotproj:@/tmp/.ICE-unix/2021,unix/Robotproj:/tmp/.ICE-unix/2021', 'INVOCATION_ID': '0a4448d9e3fa415eb657cec0bbe459f4', 'XDG_MENU_PREFIX': 'gnome-', 'GNOME_SETUP_DISPLAY': ':1', 'XDG_RUNTIME_DIR': '/run/user/1000', 'DISPLAY': ':0', 'TERMINATOR_DBUS_PATH': '/net/tenshu/Terminator2', 'LANG': 'en_US.UTF-8', 'XDG_CURRENT_DESKTOP': 'ubuntu:GNOME', 'XMODIFIERS': '@im=ibus', 'XDG_SESSION_DESKTOP': 'ubuntu', 'XAUTHORITY': '/run/user/1000/.mutter-Xwaylandauth.N2SBM3', 'LS_COLORS': 'rs=0:di=01;34:ln=01;36:mh=00:pi=40;33:so=01;35:do=01;35:bd=40;33;01:cd=40;33;01:or=40;31;01:mi=00:su=37;41:sg=30;43:ca=00:tw=30;42:ow=34;42:st=37;44:ex=01;32:*.tar=01;31:*.tgz=01;31:*.arc=01;31:*.arj=01;31:*.taz=01;31:*.lha=01;31:*.lz4=01;31:*.lzh=01;31:*.lzma=01;31:*.tlz=01;31:*.txz=01;31:*.tzo=01;31:*.t7z=01;31:*.zip=01;31:*.z=01;31:*.dz=01;31:*.gz=01;31:*.lrz=01;31:*.lz=01;31:*.lzo=01;31:*.xz=01;31:*.zst=01;31:*.tzst=01;31:*.bz2=01;31:*.bz=01;31:*.tbz=01;31:*.tbz2=01;31:*.tz=01;31:*.deb=01;31:*.rpm=01;31:*.jar=01;31:*.war=01;31:*.ear=01;31:*.sar=01;31:*.rar=01;31:*.alz=01;31:*.ace=01;31:*.zoo=01;31:*.cpio=01;31:*.7z=01;31:*.rz=01;31:*.cab=01;31:*.wim=01;31:*.swm=01;31:*.dwm=01;31:*.esd=01;31:*.avif=01;35:*.jpg=01;35:*.jpeg=01;35:*.mjpg=01;35:*.mjpeg=01;35:*.gif=01;35:*.bmp=01;35:*.pbm=01;35:*.pgm=01;35:*.ppm=01;35:*.tga=01;35:*.xbm=01;35:*.xpm=01;35:*.tif=01;35:*.tiff=01;35:*.png=01;35:*.svg=01;35:*.svgz=01;35:*.mng=01;35:*.pcx=01;35:*.mov=01;35:*.mpg=01;35:*.mpeg=01;35:*.m2v=01;35:*.mkv=01;35:*.webm=01;35:*.webp=01;35:*.ogm=01;35:*.mp4=01;35:*.m4v=01;35:*.mp4v=01;35:*.vob=01;35:*.qt=01;35:*.nuv=01;35:*.wmv=01;35:*.asf=01;35:*.rm=01;35:*.rmvb=01;35:*.flc=01;35:*.avi=01;35:*.fli=01;35:*.flv=01;35:*.gl=01;35:*.dl=01;35:*.xcf=01;35:*.xwd=01;35:*.yuv=01;35:*.cgm=01;35:*.emf=01;35:*.ogv=01;35:*.ogx=01;35:*.aac=00;36:*.au=00;36:*.flac=00;36:*.m4a=00;36:*.mid=00;36:*.midi=00;36:*.mka=00;36:*.mp3=00;36:*.mpc=00;36:*.ogg=00;36:*.ra=00;36:*.wav=00;36:*.oga=00;36:*.opus=00;36:*.spx=00;36:*.xspf=00;36:*~=00;90:*#=00;90:*.bak=00;90:*.crdownload=00;90:*.dpkg-dist=00;90:*.dpkg-new=00;90:*.dpkg-old=00;90:*.dpkg-tmp=00;90:*.old=00;90:*.orig=00;90:*.part=00;90:*.rej=00;90:*.rpmnew=00;90:*.rpmorig=00;90:*.rpmsave=00;90:*.swp=00;90:*.tmp=00;90:*.ucf-dist=00;90:*.ucf-new=00;90:*.ucf-old=00;90:', 'SSH_AUTH_SOCK': '/run/user/1000/keyring/ssh', 'AMENT_PREFIX_PATH': '/opt/ros/jazzy', 'SHELL': '/bin/bash', 'TERMINATOR_UUID': 'urn:uuid:275a140c-1165-495c-b537-22585f08cb7b', 'QT_ACCESSIBILITY': '1', 'GDMSESSION': 'ubuntu', 'LESSCLOSE': '/usr/bin/lesspipe %s %s', 'GJS_DEBUG_OUTPUT': 'stderr', 'ROS_AUTOMATIC_DISCOVERY_RANGE': 'SUBNET', 'QT_IM_MODULE': 'ibus', 'PWD': '/home/vboxuser/bumperbot_ws/build/bumperbot_controller', 'LC_ALL': 'en_US.UTF-8', 'XDG_CONFIG_DIRS': '/etc/xdg/xdg-ubuntu:/etc/xdg', 'XDG_DATA_DIRS': '/usr/share/ubuntu:/usr/share/gnome:/usr/local/share/:/usr/share/:/var/lib/snapd/desktop', 'PYTHONPATH': '/opt/ros/jazzy/lib/python3.12/site-packages', 'COLCON': '1', 'MEMORY_PRESSURE_WRITE': 'c29tZSAyMDAwMDAgMjAwMDAwMAA=', 'VTE_VERSION': '7600', 'CMAKE_PREFIX_PATH': '/opt/ros/jazzy/opt/gz_sim_vendor:/opt/ros/jazzy/opt/gz_sensors_vendor:/opt/ros/jazzy/opt/gz_physics_vendor:/opt/ros/jazzy/opt/sdformat_vendor:/opt/ros/jazzy/opt/gz_gui_vendor:/opt/ros/jazzy/opt/gz_transport_vendor:/opt/ros/jazzy/opt/gz_rendering_vendor:/opt/ros/jazzy/opt/gz_plugin_vendor:/opt/ros/jazzy/opt/gz_fuel_tools_vendor:/opt/ros/jazzy/opt/gz_msgs_vendor:/opt/ros/jazzy/opt/gz_common_vendor:/opt/ros/jazzy/opt/gz_math_vendor:/opt/ros/jazzy/opt/gz_utils_vendor:/opt/ros/jazzy/opt/gz_tools_vendor:/opt/ros/jazzy/opt/gz_ogre_next_vendor:/opt/ros/jazzy/opt/gz_dartsim_vendor:/opt/ros/jazzy/opt/gz_cmake_vendor:/opt/ros/jazzy'}), 'shell': False}
[1.215663] (-) TimerEvent: {}
[1.290952] (bumperbot_controller) StdoutLine: {'line': b'[ 33%] Built target simple_controller\n'}
[1.320375] (-) TimerEvent: {}
[1.334517] (bumperbot_controller) StdoutLine: {'line': b'[ 66%] Built target noisy_controller\n'}
[1.376024] (bumperbot_controller) StdoutLine: {'line': b'[100%] Built target twist_relay\n'}
[1.409224] (bumperbot_controller) StdoutLine: {'line': b'[100%] Built target ament_cmake_python_copy_bumperbot_controller\n'}
[1.420445] (-) TimerEvent: {}
[1.520658] (-) TimerEvent: {}
[1.578926] (bumperbot_controller) StdoutLine: {'line': b'running egg_info\n'}
[1.591988] (bumperbot_controller) StdoutLine: {'line': b'writing bumperbot_controller.egg-info/PKG-INFO\n'}
[1.592200] (bumperbot_controller) StdoutLine: {'line': b'writing dependency_links to bumperbot_controller.egg-info/dependency_links.txt\n'}
[1.592746] (bumperbot_controller) StdoutLine: {'line': b'writing top-level names to bumperbot_controller.egg-info/top_level.txt\n'}
[1.622477] (-) TimerEvent: {}
[1.640751] (bumperbot_controller) StdoutLine: {'line': b"reading manifest file 'bumperbot_controller.egg-info/SOURCES.txt'\n"}
[1.643082] (bumperbot_controller) StdoutLine: {'line': b"writing manifest file 'bumperbot_controller.egg-info/SOURCES.txt'\n"}
[1.666976] (bumperbot_controller) StdoutLine: {'line': b'[100%] Built target ament_cmake_python_build_bumperbot_controller_egg\n'}
[1.676528] (bumperbot_controller) CommandEnded: {'returncode': 0}
[1.679628] (bumperbot_controller) JobProgress: {'identifier': 'bumperbot_controller', 'progress': 'install'}
[1.679903] (bumperbot_controller) Command: {'cmd': ['/usr/bin/cmake', '--install', '/home/vboxuser/bumperbot_ws/build/bumperbot_controller'], 'cwd': '/home/vboxuser/bumperbot_ws/build/bumperbot_controller', 'env': OrderedDict({'GJS_DEBUG_TOPICS': 'JS ERROR;JS LOG', 'XDG_ACTIVATION_TOKEN': 'gnome-shell/Terminator/2065-4-Robotproj_TIME1107825', 'LESSOPEN': '| /usr/bin/lesspipe %s', 'USER': 'vboxuser', 'GZ_CONFIG_PATH': '/opt/ros/jazzy/opt/gz_sim_vendor/share/gz:/opt/ros/jazzy/opt/sdformat_vendor/share/gz:/opt/ros/jazzy/opt/gz_gui_vendor/share/gz:/opt/ros/jazzy/opt/gz_transport_vendor/share/gz:/opt/ros/jazzy/opt/gz_rendering_vendor/share/gz:/opt/ros/jazzy/opt/gz_plugin_vendor/share/gz:/opt/ros/jazzy/opt/gz_fuel_tools_vendor/share/gz:/opt/ros/jazzy/opt/gz_msgs_vendor/share/gz:/opt/ros/jazzy/opt/gz_common_vendor/share/gz', 'XDG_SESSION_TYPE': 'wayland', 'CLUTTER_DISABLE_MIPMAPPED_TEXT': '1', 'SHLVL': '1', 'LD_LIBRARY_PATH': '/opt/ros/jazzy/opt/gz_sim_vendor/lib:/opt/ros/jazzy/opt/gz_sensors_vendor/lib:/opt/ros/jazzy/opt/gz_physics_vendor/lib:/opt/ros/jazzy/opt/sdformat_vendor/lib:/opt/ros/jazzy/opt/rviz_ogre_vendor/lib:/opt/ros/jazzy/lib/x86_64-linux-gnu:/opt/ros/jazzy/opt/gz_gui_vendor/lib:/opt/ros/jazzy/opt/gz_transport_vendor/lib:/opt/ros/jazzy/opt/gz_rendering_vendor/lib:/opt/ros/jazzy/opt/gz_plugin_vendor/lib:/opt/ros/jazzy/opt/gz_fuel_tools_vendor/lib:/opt/ros/jazzy/opt/gz_msgs_vendor/lib:/opt/ros/jazzy/opt/gz_common_vendor/lib:/opt/ros/jazzy/opt/gz_math_vendor/lib:/opt/ros/jazzy/opt/gz_utils_vendor/lib:/opt/ros/jazzy/opt/gz_tools_vendor/lib:/opt/ros/jazzy/opt/gz_ogre_next_vendor/lib:/opt/ros/jazzy/opt/gz_dartsim_vendor/lib:/opt/ros/jazzy/opt/gz_cmake_vendor/lib:/opt/ros/jazzy/lib', 'HOME': '/home/vboxuser', 'OLDPWD': '/home/vboxuser/bumperbot_ws', 'DESKTOP_SESSION': 'ubuntu', 'GIO_LAUNCHED_DESKTOP_FILE': '/usr/share/applications/terminator.desktop', 'ROS_PYTHON_VERSION': '3', 'GNOME_SHELL_SESSION_MODE': 'ubuntu', 'GTK_MODULES': 'gail:atk-bridge', 'MANAGERPID': '1821', 'SYSTEMD_EXEC_PID': '2065', 'GSM_SKIP_SSH_AGENT_WORKAROUND': 'true', 'DBUS_SESSION_BUS_ADDRESS': 'unix:path=/run/user/1000/bus', 'COLORTERM': 'truecolor', 'TERMINATOR_DBUS_NAME': 'net.tenshu.Terminator25ef4b219e3b005583550f2b0f9f990c3', 'GIO_LAUNCHED_DESKTOP_FILE_PID': '5942', 'DEBUGINFOD_URLS': 'https://debuginfod.ubuntu.com', 'IM_CONFIG_PHASE': '1', 'WAYLAND_DISPLAY': 'wayland-0', 'ROS_DISTRO': 'jazzy', 'LOGNAME': 'vboxuser', 'JOURNAL_STREAM': '9:15131', '_': '/usr/bin/colcon', 'ROS_VERSION': '2', 'MEMORY_PRESSURE_WATCH': '/sys/fs/cgroup/user.slice/user-1000.slice/user@1000.service/session.slice/org.gnome.Shell@wayland.service/memory.pressure', 'XDG_SESSION_CLASS': 'user', 'USERNAME': 'vboxuser', 'TERM': 'xterm-256color', 'GNOME_DESKTOP_SESSION_ID': 'this-is-deprecated', 'PATH': '/opt/ros/jazzy/opt/gz_msgs_vendor/bin:/opt/ros/jazzy/opt/gz_tools_vendor/bin:/opt/ros/jazzy/opt/gz_ogre_next_vendor/bin:/opt/ros/jazzy/bin:/home/vboxuser/.local/bin:/usr/local/sbin:/usr/local/bin:/usr/sbin:/usr/bin:/sbin:/bin:/usr/games:/usr/local/games:/snap/bin:/snap/bin', 'SESSION_MANAGER': 'local/Robotproj:@/tmp/.ICE-unix/2021,unix/Robotproj:/tmp/.ICE-unix/2021', 'INVOCATION_ID': '0a4448d9e3fa415eb657cec0bbe459f4', 'XDG_MENU_PREFIX': 'gnome-', 'GNOME_SETUP_DISPLAY': ':1', 'XDG_RUNTIME_DIR': '/run/user/1000', 'DISPLAY': ':0', 'TERMINATOR_DBUS_PATH': '/net/tenshu/Terminator2', 'LANG': 'en_US.UTF-8', 'XDG_CURRENT_DESKTOP': 'ubuntu:GNOME', 'XMODIFIERS': '@im=ibus', 'XDG_SESSION_DESKTOP': 'ubuntu', 'XAUTHORITY': '/run/user/1000/.mutter-Xwaylandauth.N2SBM3', 'LS_COLORS': 'rs=0:di=01;34:ln=01;36:mh=00:pi=40;33:so=01;35:do=01;35:bd=40;33;01:cd=40;33;01:or=40;31;01:mi=00:su=37;41:sg=30;43:ca=00:tw=30;42:ow=34;42:st=37;44:ex=01;32:*.tar=01;31:*.tgz=01;31:*.arc=01;31:*.arj=01;31:*.taz=01;31:*.lha=01;31:*.lz4=01;31:*.lzh=01;31:*.lzma=01;31:*.tlz=01;31:*.txz=01;31:*.tzo=01;31:*.t7z=01;31:*.zip=01;31:*.z=01;31:*.dz=01;31:*.gz=01;31:*.lrz=01;31:*.lz=01;31:*.lzo=01;31:*.xz=01;31:*.zst=01;31:*.tzst=01;31:*.bz2=01;31:*.bz=01;31:*.tbz=01;31:*.tbz2=01;31:*.tz=01;31:*.deb=01;31:*.rpm=01;31:*.jar=01;31:*.war=01;31:*.ear=01;31:*.sar=01;31:*.rar=01;31:*.alz=01;31:*.ace=01;31:*.zoo=01;31:*.cpio=01;31:*.7z=01;31:*.rz=01;31:*.cab=01;31:*.wim=01;31:*.swm=01;31:*.dwm=01;31:*.esd=01;31:*.avif=01;35:*.jpg=01;35:*.jpeg=01;35:*.mjpg=01;35:*.mjpeg=01;35:*.gif=01;35:*.bmp=01;35:*.pbm=01;35:*.pgm=01;35:*.ppm=01;35:*.tga=01;35:*.xbm=01;35:*.xpm=01;35:*.tif=01;35:*.tiff=01;35:*.png=01;35:*.svg=01;35:*.svgz=01;35:*.mng=01;35:*.pcx=01;35:*.mov=01;35:*.mpg=01;35:*.mpeg=01;35:*.m2v=01;35:*.mkv=01;35:*.webm=01;35:*.webp=01;35:*.ogm=01;35:*.mp4=01;35:*.m4v=01;35:*.mp4v=01;35:*.vob=01;35:*.qt=01;35:*.nuv=01;35:*.wmv=01;35:*.asf=01;35:*.rm=01;35:*.rmvb=01;35:*.flc=01;35:*.avi=01;35:*.fli=01;35:*.flv=01;35:*.gl=01;35:*.dl=01;35:*.xcf=01;35:*.xwd=01;35:*.yuv=01;35:*.cgm=01;35:*.emf=01;35:*.ogv=01;35:*.ogx=01;35:*.aac=00;36:*.au=00;36:*.flac=00;36:*.m4a=00;36:*.mid=00;36:*.midi=00;36:*.mka=00;36:*.mp3=00;36:*.mpc=00;36:*.ogg=00;36:*.ra=00;36:*.wav=00;36:*.oga=00;36:*.opus=00;36:*.spx=00;36:*.xspf=00;36:*~=00;90:*#=00;90:*.bak=00;90:*.crdownload=00;90:*.dpkg-dist=00;90:*.dpkg-new=00;90:*.dpkg-old=00;90:*.dpkg-tmp=00;90:*.old=00;90:*.orig=00;90:*.part=00;90:*.rej=00;90:*.rpmnew=00;90:*.rpmorig=00;90:*.rpmsave=00;90:*.swp=00;90:*.tmp=00;90:*.ucf-dist=00;90:*.ucf-new=00;90:*.ucf-old=00;90:', 'SSH_AUTH_SOCK': '/run/user/1000/keyring/ssh', 'AMENT_PREFIX_PATH': '/opt/ros/jazzy', 'SHELL': '/bin/bash', 'TERMINATOR_UUID': 'urn:uuid:275a140c-1165-495c-b537-22585f08cb7b', 'QT_ACCESSIBILITY': '1', 'GDMSESSION': 'ubuntu', 'LESSCLOSE': '/usr/bin/lesspipe %s %s', 'GJS_DEBUG_OUTPUT': 'stderr', 'ROS_AUTOMATIC_DISCOVERY_RANGE': 'SUBNET', 'QT_IM_MODULE': 'ibus', 'PWD': '/home/vboxuser/bumperbot_ws/build/bumperbot_controller', 'LC_ALL': 'en_US.UTF-8', 'XDG_CONFIG_DIRS': '/etc/xdg/xdg-ubuntu:/etc/xdg', 'XDG_DATA_DIRS': '/usr/share/ubuntu:/usr/share/gnome:/usr/local/share/:/usr/share/:/var/lib/snapd/desktop', 'PYTHONPATH': '/opt/ros/jazzy/lib/python3.12/site-packages', 'COLCON': '1', 'MEMORY_PRESSURE_WRITE': 'c29tZSAyMDAwMDAgMjAwMDAwMAA=', 'VTE_VERSION': '7600', 'CMAKE_PREFIX_PATH': '/opt/ros/jazzy/opt/gz_sim_vendor:/opt/ros/jazzy/opt/gz_sensors_vendor:/opt/ros/jazzy/opt/gz_physics_vendor:/opt/ros/jazzy/opt/sdformat_vendor:/opt/ros/jazzy/opt/gz_gui_vendor:/opt/ros/jazzy/opt/gz_transport_vendor:/opt/ros/jazzy/opt/gz_rendering_vendor:/opt/ros/jazzy/opt/gz_plugin_vendor:/opt/ros/jazzy/opt/gz_fuel_tools_vendor:/opt/ros/jazzy/opt/gz_msgs_vendor:/opt/ros/jazzy/opt/gz_common_vendor:/opt/ros/jazzy/opt/gz_math_vendor:/opt/ros/jazzy/opt/gz_utils_vendor:/opt/ros/jazzy/opt/gz_tools_vendor:/opt/ros/jazzy/opt/gz_ogre_next_vendor:/opt/ros/jazzy/opt/gz_dartsim_vendor:/opt/ros/jazzy/opt/gz_cmake_vendor:/opt/ros/jazzy'}), 'shell': False}
[1.689177] (bumperbot_controller) StdoutLine: {'line': b'-- Install configuration: ""\n'}
[1.691763] (bumperbot_controller) StdoutLine: {'line': b'-- Up-to-date: /home/vboxuser/bumperbot_ws/install/bumperbot_controller/share/bumperbot_controller/environment/pythonpath.sh\n'}
[1.691921] (bumperbot_controller) StdoutLine: {'line': b'-- Up-to-date: /home/vboxuser/bumperbot_ws/install/bumperbot_controller/share/bumperbot_controller/environment/pythonpath.dsv\n'}
[1.692640] (bumperbot_controller) StdoutLine: {'line': b'-- Up-to-date: /home/vboxuser/bumperbot_ws/install/bumperbot_controller/lib/python3.12/site-packages/bumperbot_controller-0.0.0-py3.12.egg-info\n'}
[1.693301] (bumperbot_controller) StdoutLine: {'line': b'-- Installing: /home/vboxuser/bumperbot_ws/install/bumperbot_controller/lib/python3.12/site-packages/bumperbot_controller-0.0.0-py3.12.egg-info/dependency_links.txt\n'}
[1.693527] (bumperbot_controller) StdoutLine: {'line': b'-- Installing: /home/vboxuser/bumperbot_ws/install/bumperbot_controller/lib/python3.12/site-packages/bumperbot_controller-0.0.0-py3.12.egg-info/PKG-INFO\n'}
[1.693678] (bumperbot_controller) StdoutLine: {'line': b'-- Installing: /home/vboxuser/bumperbot_ws/install/bumperbot_controller/lib/python3.12/site-packages/bumperbot_controller-0.0.0-py3.12.egg-info/SOURCES.txt\n'}
[1.693795] (bumperbot_controller) StdoutLine: {'line': b'-- Installing: /home/vboxuser/bumperbot_ws/install/bumperbot_controller/lib/python3.12/site-packages/bumperbot_controller-0.0.0-py3.12.egg-info/top_level.txt\n'}
[1.693950] (bumperbot_controller) StdoutLine: {'line': b'-- Up-to-date: /home/vboxuser/bumperbot_ws/install/bumperbot_controller/lib/python3.12/site-packages/bumperbot_controller\n'}
[1.694518] (bumperbot_controller) StdoutLine: {'line': b'-- Up-to-date: /home/vboxuser/bumperbot_ws/install/bumperbot_controller/lib/python3.12/site-packages/bumperbot_controller/__init__.py\n'}
[1.694618] (bumperbot_controller) StdoutLine: {'line': b'-- Up-to-date: /home/vboxuser/bumperbot_ws/install/bumperbot_controller/lib/python3.12/site-packages/bumperbot_controller/noisy_controller.py\n'}
[1.694686] (bumperbot_controller) StdoutLine: {'line': b'-- Up-to-date: /home/vboxuser/bumperbot_ws/install/bumperbot_controller/lib/python3.12/site-packages/bumperbot_controller/simple_controller.py\n'}
[1.694773] (bumperbot_controller) StdoutLine: {'line': b'-- Up-to-date: /home/vboxuser/bumperbot_ws/install/bumperbot_controller/lib/python3.12/site-packages/bumperbot_controller/twist_relay.py\n'}
[1.722764] (-) TimerEvent: {}
[1.744525] (bumperbot_controller) StdoutLine: {'line': b"Listing '/home/vboxuser/bumperbot_ws/install/bumperbot_controller/lib/python3.12/site-packages/bumperbot_controller'...\n"}
[1.748627] (bumperbot_controller) StdoutLine: {'line': b'-- Up-to-date: /home/vboxuser/bumperbot_ws/install/bumperbot_controller/include/include\n'}
[1.749401] (bumperbot_controller) StdoutLine: {'line': b'-- Up-to-date: /home/vboxuser/bumperbot_ws/install/bumperbot_controller/include/include/bumperbot_controller\n'}
[1.749961] (bumperbot_controller) StdoutLine: {'line': b'-- Up-to-date: /home/vboxuser/bumperbot_ws/install/bumperbot_controller/include/include/bumperbot_controller/noisy_controller.hpp\n'}
[1.750077] (bumperbot_controller) StdoutLine: {'line': b'-- Up-to-date: /home/vboxuser/bumperbot_ws/install/bumperbot_controller/include/include/bumperbot_controller/simple_controller.hpp\n'}
[1.751652] (bumperbot_controller) StdoutLine: {'line': b'-- Up-to-date: /home/vboxuser/bumperbot_ws/install/bumperbot_controller/lib/bumperbot_controller/simple_controller\n'}
[1.752107] (bumperbot_controller) StdoutLine: {'line': b'-- Up-to-date: /home/vboxuser/bumperbot_ws/install/bumperbot_controller/lib/bumperbot_controller/noisy_controller\n'}
[1.752188] (bumperbot_controller) StdoutLine: {'line': b'-- Up-to-date: /home/vboxuser/bumperbot_ws/install/bumperbot_controller/lib/bumperbot_controller/twist_relay\n'}
[1.752375] (bumperbot_controller) StdoutLine: {'line': b'-- Up-to-date: /home/vboxuser/bumperbot_ws/install/bumperbot_controller/share/bumperbot_controller/launch\n'}
[1.753130] (bumperbot_controller) StdoutLine: {'line': b'-- Up-to-date: /home/vboxuser/bumperbot_ws/install/bumperbot_controller/share/bumperbot_controller/launch/joystick_teleop.launch.py\n'}
[1.753230] (bumperbot_controller) StdoutLine: {'line': b'-- Up-to-date: /home/vboxuser/bumperbot_ws/install/bumperbot_controller/share/bumperbot_controller/launch/controller.launch.py\n'}
[1.753308] (bumperbot_controller) StdoutLine: {'line': b'-- Up-to-date: /home/vboxuser/bumperbot_ws/install/bumperbot_controller/share/bumperbot_controller/config\n'}
[1.753995] (bumperbot_controller) StdoutLine: {'line': b'-- Up-to-date: /home/vboxuser/bumperbot_ws/install/bumperbot_controller/share/bumperbot_controller/config/bumperbot_controllers.yaml\n'}
[1.754100] (bumperbot_controller) StdoutLine: {'line': b'-- Up-to-date: /home/vboxuser/bumperbot_ws/install/bumperbot_controller/share/bumperbot_controller/config/twist_mux_joy.yaml\n'}
[1.754172] (bumperbot_controller) StdoutLine: {'line': b'-- Up-to-date: /home/vboxuser/bumperbot_ws/install/bumperbot_controller/share/bumperbot_controller/config/joy_config.yaml\n'}
[1.754260] (bumperbot_controller) StdoutLine: {'line': b'-- Up-to-date: /home/vboxuser/bumperbot_ws/install/bumperbot_controller/share/bumperbot_controller/config/twist_mux_topics.yaml\n'}
[1.754375] (bumperbot_controller) StdoutLine: {'line': b'-- Up-to-date: /home/vboxuser/bumperbot_ws/install/bumperbot_controller/share/bumperbot_controller/config/joy_teleop.yaml\n'}
[1.754414] (bumperbot_controller) StdoutLine: {'line': b'-- Up-to-date: /home/vboxuser/bumperbot_ws/install/bumperbot_controller/share/bumperbot_controller/config/twist_mux_locks.yaml\n'}
[1.754835] (bumperbot_controller) StdoutLine: {'line': b'-- Up-to-date: /home/vboxuser/bumperbot_ws/install/bumperbot_controller/lib/bumperbot_controller/simple_controller.py\n'}
[1.754894] (bumperbot_controller) StdoutLine: {'line': b'-- Up-to-date: /home/vboxuser/bumperbot_ws/install/bumperbot_controller/lib/bumperbot_controller/noisy_controller.py\n'}
[1.754926] (bumperbot_controller) StdoutLine: {'line': b'-- Up-to-date: /home/vboxuser/bumperbot_ws/install/bumperbot_controller/lib/bumperbot_controller/twist_relay.py\n'}
[1.755742] (bumperbot_controller) StdoutLine: {'line': b'-- Up-to-date: /home/vboxuser/bumperbot_ws/install/bumperbot_controller/share/ament_index/resource_index/package_run_dependencies/bumperbot_controller\n'}
[1.756931] (bumperbot_controller) StdoutLine: {'line': b'-- Up-to-date: /home/vboxuser/bumperbot_ws/install/bumperbot_controller/share/ament_index/resource_index/parent_prefix_path/bumperbot_controller\n'}
[1.757055] (bumperbot_controller) StdoutLine: {'line': b'-- Up-to-date: /home/vboxuser/bumperbot_ws/install/bumperbot_controller/share/bumperbot_controller/environment/ament_prefix_path.sh\n'}
[1.757404] (bumperbot_controller) StdoutLine: {'line': b'-- Up-to-date: /home/vboxuser/bumperbot_ws/install/bumperbot_controller/share/bumperbot_controller/environment/ament_prefix_path.dsv\n'}
[1.757472] (bumperbot_controller) StdoutLine: {'line': b'-- Up-to-date: /home/vboxuser/bumperbot_ws/install/bumperbot_controller/share/bumperbot_controller/environment/path.sh\n'}
[1.758180] (bumperbot_controller) StdoutLine: {'line': b'-- Up-to-date: /home/vboxuser/bumperbot_ws/install/bumperbot_controller/share/bumperbot_controller/environment/path.dsv\n'}
[1.758240] (bumperbot_controller) StdoutLine: {'line': b'-- Up-to-date: /home/vboxuser/bumperbot_ws/install/bumperbot_controller/share/bumperbot_controller/local_setup.bash\n'}
[1.758645] (bumperbot_controller) StdoutLine: {'line': b'-- Up-to-date: /home/vboxuser/bumperbot_ws/install/bumperbot_controller/share/bumperbot_controller/local_setup.sh\n'}
[1.758680] (bumperbot_controller) StdoutLine: {'line': b'-- Up-to-date: /home/vboxuser/bumperbot_ws/install/bumperbot_controller/share/bumperbot_controller/local_setup.zsh\n'}
[1.758710] (bumperbot_controller) StdoutLine: {'line': b'-- Up-to-date: /home/vboxuser/bumperbot_ws/install/bumperbot_controller/share/bumperbot_controller/local_setup.dsv\n'}
[1.759054] (bumperbot_controller) StdoutLine: {'line': b'-- Installing: /home/vboxuser/bumperbot_ws/install/bumperbot_controller/share/bumperbot_controller/package.dsv\n'}
[1.759113] (bumperbot_controller) StdoutLine: {'line': b'-- Up-to-date: /home/vboxuser/bumperbot_ws/install/bumperbot_controller/share/ament_index/resource_index/packages/bumperbot_controller\n'}
[1.759528] (bumperbot_controller) StdoutLine: {'line': b'-- Up-to-date: /home/vboxuser/bumperbot_ws/install/bumperbot_controller/share/bumperbot_controller/cmake/bumperbot_controllerConfig.cmake\n'}
[1.759627] (bumperbot_controller) StdoutLine: {'line': b'-- Up-to-date: /home/vboxuser/bumperbot_ws/install/bumperbot_controller/share/bumperbot_controller/cmake/bumperbot_controllerConfig-version.cmake\n'}
[1.759718] (bumperbot_controller) StdoutLine: {'line': b'-- Up-to-date: /home/vboxuser/bumperbot_ws/install/bumperbot_controller/share/bumperbot_controller/package.xml\n'}
[1.761322] (bumperbot_controller) CommandEnded: {'returncode': 0}
[1.778556] (bumperbot_controller) JobEnded: {'identifier': 'bumperbot_controller', 'rc': 0}
[1.780284] (bumperbot_description) JobStarted: {'identifier': 'bumperbot_description'}
[1.794891] (bumperbot_description) JobProgress: {'identifier': 'bumperbot_description', 'progress': 'cmake'}
[1.809722] (bumperbot_description) JobProgress: {'identifier': 'bumperbot_description', 'progress': 'build'}
[1.810068] (bumperbot_description) Command: {'cmd': ['/usr/bin/cmake', '--build', '/home/vboxuser/bumperbot_ws/build/bumperbot_description', '--', '-j1', '-l1'], 'cwd': '/home/vboxuser/bumperbot_ws/build/bumperbot_description', 'env': OrderedDict({'GJS_DEBUG_TOPICS': 'JS ERROR;JS LOG', 'XDG_ACTIVATION_TOKEN': 'gnome-shell/Terminator/2065-4-Robotproj_TIME1107825', 'LESSOPEN': '| /usr/bin/lesspipe %s', 'USER': 'vboxuser', 'GZ_CONFIG_PATH': '/opt/ros/jazzy/opt/gz_sim_vendor/share/gz:/opt/ros/jazzy/opt/sdformat_vendor/share/gz:/opt/ros/jazzy/opt/gz_gui_vendor/share/gz:/opt/ros/jazzy/opt/gz_transport_vendor/share/gz:/opt/ros/jazzy/opt/gz_rendering_vendor/share/gz:/opt/ros/jazzy/opt/gz_plugin_vendor/share/gz:/opt/ros/jazzy/opt/gz_fuel_tools_vendor/share/gz:/opt/ros/jazzy/opt/gz_msgs_vendor/share/gz:/opt/ros/jazzy/opt/gz_common_vendor/share/gz', 'XDG_SESSION_TYPE': 'wayland', 'CLUTTER_DISABLE_MIPMAPPED_TEXT': '1', 'SHLVL': '1', 'LD_LIBRARY_PATH': '/opt/ros/jazzy/opt/gz_sim_vendor/lib:/opt/ros/jazzy/opt/gz_sensors_vendor/lib:/opt/ros/jazzy/opt/gz_physics_vendor/lib:/opt/ros/jazzy/opt/sdformat_vendor/lib:/opt/ros/jazzy/opt/rviz_ogre_vendor/lib:/opt/ros/jazzy/lib/x86_64-linux-gnu:/opt/ros/jazzy/opt/gz_gui_vendor/lib:/opt/ros/jazzy/opt/gz_transport_vendor/lib:/opt/ros/jazzy/opt/gz_rendering_vendor/lib:/opt/ros/jazzy/opt/gz_plugin_vendor/lib:/opt/ros/jazzy/opt/gz_fuel_tools_vendor/lib:/opt/ros/jazzy/opt/gz_msgs_vendor/lib:/opt/ros/jazzy/opt/gz_common_vendor/lib:/opt/ros/jazzy/opt/gz_math_vendor/lib:/opt/ros/jazzy/opt/gz_utils_vendor/lib:/opt/ros/jazzy/opt/gz_tools_vendor/lib:/opt/ros/jazzy/opt/gz_ogre_next_vendor/lib:/opt/ros/jazzy/opt/gz_dartsim_vendor/lib:/opt/ros/jazzy/opt/gz_cmake_vendor/lib:/opt/ros/jazzy/lib', 'HOME': '/home/vboxuser', 'OLDPWD': '/home/vboxuser/bumperbot_ws', 'DESKTOP_SESSION': 'ubuntu', 'GIO_LAUNCHED_DESKTOP_FILE': '/usr/share/applications/terminator.desktop', 'ROS_PYTHON_VERSION': '3', 'GNOME_SHELL_SESSION_MODE': 'ubuntu', 'GTK_MODULES': 'gail:atk-bridge', 'MANAGERPID': '1821', 'SYSTEMD_EXEC_PID': '2065', 'GSM_SKIP_SSH_AGENT_WORKAROUND': 'true', 'DBUS_SESSION_BUS_ADDRESS': 'unix:path=/run/user/1000/bus', 'COLORTERM': 'truecolor', 'TERMINATOR_DBUS_NAME': 'net.tenshu.Terminator25ef4b219e3b005583550f2b0f9f990c3', 'GIO_LAUNCHED_DESKTOP_FILE_PID': '5942', 'DEBUGINFOD_URLS': 'https://debuginfod.ubuntu.com', 'IM_CONFIG_PHASE': '1', 'WAYLAND_DISPLAY': 'wayland-0', 'ROS_DISTRO': 'jazzy', 'LOGNAME': 'vboxuser', 'JOURNAL_STREAM': '9:15131', '_': '/usr/bin/colcon', 'ROS_VERSION': '2', 'MEMORY_PRESSURE_WATCH': '/sys/fs/cgroup/user.slice/user-1000.slice/user@1000.service/session.slice/org.gnome.Shell@wayland.service/memory.pressure', 'XDG_SESSION_CLASS': 'user', 'USERNAME': 'vboxuser', 'TERM': 'xterm-256color', 'GNOME_DESKTOP_SESSION_ID': 'this-is-deprecated', 'PATH': '/opt/ros/jazzy/opt/gz_msgs_vendor/bin:/opt/ros/jazzy/opt/gz_tools_vendor/bin:/opt/ros/jazzy/opt/gz_ogre_next_vendor/bin:/opt/ros/jazzy/bin:/home/vboxuser/.local/bin:/usr/local/sbin:/usr/local/bin:/usr/sbin:/usr/bin:/sbin:/bin:/usr/games:/usr/local/games:/snap/bin:/snap/bin', 'SESSION_MANAGER': 'local/Robotproj:@/tmp/.ICE-unix/2021,unix/Robotproj:/tmp/.ICE-unix/2021', 'INVOCATION_ID': '0a4448d9e3fa415eb657cec0bbe459f4', 'XDG_MENU_PREFIX': 'gnome-', 'GNOME_SETUP_DISPLAY': ':1', 'XDG_RUNTIME_DIR': '/run/user/1000', 'DISPLAY': ':0', 'TERMINATOR_DBUS_PATH': '/net/tenshu/Terminator2', 'LANG': 'en_US.UTF-8', 'XDG_CURRENT_DESKTOP': 'ubuntu:GNOME', 'XMODIFIERS': '@im=ibus', 'XDG_SESSION_DESKTOP': 'ubuntu', 'XAUTHORITY': '/run/user/1000/.mutter-Xwaylandauth.N2SBM3', 'LS_COLORS': 'rs=0:di=01;34:ln=01;36:mh=00:pi=40;33:so=01;35:do=01;35:bd=40;33;01:cd=40;33;01:or=40;31;01:mi=00:su=37;41:sg=30;43:ca=00:tw=30;42:ow=34;42:st=37;44:ex=01;32:*.tar=01;31:*.tgz=01;31:*.arc=01;31:*.arj=01;31:*.taz=01;31:*.lha=01;31:*.lz4=01;31:*.lzh=01;31:*.lzma=01;31:*.tlz=01;31:*.txz=01;31:*.tzo=01;31:*.t7z=01;31:*.zip=01;31:*.z=01;31:*.dz=01;31:*.gz=01;31:*.lrz=01;31:*.lz=01;31:*.lzo=01;31:*.xz=01;31:*.zst=01;31:*.tzst=01;31:*.bz2=01;31:*.bz=01;31:*.tbz=01;31:*.tbz2=01;31:*.tz=01;31:*.deb=01;31:*.rpm=01;31:*.jar=01;31:*.war=01;31:*.ear=01;31:*.sar=01;31:*.rar=01;31:*.alz=01;31:*.ace=01;31:*.zoo=01;31:*.cpio=01;31:*.7z=01;31:*.rz=01;31:*.cab=01;31:*.wim=01;31:*.swm=01;31:*.dwm=01;31:*.esd=01;31:*.avif=01;35:*.jpg=01;35:*.jpeg=01;35:*.mjpg=01;35:*.mjpeg=01;35:*.gif=01;35:*.bmp=01;35:*.pbm=01;35:*.pgm=01;35:*.ppm=01;35:*.tga=01;35:*.xbm=01;35:*.xpm=01;35:*.tif=01;35:*.tiff=01;35:*.png=01;35:*.svg=01;35:*.svgz=01;35:*.mng=01;35:*.pcx=01;35:*.mov=01;35:*.mpg=01;35:*.mpeg=01;35:*.m2v=01;35:*.mkv=01;35:*.webm=01;35:*.webp=01;35:*.ogm=01;35:*.mp4=01;35:*.m4v=01;35:*.mp4v=01;35:*.vob=01;35:*.qt=01;35:*.nuv=01;35:*.wmv=01;35:*.asf=01;35:*.rm=01;35:*.rmvb=01;35:*.flc=01;35:*.avi=01;35:*.fli=01;35:*.flv=01;35:*.gl=01;35:*.dl=01;35:*.xcf=01;35:*.xwd=01;35:*.yuv=01;35:*.cgm=01;35:*.emf=01;35:*.ogv=01;35:*.ogx=01;35:*.aac=00;36:*.au=00;36:*.flac=00;36:*.m4a=00;36:*.mid=00;36:*.midi=00;36:*.mka=00;36:*.mp3=00;36:*.mpc=00;36:*.ogg=00;36:*.ra=00;36:*.wav=00;36:*.oga=00;36:*.opus=00;36:*.spx=00;36:*.xspf=00;36:*~=00;90:*#=00;90:*.bak=00;90:*.crdownload=00;90:*.dpkg-dist=00;90:*.dpkg-new=00;90:*.dpkg-old=00;90:*.dpkg-tmp=00;90:*.old=00;90:*.orig=00;90:*.part=00;90:*.rej=00;90:*.rpmnew=00;90:*.rpmorig=00;90:*.rpmsave=00;90:*.swp=00;90:*.tmp=00;90:*.ucf-dist=00;90:*.ucf-new=00;90:*.ucf-old=00;90:', 'SSH_AUTH_SOCK': '/run/user/1000/keyring/ssh', 'AMENT_PREFIX_PATH': '/opt/ros/jazzy', 'SHELL': '/bin/bash', 'TERMINATOR_UUID': 'urn:uuid:275a140c-1165-495c-b537-22585f08cb7b', 'QT_ACCESSIBILITY': '1', 'GDMSESSION': 'ubuntu', 'LESSCLOSE': '/usr/bin/lesspipe %s %s', 'GJS_DEBUG_OUTPUT': 'stderr', 'ROS_AUTOMATIC_DISCOVERY_RANGE': 'SUBNET', 'QT_IM_MODULE': 'ibus', 'PWD': '/home/vboxuser/bumperbot_ws/build/bumperbot_description', 'LC_ALL': 'en_US.UTF-8', 'XDG_CONFIG_DIRS': '/etc/xdg/xdg-ubuntu:/etc/xdg', 'XDG_DATA_DIRS': '/usr/share/ubuntu:/usr/share/gnome:/usr/local/share/:/usr/share/:/var/lib/snapd/desktop', 'PYTHONPATH': '/opt/ros/jazzy/lib/python3.12/site-packages', 'COLCON': '1', 'MEMORY_PRESSURE_WRITE': 'c29tZSAyMDAwMDAgMjAwMDAwMAA=', 'VTE_VERSION': '7600', 'CMAKE_PREFIX_PATH': '/opt/ros/jazzy/opt/gz_sim_vendor:/opt/ros/jazzy/opt/gz_sensors_vendor:/opt/ros/jazzy/opt/gz_physics_vendor:/opt/ros/jazzy/opt/sdformat_vendor:/opt/ros/jazzy/opt/gz_gui_vendor:/opt/ros/jazzy/opt/gz_transport_vendor:/opt/ros/jazzy/opt/gz_rendering_vendor:/opt/ros/jazzy/opt/gz_plugin_vendor:/opt/ros/jazzy/opt/gz_fuel_tools_vendor:/opt/ros/jazzy/opt/gz_msgs_vendor:/opt/ros/jazzy/opt/gz_common_vendor:/opt/ros/jazzy/opt/gz_math_vendor:/opt/ros/jazzy/opt/gz_utils_vendor:/opt/ros/jazzy/opt/gz_tools_vendor:/opt/ros/jazzy/opt/gz_ogre_next_vendor:/opt/ros/jazzy/opt/gz_dartsim_vendor:/opt/ros/jazzy/opt/gz_cmake_vendor:/opt/ros/jazzy'}), 'shell': False}
[1.826606] (-) TimerEvent: {}
[1.878514] (bumperbot_description) CommandEnded: {'returncode': 0}
[1.882385] (bumperbot_description) JobProgress: {'identifier': 'bumperbot_description', 'progress': 'install'}
[1.882417] (bumperbot_description) Command: {'cmd': ['/usr/bin/cmake', '--install', '/home/vboxuser/bumperbot_ws/build/bumperbot_description'], 'cwd': '/home/vboxuser/bumperbot_ws/build/bumperbot_description', 'env': OrderedDict({'GJS_DEBUG_TOPICS': 'JS ERROR;JS LOG', 'XDG_ACTIVATION_TOKEN': 'gnome-shell/Terminator/2065-4-Robotproj_TIME1107825', 'LESSOPEN': '| /usr/bin/lesspipe %s', 'USER': 'vboxuser', 'GZ_CONFIG_PATH': '/opt/ros/jazzy/opt/gz_sim_vendor/share/gz:/opt/ros/jazzy/opt/sdformat_vendor/share/gz:/opt/ros/jazzy/opt/gz_gui_vendor/share/gz:/opt/ros/jazzy/opt/gz_transport_vendor/share/gz:/opt/ros/jazzy/opt/gz_rendering_vendor/share/gz:/opt/ros/jazzy/opt/gz_plugin_vendor/share/gz:/opt/ros/jazzy/opt/gz_fuel_tools_vendor/share/gz:/opt/ros/jazzy/opt/gz_msgs_vendor/share/gz:/opt/ros/jazzy/opt/gz_common_vendor/share/gz', 'XDG_SESSION_TYPE': 'wayland', 'CLUTTER_DISABLE_MIPMAPPED_TEXT': '1', 'SHLVL': '1', 'LD_LIBRARY_PATH': '/opt/ros/jazzy/opt/gz_sim_vendor/lib:/opt/ros/jazzy/opt/gz_sensors_vendor/lib:/opt/ros/jazzy/opt/gz_physics_vendor/lib:/opt/ros/jazzy/opt/sdformat_vendor/lib:/opt/ros/jazzy/opt/rviz_ogre_vendor/lib:/opt/ros/jazzy/lib/x86_64-linux-gnu:/opt/ros/jazzy/opt/gz_gui_vendor/lib:/opt/ros/jazzy/opt/gz_transport_vendor/lib:/opt/ros/jazzy/opt/gz_rendering_vendor/lib:/opt/ros/jazzy/opt/gz_plugin_vendor/lib:/opt/ros/jazzy/opt/gz_fuel_tools_vendor/lib:/opt/ros/jazzy/opt/gz_msgs_vendor/lib:/opt/ros/jazzy/opt/gz_common_vendor/lib:/opt/ros/jazzy/opt/gz_math_vendor/lib:/opt/ros/jazzy/opt/gz_utils_vendor/lib:/opt/ros/jazzy/opt/gz_tools_vendor/lib:/opt/ros/jazzy/opt/gz_ogre_next_vendor/lib:/opt/ros/jazzy/opt/gz_dartsim_vendor/lib:/opt/ros/jazzy/opt/gz_cmake_vendor/lib:/opt/ros/jazzy/lib', 'HOME': '/home/vboxuser', 'OLDPWD': '/home/vboxuser/bumperbot_ws', 'DESKTOP_SESSION': 'ubuntu', 'GIO_LAUNCHED_DESKTOP_FILE': '/usr/share/applications/terminator.desktop', 'ROS_PYTHON_VERSION': '3', 'GNOME_SHELL_SESSION_MODE': 'ubuntu', 'GTK_MODULES': 'gail:atk-bridge', 'MANAGERPID': '1821', 'SYSTEMD_EXEC_PID': '2065', 'GSM_SKIP_SSH_AGENT_WORKAROUND': 'true', 'DBUS_SESSION_BUS_ADDRESS': 'unix:path=/run/user/1000/bus', 'COLORTERM': 'truecolor', 'TERMINATOR_DBUS_NAME': 'net.tenshu.Terminator25ef4b219e3b005583550f2b0f9f990c3', 'GIO_LAUNCHED_DESKTOP_FILE_PID': '5942', 'DEBUGINFOD_URLS': 'https://debuginfod.ubuntu.com', 'IM_CONFIG_PHASE': '1', 'WAYLAND_DISPLAY': 'wayland-0', 'ROS_DISTRO': 'jazzy', 'LOGNAME': 'vboxuser', 'JOURNAL_STREAM': '9:15131', '_': '/usr/bin/colcon', 'ROS_VERSION': '2', 'MEMORY_PRESSURE_WATCH': '/sys/fs/cgroup/user.slice/user-1000.slice/user@1000.service/session.slice/org.gnome.Shell@wayland.service/memory.pressure', 'XDG_SESSION_CLASS': 'user', 'USERNAME': 'vboxuser', 'TERM': 'xterm-256color', 'GNOME_DESKTOP_SESSION_ID': 'this-is-deprecated', 'PATH': '/opt/ros/jazzy/opt/gz_msgs_vendor/bin:/opt/ros/jazzy/opt/gz_tools_vendor/bin:/opt/ros/jazzy/opt/gz_ogre_next_vendor/bin:/opt/ros/jazzy/bin:/home/vboxuser/.local/bin:/usr/local/sbin:/usr/local/bin:/usr/sbin:/usr/bin:/sbin:/bin:/usr/games:/usr/local/games:/snap/bin:/snap/bin', 'SESSION_MANAGER': 'local/Robotproj:@/tmp/.ICE-unix/2021,unix/Robotproj:/tmp/.ICE-unix/2021', 'INVOCATION_ID': '0a4448d9e3fa415eb657cec0bbe459f4', 'XDG_MENU_PREFIX': 'gnome-', 'GNOME_SETUP_DISPLAY': ':1', 'XDG_RUNTIME_DIR': '/run/user/1000', 'DISPLAY': ':0', 'TERMINATOR_DBUS_PATH': '/net/tenshu/Terminator2', 'LANG': 'en_US.UTF-8', 'XDG_CURRENT_DESKTOP': 'ubuntu:GNOME', 'XMODIFIERS': '@im=ibus', 'XDG_SESSION_DESKTOP': 'ubuntu', 'XAUTHORITY': '/run/user/1000/.mutter-Xwaylandauth.N2SBM3', 'LS_COLORS': 'rs=0:di=01;34:ln=01;36:mh=00:pi=40;33:so=01;35:do=01;35:bd=40;33;01:cd=40;33;01:or=40;31;01:mi=00:su=37;41:sg=30;43:ca=00:tw=30;42:ow=34;42:st=37;44:ex=01;32:*.tar=01;31:*.tgz=01;31:*.arc=01;31:*.arj=01;31:*.taz=01;31:*.lha=01;31:*.lz4=01;31:*.lzh=01;31:*.lzma=01;31:*.tlz=01;31:*.txz=01;31:*.tzo=01;31:*.t7z=01;31:*.zip=01;31:*.z=01;31:*.dz=01;31:*.gz=01;31:*.lrz=01;31:*.lz=01;31:*.lzo=01;31:*.xz=01;31:*.zst=01;31:*.tzst=01;31:*.bz2=01;31:*.bz=01;31:*.tbz=01;31:*.tbz2=01;31:*.tz=01;31:*.deb=01;31:*.rpm=01;31:*.jar=01;31:*.war=01;31:*.ear=01;31:*.sar=01;31:*.rar=01;31:*.alz=01;31:*.ace=01;31:*.zoo=01;31:*.cpio=01;31:*.7z=01;31:*.rz=01;31:*.cab=01;31:*.wim=01;31:*.swm=01;31:*.dwm=01;31:*.esd=01;31:*.avif=01;35:*.jpg=01;35:*.jpeg=01;35:*.mjpg=01;35:*.mjpeg=01;35:*.gif=01;35:*.bmp=01;35:*.pbm=01;35:*.pgm=01;35:*.ppm=01;35:*.tga=01;35:*.xbm=01;35:*.xpm=01;35:*.tif=01;35:*.tiff=01;35:*.png=01;35:*.svg=01;35:*.svgz=01;35:*.mng=01;35:*.pcx=01;35:*.mov=01;35:*.mpg=01;35:*.mpeg=01;35:*.m2v=01;35:*.mkv=01;35:*.webm=01;35:*.webp=01;35:*.ogm=01;35:*.mp4=01;35:*.m4v=01;35:*.mp4v=01;35:*.vob=01;35:*.qt=01;35:*.nuv=01;35:*.wmv=01;35:*.asf=01;35:*.rm=01;35:*.rmvb=01;35:*.flc=01;35:*.avi=01;35:*.fli=01;35:*.flv=01;35:*.gl=01;35:*.dl=01;35:*.xcf=01;35:*.xwd=01;35:*.yuv=01;35:*.cgm=01;35:*.emf=01;35:*.ogv=01;35:*.ogx=01;35:*.aac=00;36:*.au=00;36:*.flac=00;36:*.m4a=00;36:*.mid=00;36:*.midi=00;36:*.mka=00;36:*.mp3=00;36:*.mpc=00;36:*.ogg=00;36:*.ra=00;36:*.wav=00;36:*.oga=00;36:*.opus=00;36:*.spx=00;36:*.xspf=00;36:*~=00;90:*#=00;90:*.bak=00;90:*.crdownload=00;90:*.dpkg-dist=00;90:*.dpkg-new=00;90:*.dpkg-old=00;90:*.dpkg-tmp=00;90:*.old=00;90:*.orig=00;90:*.part=00;90:*.rej=00;90:*.rpmnew=00;90:*.rpmorig=00;90:*.rpmsave=00;90:*.swp=00;90:*.tmp=00;90:*.ucf-dist=00;90:*.ucf-new=00;90:*.ucf-old=00;90:', 'SSH_AUTH_SOCK': '/run/user/1000/keyring/ssh', 'AMENT_PREFIX_PATH': '/opt/ros/jazzy', 'SHELL': '/bin/bash', 'TERMINATOR_UUID': 'urn:uuid:275a140c-1165-495c-b537-22585f08cb7b', 'QT_ACCESSIBILITY': '1', 'GDMSESSION': 'ubuntu', 'LESSCLOSE': '/usr/bin/lesspipe %s %s', 'GJS_DEBUG_OUTPUT': 'stderr', 'ROS_AUTOMATIC_DISCOVERY_RANGE': 'SUBNET', 'QT_IM_MODULE': 'ibus', 'PWD': '/home/vboxuser/bumperbot_ws/build/bumperbot_description', 'LC_ALL': 'en_US.UTF-8', 'XDG_CONFIG_DIRS': '/etc/xdg/xdg-ubuntu:/etc/xdg', 'XDG_DATA_DIRS': '/usr/share/ubuntu:/usr/share/gnome:/usr/local/share/:/usr/share/:/var/lib/snapd/desktop', 'PYTHONPATH': '/opt/ros/jazzy/lib/python3.12/site-packages', 'COLCON': '1', 'MEMORY_PRESSURE_WRITE': 'c29tZSAyMDAwMDAgMjAwMDAwMAA=', 'VTE_VERSION': '7600', 'CMAKE_PREFIX_PATH': '/opt/ros/jazzy/opt/gz_sim_vendor:/opt/ros/jazzy/opt/gz_sensors_vendor:/opt/ros/jazzy/opt/gz_physics_vendor:/opt/ros/jazzy/opt/sdformat_vendor:/opt/ros/jazzy/opt/gz_gui_vendor:/opt/ros/jazzy/opt/gz_transport_vendor:/opt/ros/jazzy/opt/gz_rendering_vendor:/opt/ros/jazzy/opt/gz_plugin_vendor:/opt/ros/jazzy/opt/gz_fuel_tools_vendor:/opt/ros/jazzy/opt/gz_msgs_vendor:/opt/ros/jazzy/opt/gz_common_vendor:/opt/ros/jazzy/opt/gz_math_vendor:/opt/ros/jazzy/opt/gz_utils_vendor:/opt/ros/jazzy/opt/gz_tools_vendor:/opt/ros/jazzy/opt/gz_ogre_next_vendor:/opt/ros/jazzy/opt/gz_dartsim_vendor:/opt/ros/jazzy/opt/gz_cmake_vendor:/opt/ros/jazzy'}), 'shell': False}
[1.889809] (bumperbot_description) StdoutLine: {'line': b'-- Install configuration: ""\n'}
[1.890120] (bumperbot_description) StdoutLine: {'line': b'-- Up-to-date: /home/vboxuser/bumperbot_ws/install/bumperbot_description/share/bumperbot_description/launch\n'}
[1.891580] (bumperbot_description) StdoutLine: {'line': b'-- Up-to-date: /home/vboxuser/bumperbot_ws/install/bumperbot_description/share/bumperbot_description/launch/display.launch.py\n'}
[1.891713] (bumperbot_description) StdoutLine: {'line': b'-- Up-to-date: /home/vboxuser/bumperbot_ws/install/bumperbot_description/share/bumperbot_description/launch/gazebo.launch.py\n'}
[1.891849] (bumperbot_description) StdoutLine: {'line': b'-- Up-to-date: /home/vboxuser/bumperbot_ws/install/bumperbot_description/share/bumperbot_description/meshes\n'}
[1.892937] (bumperbot_description) StdoutLine: {'line': b'-- Up-to-date: /home/vboxuser/bumperbot_ws/install/bumperbot_description/share/bumperbot_description/meshes/wheel_right_link.STL\n'}
[1.893118] (bumperbot_description) StdoutLine: {'line': b'-- Up-to-date: /home/vboxuser/bumperbot_ws/install/bumperbot_description/share/bumperbot_description/meshes/caster_front_link.STL\n'}
[1.893161] (bumperbot_description) StdoutLine: {'line': b'-- Up-to-date: /home/vboxuser/bumperbot_ws/install/bumperbot_description/share/bumperbot_description/meshes/wheel_left_link.STL\n'}
[1.893193] (bumperbot_description) StdoutLine: {'line': b'-- Up-to-date: /home/vboxuser/bumperbot_ws/install/bumperbot_description/share/bumperbot_description/meshes/caster_rear_link.STL\n'}
[1.893228] (bumperbot_description) StdoutLine: {'line': b'-- Up-to-date: /home/vboxuser/bumperbot_ws/install/bumperbot_description/share/bumperbot_description/meshes/imu_link.STL\n'}
[1.893462] (bumperbot_description) StdoutLine: {'line': b'-- Up-to-date: /home/vboxuser/bumperbot_ws/install/bumperbot_description/share/bumperbot_description/meshes/laser_link.STL\n'}
[1.893752] (bumperbot_description) StdoutLine: {'line': b'-- Up-to-date: /home/vboxuser/bumperbot_ws/install/bumperbot_description/share/bumperbot_description/meshes/base_link.STL\n'}
[1.893788] (bumperbot_description) StdoutLine: {'line': b'-- Up-to-date: /home/vboxuser/bumperbot_ws/install/bumperbot_description/share/bumperbot_description/models\n'}
[1.893913] (bumperbot_description) StdoutLine: {'line': b'-- Up-to-date: /home/vboxuser/bumperbot_ws/install/bumperbot_description/share/bumperbot_description/models/aws_robomaker_residential_FitnessEquipment_01\n'}
[1.894848] (bumperbot_description) StdoutLine: {'line': b'-- Up-to-date: /home/vboxuser/bumperbot_ws/install/bumperbot_description/share/bumperbot_description/models/aws_robomaker_residential_FitnessEquipment_01/materials\n'}
[1.895853] (bumperbot_description) StdoutLine: {'line': b'-- Up-to-date: /home/vboxuser/bumperbot_ws/install/bumperbot_description/share/bumperbot_description/models/aws_robomaker_residential_FitnessEquipment_01/materials/textures\n'}
[1.897356] (bumperbot_description) StdoutLine: {'line': b'-- Up-to-date: /home/vboxuser/bumperbot_ws/install/bumperbot_description/share/bumperbot_description/models/aws_robomaker_residential_FitnessEquipment_01/materials/textures/aws_FitnessEquipment_01.png\n'}
[1.897616] (bumperbot_description) StdoutLine: {'line': b'-- Up-to-date: /home/vboxuser/bumperbot_ws/install/bumperbot_description/share/bumperbot_description/models/aws_robomaker_residential_FitnessEquipment_01/meshes\n'}
[1.898205] (bumperbot_description) StdoutLine: {'line': b'-- Up-to-date: /home/vboxuser/bumperbot_ws/install/bumperbot_description/share/bumperbot_description/models/aws_robomaker_residential_FitnessEquipment_01/meshes/aws_FitnessEquipment_01_collision.DAE\n'}
[1.898304] (bumperbot_description) StdoutLine: {'line': b'-- Up-to-date: /home/vboxuser/bumperbot_ws/install/bumperbot_description/share/bumperbot_description/models/aws_robomaker_residential_FitnessEquipment_01/meshes/aws_FitnessEquipment_01_visual.DAE\n'}
[1.898378] (bumperbot_description) StdoutLine: {'line': b'-- Up-to-date: /home/vboxuser/bumperbot_ws/install/bumperbot_description/share/bumperbot_description/models/aws_robomaker_residential_FitnessEquipment_01/model.config\n'}
[1.898442] (bumperbot_description) StdoutLine: {'line': b'-- Up-to-date: /home/vboxuser/bumperbot_ws/install/bumperbot_description/share/bumperbot_description/models/aws_robomaker_residential_FitnessEquipment_01/model.sdf\n'}
[1.898511] (bumperbot_description) StdoutLine: {'line': b'-- Up-to-date: /home/vboxuser/bumperbot_ws/install/bumperbot_description/share/bumperbot_description/models/aws_robomaker_residential_PortraitA_02\n'}
[1.899268] (bumperbot_description) StdoutLine: {'line': b'-- Up-to-date: /home/vboxuser/bumperbot_ws/install/bumperbot_description/share/bumperbot_description/models/aws_robomaker_residential_PortraitA_02/materials\n'}
[1.900033] (bumperbot_description) StdoutLine: {'line': b'-- Up-to-date: /home/vboxuser/bumperbot_ws/install/bumperbot_description/share/bumperbot_description/models/aws_robomaker_residential_PortraitA_02/materials/textures\n'}
[1.900885] (bumperbot_description) StdoutLine: {'line': b'-- Up-to-date: /home/vboxuser/bumperbot_ws/install/bumperbot_description/share/bumperbot_description/models/aws_robomaker_residential_PortraitA_02/materials/textures/aws_PortraitA_01.png\n'}
[1.901060] (bumperbot_description) StdoutLine: {'line': b'-- Up-to-date: /home/vboxuser/bumperbot_ws/install/bumperbot_description/share/bumperbot_description/models/aws_robomaker_residential_PortraitA_02/materials/textures/aws_PortraitA_02.png\n'}
[1.901116] (bumperbot_description) StdoutLine: {'line': b'-- Up-to-date: /home/vboxuser/bumperbot_ws/install/bumperbot_description/share/bumperbot_description/models/aws_robomaker_residential_PortraitA_02/meshes\n'}
[1.901701] (bumperbot_description) StdoutLine: {'line': b'-- Up-to-date: /home/vboxuser/bumperbot_ws/install/bumperbot_description/share/bumperbot_description/models/aws_robomaker_residential_PortraitA_02/meshes/aws_PortraitA_01_visual.DAE\n'}
[1.901844] (bumperbot_description) StdoutLine: {'line': b'-- Up-to-date: /home/vboxuser/bumperbot_ws/install/bumperbot_description/share/bumperbot_description/models/aws_robomaker_residential_PortraitA_02/meshes/aws_PortraitA_01_collision.DAE\n'}
[1.901883] (bumperbot_description) StdoutLine: {'line': b'-- Up-to-date: /home/vboxuser/bumperbot_ws/install/bumperbot_description/share/bumperbot_description/models/aws_robomaker_residential_PortraitA_02/model.config\n'}
[1.902030] (bumperbot_description) StdoutLine: {'line': b'-- Up-to-date: /home/vboxuser/bumperbot_ws/install/bumperbot_description/share/bumperbot_description/models/aws_robomaker_residential_PortraitA_02/model.sdf\n'}
[1.902082] (bumperbot_description) StdoutLine: {'line': b'-- Up-to-date: /home/vboxuser/bumperbot_ws/install/bumperbot_description/share/bumperbot_description/models/aws_robomaker_residential_PortraitB_02\n'}
[1.902685] (bumperbot_description) StdoutLine: {'line': b'-- Up-to-date: /home/vboxuser/bumperbot_ws/install/bumperbot_description/share/bumperbot_description/models/aws_robomaker_residential_PortraitB_02/materials\n'}
[1.903453] (bumperbot_description) StdoutLine: {'line': b'-- Up-to-date: /home/vboxuser/bumperbot_ws/install/bumperbot_description/share/bumperbot_description/models/aws_robomaker_residential_PortraitB_02/materials/textures\n'}
[1.904189] (bumperbot_description) StdoutLine: {'line': b'-- Up-to-date: /home/vboxuser/bumperbot_ws/install/bumperbot_description/share/bumperbot_description/models/aws_robomaker_residential_PortraitB_02/materials/textures/aws_PortraitB_02.png\n'}
[1.904444] (bumperbot_description) StdoutLine: {'line': b'-- Up-to-date: /home/vboxuser/bumperbot_ws/install/bumperbot_description/share/bumperbot_description/models/aws_robomaker_residential_PortraitB_02/materials/textures/aws_PortraitB_01.png\n'}
[1.904499] (bumperbot_description) StdoutLine: {'line': b'-- Up-to-date: /home/vboxuser/bumperbot_ws/install/bumperbot_description/share/bumperbot_description/models/aws_robomaker_residential_PortraitB_02/meshes\n'}
[1.905651] (bumperbot_description) StdoutLine: {'line': b'-- Up-to-date: /home/vboxuser/bumperbot_ws/install/bumperbot_description/share/bumperbot_description/models/aws_robomaker_residential_PortraitB_02/meshes/aws_PortraitB_01_collision.DAE\n'}
[1.905774] (bumperbot_description) StdoutLine: {'line': b'-- Up-to-date: /home/vboxuser/bumperbot_ws/install/bumperbot_description/share/bumperbot_description/models/aws_robomaker_residential_PortraitB_02/meshes/aws_PortraitB_01_visual.DAE\n'}
[1.905947] (bumperbot_description) StdoutLine: {'line': b'-- Up-to-date: /home/vboxuser/bumperbot_ws/install/bumperbot_description/share/bumperbot_description/models/aws_robomaker_residential_PortraitB_02/model.config\n'}
[1.906000] (bumperbot_description) StdoutLine: {'line': b'-- Up-to-date: /home/vboxuser/bumperbot_ws/install/bumperbot_description/share/bumperbot_description/models/aws_robomaker_residential_PortraitB_02/model.sdf\n'}
[1.906032] (bumperbot_description) StdoutLine: {'line': b'-- Up-to-date: /home/vboxuser/bumperbot_ws/install/bumperbot_description/share/bumperbot_description/models/aws_robomaker_residential_CoffeeTable_01\n'}
[1.906656] (bumperbot_description) StdoutLine: {'line': b'-- Up-to-date: /home/vboxuser/bumperbot_ws/install/bumperbot_description/share/bumperbot_description/models/aws_robomaker_residential_CoffeeTable_01/materials\n'}
[1.907398] (bumperbot_description) StdoutLine: {'line': b'-- Up-to-date: /home/vboxuser/bumperbot_ws/install/bumperbot_description/share/bumperbot_description/models/aws_robomaker_residential_CoffeeTable_01/materials/textures\n'}
[1.908142] (bumperbot_description) StdoutLine: {'line': b'-- Up-to-date: /home/vboxuser/bumperbot_ws/install/bumperbot_description/share/bumperbot_description/models/aws_robomaker_residential_CoffeeTable_01/materials/textures/aws_CoffeeTable_01.png\n'}
[1.908300] (bumperbot_description) StdoutLine: {'line': b'-- Up-to-date: /home/vboxuser/bumperbot_ws/install/bumperbot_description/share/bumperbot_description/models/aws_robomaker_residential_CoffeeTable_01/meshes\n'}
[1.908948] (bumperbot_description) StdoutLine: {'line': b'-- Up-to-date: /home/vboxuser/bumperbot_ws/install/bumperbot_description/share/bumperbot_description/models/aws_robomaker_residential_CoffeeTable_01/meshes/aws_CoffeeTable_01_visual.DAE\n'}
[1.909086] (bumperbot_description) StdoutLine: {'line': b'-- Up-to-date: /home/vboxuser/bumperbot_ws/install/bumperbot_description/share/bumperbot_description/models/aws_robomaker_residential_CoffeeTable_01/meshes/aws_CoffeeTable_01_collision.DAE\n'}
[1.909125] (bumperbot_description) StdoutLine: {'line': b'-- Up-to-date: /home/vboxuser/bumperbot_ws/install/bumperbot_description/share/bumperbot_description/models/aws_robomaker_residential_CoffeeTable_01/model.config\n'}
[1.909269] (bumperbot_description) StdoutLine: {'line': b'-- Up-to-date: /home/vboxuser/bumperbot_ws/install/bumperbot_description/share/bumperbot_description/models/aws_robomaker_residential_CoffeeTable_01/model.sdf\n'}
[1.909322] (bumperbot_description) StdoutLine: {'line': b'-- Up-to-date: /home/vboxuser/bumperbot_ws/install/bumperbot_description/share/bumperbot_description/models/aws_robomaker_residential_Door_01\n'}
[1.909941] (bumperbot_description) StdoutLine: {'line': b'-- Up-to-date: /home/vboxuser/bumperbot_ws/install/bumperbot_description/share/bumperbot_description/models/aws_robomaker_residential_Door_01/materials\n'}
[1.910688] (bumperbot_description) StdoutLine: {'line': b'-- Up-to-date: /home/vboxuser/bumperbot_ws/install/bumperbot_description/share/bumperbot_description/models/aws_robomaker_residential_Door_01/materials/textures\n'}
[1.911783] (bumperbot_description) StdoutLine: {'line': b'-- Up-to-date: /home/vboxuser/bumperbot_ws/install/bumperbot_description/share/bumperbot_description/models/aws_robomaker_residential_Door_01/materials/textures/aws_Door_01.png\n'}
[1.911929] (bumperbot_description) StdoutLine: {'line': b'-- Up-to-date: /home/vboxuser/bumperbot_ws/install/bumperbot_description/share/bumperbot_description/models/aws_robomaker_residential_Door_01/meshes\n'}
[1.912535] (bumperbot_description) StdoutLine: {'line': b'-- Up-to-date: /home/vboxuser/bumperbot_ws/install/bumperbot_description/share/bumperbot_description/models/aws_robomaker_residential_Door_01/meshes/aws_Door_01_visual.DAE\n'}
[1.912661] (bumperbot_description) StdoutLine: {'line': b'-- Up-to-date: /home/vboxuser/bumperbot_ws/install/bumperbot_description/share/bumperbot_description/models/aws_robomaker_residential_Door_01/meshes/aws_Door_01_collision.DAE\n'}
[1.912701] (bumperbot_description) StdoutLine: {'line': b'-- Up-to-date: /home/vboxuser/bumperbot_ws/install/bumperbot_description/share/bumperbot_description/models/aws_robomaker_residential_Door_01/model.config\n'}
[1.912887] (bumperbot_description) StdoutLine: {'line': b'-- Up-to-date: /home/vboxuser/bumperbot_ws/install/bumperbot_description/share/bumperbot_description/models/aws_robomaker_residential_Door_01/model.sdf\n'}
[1.913163] (bumperbot_description) StdoutLine: {'line': b'-- Up-to-date: /home/vboxuser/bumperbot_ws/install/bumperbot_description/share/bumperbot_description/models/aws_robomaker_residential_LightC_01\n'}
[1.913521] (bumperbot_description) StdoutLine: {'line': b'-- Up-to-date: /home/vboxuser/bumperbot_ws/install/bumperbot_description/share/bumperbot_description/models/aws_robomaker_residential_LightC_01/materials\n'}
[1.914228] (bumperbot_description) StdoutLine: {'line': b'-- Up-to-date: /home/vboxuser/bumperbot_ws/install/bumperbot_description/share/bumperbot_description/models/aws_robomaker_residential_LightC_01/materials/textures\n'}
[1.915066] (bumperbot_description) StdoutLine: {'line': b'-- Up-to-date: /home/vboxuser/bumperbot_ws/install/bumperbot_description/share/bumperbot_description/models/aws_robomaker_residential_LightC_01/materials/textures/aws_LightC_01.png\n'}
[1.915245] (bumperbot_description) StdoutLine: {'line': b'-- Up-to-date: /home/vboxuser/bumperbot_ws/install/bumperbot_description/share/bumperbot_description/models/aws_robomaker_residential_LightC_01/meshes\n'}
[1.915870] (bumperbot_description) StdoutLine: {'line': b'-- Up-to-date: /home/vboxuser/bumperbot_ws/install/bumperbot_description/share/bumperbot_description/models/aws_robomaker_residential_LightC_01/meshes/aws_LightC_01_collision.DAE\n'}
[1.915983] (bumperbot_description) StdoutLine: {'line': b'-- Up-to-date: /home/vboxuser/bumperbot_ws/install/bumperbot_description/share/bumperbot_description/models/aws_robomaker_residential_LightC_01/meshes/aws_LightC_01_visual.DAE\n'}
[1.916146] (bumperbot_description) StdoutLine: {'line': b'-- Up-to-date: /home/vboxuser/bumperbot_ws/install/bumperbot_description/share/bumperbot_description/models/aws_robomaker_residential_LightC_01/model.config\n'}
[1.916198] (bumperbot_description) StdoutLine: {'line': b'-- Up-to-date: /home/vboxuser/bumperbot_ws/install/bumperbot_description/share/bumperbot_description/models/aws_robomaker_residential_LightC_01/model.sdf\n'}
[1.916232] (bumperbot_description) StdoutLine: {'line': b'-- Up-to-date: /home/vboxuser/bumperbot_ws/install/bumperbot_description/share/bumperbot_description/models/aws_robomaker_residential_SeasoningBox_01\n'}
[1.916517] (bumperbot_description) StdoutLine: {'line': b'-- Up-to-date: /home/vboxuser/bumperbot_ws/install/bumperbot_description/share/bumperbot_description/models/aws_robomaker_residential_SeasoningBox_01/materials\n'}
[1.917051] (bumperbot_description) StdoutLine: {'line': b'-- Up-to-date: /home/vboxuser/bumperbot_ws/install/bumperbot_description/share/bumperbot_description/models/aws_robomaker_residential_SeasoningBox_01/materials/textures\n'}
[1.917474] (bumperbot_description) StdoutLine: {'line': b'-- Up-to-date: /home/vboxuser/bumperbot_ws/install/bumperbot_description/share/bumperbot_description/models/aws_robomaker_residential_SeasoningBox_01/materials/textures/aws_SeasoningBox_01.png\n'}
[1.917774] (bumperbot_description) StdoutLine: {'line': b'-- Up-to-date: /home/vboxuser/bumperbot_ws/install/bumperbot_description/share/bumperbot_description/models/aws_robomaker_residential_SeasoningBox_01/meshes\n'}
[1.917816] (bumperbot_description) StdoutLine: {'line': b'-- Up-to-date: /home/vboxuser/bumperbot_ws/install/bumperbot_description/share/bumperbot_description/models/aws_robomaker_residential_SeasoningBox_01/meshes/aws_SeasoningBox_01_collision.DAE\n'}
[1.917847] (bumperbot_description) StdoutLine: {'line': b'-- Up-to-date: /home/vboxuser/bumperbot_ws/install/bumperbot_description/share/bumperbot_description/models/aws_robomaker_residential_SeasoningBox_01/meshes/aws_SeasoningBox_01_visual.DAE\n'}
[1.917877] (bumperbot_description) StdoutLine: {'line': b'-- Up-to-date: /home/vboxuser/bumperbot_ws/install/bumperbot_description/share/bumperbot_description/models/aws_robomaker_residential_SeasoningBox_01/model.config\n'}
[1.918026] (bumperbot_description) StdoutLine: {'line': b'-- Up-to-date: /home/vboxuser/bumperbot_ws/install/bumperbot_description/share/bumperbot_description/models/aws_robomaker_residential_SeasoningBox_01/model.sdf\n'}
[1.918081] (bumperbot_description) StdoutLine: {'line': b'-- Up-to-date: /home/vboxuser/bumperbot_ws/install/bumperbot_description/share/bumperbot_description/models/aws_robomaker_residential_Curtain_01\n'}
[1.918595] (bumperbot_description) StdoutLine: {'line': b'-- Up-to-date: /home/vboxuser/bumperbot_ws/install/bumperbot_description/share/bumperbot_description/models/aws_robomaker_residential_Curtain_01/materials\n'}
[1.919344] (bumperbot_description) StdoutLine: {'line': b'-- Up-to-date: /home/vboxuser/bumperbot_ws/install/bumperbot_description/share/bumperbot_description/models/aws_robomaker_residential_Curtain_01/materials/textures\n'}
[1.920132] (bumperbot_description) StdoutLine: {'line': b'-- Up-to-date: /home/vboxuser/bumperbot_ws/install/bumperbot_description/share/bumperbot_description/models/aws_robomaker_residential_Curtain_01/materials/textures/aws_Curtain_01.png\n'}
[1.920308] (bumperbot_description) StdoutLine: {'line': b'-- Up-to-date: /home/vboxuser/bumperbot_ws/install/bumperbot_description/share/bumperbot_description/models/aws_robomaker_residential_Curtain_01/meshes\n'}
[1.920934] (bumperbot_description) StdoutLine: {'line': b'-- Up-to-date: /home/vboxuser/bumperbot_ws/install/bumperbot_description/share/bumperbot_description/models/aws_robomaker_residential_Curtain_01/meshes/aws_Curtain_01_visual.DAE\n'}
[1.921082] (bumperbot_description) StdoutLine: {'line': b'-- Up-to-date: /home/vboxuser/bumperbot_ws/install/bumperbot_description/share/bumperbot_description/models/aws_robomaker_residential_Curtain_01/meshes/aws_Curtain_01_collision.DAE\n'}
[1.921122] (bumperbot_description) StdoutLine: {'line': b'-- Up-to-date: /home/vboxuser/bumperbot_ws/install/bumperbot_description/share/bumperbot_description/models/aws_robomaker_residential_Curtain_01/model.config\n'}
[1.921152] (bumperbot_description) StdoutLine: {'line': b'-- Up-to-date: /home/vboxuser/bumperbot_ws/install/bumperbot_description/share/bumperbot_description/models/aws_robomaker_residential_Curtain_01/model.sdf\n'}
[1.921299] (bumperbot_description) StdoutLine: {'line': b'-- Up-to-date: /home/vboxuser/bumperbot_ws/install/bumperbot_description/share/bumperbot_description/models/aws_robomaker_warehouse_ShelfE_01\n'}
[1.922169] (bumperbot_description) StdoutLine: {'line': b'-- Up-to-date: /home/vboxuser/bumperbot_ws/install/bumperbot_description/share/bumperbot_description/models/aws_robomaker_warehouse_ShelfE_01/materials\n'}
[1.922924] (bumperbot_description) StdoutLine: {'line': b'-- Up-to-date: /home/vboxuser/bumperbot_ws/install/bumperbot_description/share/bumperbot_description/models/aws_robomaker_warehouse_ShelfE_01/materials/textures\n'}
[1.923950] (bumperbot_description) StdoutLine: {'line': b'-- Up-to-date: /home/vboxuser/bumperbot_ws/install/bumperbot_description/share/bumperbot_description/models/aws_robomaker_warehouse_ShelfE_01/materials/textures/aws_robomaker_warehouse_ShelfE_04.png\n'}
[1.924082] (bumperbot_description) StdoutLine: {'line': b'-- Up-to-date: /home/vboxuser/bumperbot_ws/install/bumperbot_description/share/bumperbot_description/models/aws_robomaker_warehouse_ShelfE_01/materials/textures/aws_robomaker_warehouse_ShelfE_03.png\n'}
[1.924120] (bumperbot_description) StdoutLine: {'line': b'-- Up-to-date: /home/vboxuser/bumperbot_ws/install/bumperbot_description/share/bumperbot_description/models/aws_robomaker_warehouse_ShelfE_01/materials/textures/aws_robomaker_warehouse_ShelfE_01.png\n'}
[1.924281] (bumperbot_description) StdoutLine: {'line': b'-- Up-to-date: /home/vboxuser/bumperbot_ws/install/bumperbot_description/share/bumperbot_description/models/aws_robomaker_warehouse_ShelfE_01/materials/textures/aws_robomaker_warehouse_ShelfE_02.png\n'}
[1.924336] (bumperbot_description) StdoutLine: {'line': b'-- Up-to-date: /home/vboxuser/bumperbot_ws/install/bumperbot_description/share/bumperbot_description/models/aws_robomaker_warehouse_ShelfE_01/materials/.DS_Store\n'}
[1.924682] (bumperbot_description) StdoutLine: {'line': b'-- Up-to-date: /home/vboxuser/bumperbot_ws/install/bumperbot_description/share/bumperbot_description/models/aws_robomaker_warehouse_ShelfE_01/meshes\n'}
[1.925095] (bumperbot_description) StdoutLine: {'line': b'-- Up-to-date: /home/vboxuser/bumperbot_ws/install/bumperbot_description/share/bumperbot_description/models/aws_robomaker_warehouse_ShelfE_01/meshes/aws_robomaker_warehouse_ShelfE_01_collision.DAE\n'}
[1.925447] (bumperbot_description) StdoutLine: {'line': b'-- Up-to-date: /home/vboxuser/bumperbot_ws/install/bumperbot_description/share/bumperbot_description/models/aws_robomaker_warehouse_ShelfE_01/meshes/aws_robomaker_warehouse_ShelfE_01_visual.DAE\n'}
[1.925793] (bumperbot_description) StdoutLine: {'line': b'-- Up-to-date: /home/vboxuser/bumperbot_ws/install/bumperbot_description/share/bumperbot_description/models/aws_robomaker_warehouse_ShelfE_01/model.config\n'}
[1.925834] (bumperbot_description) StdoutLine: {'line': b'-- Up-to-date: /home/vboxuser/bumperbot_ws/install/bumperbot_description/share/bumperbot_description/models/aws_robomaker_warehouse_ShelfE_01/.DS_Store\n'}
[1.926151] (bumperbot_description) StdoutLine: {'line': b'-- Up-to-date: /home/vboxuser/bumperbot_ws/install/bumperbot_description/share/bumperbot_description/models/aws_robomaker_warehouse_ShelfE_01/model.sdf\n'}
[1.926447] (bumperbot_description) StdoutLine: {'line': b'-- Up-to-date: /home/vboxuser/bumperbot_ws/install/bumperbot_description/share/bumperbot_description/models/aws_robomaker_residential_Trash_01\n'}
[1.926486] (bumperbot_description) StdoutLine: {'line': b'-- Up-to-date: /home/vboxuser/bumperbot_ws/install/bumperbot_description/share/bumperbot_description/models/aws_robomaker_residential_Trash_01/materials\n'}
[1.926516] (bumperbot_description) StdoutLine: {'line': b'-- Up-to-date: /home/vboxuser/bumperbot_ws/install/bumperbot_description/share/bumperbot_description/models/aws_robomaker_residential_Trash_01/materials/textures\n'}
[1.926544] (bumperbot_description) StdoutLine: {'line': b'-- Up-to-date: /home/vboxuser/bumperbot_ws/install/bumperbot_description/share/bumperbot_description/models/aws_robomaker_residential_Trash_01/materials/textures/aws_Trash_01.png\n'}
[1.926573] (bumperbot_description) StdoutLine: {'line': b'-- Up-to-date: /home/vboxuser/bumperbot_ws/install/bumperbot_description/share/bumperbot_description/models/aws_robomaker_residential_Trash_01/meshes\n'}
[1.926600] (-) TimerEvent: {}
[1.931794] (bumperbot_description) StdoutLine: {'line': b'-- Up-to-date: /home/vboxuser/bumperbot_ws/install/bumperbot_description/share/bumperbot_description/models/aws_robomaker_residential_Trash_01/meshes/aws_Trash_01_collision.DAE\n'}
[1.931876] (bumperbot_description) StdoutLine: {'line': b'-- Up-to-date: /home/vboxuser/bumperbot_ws/install/bumperbot_description/share/bumperbot_description/models/aws_robomaker_residential_Trash_01/meshes/aws_Trash_01_visual.DAE\n'}
[1.932535] (bumperbot_description) StdoutLine: {'line': b'-- Up-to-date: /home/vboxuser/bumperbot_ws/install/bumperbot_description/share/bumperbot_description/models/aws_robomaker_residential_Trash_01/model.config\n'}
[1.933549] (bumperbot_description) StdoutLine: {'line': b'-- Up-to-date: /home/vboxuser/bumperbot_ws/install/bumperbot_description/share/bumperbot_description/models/aws_robomaker_residential_Trash_01/model.sdf\n'}
[1.934111] (bumperbot_description) StdoutLine: {'line': b'-- Up-to-date: /home/vboxuser/bumperbot_ws/install/bumperbot_description/share/bumperbot_description/models/aws_robomaker_residential_Wardrobe_01\n'}
[1.934514] (bumperbot_description) StdoutLine: {'line': b'-- Up-to-date: /home/vboxuser/bumperbot_ws/install/bumperbot_description/share/bumperbot_description/models/aws_robomaker_residential_Wardrobe_01/materials\n'}
[1.934547] (bumperbot_description) StdoutLine: {'line': b'-- Up-to-date: /home/vboxuser/bumperbot_ws/install/bumperbot_description/share/bumperbot_description/models/aws_robomaker_residential_Wardrobe_01/materials/textures\n'}
[1.934577] (bumperbot_description) StdoutLine: {'line': b'-- Up-to-date: /home/vboxuser/bumperbot_ws/install/bumperbot_description/share/bumperbot_description/models/aws_robomaker_residential_Wardrobe_01/materials/textures/aws_Wardrobe_01.png\n'}
[1.934605] (bumperbot_description) StdoutLine: {'line': b'-- Up-to-date: /home/vboxuser/bumperbot_ws/install/bumperbot_description/share/bumperbot_description/models/aws_robomaker_residential_Wardrobe_01/meshes\n'}
[1.934634] (bumperbot_description) StdoutLine: {'line': b'-- Up-to-date: /home/vboxuser/bumperbot_ws/install/bumperbot_description/share/bumperbot_description/models/aws_robomaker_residential_Wardrobe_01/meshes/aws_Wardrobe_01_visual.DAE\n'}
[1.934667] (bumperbot_description) StdoutLine: {'line': b'-- Up-to-date: /home/vboxuser/bumperbot_ws/install/bumperbot_description/share/bumperbot_description/models/aws_robomaker_residential_Wardrobe_01/meshes/aws_Wardrobe_01_collision.DAE\n'}
[1.934698] (bumperbot_description) StdoutLine: {'line': b'-- Up-to-date: /home/vboxuser/bumperbot_ws/install/bumperbot_description/share/bumperbot_description/models/aws_robomaker_residential_Wardrobe_01/model.config\n'}
[1.934727] (bumperbot_description) StdoutLine: {'line': b'-- Up-to-date: /home/vboxuser/bumperbot_ws/install/bumperbot_description/share/bumperbot_description/models/aws_robomaker_residential_Wardrobe_01/model.sdf\n'}
[1.934755] (bumperbot_description) StdoutLine: {'line': b'-- Up-to-date: /home/vboxuser/bumperbot_ws/install/bumperbot_description/share/bumperbot_description/models/aws_robomaker_residential_FoldingDoor_02\n'}
[1.934784] (bumperbot_description) StdoutLine: {'line': b'-- Up-to-date: /home/vboxuser/bumperbot_ws/install/bumperbot_description/share/bumperbot_description/models/aws_robomaker_residential_FoldingDoor_02/materials\n'}
[1.935409] (bumperbot_description) StdoutLine: {'line': b'-- Up-to-date: /home/vboxuser/bumperbot_ws/install/bumperbot_description/share/bumperbot_description/models/aws_robomaker_residential_FoldingDoor_02/materials/textures\n'}
[1.936138] (bumperbot_description) StdoutLine: {'line': b'-- Up-to-date: /home/vboxuser/bumperbot_ws/install/bumperbot_description/share/bumperbot_description/models/aws_robomaker_residential_FoldingDoor_02/materials/textures/aws_FoldingDoor_02.png\n'}
[1.936230] (bumperbot_description) StdoutLine: {'line': b'-- Up-to-date: /home/vboxuser/bumperbot_ws/install/bumperbot_description/share/bumperbot_description/models/aws_robomaker_residential_FoldingDoor_02/meshes\n'}
[1.942667] (bumperbot_description) StdoutLine: {'line': b'-- Up-to-date: /home/vboxuser/bumperbot_ws/install/bumperbot_description/share/bumperbot_description/models/aws_robomaker_residential_FoldingDoor_02/meshes/aws_FoldingDoor_02_visual.DAE\n'}
[1.944548] (bumperbot_description) StdoutLine: {'line': b'-- Up-to-date: /home/vboxuser/bumperbot_ws/install/bumperbot_description/share/bumperbot_description/models/aws_robomaker_residential_FoldingDoor_02/meshes/aws_FoldingDoor_02_collision.DAE\n'}
[1.944973] (bumperbot_description) StdoutLine: {'line': b'-- Up-to-date: /home/vboxuser/bumperbot_ws/install/bumperbot_description/share/bumperbot_description/models/aws_robomaker_residential_FoldingDoor_02/model.config\n'}
[1.945018] (bumperbot_description) StdoutLine: {'line': b'-- Up-to-date: /home/vboxuser/bumperbot_ws/install/bumperbot_description/share/bumperbot_description/models/aws_robomaker_residential_FoldingDoor_02/model.sdf\n'}
[1.945049] (bumperbot_description) StdoutLine: {'line': b'-- Up-to-date: /home/vboxuser/bumperbot_ws/install/bumperbot_description/share/bumperbot_description/models/aws_robomaker_warehouse_DeskC_01\n'}
[1.945079] (bumperbot_description) StdoutLine: {'line': b'-- Up-to-date: /home/vboxuser/bumperbot_ws/install/bumperbot_description/share/bumperbot_description/models/aws_robomaker_warehouse_DeskC_01/materials\n'}
[1.945983] (bumperbot_description) StdoutLine: {'line': b'-- Up-to-date: /home/vboxuser/bumperbot_ws/install/bumperbot_description/share/bumperbot_description/models/aws_robomaker_warehouse_DeskC_01/materials/textures\n'}
[1.946911] (bumperbot_description) StdoutLine: {'line': b'-- Up-to-date: /home/vboxuser/bumperbot_ws/install/bumperbot_description/share/bumperbot_description/models/aws_robomaker_warehouse_DeskC_01/materials/textures/aws_robomaker_warehouse_DeskC_03.psd\n'}
[1.952441] (bumperbot_description) StdoutLine: {'line': b'-- Up-to-date: /home/vboxuser/bumperbot_ws/install/bumperbot_description/share/bumperbot_description/models/aws_robomaker_warehouse_DeskC_01/materials/textures/aws_robomaker_warehouse_DeskC_04.png\n'}
[1.952634] (bumperbot_description) StdoutLine: {'line': b'-- Up-to-date: /home/vboxuser/bumperbot_ws/install/bumperbot_description/share/bumperbot_description/models/aws_robomaker_warehouse_DeskC_01/materials/textures/aws_robomaker_warehouse_DeskC_02.png\n'}
[1.952684] (bumperbot_description) StdoutLine: {'line': b'-- Up-to-date: /home/vboxuser/bumperbot_ws/install/bumperbot_description/share/bumperbot_description/models/aws_robomaker_warehouse_DeskC_01/materials/textures/aws_robomaker_warehouse_DeskC_01.png\n'}
[1.953537] (bumperbot_description) StdoutLine: {'line': b'-- Up-to-date: /home/vboxuser/bumperbot_ws/install/bumperbot_description/share/bumperbot_description/models/aws_robomaker_warehouse_DeskC_01/materials/textures/aws_robomaker_warehouse_DeskC_03.png\n'}
[1.953604] (bumperbot_description) StdoutLine: {'line': b'-- Up-to-date: /home/vboxuser/bumperbot_ws/install/bumperbot_description/share/bumperbot_description/models/aws_robomaker_warehouse_DeskC_01/materials/.DS_Store\n'}
[1.953637] (bumperbot_description) StdoutLine: {'line': b'-- Up-to-date: /home/vboxuser/bumperbot_ws/install/bumperbot_description/share/bumperbot_description/models/aws_robomaker_warehouse_DeskC_01/meshes\n'}
[1.954402] (bumperbot_description) StdoutLine: {'line': b'-- Up-to-date: /home/vboxuser/bumperbot_ws/install/bumperbot_description/share/bumperbot_description/models/aws_robomaker_warehouse_DeskC_01/meshes/aws_robomaker_warehouse_DeskC_01_visual.DAE\n'}
[1.954502] (bumperbot_description) StdoutLine: {'line': b'-- Up-to-date: /home/vboxuser/bumperbot_ws/install/bumperbot_description/share/bumperbot_description/models/aws_robomaker_warehouse_DeskC_01/meshes/aws_robomaker_warehouse_DeskC_01_collision.DAE\n'}
[1.954567] (bumperbot_description) StdoutLine: {'line': b'-- Up-to-date: /home/vboxuser/bumperbot_ws/install/bumperbot_description/share/bumperbot_description/models/aws_robomaker_warehouse_DeskC_01/model.config\n'}
[1.954633] (bumperbot_description) StdoutLine: {'line': b'-- Up-to-date: /home/vboxuser/bumperbot_ws/install/bumperbot_description/share/bumperbot_description/models/aws_robomaker_warehouse_DeskC_01/model.sdf\n'}
[1.954698] (bumperbot_description) StdoutLine: {'line': b'-- Up-to-date: /home/vboxuser/bumperbot_ws/install/bumperbot_description/share/bumperbot_description/models/aws_robomaker_residential_Pillow_01\n'}
[1.955713] (bumperbot_description) StdoutLine: {'line': b'-- Up-to-date: /home/vboxuser/bumperbot_ws/install/bumperbot_description/share/bumperbot_description/models/aws_robomaker_residential_Pillow_01/materials\n'}
[1.956796] (bumperbot_description) StdoutLine: {'line': b'-- Up-to-date: /home/vboxuser/bumperbot_ws/install/bumperbot_description/share/bumperbot_description/models/aws_robomaker_residential_Pillow_01/materials/textures\n'}
[1.957548] (bumperbot_description) StdoutLine: {'line': b'-- Up-to-date: /home/vboxuser/bumperbot_ws/install/bumperbot_description/share/bumperbot_description/models/aws_robomaker_residential_Pillow_01/materials/textures/aws_Pillow_01.png\n'}
[1.957645] (bumperbot_description) StdoutLine: {'line': b'-- Up-to-date: /home/vboxuser/bumperbot_ws/install/bumperbot_description/share/bumperbot_description/models/aws_robomaker_residential_Pillow_01/meshes\n'}
[1.958446] (bumperbot_description) StdoutLine: {'line': b'-- Up-to-date: /home/vboxuser/bumperbot_ws/install/bumperbot_description/share/bumperbot_description/models/aws_robomaker_residential_Pillow_01/meshes/aws_Pillow_01_visual.DAE\n'}
[1.958531] (bumperbot_description) StdoutLine: {'line': b'-- Up-to-date: /home/vboxuser/bumperbot_ws/install/bumperbot_description/share/bumperbot_description/models/aws_robomaker_residential_Pillow_01/meshes/aws_Pillow_01_collision.DAE\n'}
[1.958596] (bumperbot_description) StdoutLine: {'line': b'-- Up-to-date: /home/vboxuser/bumperbot_ws/install/bumperbot_description/share/bumperbot_description/models/aws_robomaker_residential_Pillow_01/model.config\n'}
[1.958670] (bumperbot_description) StdoutLine: {'line': b'-- Up-to-date: /home/vboxuser/bumperbot_ws/install/bumperbot_description/share/bumperbot_description/models/aws_robomaker_residential_Pillow_01/model.sdf\n'}
[1.958807] (bumperbot_description) StdoutLine: {'line': b'-- Up-to-date: /home/vboxuser/bumperbot_ws/install/bumperbot_description/share/bumperbot_description/models/aws_robomaker_warehouse_Lamp_01\n'}
[1.959526] (bumperbot_description) StdoutLine: {'line': b'-- Up-to-date: /home/vboxuser/bumperbot_ws/install/bumperbot_description/share/bumperbot_description/models/aws_robomaker_warehouse_Lamp_01/materials\n'}
[1.960400] (bumperbot_description) StdoutLine: {'line': b'-- Up-to-date: /home/vboxuser/bumperbot_ws/install/bumperbot_description/share/bumperbot_description/models/aws_robomaker_warehouse_Lamp_01/materials/textures\n'}
[1.961130] (bumperbot_description) StdoutLine: {'line': b'-- Up-to-date: /home/vboxuser/bumperbot_ws/install/bumperbot_description/share/bumperbot_description/models/aws_robomaker_warehouse_Lamp_01/materials/textures/aws_robomaker_warehouse_Lamp_01.png\n'}
[1.961364] (bumperbot_description) StdoutLine: {'line': b'-- Up-to-date: /home/vboxuser/bumperbot_ws/install/bumperbot_description/share/bumperbot_description/models/aws_robomaker_warehouse_Lamp_01/meshes\n'}
[1.964704] (bumperbot_description) StdoutLine: {'line': b'-- Up-to-date: /home/vboxuser/bumperbot_ws/install/bumperbot_description/share/bumperbot_description/models/aws_robomaker_warehouse_Lamp_01/meshes/aws_robomaker_warehouse_Lamp_01_visual.DAE\n'}
[1.964776] (bumperbot_description) StdoutLine: {'line': b'-- Up-to-date: /home/vboxuser/bumperbot_ws/install/bumperbot_description/share/bumperbot_description/models/aws_robomaker_warehouse_Lamp_01/meshes/aws_robomaker_warehouse_Lamp_01_collision.DAE\n'}
[1.965394] (bumperbot_description) StdoutLine: {'line': b'-- Up-to-date: /home/vboxuser/bumperbot_ws/install/bumperbot_description/share/bumperbot_description/models/aws_robomaker_warehouse_Lamp_01/model.config\n'}
[1.965460] (bumperbot_description) StdoutLine: {'line': b'-- Up-to-date: /home/vboxuser/bumperbot_ws/install/bumperbot_description/share/bumperbot_description/models/aws_robomaker_warehouse_Lamp_01/model.sdf\n'}
[1.965494] (bumperbot_description) StdoutLine: {'line': b'-- Up-to-date: /home/vboxuser/bumperbot_ws/install/bumperbot_description/share/bumperbot_description/models/aws_robomaker_residential_HouseWallB_01\n'}
[1.966054] (bumperbot_description) StdoutLine: {'line': b'-- Up-to-date: /home/vboxuser/bumperbot_ws/install/bumperbot_description/share/bumperbot_description/models/aws_robomaker_residential_HouseWallB_01/materials\n'}
[1.967111] (bumperbot_description) StdoutLine: {'line': b'-- Up-to-date: /home/vboxuser/bumperbot_ws/install/bumperbot_description/share/bumperbot_description/models/aws_robomaker_residential_HouseWallB_01/materials/textures\n'}
[1.968162] (bumperbot_description) StdoutLine: {'line': b'-- Up-to-date: /home/vboxuser/bumperbot_ws/install/bumperbot_description/share/bumperbot_description/models/aws_robomaker_residential_HouseWallB_01/materials/textures/aws_HouseWallB_01.png\n'}
[1.968429] (bumperbot_description) StdoutLine: {'line': b'-- Up-to-date: /home/vboxuser/bumperbot_ws/install/bumperbot_description/share/bumperbot_description/models/aws_robomaker_residential_HouseWallB_01/meshes\n'}
[1.969670] (bumperbot_description) StdoutLine: {'line': b'-- Up-to-date: /home/vboxuser/bumperbot_ws/install/bumperbot_description/share/bumperbot_description/models/aws_robomaker_residential_HouseWallB_01/meshes/aws_HouseWallB_01_visual.DAE\n'}
[1.969790] (bumperbot_description) StdoutLine: {'line': b'-- Up-to-date: /home/vboxuser/bumperbot_ws/install/bumperbot_description/share/bumperbot_description/models/aws_robomaker_residential_HouseWallB_01/meshes/aws_HouseWallB_01_collision.DAE\n'}
[1.969861] (bumperbot_description) StdoutLine: {'line': b'-- Up-to-date: /home/vboxuser/bumperbot_ws/install/bumperbot_description/share/bumperbot_description/models/aws_robomaker_residential_HouseWallB_01/model.config\n'}
[1.969925] (bumperbot_description) StdoutLine: {'line': b'-- Up-to-date: /home/vboxuser/bumperbot_ws/install/bumperbot_description/share/bumperbot_description/models/aws_robomaker_residential_HouseWallB_01/model.sdf\n'}
[1.969985] (bumperbot_description) StdoutLine: {'line': b'-- Up-to-date: /home/vboxuser/bumperbot_ws/install/bumperbot_description/share/bumperbot_description/models/aws_robomaker_residential_Bed_01\n'}
[1.970967] (bumperbot_description) StdoutLine: {'line': b'-- Up-to-date: /home/vboxuser/bumperbot_ws/install/bumperbot_description/share/bumperbot_description/models/aws_robomaker_residential_Bed_01/materials\n'}
[1.972113] (bumperbot_description) StdoutLine: {'line': b'-- Up-to-date: /home/vboxuser/bumperbot_ws/install/bumperbot_description/share/bumperbot_description/models/aws_robomaker_residential_Bed_01/materials/textures\n'}
[1.973003] (bumperbot_description) StdoutLine: {'line': b'-- Up-to-date: /home/vboxuser/bumperbot_ws/install/bumperbot_description/share/bumperbot_description/models/aws_robomaker_residential_Bed_01/materials/textures/aws_BedB_01.png\n'}
[1.973240] (bumperbot_description) StdoutLine: {'line': b'-- Up-to-date: /home/vboxuser/bumperbot_ws/install/bumperbot_description/share/bumperbot_description/models/aws_robomaker_residential_Bed_01/materials/textures/aws_BedC_01.png\n'}
[1.973298] (bumperbot_description) StdoutLine: {'line': b'-- Up-to-date: /home/vboxuser/bumperbot_ws/install/bumperbot_description/share/bumperbot_description/models/aws_robomaker_residential_Bed_01/materials/textures/aws_BedA_01.png\n'}
[1.973332] (bumperbot_description) StdoutLine: {'line': b'-- Up-to-date: /home/vboxuser/bumperbot_ws/install/bumperbot_description/share/bumperbot_description/models/aws_robomaker_residential_Bed_01/materials/textures/aws_Bed_01.png\n'}
[1.973367] (bumperbot_description) StdoutLine: {'line': b'-- Up-to-date: /home/vboxuser/bumperbot_ws/install/bumperbot_description/share/bumperbot_description/models/aws_robomaker_residential_Bed_01/meshes\n'}
[1.974024] (bumperbot_description) StdoutLine: {'line': b'-- Up-to-date: /home/vboxuser/bumperbot_ws/install/bumperbot_description/share/bumperbot_description/models/aws_robomaker_residential_Bed_01/meshes/aws_Bed_01_visual.DAE\n'}
[1.974175] (bumperbot_description) StdoutLine: {'line': b'-- Up-to-date: /home/vboxuser/bumperbot_ws/install/bumperbot_description/share/bumperbot_description/models/aws_robomaker_residential_Bed_01/meshes/aws_Bed_01_collision.DAE\n'}
[1.974217] (bumperbot_description) StdoutLine: {'line': b'-- Up-to-date: /home/vboxuser/bumperbot_ws/install/bumperbot_description/share/bumperbot_description/models/aws_robomaker_residential_Bed_01/model.config\n'}
[1.974248] (bumperbot_description) StdoutLine: {'line': b'-- Up-to-date: /home/vboxuser/bumperbot_ws/install/bumperbot_description/share/bumperbot_description/models/aws_robomaker_residential_Bed_01/model.sdf\n'}
[1.974660] (bumperbot_description) StdoutLine: {'line': b'-- Up-to-date: /home/vboxuser/bumperbot_ws/install/bumperbot_description/share/bumperbot_description/models/aws_robomaker_residential_PortraitB_01\n'}
[1.975000] (bumperbot_description) StdoutLine: {'line': b'-- Up-to-date: /home/vboxuser/bumperbot_ws/install/bumperbot_description/share/bumperbot_description/models/aws_robomaker_residential_PortraitB_01/materials\n'}
[1.975509] (bumperbot_description) StdoutLine: {'line': b'-- Up-to-date: /home/vboxuser/bumperbot_ws/install/bumperbot_description/share/bumperbot_description/models/aws_robomaker_residential_PortraitB_01/materials/textures\n'}
[1.976283] (bumperbot_description) StdoutLine: {'line': b'-- Up-to-date: /home/vboxuser/bumperbot_ws/install/bumperbot_description/share/bumperbot_description/models/aws_robomaker_residential_PortraitB_01/materials/textures/aws_PortraitB_02.png\n'}
[1.976526] (bumperbot_description) StdoutLine: {'line': b'-- Up-to-date: /home/vboxuser/bumperbot_ws/install/bumperbot_description/share/bumperbot_description/models/aws_robomaker_residential_PortraitB_01/materials/textures/aws_PortraitB_01.png\n'}
[1.976861] (bumperbot_description) StdoutLine: {'line': b'-- Up-to-date: /home/vboxuser/bumperbot_ws/install/bumperbot_description/share/bumperbot_description/models/aws_robomaker_residential_PortraitB_01/meshes\n'}
[1.977493] (bumperbot_description) StdoutLine: {'line': b'-- Up-to-date: /home/vboxuser/bumperbot_ws/install/bumperbot_description/share/bumperbot_description/models/aws_robomaker_residential_PortraitB_01/meshes/aws_PortraitB_01_collision.DAE\n'}
[1.977663] (bumperbot_description) StdoutLine: {'line': b'-- Up-to-date: /home/vboxuser/bumperbot_ws/install/bumperbot_description/share/bumperbot_description/models/aws_robomaker_residential_PortraitB_01/meshes/aws_PortraitB_01_visual.DAE\n'}
[1.977706] (bumperbot_description) StdoutLine: {'line': b'-- Up-to-date: /home/vboxuser/bumperbot_ws/install/bumperbot_description/share/bumperbot_description/models/aws_robomaker_residential_PortraitB_01/model.config\n'}
[1.977855] (bumperbot_description) StdoutLine: {'line': b'-- Up-to-date: /home/vboxuser/bumperbot_ws/install/bumperbot_description/share/bumperbot_description/models/aws_robomaker_residential_PortraitB_01/model.sdf\n'}
[1.977905] (bumperbot_description) StdoutLine: {'line': b'-- Up-to-date: /home/vboxuser/bumperbot_ws/install/bumperbot_description/share/bumperbot_description/models/aws_robomaker_residential_DeskPortraitD_03\n'}
[1.978210] (bumperbot_description) StdoutLine: {'line': b'-- Up-to-date: /home/vboxuser/bumperbot_ws/install/bumperbot_description/share/bumperbot_description/models/aws_robomaker_residential_DeskPortraitD_03/materials\n'}
[1.978604] (bumperbot_description) StdoutLine: {'line': b'-- Up-to-date: /home/vboxuser/bumperbot_ws/install/bumperbot_description/share/bumperbot_description/models/aws_robomaker_residential_DeskPortraitD_03/materials/textures\n'}
[1.979419] (bumperbot_description) StdoutLine: {'line': b'-- Up-to-date: /home/vboxuser/bumperbot_ws/install/bumperbot_description/share/bumperbot_description/models/aws_robomaker_residential_DeskPortraitD_03/materials/textures/aws_DeskPortraitD_02.png\n'}
[1.979511] (bumperbot_description) StdoutLine: {'line': b'-- Up-to-date: /home/vboxuser/bumperbot_ws/install/bumperbot_description/share/bumperbot_description/models/aws_robomaker_residential_DeskPortraitD_03/materials/textures/aws_DeskPortraitD_01.png\n'}
[1.979577] (bumperbot_description) StdoutLine: {'line': b'-- Up-to-date: /home/vboxuser/bumperbot_ws/install/bumperbot_description/share/bumperbot_description/models/aws_robomaker_residential_DeskPortraitD_03/meshes\n'}
[1.980338] (bumperbot_description) StdoutLine: {'line': b'-- Up-to-date: /home/vboxuser/bumperbot_ws/install/bumperbot_description/share/bumperbot_description/models/aws_robomaker_residential_DeskPortraitD_03/meshes/aws_DeskPortraitD_01_collision.DAE\n'}
[1.980434] (bumperbot_description) StdoutLine: {'line': b'-- Up-to-date: /home/vboxuser/bumperbot_ws/install/bumperbot_description/share/bumperbot_description/models/aws_robomaker_residential_DeskPortraitD_03/meshes/aws_DeskPortraitD_01_visual.DAE\n'}
[1.980518] (bumperbot_description) StdoutLine: {'line': b'-- Up-to-date: /home/vboxuser/bumperbot_ws/install/bumperbot_description/share/bumperbot_description/models/aws_robomaker_residential_DeskPortraitD_03/model.config\n'}
[1.980765] (bumperbot_description) StdoutLine: {'line': b'-- Up-to-date: /home/vboxuser/bumperbot_ws/install/bumperbot_description/share/bumperbot_description/models/aws_robomaker_residential_DeskPortraitD_03/model.sdf\n'}
[1.981031] (bumperbot_description) StdoutLine: {'line': b'-- Up-to-date: /home/vboxuser/bumperbot_ws/install/bumperbot_description/share/bumperbot_description/models/aws_robomaker_residential_RoomWindow_01\n'}
[1.981158] (bumperbot_description) StdoutLine: {'line': b'-- Up-to-date: /home/vboxuser/bumperbot_ws/install/bumperbot_description/share/bumperbot_description/models/aws_robomaker_residential_RoomWindow_01/materials\n'}
[1.981495] (bumperbot_description) StdoutLine: {'line': b'-- Up-to-date: /home/vboxuser/bumperbot_ws/install/bumperbot_description/share/bumperbot_description/models/aws_robomaker_residential_RoomWindow_01/materials/textures\n'}
[1.981927] (bumperbot_description) StdoutLine: {'line': b'-- Up-to-date: /home/vboxuser/bumperbot_ws/install/bumperbot_description/share/bumperbot_description/models/aws_robomaker_residential_RoomWindow_01/materials/textures/aws_RoomWindow_01.png\n'}
[1.982019] (bumperbot_description) StdoutLine: {'line': b'-- Up-to-date: /home/vboxuser/bumperbot_ws/install/bumperbot_description/share/bumperbot_description/models/aws_robomaker_residential_RoomWindow_01/meshes\n'}
[1.982463] (bumperbot_description) StdoutLine: {'line': b'-- Up-to-date: /home/vboxuser/bumperbot_ws/install/bumperbot_description/share/bumperbot_description/models/aws_robomaker_residential_RoomWindow_01/meshes/aws_RoomWindow_01_collision.DAE\n'}
[1.982595] (bumperbot_description) StdoutLine: {'line': b'-- Up-to-date: /home/vboxuser/bumperbot_ws/install/bumperbot_description/share/bumperbot_description/models/aws_robomaker_residential_RoomWindow_01/meshes/aws_RoomWindow_01_visual.DAE\n'}
[1.982632] (bumperbot_description) StdoutLine: {'line': b'-- Up-to-date: /home/vboxuser/bumperbot_ws/install/bumperbot_description/share/bumperbot_description/models/aws_robomaker_residential_RoomWindow_01/model.config\n'}
[1.982768] (bumperbot_description) StdoutLine: {'line': b'-- Up-to-date: /home/vboxuser/bumperbot_ws/install/bumperbot_description/share/bumperbot_description/models/aws_robomaker_residential_RoomWindow_01/model.sdf\n'}
[1.983096] (bumperbot_description) StdoutLine: {'line': b'-- Up-to-date: /home/vboxuser/bumperbot_ws/install/bumperbot_description/share/bumperbot_description/models/aws_robomaker_residential_DeskPortraitB_02\n'}
[1.983167] (bumperbot_description) StdoutLine: {'line': b'-- Up-to-date: /home/vboxuser/bumperbot_ws/install/bumperbot_description/share/bumperbot_description/models/aws_robomaker_residential_DeskPortraitB_02/materials\n'}
[1.983964] (bumperbot_description) StdoutLine: {'line': b'-- Up-to-date: /home/vboxuser/bumperbot_ws/install/bumperbot_description/share/bumperbot_description/models/aws_robomaker_residential_DeskPortraitB_02/materials/textures\n'}
[1.984802] (bumperbot_description) StdoutLine: {'line': b'-- Up-to-date: /home/vboxuser/bumperbot_ws/install/bumperbot_description/share/bumperbot_description/models/aws_robomaker_residential_DeskPortraitB_02/materials/textures/aws_DeskPortraitB_02.png\n'}
[1.985004] (bumperbot_description) StdoutLine: {'line': b'-- Up-to-date: /home/vboxuser/bumperbot_ws/install/bumperbot_description/share/bumperbot_description/models/aws_robomaker_residential_DeskPortraitB_02/materials/textures/aws_DeskPortraitB_01.png\n'}
[1.985084] (bumperbot_description) StdoutLine: {'line': b'-- Up-to-date: /home/vboxuser/bumperbot_ws/install/bumperbot_description/share/bumperbot_description/models/aws_robomaker_residential_DeskPortraitB_02/meshes\n'}
[1.985561] (bumperbot_description) StdoutLine: {'line': b'-- Up-to-date: /home/vboxuser/bumperbot_ws/install/bumperbot_description/share/bumperbot_description/models/aws_robomaker_residential_DeskPortraitB_02/meshes/aws_DeskPortraitB_01_visual.DAE\n'}
[1.985716] (bumperbot_description) StdoutLine: {'line': b'-- Up-to-date: /home/vboxuser/bumperbot_ws/install/bumperbot_description/share/bumperbot_description/models/aws_robomaker_residential_DeskPortraitB_02/meshes/aws_DeskPortraitB_01_collision.DAE\n'}
[1.985758] (bumperbot_description) StdoutLine: {'line': b'-- Up-to-date: /home/vboxuser/bumperbot_ws/install/bumperbot_description/share/bumperbot_description/models/aws_robomaker_residential_DeskPortraitB_02/model.config\n'}
[1.985789] (bumperbot_description) StdoutLine: {'line': b'-- Up-to-date: /home/vboxuser/bumperbot_ws/install/bumperbot_description/share/bumperbot_description/models/aws_robomaker_residential_DeskPortraitB_02/model.sdf\n'}
[1.985912] (bumperbot_description) StdoutLine: {'line': b'-- Up-to-date: /home/vboxuser/bumperbot_ws/install/bumperbot_description/share/bumperbot_description/models/aws_robomaker_residential_DeskPortraitB_01\n'}
[1.986293] (bumperbot_description) StdoutLine: {'line': b'-- Up-to-date: /home/vboxuser/bumperbot_ws/install/bumperbot_description/share/bumperbot_description/models/aws_robomaker_residential_DeskPortraitB_01/materials\n'}
[1.986799] (bumperbot_description) StdoutLine: {'line': b'-- Up-to-date: /home/vboxuser/bumperbot_ws/install/bumperbot_description/share/bumperbot_description/models/aws_robomaker_residential_DeskPortraitB_01/materials/textures\n'}
[1.987323] (bumperbot_description) StdoutLine: {'line': b'-- Up-to-date: /home/vboxuser/bumperbot_ws/install/bumperbot_description/share/bumperbot_description/models/aws_robomaker_residential_DeskPortraitB_01/materials/textures/aws_DeskPortraitB_02.png\n'}
[1.987564] (bumperbot_description) StdoutLine: {'line': b'-- Up-to-date: /home/vboxuser/bumperbot_ws/install/bumperbot_description/share/bumperbot_description/models/aws_robomaker_residential_DeskPortraitB_01/materials/textures/aws_DeskPortraitB_01.png\n'}
[1.987847] (bumperbot_description) StdoutLine: {'line': b'-- Up-to-date: /home/vboxuser/bumperbot_ws/install/bumperbot_description/share/bumperbot_description/models/aws_robomaker_residential_DeskPortraitB_01/meshes\n'}
[1.987990] (bumperbot_description) StdoutLine: {'line': b'-- Up-to-date: /home/vboxuser/bumperbot_ws/install/bumperbot_description/share/bumperbot_description/models/aws_robomaker_residential_DeskPortraitB_01/meshes/aws_DeskPortraitB_01_visual.DAE\n'}
[1.988028] (bumperbot_description) StdoutLine: {'line': b'-- Up-to-date: /home/vboxuser/bumperbot_ws/install/bumperbot_description/share/bumperbot_description/models/aws_robomaker_residential_DeskPortraitB_01/meshes/aws_DeskPortraitB_01_collision.DAE\n'}
[1.988059] (bumperbot_description) StdoutLine: {'line': b'-- Up-to-date: /home/vboxuser/bumperbot_ws/install/bumperbot_description/share/bumperbot_description/models/aws_robomaker_residential_DeskPortraitB_01/model.config\n'}
[1.988086] (bumperbot_description) StdoutLine: {'line': b'-- Up-to-date: /home/vboxuser/bumperbot_ws/install/bumperbot_description/share/bumperbot_description/models/aws_robomaker_residential_DeskPortraitB_01/model.sdf\n'}
[1.988210] (bumperbot_description) StdoutLine: {'line': b'-- Up-to-date: /home/vboxuser/bumperbot_ws/install/bumperbot_description/share/bumperbot_description/models/aws_robomaker_residential_DeskPortraitC_01\n'}
[1.988884] (bumperbot_description) StdoutLine: {'line': b'-- Up-to-date: /home/vboxuser/bumperbot_ws/install/bumperbot_description/share/bumperbot_description/models/aws_robomaker_residential_DeskPortraitC_01/materials\n'}
[1.990153] (bumperbot_description) StdoutLine: {'line': b'-- Up-to-date: /home/vboxuser/bumperbot_ws/install/bumperbot_description/share/bumperbot_description/models/aws_robomaker_residential_DeskPortraitC_01/materials/textures\n'}
[1.991046] (bumperbot_description) StdoutLine: {'line': b'-- Up-to-date: /home/vboxuser/bumperbot_ws/install/bumperbot_description/share/bumperbot_description/models/aws_robomaker_residential_DeskPortraitC_01/materials/textures/aws_DeskPortraitC_01.png\n'}
[1.991243] (bumperbot_description) StdoutLine: {'line': b'-- Up-to-date: /home/vboxuser/bumperbot_ws/install/bumperbot_description/share/bumperbot_description/models/aws_robomaker_residential_DeskPortraitC_01/materials/textures/aws_DeskPortraitC_02.png\n'}
[1.991297] (bumperbot_description) StdoutLine: {'line': b'-- Up-to-date: /home/vboxuser/bumperbot_ws/install/bumperbot_description/share/bumperbot_description/models/aws_robomaker_residential_DeskPortraitC_01/meshes\n'}
[1.991975] (bumperbot_description) StdoutLine: {'line': b'-- Up-to-date: /home/vboxuser/bumperbot_ws/install/bumperbot_description/share/bumperbot_description/models/aws_robomaker_residential_DeskPortraitC_01/meshes/aws_DeskPortraitC_01_visual.DAE\n'}
[1.992325] (bumperbot_description) StdoutLine: {'line': b'-- Up-to-date: /home/vboxuser/bumperbot_ws/install/bumperbot_description/share/bumperbot_description/models/aws_robomaker_residential_DeskPortraitC_01/meshes/aws_DeskPortraitC_01_collision.DAE\n'}
[1.992362] (bumperbot_description) StdoutLine: {'line': b'-- Up-to-date: /home/vboxuser/bumperbot_ws/install/bumperbot_description/share/bumperbot_description/models/aws_robomaker_residential_DeskPortraitC_01/model.config\n'}
[1.992392] (bumperbot_description) StdoutLine: {'line': b'-- Up-to-date: /home/vboxuser/bumperbot_ws/install/bumperbot_description/share/bumperbot_description/models/aws_robomaker_residential_DeskPortraitC_01/model.sdf\n'}
[1.992421] (bumperbot_description) StdoutLine: {'line': b'-- Up-to-date: /home/vboxuser/bumperbot_ws/install/bumperbot_description/share/bumperbot_description/models/aws_robomaker_residential_Rangehood_01\n'}
[1.992473] (bumperbot_description) StdoutLine: {'line': b'-- Up-to-date: /home/vboxuser/bumperbot_ws/install/bumperbot_description/share/bumperbot_description/models/aws_robomaker_residential_Rangehood_01/materials\n'}
[1.992818] (bumperbot_description) StdoutLine: {'line': b'-- Up-to-date: /home/vboxuser/bumperbot_ws/install/bumperbot_description/share/bumperbot_description/models/aws_robomaker_residential_Rangehood_01/materials/textures\n'}
[1.993416] (bumperbot_description) StdoutLine: {'line': b'-- Up-to-date: /home/vboxuser/bumperbot_ws/install/bumperbot_description/share/bumperbot_description/models/aws_robomaker_residential_Rangehood_01/materials/textures/aws_Rangehood_01.png\n'}
[1.993616] (bumperbot_description) StdoutLine: {'line': b'-- Up-to-date: /home/vboxuser/bumperbot_ws/install/bumperbot_description/share/bumperbot_description/models/aws_robomaker_residential_Rangehood_01/meshes\n'}
[1.994015] (bumperbot_description) StdoutLine: {'line': b'-- Up-to-date: /home/vboxuser/bumperbot_ws/install/bumperbot_description/share/bumperbot_description/models/aws_robomaker_residential_Rangehood_01/meshes/aws_Rangehood_01_visual.DAE\n'}
[1.994134] (bumperbot_description) StdoutLine: {'line': b'-- Up-to-date: /home/vboxuser/bumperbot_ws/install/bumperbot_description/share/bumperbot_description/models/aws_robomaker_residential_Rangehood_01/meshes/aws_Rangehood_01_collision.DAE\n'}
[1.994400] (bumperbot_description) StdoutLine: {'line': b'-- Up-to-date: /home/vboxuser/bumperbot_ws/install/bumperbot_description/share/bumperbot_description/models/aws_robomaker_residential_Rangehood_01/model.config\n'}
[1.994689] (bumperbot_description) StdoutLine: {'line': b'-- Up-to-date: /home/vboxuser/bumperbot_ws/install/bumperbot_description/share/bumperbot_description/models/aws_robomaker_residential_Rangehood_01/model.sdf\n'}
[1.994924] (bumperbot_description) StdoutLine: {'line': b'-- Up-to-date: /home/vboxuser/bumperbot_ws/install/bumperbot_description/share/bumperbot_description/models/aws_robomaker_warehouse_Bucket_01\n'}
[1.995052] (bumperbot_description) StdoutLine: {'line': b'-- Up-to-date: /home/vboxuser/bumperbot_ws/install/bumperbot_description/share/bumperbot_description/models/aws_robomaker_warehouse_Bucket_01/materials\n'}
[1.995668] (bumperbot_description) StdoutLine: {'line': b'-- Up-to-date: /home/vboxuser/bumperbot_ws/install/bumperbot_description/share/bumperbot_description/models/aws_robomaker_warehouse_Bucket_01/materials/textures\n'}
[1.996538] (bumperbot_description) StdoutLine: {'line': b'-- Up-to-date: /home/vboxuser/bumperbot_ws/install/bumperbot_description/share/bumperbot_description/models/aws_robomaker_warehouse_Bucket_01/materials/textures/aws_robomaker_warehouse_Bucket_01.png\n'}
[1.996728] (bumperbot_description) StdoutLine: {'line': b'-- Up-to-date: /home/vboxuser/bumperbot_ws/install/bumperbot_description/share/bumperbot_description/models/aws_robomaker_warehouse_Bucket_01/materials/.DS_Store\n'}
[1.997003] (bumperbot_description) StdoutLine: {'line': b'-- Up-to-date: /home/vboxuser/bumperbot_ws/install/bumperbot_description/share/bumperbot_description/models/aws_robomaker_warehouse_Bucket_01/meshes\n'}
[1.997262] (bumperbot_description) StdoutLine: {'line': b'-- Up-to-date: /home/vboxuser/bumperbot_ws/install/bumperbot_description/share/bumperbot_description/models/aws_robomaker_warehouse_Bucket_01/meshes/aws_robomaker_warehouse_Bucket_01_visual.DAE\n'}
[1.997525] (bumperbot_description) StdoutLine: {'line': b'-- Up-to-date: /home/vboxuser/bumperbot_ws/install/bumperbot_description/share/bumperbot_description/models/aws_robomaker_warehouse_Bucket_01/meshes/aws_robomaker_warehouse_Bucket_01_collision.DAE\n'}
[1.997584] (bumperbot_description) StdoutLine: {'line': b'-- Up-to-date: /home/vboxuser/bumperbot_ws/install/bumperbot_description/share/bumperbot_description/models/aws_robomaker_warehouse_Bucket_01/model.config\n'}
[1.997789] (bumperbot_description) StdoutLine: {'line': b'-- Up-to-date: /home/vboxuser/bumperbot_ws/install/bumperbot_description/share/bumperbot_description/models/aws_robomaker_warehouse_Bucket_01/.DS_Store\n'}
[1.997829] (bumperbot_description) StdoutLine: {'line': b'-- Up-to-date: /home/vboxuser/bumperbot_ws/install/bumperbot_description/share/bumperbot_description/models/aws_robomaker_warehouse_Bucket_01/model.sdf\n'}
[1.997949] (bumperbot_description) StdoutLine: {'line': b'-- Up-to-date: /home/vboxuser/bumperbot_ws/install/bumperbot_description/share/bumperbot_description/models/aws_robomaker_warehouse_ClutteringC_01\n'}
[1.998306] (bumperbot_description) StdoutLine: {'line': b'-- Up-to-date: /home/vboxuser/bumperbot_ws/install/bumperbot_description/share/bumperbot_description/models/aws_robomaker_warehouse_ClutteringC_01/materials\n'}
[1.999038] (bumperbot_description) StdoutLine: {'line': b'-- Up-to-date: /home/vboxuser/bumperbot_ws/install/bumperbot_description/share/bumperbot_description/models/aws_robomaker_warehouse_ClutteringC_01/materials/textures\n'}
[1.999753] (bumperbot_description) StdoutLine: {'line': b'-- Up-to-date: /home/vboxuser/bumperbot_ws/install/bumperbot_description/share/bumperbot_description/models/aws_robomaker_warehouse_ClutteringC_01/materials/textures/aws_robomaker_warehouse_ClutteringC_01.png\n'}
[1.999853] (bumperbot_description) StdoutLine: {'line': b'-- Up-to-date: /home/vboxuser/bumperbot_ws/install/bumperbot_description/share/bumperbot_description/models/aws_robomaker_warehouse_ClutteringC_01/materials/textures/aws_robomaker_warehouse_ClutteringC_02.png\n'}
[1.999922] (bumperbot_description) StdoutLine: {'line': b'-- Up-to-date: /home/vboxuser/bumperbot_ws/install/bumperbot_description/share/bumperbot_description/models/aws_robomaker_warehouse_ClutteringC_01/meshes\n'}
[2.000774] (bumperbot_description) StdoutLine: {'line': b'-- Up-to-date: /home/vboxuser/bumperbot_ws/install/bumperbot_description/share/bumperbot_description/models/aws_robomaker_warehouse_ClutteringC_01/meshes/aws_robomaker_warehouse_ClutteringC_01_visual.DAE\n'}
[2.000891] (bumperbot_description) StdoutLine: {'line': b'-- Up-to-date: /home/vboxuser/bumperbot_ws/install/bumperbot_description/share/bumperbot_description/models/aws_robomaker_warehouse_ClutteringC_01/meshes/aws_robomaker_warehouse_ClutteringC_01_collision.DAE\n'}
[2.000983] (bumperbot_description) StdoutLine: {'line': b'-- Up-to-date: /home/vboxuser/bumperbot_ws/install/bumperbot_description/share/bumperbot_description/models/aws_robomaker_warehouse_ClutteringC_01/model.config\n'}
[2.001128] (bumperbot_description) StdoutLine: {'line': b'-- Up-to-date: /home/vboxuser/bumperbot_ws/install/bumperbot_description/share/bumperbot_description/models/aws_robomaker_warehouse_ClutteringC_01/model.sdf\n'}
[2.001183] (bumperbot_description) StdoutLine: {'line': b'-- Up-to-date: /home/vboxuser/bumperbot_ws/install/bumperbot_description/share/bumperbot_description/models/aws_robomaker_warehouse_TrashCanC_01\n'}
[2.001927] (bumperbot_description) StdoutLine: {'line': b'-- Up-to-date: /home/vboxuser/bumperbot_ws/install/bumperbot_description/share/bumperbot_description/models/aws_robomaker_warehouse_TrashCanC_01/materials\n'}
[2.003412] (bumperbot_description) StdoutLine: {'line': b'-- Up-to-date: /home/vboxuser/bumperbot_ws/install/bumperbot_description/share/bumperbot_description/models/aws_robomaker_warehouse_TrashCanC_01/materials/textures\n'}
[2.004076] (bumperbot_description) StdoutLine: {'line': b'-- Up-to-date: /home/vboxuser/bumperbot_ws/install/bumperbot_description/share/bumperbot_description/models/aws_robomaker_warehouse_TrashCanC_01/materials/textures/aws_robomaker_warehouse_TrashCanC_01.png\n'}
[2.004236] (bumperbot_description) StdoutLine: {'line': b'-- Up-to-date: /home/vboxuser/bumperbot_ws/install/bumperbot_description/share/bumperbot_description/models/aws_robomaker_warehouse_TrashCanC_01/meshes\n'}
[2.005133] (bumperbot_description) StdoutLine: {'line': b'-- Up-to-date: /home/vboxuser/bumperbot_ws/install/bumperbot_description/share/bumperbot_description/models/aws_robomaker_warehouse_TrashCanC_01/meshes/aws_robomaker_warehouse_TrashCanC_01_visual.DAE\n'}
[2.005442] (bumperbot_description) StdoutLine: {'line': b'-- Up-to-date: /home/vboxuser/bumperbot_ws/install/bumperbot_description/share/bumperbot_description/models/aws_robomaker_warehouse_TrashCanC_01/meshes/aws_robomaker_warehouse_TrashCanC_01_collision.DAE\n'}
[2.005938] (bumperbot_description) StdoutLine: {'line': b'-- Up-to-date: /home/vboxuser/bumperbot_ws/install/bumperbot_description/share/bumperbot_description/models/aws_robomaker_warehouse_TrashCanC_01/model.config\n'}
[2.005990] (bumperbot_description) StdoutLine: {'line': b'-- Up-to-date: /home/vboxuser/bumperbot_ws/install/bumperbot_description/share/bumperbot_description/models/aws_robomaker_warehouse_TrashCanC_01/model.sdf\n'}
[2.006023] (bumperbot_description) StdoutLine: {'line': b'-- Up-to-date: /home/vboxuser/bumperbot_ws/install/bumperbot_description/share/bumperbot_description/models/aws_robomaker_residential_BalconyTable_01\n'}
[2.006144] (bumperbot_description) StdoutLine: {'line': b'-- Up-to-date: /home/vboxuser/bumperbot_ws/install/bumperbot_description/share/bumperbot_description/models/aws_robomaker_residential_BalconyTable_01/materials\n'}
[2.006954] (bumperbot_description) StdoutLine: {'line': b'-- Up-to-date: /home/vboxuser/bumperbot_ws/install/bumperbot_description/share/bumperbot_description/models/aws_robomaker_residential_BalconyTable_01/materials/textures\n'}
[2.007905] (bumperbot_description) StdoutLine: {'line': b'-- Up-to-date: /home/vboxuser/bumperbot_ws/install/bumperbot_description/share/bumperbot_description/models/aws_robomaker_residential_BalconyTable_01/materials/textures/aws_BalconyTable_01.png\n'}
[2.008082] (bumperbot_description) StdoutLine: {'line': b'-- Up-to-date: /home/vboxuser/bumperbot_ws/install/bumperbot_description/share/bumperbot_description/models/aws_robomaker_residential_BalconyTable_01/meshes\n'}
[2.008976] (bumperbot_description) StdoutLine: {'line': b'-- Up-to-date: /home/vboxuser/bumperbot_ws/install/bumperbot_description/share/bumperbot_description/models/aws_robomaker_residential_BalconyTable_01/meshes/aws_BalconyTable_01_collision.DAE\n'}
[2.009144] (bumperbot_description) StdoutLine: {'line': b'-- Up-to-date: /home/vboxuser/bumperbot_ws/install/bumperbot_description/share/bumperbot_description/models/aws_robomaker_residential_BalconyTable_01/meshes/aws_BalconyTable_01_visual.DAE\n'}
[2.009185] (bumperbot_description) StdoutLine: {'line': b'-- Up-to-date: /home/vboxuser/bumperbot_ws/install/bumperbot_description/share/bumperbot_description/models/aws_robomaker_residential_BalconyTable_01/model.config\n'}
[2.009215] (bumperbot_description) StdoutLine: {'line': b'-- Up-to-date: /home/vboxuser/bumperbot_ws/install/bumperbot_description/share/bumperbot_description/models/aws_robomaker_residential_BalconyTable_01/model.sdf\n'}
[2.009409] (bumperbot_description) StdoutLine: {'line': b'-- Up-to-date: /home/vboxuser/bumperbot_ws/install/bumperbot_description/share/bumperbot_description/models/aws_robomaker_residential_RoomWall_01\n'}
[2.009777] (bumperbot_description) StdoutLine: {'line': b'-- Up-to-date: /home/vboxuser/bumperbot_ws/install/bumperbot_description/share/bumperbot_description/models/aws_robomaker_residential_RoomWall_01/materials\n'}
[2.010576] (bumperbot_description) StdoutLine: {'line': b'-- Up-to-date: /home/vboxuser/bumperbot_ws/install/bumperbot_description/share/bumperbot_description/models/aws_robomaker_residential_RoomWall_01/materials/textures\n'}
[2.010630] (bumperbot_description) StdoutLine: {'line': b'-- Up-to-date: /home/vboxuser/bumperbot_ws/install/bumperbot_description/share/bumperbot_description/models/aws_robomaker_residential_RoomWall_01/materials/textures/aws_RoomWall_01.png\n'}
[2.010661] (bumperbot_description) StdoutLine: {'line': b'-- Up-to-date: /home/vboxuser/bumperbot_ws/install/bumperbot_description/share/bumperbot_description/models/aws_robomaker_residential_RoomWall_01/meshes\n'}
[2.010744] (bumperbot_description) StdoutLine: {'line': b'-- Up-to-date: /home/vboxuser/bumperbot_ws/install/bumperbot_description/share/bumperbot_description/models/aws_robomaker_residential_RoomWall_01/meshes/aws_RoomWall_01_collision.DAE\n'}
[2.010820] (bumperbot_description) StdoutLine: {'line': b'-- Up-to-date: /home/vboxuser/bumperbot_ws/install/bumperbot_description/share/bumperbot_description/models/aws_robomaker_residential_RoomWall_01/meshes/aws_RoomWall_01_visual.DAE\n'}
[2.010885] (bumperbot_description) StdoutLine: {'line': b'-- Up-to-date: /home/vboxuser/bumperbot_ws/install/bumperbot_description/share/bumperbot_description/models/aws_robomaker_residential_RoomWall_01/model.config\n'}
[2.010974] (bumperbot_description) StdoutLine: {'line': b'-- Up-to-date: /home/vboxuser/bumperbot_ws/install/bumperbot_description/share/bumperbot_description/models/aws_robomaker_residential_RoomWall_01/model.sdf\n'}
[2.011096] (bumperbot_description) StdoutLine: {'line': b'-- Up-to-date: /home/vboxuser/bumperbot_ws/install/bumperbot_description/share/bumperbot_description/models/aws_robomaker_residential_DeskPortraitD_02\n'}
[2.011737] (bumperbot_description) StdoutLine: {'line': b'-- Up-to-date: /home/vboxuser/bumperbot_ws/install/bumperbot_description/share/bumperbot_description/models/aws_robomaker_residential_DeskPortraitD_02/materials\n'}
[2.012704] (bumperbot_description) StdoutLine: {'line': b'-- Up-to-date: /home/vboxuser/bumperbot_ws/install/bumperbot_description/share/bumperbot_description/models/aws_robomaker_residential_DeskPortraitD_02/materials/textures\n'}
[2.013494] (bumperbot_description) StdoutLine: {'line': b'-- Up-to-date: /home/vboxuser/bumperbot_ws/install/bumperbot_description/share/bumperbot_description/models/aws_robomaker_residential_DeskPortraitD_02/materials/textures/aws_DeskPortraitD_02.png\n'}
[2.013679] (bumperbot_description) StdoutLine: {'line': b'-- Up-to-date: /home/vboxuser/bumperbot_ws/install/bumperbot_description/share/bumperbot_description/models/aws_robomaker_residential_DeskPortraitD_02/materials/textures/aws_DeskPortraitD_01.png\n'}
[2.013735] (bumperbot_description) StdoutLine: {'line': b'-- Up-to-date: /home/vboxuser/bumperbot_ws/install/bumperbot_description/share/bumperbot_description/models/aws_robomaker_residential_DeskPortraitD_02/meshes\n'}
[2.014284] (bumperbot_description) StdoutLine: {'line': b'-- Up-to-date: /home/vboxuser/bumperbot_ws/install/bumperbot_description/share/bumperbot_description/models/aws_robomaker_residential_DeskPortraitD_02/meshes/aws_DeskPortraitD_01_collision.DAE\n'}
[2.014414] (bumperbot_description) StdoutLine: {'line': b'-- Up-to-date: /home/vboxuser/bumperbot_ws/install/bumperbot_description/share/bumperbot_description/models/aws_robomaker_residential_DeskPortraitD_02/meshes/aws_DeskPortraitD_01_visual.DAE\n'}
[2.014649] (bumperbot_description) StdoutLine: {'line': b'-- Up-to-date: /home/vboxuser/bumperbot_ws/install/bumperbot_description/share/bumperbot_description/models/aws_robomaker_residential_DeskPortraitD_02/model.config\n'}
[2.014709] (bumperbot_description) StdoutLine: {'line': b'-- Up-to-date: /home/vboxuser/bumperbot_ws/install/bumperbot_description/share/bumperbot_description/models/aws_robomaker_residential_DeskPortraitD_02/model.sdf\n'}
[2.014914] (bumperbot_description) StdoutLine: {'line': b'-- Up-to-date: /home/vboxuser/bumperbot_ws/install/bumperbot_description/share/bumperbot_description/models/aws_robomaker_residential_RoomCeiling_01\n'}
[2.015457] (bumperbot_description) StdoutLine: {'line': b'-- Up-to-date: /home/vboxuser/bumperbot_ws/install/bumperbot_description/share/bumperbot_description/models/aws_robomaker_residential_RoomCeiling_01/materials\n'}
[2.016506] (bumperbot_description) StdoutLine: {'line': b'-- Up-to-date: /home/vboxuser/bumperbot_ws/install/bumperbot_description/share/bumperbot_description/models/aws_robomaker_residential_RoomCeiling_01/materials/textures\n'}
[2.017123] (bumperbot_description) StdoutLine: {'line': b'-- Up-to-date: /home/vboxuser/bumperbot_ws/install/bumperbot_description/share/bumperbot_description/models/aws_robomaker_residential_RoomCeiling_01/materials/textures/aws_RoomCeiling_01.png\n'}
[2.017272] (bumperbot_description) StdoutLine: {'line': b'-- Up-to-date: /home/vboxuser/bumperbot_ws/install/bumperbot_description/share/bumperbot_description/models/aws_robomaker_residential_RoomCeiling_01/meshes\n'}
[2.017858] (bumperbot_description) StdoutLine: {'line': b'-- Up-to-date: /home/vboxuser/bumperbot_ws/install/bumperbot_description/share/bumperbot_description/models/aws_robomaker_residential_RoomCeiling_01/meshes/aws_RoomCeiling_01_visual.DAE\n'}
[2.018110] (bumperbot_description) StdoutLine: {'line': b'-- Up-to-date: /home/vboxuser/bumperbot_ws/install/bumperbot_description/share/bumperbot_description/models/aws_robomaker_residential_RoomCeiling_01/meshes/aws_RoomCeiling_01_collision.DAE\n'}
[2.018165] (bumperbot_description) StdoutLine: {'line': b'-- Up-to-date: /home/vboxuser/bumperbot_ws/install/bumperbot_description/share/bumperbot_description/models/aws_robomaker_residential_RoomCeiling_01/model.config\n'}
[2.018725] (bumperbot_description) StdoutLine: {'line': b'-- Up-to-date: /home/vboxuser/bumperbot_ws/install/bumperbot_description/share/bumperbot_description/models/aws_robomaker_residential_RoomCeiling_01/model.sdf\n'}
[2.018951] (bumperbot_description) StdoutLine: {'line': b'-- Up-to-date: /home/vboxuser/bumperbot_ws/install/bumperbot_description/share/bumperbot_description/models/aws_robomaker_residential_SofaB_01\n'}
[2.018989] (bumperbot_description) StdoutLine: {'line': b'-- Up-to-date: /home/vboxuser/bumperbot_ws/install/bumperbot_description/share/bumperbot_description/models/aws_robomaker_residential_SofaB_01/materials\n'}
[2.019515] (bumperbot_description) StdoutLine: {'line': b'-- Up-to-date: /home/vboxuser/bumperbot_ws/install/bumperbot_description/share/bumperbot_description/models/aws_robomaker_residential_SofaB_01/materials/textures\n'}
[2.020417] (bumperbot_description) StdoutLine: {'line': b'-- Up-to-date: /home/vboxuser/bumperbot_ws/install/bumperbot_description/share/bumperbot_description/models/aws_robomaker_residential_SofaB_01/materials/textures/aws_SofaB_01.png\n'}
[2.020596] (bumperbot_description) StdoutLine: {'line': b'-- Up-to-date: /home/vboxuser/bumperbot_ws/install/bumperbot_description/share/bumperbot_description/models/aws_robomaker_residential_SofaB_01/meshes\n'}
[2.021238] (bumperbot_description) StdoutLine: {'line': b'-- Up-to-date: /home/vboxuser/bumperbot_ws/install/bumperbot_description/share/bumperbot_description/models/aws_robomaker_residential_SofaB_01/meshes/aws_SofaB_01_visual.DAE\n'}
[2.021383] (bumperbot_description) StdoutLine: {'line': b'-- Up-to-date: /home/vboxuser/bumperbot_ws/install/bumperbot_description/share/bumperbot_description/models/aws_robomaker_residential_SofaB_01/meshes/aws_SofaB_01_collision.DAE\n'}
[2.021428] (bumperbot_description) StdoutLine: {'line': b'-- Up-to-date: /home/vboxuser/bumperbot_ws/install/bumperbot_description/share/bumperbot_description/models/aws_robomaker_residential_SofaB_01/model.config\n'}
[2.021459] (bumperbot_description) StdoutLine: {'line': b'-- Up-to-date: /home/vboxuser/bumperbot_ws/install/bumperbot_description/share/bumperbot_description/models/aws_robomaker_residential_SofaB_01/model.sdf\n'}
[2.021488] (bumperbot_description) StdoutLine: {'line': b'-- Up-to-date: /home/vboxuser/bumperbot_ws/install/bumperbot_description/share/bumperbot_description/models/aws_robomaker_residential_Chandelier_01\n'}
[2.022751] (bumperbot_description) StdoutLine: {'line': b'-- Up-to-date: /home/vboxuser/bumperbot_ws/install/bumperbot_description/share/bumperbot_description/models/aws_robomaker_residential_Chandelier_01/materials\n'}
[2.023475] (bumperbot_description) StdoutLine: {'line': b'-- Up-to-date: /home/vboxuser/bumperbot_ws/install/bumperbot_description/share/bumperbot_description/models/aws_robomaker_residential_Chandelier_01/materials/textures\n'}
[2.024499] (bumperbot_description) StdoutLine: {'line': b'-- Up-to-date: /home/vboxuser/bumperbot_ws/install/bumperbot_description/share/bumperbot_description/models/aws_robomaker_residential_Chandelier_01/materials/textures/aws_Chandelier_01.png\n'}
[2.024666] (bumperbot_description) StdoutLine: {'line': b'-- Up-to-date: /home/vboxuser/bumperbot_ws/install/bumperbot_description/share/bumperbot_description/models/aws_robomaker_residential_Chandelier_01/meshes\n'}
[2.025344] (bumperbot_description) StdoutLine: {'line': b'-- Up-to-date: /home/vboxuser/bumperbot_ws/install/bumperbot_description/share/bumperbot_description/models/aws_robomaker_residential_Chandelier_01/meshes/aws_Chandelier_01.DAE\n'}
[2.025479] (bumperbot_description) StdoutLine: {'line': b'-- Up-to-date: /home/vboxuser/bumperbot_ws/install/bumperbot_description/share/bumperbot_description/models/aws_robomaker_residential_Chandelier_01/meshes/aws_Chandelier_01_visual.DAE\n'}
[2.025517] (bumperbot_description) StdoutLine: {'line': b'-- Up-to-date: /home/vboxuser/bumperbot_ws/install/bumperbot_description/share/bumperbot_description/models/aws_robomaker_residential_Chandelier_01/meshes/aws_Chandelier_01_collision.DAE\n'}
[2.025739] (bumperbot_description) StdoutLine: {'line': b'-- Up-to-date: /home/vboxuser/bumperbot_ws/install/bumperbot_description/share/bumperbot_description/models/aws_robomaker_residential_Chandelier_01/model.config\n'}
[2.026014] (bumperbot_description) StdoutLine: {'line': b'-- Up-to-date: /home/vboxuser/bumperbot_ws/install/bumperbot_description/share/bumperbot_description/models/aws_robomaker_residential_Chandelier_01/model.sdf\n'}
[2.026067] (bumperbot_description) StdoutLine: {'line': b'-- Up-to-date: /home/vboxuser/bumperbot_ws/install/bumperbot_description/share/bumperbot_description/models/aws_robomaker_residential_DeskPortraitC_02\n'}
[2.026749] (bumperbot_description) StdoutLine: {'line': b'-- Up-to-date: /home/vboxuser/bumperbot_ws/install/bumperbot_description/share/bumperbot_description/models/aws_robomaker_residential_DeskPortraitC_02/materials\n'}
[2.026998] (-) TimerEvent: {}
[2.027548] (bumperbot_description) StdoutLine: {'line': b'-- Up-to-date: /home/vboxuser/bumperbot_ws/install/bumperbot_description/share/bumperbot_description/models/aws_robomaker_residential_DeskPortraitC_02/materials/textures\n'}
[2.027810] (bumperbot_description) StdoutLine: {'line': b'-- Up-to-date: /home/vboxuser/bumperbot_ws/install/bumperbot_description/share/bumperbot_description/models/aws_robomaker_residential_DeskPortraitC_02/materials/textures/aws_DeskPortraitC_01.png\n'}
[2.027973] (bumperbot_description) StdoutLine: {'line': b'-- Up-to-date: /home/vboxuser/bumperbot_ws/install/bumperbot_description/share/bumperbot_description/models/aws_robomaker_residential_DeskPortraitC_02/materials/textures/aws_DeskPortraitC_02.png\n'}
[2.028024] (bumperbot_description) StdoutLine: {'line': b'-- Up-to-date: /home/vboxuser/bumperbot_ws/install/bumperbot_description/share/bumperbot_description/models/aws_robomaker_residential_DeskPortraitC_02/meshes\n'}
[2.035519] (bumperbot_description) StdoutLine: {'line': b'-- Up-to-date: /home/vboxuser/bumperbot_ws/install/bumperbot_description/share/bumperbot_description/models/aws_robomaker_residential_DeskPortraitC_02/meshes/aws_DeskPortraitC_01_visual.DAE\n'}
[2.035608] (bumperbot_description) StdoutLine: {'line': b'-- Up-to-date: /home/vboxuser/bumperbot_ws/install/bumperbot_description/share/bumperbot_description/models/aws_robomaker_residential_DeskPortraitC_02/meshes/aws_DeskPortraitC_01_collision.DAE\n'}
[2.035642] (bumperbot_description) StdoutLine: {'line': b'-- Up-to-date: /home/vboxuser/bumperbot_ws/install/bumperbot_description/share/bumperbot_description/models/aws_robomaker_residential_DeskPortraitC_02/model.config\n'}
[2.035672] (bumperbot_description) StdoutLine: {'line': b'-- Up-to-date: /home/vboxuser/bumperbot_ws/install/bumperbot_description/share/bumperbot_description/models/aws_robomaker_residential_DeskPortraitC_02/model.sdf\n'}
[2.035710] (bumperbot_description) StdoutLine: {'line': b'-- Up-to-date: /home/vboxuser/bumperbot_ws/install/bumperbot_description/share/bumperbot_description/models/aws_robomaker_residential_PortraitA_01\n'}
[2.036408] (bumperbot_description) StdoutLine: {'line': b'-- Up-to-date: /home/vboxuser/bumperbot_ws/install/bumperbot_description/share/bumperbot_description/models/aws_robomaker_residential_PortraitA_01/materials\n'}
[2.037358] (bumperbot_description) StdoutLine: {'line': b'-- Up-to-date: /home/vboxuser/bumperbot_ws/install/bumperbot_description/share/bumperbot_description/models/aws_robomaker_residential_PortraitA_01/materials/textures\n'}
[2.038059] (bumperbot_description) StdoutLine: {'line': b'-- Up-to-date: /home/vboxuser/bumperbot_ws/install/bumperbot_description/share/bumperbot_description/models/aws_robomaker_residential_PortraitA_01/materials/textures/aws_PortraitA_01.png\n'}
[2.038152] (bumperbot_description) StdoutLine: {'line': b'-- Up-to-date: /home/vboxuser/bumperbot_ws/install/bumperbot_description/share/bumperbot_description/models/aws_robomaker_residential_PortraitA_01/materials/textures/aws_PortraitA_02.png\n'}
[2.038229] (bumperbot_description) StdoutLine: {'line': b'-- Up-to-date: /home/vboxuser/bumperbot_ws/install/bumperbot_description/share/bumperbot_description/models/aws_robomaker_residential_PortraitA_01/meshes\n'}
[2.039020] (bumperbot_description) StdoutLine: {'line': b'-- Up-to-date: /home/vboxuser/bumperbot_ws/install/bumperbot_description/share/bumperbot_description/models/aws_robomaker_residential_PortraitA_01/meshes/aws_PortraitA_01_visual.DAE\n'}
[2.039139] (bumperbot_description) StdoutLine: {'line': b'-- Up-to-date: /home/vboxuser/bumperbot_ws/install/bumperbot_description/share/bumperbot_description/models/aws_robomaker_residential_PortraitA_01/meshes/aws_PortraitA_01_collision.DAE\n'}
[2.039191] (bumperbot_description) StdoutLine: {'line': b'-- Up-to-date: /home/vboxuser/bumperbot_ws/install/bumperbot_description/share/bumperbot_description/models/aws_robomaker_residential_PortraitA_01/model.config\n'}
[2.039273] (bumperbot_description) StdoutLine: {'line': b'-- Up-to-date: /home/vboxuser/bumperbot_ws/install/bumperbot_description/share/bumperbot_description/models/aws_robomaker_residential_PortraitA_01/model.sdf\n'}
[2.039322] (bumperbot_description) StdoutLine: {'line': b'-- Up-to-date: /home/vboxuser/bumperbot_ws/install/bumperbot_description/share/bumperbot_description/models/aws_robomaker_residential_PortraitD_02\n'}
[2.040002] (bumperbot_description) StdoutLine: {'line': b'-- Up-to-date: /home/vboxuser/bumperbot_ws/install/bumperbot_description/share/bumperbot_description/models/aws_robomaker_residential_PortraitD_02/materials\n'}
[2.040809] (bumperbot_description) StdoutLine: {'line': b'-- Up-to-date: /home/vboxuser/bumperbot_ws/install/bumperbot_description/share/bumperbot_description/models/aws_robomaker_residential_PortraitD_02/materials/textures\n'}
[2.041668] (bumperbot_description) StdoutLine: {'line': b'-- Up-to-date: /home/vboxuser/bumperbot_ws/install/bumperbot_description/share/bumperbot_description/models/aws_robomaker_residential_PortraitD_02/materials/textures/aws_PortraitD_01.png\n'}
[2.041774] (bumperbot_description) StdoutLine: {'line': b'-- Up-to-date: /home/vboxuser/bumperbot_ws/install/bumperbot_description/share/bumperbot_description/models/aws_robomaker_residential_PortraitD_02/materials/textures/aws_PortraitD_02.png\n'}
[2.041896] (bumperbot_description) StdoutLine: {'line': b'-- Up-to-date: /home/vboxuser/bumperbot_ws/install/bumperbot_description/share/bumperbot_description/models/aws_robomaker_residential_PortraitD_02/meshes\n'}
[2.042813] (bumperbot_description) StdoutLine: {'line': b'-- Up-to-date: /home/vboxuser/bumperbot_ws/install/bumperbot_description/share/bumperbot_description/models/aws_robomaker_residential_PortraitD_02/meshes/aws_PortraitD_01_visual.DAE\n'}
[2.042960] (bumperbot_description) StdoutLine: {'line': b'-- Up-to-date: /home/vboxuser/bumperbot_ws/install/bumperbot_description/share/bumperbot_description/models/aws_robomaker_residential_PortraitD_02/meshes/aws_PortraitD_01_collision.DAE\n'}
[2.043005] (bumperbot_description) StdoutLine: {'line': b'-- Up-to-date: /home/vboxuser/bumperbot_ws/install/bumperbot_description/share/bumperbot_description/models/aws_robomaker_residential_PortraitD_02/model.config\n'}
[2.046012] (bumperbot_description) StdoutLine: {'line': b'-- Up-to-date: /home/vboxuser/bumperbot_ws/install/bumperbot_description/share/bumperbot_description/models/aws_robomaker_residential_PortraitD_02/model.sdf\n'}
[2.046088] (bumperbot_description) StdoutLine: {'line': b'-- Up-to-date: /home/vboxuser/bumperbot_ws/install/bumperbot_description/share/bumperbot_description/models/aws_robomaker_residential_ChairA_01\n'}
[2.048424] (bumperbot_description) StdoutLine: {'line': b'-- Up-to-date: /home/vboxuser/bumperbot_ws/install/bumperbot_description/share/bumperbot_description/models/aws_robomaker_residential_ChairA_01/materials\n'}
[2.049425] (bumperbot_description) StdoutLine: {'line': b'-- Up-to-date: /home/vboxuser/bumperbot_ws/install/bumperbot_description/share/bumperbot_description/models/aws_robomaker_residential_ChairA_01/materials/textures\n'}
[2.056623] (bumperbot_description) StdoutLine: {'line': b'-- Up-to-date: /home/vboxuser/bumperbot_ws/install/bumperbot_description/share/bumperbot_description/models/aws_robomaker_residential_ChairA_01/materials/textures/aws_ChairA_01.png\n'}
[2.056835] (bumperbot_description) StdoutLine: {'line': b'-- Up-to-date: /home/vboxuser/bumperbot_ws/install/bumperbot_description/share/bumperbot_description/models/aws_robomaker_residential_ChairA_01/meshes\n'}
[2.058409] (bumperbot_description) StdoutLine: {'line': b'-- Up-to-date: /home/vboxuser/bumperbot_ws/install/bumperbot_description/share/bumperbot_description/models/aws_robomaker_residential_ChairA_01/meshes/aws_ChairA_01_visual.DAE\n'}
[2.058555] (bumperbot_description) StdoutLine: {'line': b'-- Up-to-date: /home/vboxuser/bumperbot_ws/install/bumperbot_description/share/bumperbot_description/models/aws_robomaker_residential_ChairA_01/meshes/aws_ChairA_01_collision.DAE\n'}
[2.058629] (bumperbot_description) StdoutLine: {'line': b'-- Up-to-date: /home/vboxuser/bumperbot_ws/install/bumperbot_description/share/bumperbot_description/models/aws_robomaker_residential_ChairA_01/model.config\n'}
[2.058695] (bumperbot_description) StdoutLine: {'line': b'-- Up-to-date: /home/vboxuser/bumperbot_ws/install/bumperbot_description/share/bumperbot_description/models/aws_robomaker_residential_ChairA_01/model.sdf\n'}
[2.058834] (bumperbot_description) StdoutLine: {'line': b'-- Up-to-date: /home/vboxuser/bumperbot_ws/install/bumperbot_description/share/bumperbot_description/models/aws_robomaker_residential_SecurityCamera_01\n'}
[2.059902] (bumperbot_description) StdoutLine: {'line': b'-- Up-to-date: /home/vboxuser/bumperbot_ws/install/bumperbot_description/share/bumperbot_description/models/aws_robomaker_residential_SecurityCamera_01/materials\n'}
[2.060833] (bumperbot_description) StdoutLine: {'line': b'-- Up-to-date: /home/vboxuser/bumperbot_ws/install/bumperbot_description/share/bumperbot_description/models/aws_robomaker_residential_SecurityCamera_01/materials/textures\n'}
[2.061938] (bumperbot_description) StdoutLine: {'line': b'-- Up-to-date: /home/vboxuser/bumperbot_ws/install/bumperbot_description/share/bumperbot_description/models/aws_robomaker_residential_SecurityCamera_01/materials/textures/aws_SecurityCamera_01.png\n'}
[2.062168] (bumperbot_description) StdoutLine: {'line': b'-- Up-to-date: /home/vboxuser/bumperbot_ws/install/bumperbot_description/share/bumperbot_description/models/aws_robomaker_residential_SecurityCamera_01/meshes\n'}
[2.063150] (bumperbot_description) StdoutLine: {'line': b'-- Up-to-date: /home/vboxuser/bumperbot_ws/install/bumperbot_description/share/bumperbot_description/models/aws_robomaker_residential_SecurityCamera_01/meshes/aws_SecurityCamera_01_collision.DAE\n'}
[2.063300] (bumperbot_description) StdoutLine: {'line': b'-- Up-to-date: /home/vboxuser/bumperbot_ws/install/bumperbot_description/share/bumperbot_description/models/aws_robomaker_residential_SecurityCamera_01/meshes/aws_SecurityCamera_01_visual.DAE\n'}
[2.063341] (bumperbot_description) StdoutLine: {'line': b'-- Up-to-date: /home/vboxuser/bumperbot_ws/install/bumperbot_description/share/bumperbot_description/models/aws_robomaker_residential_SecurityCamera_01/model.config\n'}
[2.063554] (bumperbot_description) StdoutLine: {'line': b'-- Up-to-date: /home/vboxuser/bumperbot_ws/install/bumperbot_description/share/bumperbot_description/models/aws_robomaker_residential_SecurityCamera_01/model.sdf\n'}
[2.063836] (bumperbot_description) StdoutLine: {'line': b'-- Up-to-date: /home/vboxuser/bumperbot_ws/install/bumperbot_description/share/bumperbot_description/models/aws_robomaker_residential_DeskPortraitA_01\n'}
[2.064300] (bumperbot_description) StdoutLine: {'line': b'-- Up-to-date: /home/vboxuser/bumperbot_ws/install/bumperbot_description/share/bumperbot_description/models/aws_robomaker_residential_DeskPortraitA_01/materials\n'}
[2.065277] (bumperbot_description) StdoutLine: {'line': b'-- Up-to-date: /home/vboxuser/bumperbot_ws/install/bumperbot_description/share/bumperbot_description/models/aws_robomaker_residential_DeskPortraitA_01/materials/textures\n'}
[2.066011] (bumperbot_description) StdoutLine: {'line': b'-- Up-to-date: /home/vboxuser/bumperbot_ws/install/bumperbot_description/share/bumperbot_description/models/aws_robomaker_residential_DeskPortraitA_01/materials/textures/aws_DeskPortraitA_01.png\n'}
[2.066184] (bumperbot_description) StdoutLine: {'line': b'-- Up-to-date: /home/vboxuser/bumperbot_ws/install/bumperbot_description/share/bumperbot_description/models/aws_robomaker_residential_DeskPortraitA_01/materials/textures/aws_DeskPortraitA_02.png\n'}
[2.066524] (bumperbot_description) StdoutLine: {'line': b'-- Up-to-date: /home/vboxuser/bumperbot_ws/install/bumperbot_description/share/bumperbot_description/models/aws_robomaker_residential_DeskPortraitA_01/meshes\n'}
[2.066852] (bumperbot_description) StdoutLine: {'line': b'-- Up-to-date: /home/vboxuser/bumperbot_ws/install/bumperbot_description/share/bumperbot_description/models/aws_robomaker_residential_DeskPortraitA_01/meshes/aws_DeskPortraitA_01_collision.DAE\n'}
[2.066962] (bumperbot_description) StdoutLine: {'line': b'-- Up-to-date: /home/vboxuser/bumperbot_ws/install/bumperbot_description/share/bumperbot_description/models/aws_robomaker_residential_DeskPortraitA_01/meshes/aws_DeskPortraitA_01_visual.DAE\n'}
[2.067123] (bumperbot_description) StdoutLine: {'line': b'-- Up-to-date: /home/vboxuser/bumperbot_ws/install/bumperbot_description/share/bumperbot_description/models/aws_robomaker_residential_DeskPortraitA_01/model.config\n'}
[2.067177] (bumperbot_description) StdoutLine: {'line': b'-- Up-to-date: /home/vboxuser/bumperbot_ws/install/bumperbot_description/share/bumperbot_description/models/aws_robomaker_residential_DeskPortraitA_01/model.sdf\n'}
[2.067213] (bumperbot_description) StdoutLine: {'line': b'-- Up-to-date: /home/vboxuser/bumperbot_ws/install/bumperbot_description/share/bumperbot_description/models/aws_robomaker_residential_ShoeRack_01\n'}
[2.068023] (bumperbot_description) StdoutLine: {'line': b'-- Up-to-date: /home/vboxuser/bumperbot_ws/install/bumperbot_description/share/bumperbot_description/models/aws_robomaker_residential_ShoeRack_01/materials\n'}
[2.068900] (bumperbot_description) StdoutLine: {'line': b'-- Up-to-date: /home/vboxuser/bumperbot_ws/install/bumperbot_description/share/bumperbot_description/models/aws_robomaker_residential_ShoeRack_01/materials/textures\n'}
[2.069582] (bumperbot_description) StdoutLine: {'line': b'-- Up-to-date: /home/vboxuser/bumperbot_ws/install/bumperbot_description/share/bumperbot_description/models/aws_robomaker_residential_ShoeRack_01/materials/textures/aws_ShoeRack_01.png\n'}
[2.069731] (bumperbot_description) StdoutLine: {'line': b'-- Up-to-date: /home/vboxuser/bumperbot_ws/install/bumperbot_description/share/bumperbot_description/models/aws_robomaker_residential_ShoeRack_01/meshes\n'}
[2.070429] (bumperbot_description) StdoutLine: {'line': b'-- Up-to-date: /home/vboxuser/bumperbot_ws/install/bumperbot_description/share/bumperbot_description/models/aws_robomaker_residential_ShoeRack_01/meshes/aws_ShoeRack_01_visual.DAE\n'}
[2.070568] (bumperbot_description) StdoutLine: {'line': b'-- Up-to-date: /home/vboxuser/bumperbot_ws/install/bumperbot_description/share/bumperbot_description/models/aws_robomaker_residential_ShoeRack_01/meshes/aws_ShoeRack_01_collision.DAE\n'}
[2.070615] (bumperbot_description) StdoutLine: {'line': b'-- Up-to-date: /home/vboxuser/bumperbot_ws/install/bumperbot_description/share/bumperbot_description/models/aws_robomaker_residential_ShoeRack_01/model.config\n'}
[2.070764] (bumperbot_description) StdoutLine: {'line': b'-- Up-to-date: /home/vboxuser/bumperbot_ws/install/bumperbot_description/share/bumperbot_description/models/aws_robomaker_residential_ShoeRack_01/model.sdf\n'}
[2.070815] (bumperbot_description) StdoutLine: {'line': b'-- Up-to-date: /home/vboxuser/bumperbot_ws/install/bumperbot_description/share/bumperbot_description/models/aws_robomaker_residential_FoldingDoor_01\n'}
[2.071500] (bumperbot_description) StdoutLine: {'line': b'-- Up-to-date: /home/vboxuser/bumperbot_ws/install/bumperbot_description/share/bumperbot_description/models/aws_robomaker_residential_FoldingDoor_01/materials\n'}
[2.072139] (bumperbot_description) StdoutLine: {'line': b'-- Up-to-date: /home/vboxuser/bumperbot_ws/install/bumperbot_description/share/bumperbot_description/models/aws_robomaker_residential_FoldingDoor_01/materials/textures\n'}
[2.072767] (bumperbot_description) StdoutLine: {'line': b'-- Up-to-date: /home/vboxuser/bumperbot_ws/install/bumperbot_description/share/bumperbot_description/models/aws_robomaker_residential_FoldingDoor_01/materials/textures/aws_FoldingDoor_01.png\n'}
[2.072911] (bumperbot_description) StdoutLine: {'line': b'-- Up-to-date: /home/vboxuser/bumperbot_ws/install/bumperbot_description/share/bumperbot_description/models/aws_robomaker_residential_FoldingDoor_01/meshes\n'}
[2.073564] (bumperbot_description) StdoutLine: {'line': b'-- Up-to-date: /home/vboxuser/bumperbot_ws/install/bumperbot_description/share/bumperbot_description/models/aws_robomaker_residential_FoldingDoor_01/meshes/aws_FoldingDoor_01_visual.DAE\n'}
[2.073725] (bumperbot_description) StdoutLine: {'line': b'-- Up-to-date: /home/vboxuser/bumperbot_ws/install/bumperbot_description/share/bumperbot_description/models/aws_robomaker_residential_FoldingDoor_01/meshes/aws_FoldingDoor_01_collision.DAE\n'}
[2.073766] (bumperbot_description) StdoutLine: {'line': b'-- Up-to-date: /home/vboxuser/bumperbot_ws/install/bumperbot_description/share/bumperbot_description/models/aws_robomaker_residential_FoldingDoor_01/model.config\n'}
[2.073797] (bumperbot_description) StdoutLine: {'line': b'-- Up-to-date: /home/vboxuser/bumperbot_ws/install/bumperbot_description/share/bumperbot_description/models/aws_robomaker_residential_FoldingDoor_01/model.sdf\n'}
[2.073919] (bumperbot_description) StdoutLine: {'line': b'-- Up-to-date: /home/vboxuser/bumperbot_ws/install/bumperbot_description/share/bumperbot_description/models/aws_robomaker_residential_Tablet_01\n'}
[2.074670] (bumperbot_description) StdoutLine: {'line': b'-- Up-to-date: /home/vboxuser/bumperbot_ws/install/bumperbot_description/share/bumperbot_description/models/aws_robomaker_residential_Tablet_01/materials\n'}
[2.075449] (bumperbot_description) StdoutLine: {'line': b'-- Up-to-date: /home/vboxuser/bumperbot_ws/install/bumperbot_description/share/bumperbot_description/models/aws_robomaker_residential_Tablet_01/materials/textures\n'}
[2.076254] (bumperbot_description) StdoutLine: {'line': b'-- Up-to-date: /home/vboxuser/bumperbot_ws/install/bumperbot_description/share/bumperbot_description/models/aws_robomaker_residential_Tablet_01/materials/textures/aws_Tablet_01_nologo.png\n'}
[2.076482] (bumperbot_description) StdoutLine: {'line': b'-- Up-to-date: /home/vboxuser/bumperbot_ws/install/bumperbot_description/share/bumperbot_description/models/aws_robomaker_residential_Tablet_01/meshes\n'}
[2.077060] (bumperbot_description) StdoutLine: {'line': b'-- Up-to-date: /home/vboxuser/bumperbot_ws/install/bumperbot_description/share/bumperbot_description/models/aws_robomaker_residential_Tablet_01/meshes/aws_Tablet_01_visual.DAE\n'}
[2.077159] (bumperbot_description) StdoutLine: {'line': b'-- Up-to-date: /home/vboxuser/bumperbot_ws/install/bumperbot_description/share/bumperbot_description/models/aws_robomaker_residential_Tablet_01/meshes/aws_Tablet_01_collision.DAE\n'}
[2.077252] (bumperbot_description) StdoutLine: {'line': b'-- Up-to-date: /home/vboxuser/bumperbot_ws/install/bumperbot_description/share/bumperbot_description/models/aws_robomaker_residential_Tablet_01/model.config\n'}
[2.077452] (bumperbot_description) StdoutLine: {'line': b'-- Up-to-date: /home/vboxuser/bumperbot_ws/install/bumperbot_description/share/bumperbot_description/models/aws_robomaker_residential_Tablet_01/model.sdf\n'}
[2.077705] (bumperbot_description) StdoutLine: {'line': b'-- Up-to-date: /home/vboxuser/bumperbot_ws/install/bumperbot_description/share/bumperbot_description/models/aws_robomaker_residential_Vase_01\n'}
[2.077856] (bumperbot_description) StdoutLine: {'line': b'-- Up-to-date: /home/vboxuser/bumperbot_ws/install/bumperbot_description/share/bumperbot_description/models/aws_robomaker_residential_Vase_01/materials\n'}
[2.078192] (bumperbot_description) StdoutLine: {'line': b'-- Up-to-date: /home/vboxuser/bumperbot_ws/install/bumperbot_description/share/bumperbot_description/models/aws_robomaker_residential_Vase_01/materials/textures\n'}
[2.078677] (bumperbot_description) StdoutLine: {'line': b'-- Up-to-date: /home/vboxuser/bumperbot_ws/install/bumperbot_description/share/bumperbot_description/models/aws_robomaker_residential_Vase_01/materials/textures/aws_Vase_01.png\n'}
[2.078849] (bumperbot_description) StdoutLine: {'line': b'-- Up-to-date: /home/vboxuser/bumperbot_ws/install/bumperbot_description/share/bumperbot_description/models/aws_robomaker_residential_Vase_01/meshes\n'}
[2.079178] (bumperbot_description) StdoutLine: {'line': b'-- Up-to-date: /home/vboxuser/bumperbot_ws/install/bumperbot_description/share/bumperbot_description/models/aws_robomaker_residential_Vase_01/meshes/aws_Vase_01_visual.DAE\n'}
[2.079320] (bumperbot_description) StdoutLine: {'line': b'-- Up-to-date: /home/vboxuser/bumperbot_ws/install/bumperbot_description/share/bumperbot_description/models/aws_robomaker_residential_Vase_01/meshes/aws_Vase_01_collision.DAE\n'}
[2.079359] (bumperbot_description) StdoutLine: {'line': b'-- Up-to-date: /home/vboxuser/bumperbot_ws/install/bumperbot_description/share/bumperbot_description/models/aws_robomaker_residential_Vase_01/model.config\n'}
[2.079389] (bumperbot_description) StdoutLine: {'line': b'-- Up-to-date: /home/vboxuser/bumperbot_ws/install/bumperbot_description/share/bumperbot_description/models/aws_robomaker_residential_Vase_01/model.sdf\n'}
[2.079570] (bumperbot_description) StdoutLine: {'line': b'-- Up-to-date: /home/vboxuser/bumperbot_ws/install/bumperbot_description/share/bumperbot_description/models/aws_robomaker_residential_KitchenCabinet_01\n'}
[2.080160] (bumperbot_description) StdoutLine: {'line': b'-- Up-to-date: /home/vboxuser/bumperbot_ws/install/bumperbot_description/share/bumperbot_description/models/aws_robomaker_residential_KitchenCabinet_01/materials\n'}
[2.081007] (bumperbot_description) StdoutLine: {'line': b'-- Up-to-date: /home/vboxuser/bumperbot_ws/install/bumperbot_description/share/bumperbot_description/models/aws_robomaker_residential_KitchenCabinet_01/materials/textures\n'}
[2.081782] (bumperbot_description) StdoutLine: {'line': b'-- Up-to-date: /home/vboxuser/bumperbot_ws/install/bumperbot_description/share/bumperbot_description/models/aws_robomaker_residential_KitchenCabinet_01/materials/textures/aws_KitchenCabinet_01.png\n'}
[2.081956] (bumperbot_description) StdoutLine: {'line': b'-- Up-to-date: /home/vboxuser/bumperbot_ws/install/bumperbot_description/share/bumperbot_description/models/aws_robomaker_residential_KitchenCabinet_01/meshes\n'}
[2.082646] (bumperbot_description) StdoutLine: {'line': b'-- Up-to-date: /home/vboxuser/bumperbot_ws/install/bumperbot_description/share/bumperbot_description/models/aws_robomaker_residential_KitchenCabinet_01/meshes/aws_KitchenCabinet_01_visual.DAE\n'}
[2.082802] (bumperbot_description) StdoutLine: {'line': b'-- Up-to-date: /home/vboxuser/bumperbot_ws/install/bumperbot_description/share/bumperbot_description/models/aws_robomaker_residential_KitchenCabinet_01/meshes/aws_KitchenCabinet_01_collision.DAE\n'}
[2.082846] (bumperbot_description) StdoutLine: {'line': b'-- Up-to-date: /home/vboxuser/bumperbot_ws/install/bumperbot_description/share/bumperbot_description/models/aws_robomaker_residential_KitchenCabinet_01/model.config\n'}
[2.082877] (bumperbot_description) StdoutLine: {'line': b'-- Up-to-date: /home/vboxuser/bumperbot_ws/install/bumperbot_description/share/bumperbot_description/models/aws_robomaker_residential_KitchenCabinet_01/model.sdf\n'}
[2.082998] (bumperbot_description) StdoutLine: {'line': b'-- Up-to-date: /home/vboxuser/bumperbot_ws/install/bumperbot_description/share/bumperbot_description/models/aws_robomaker_residential_DeskPortraitD_04\n'}
[2.083333] (bumperbot_description) StdoutLine: {'line': b'-- Up-to-date: /home/vboxuser/bumperbot_ws/install/bumperbot_description/share/bumperbot_description/models/aws_robomaker_residential_DeskPortraitD_04/materials\n'}
[2.084150] (bumperbot_description) StdoutLine: {'line': b'-- Up-to-date: /home/vboxuser/bumperbot_ws/install/bumperbot_description/share/bumperbot_description/models/aws_robomaker_residential_DeskPortraitD_04/materials/textures\n'}
[2.084685] (bumperbot_description) StdoutLine: {'line': b'-- Up-to-date: /home/vboxuser/bumperbot_ws/install/bumperbot_description/share/bumperbot_description/models/aws_robomaker_residential_DeskPortraitD_04/materials/textures/aws_DeskPortraitD_02.png\n'}
[2.084873] (bumperbot_description) StdoutLine: {'line': b'-- Up-to-date: /home/vboxuser/bumperbot_ws/install/bumperbot_description/share/bumperbot_description/models/aws_robomaker_residential_DeskPortraitD_04/materials/textures/aws_DeskPortraitD_01.png\n'}
[2.084930] (bumperbot_description) StdoutLine: {'line': b'-- Up-to-date: /home/vboxuser/bumperbot_ws/install/bumperbot_description/share/bumperbot_description/models/aws_robomaker_residential_DeskPortraitD_04/meshes\n'}
[2.085234] (bumperbot_description) StdoutLine: {'line': b'-- Up-to-date: /home/vboxuser/bumperbot_ws/install/bumperbot_description/share/bumperbot_description/models/aws_robomaker_residential_DeskPortraitD_04/meshes/aws_DeskPortraitD_01_collision.DAE\n'}
[2.085367] (bumperbot_description) StdoutLine: {'line': b'-- Up-to-date: /home/vboxuser/bumperbot_ws/install/bumperbot_description/share/bumperbot_description/models/aws_robomaker_residential_DeskPortraitD_04/meshes/aws_DeskPortraitD_01_visual.DAE\n'}
[2.085405] (bumperbot_description) StdoutLine: {'line': b'-- Up-to-date: /home/vboxuser/bumperbot_ws/install/bumperbot_description/share/bumperbot_description/models/aws_robomaker_residential_DeskPortraitD_04/model.config\n'}
[2.085435] (bumperbot_description) StdoutLine: {'line': b'-- Up-to-date: /home/vboxuser/bumperbot_ws/install/bumperbot_description/share/bumperbot_description/models/aws_robomaker_residential_DeskPortraitD_04/model.sdf\n'}
[2.085617] (bumperbot_description) StdoutLine: {'line': b'-- Up-to-date: /home/vboxuser/bumperbot_ws/install/bumperbot_description/share/bumperbot_description/models/aws_robomaker_residential_Handle_01\n'}
[2.086214] (bumperbot_description) StdoutLine: {'line': b'-- Up-to-date: /home/vboxuser/bumperbot_ws/install/bumperbot_description/share/bumperbot_description/models/aws_robomaker_residential_Handle_01/materials\n'}
[2.086982] (bumperbot_description) StdoutLine: {'line': b'-- Up-to-date: /home/vboxuser/bumperbot_ws/install/bumperbot_description/share/bumperbot_description/models/aws_robomaker_residential_Handle_01/materials/textures\n'}
[2.087717] (bumperbot_description) StdoutLine: {'line': b'-- Up-to-date: /home/vboxuser/bumperbot_ws/install/bumperbot_description/share/bumperbot_description/models/aws_robomaker_residential_Handle_01/materials/textures/aws_Handle_01.png\n'}
[2.087878] (bumperbot_description) StdoutLine: {'line': b'-- Up-to-date: /home/vboxuser/bumperbot_ws/install/bumperbot_description/share/bumperbot_description/models/aws_robomaker_residential_Handle_01/meshes\n'}
[2.088580] (bumperbot_description) StdoutLine: {'line': b'-- Up-to-date: /home/vboxuser/bumperbot_ws/install/bumperbot_description/share/bumperbot_description/models/aws_robomaker_residential_Handle_01/meshes/aws_Handle_01_visual.DAE\n'}
[2.088736] (bumperbot_description) StdoutLine: {'line': b'-- Up-to-date: /home/vboxuser/bumperbot_ws/install/bumperbot_description/share/bumperbot_description/models/aws_robomaker_residential_Handle_01/meshes/aws_Handle_01_collision.DAE\n'}
[2.088774] (bumperbot_description) StdoutLine: {'line': b'-- Up-to-date: /home/vboxuser/bumperbot_ws/install/bumperbot_description/share/bumperbot_description/models/aws_robomaker_residential_Handle_01/meshes/aws_ handle_01_collision.DAE\n'}
[2.088806] (bumperbot_description) StdoutLine: {'line': b'-- Up-to-date: /home/vboxuser/bumperbot_ws/install/bumperbot_description/share/bumperbot_description/models/aws_robomaker_residential_Handle_01/model.config\n'}
[2.088945] (bumperbot_description) StdoutLine: {'line': b'-- Up-to-date: /home/vboxuser/bumperbot_ws/install/bumperbot_description/share/bumperbot_description/models/aws_robomaker_residential_Handle_01/model.sdf\n'}
[2.088997] (bumperbot_description) StdoutLine: {'line': b'-- Up-to-date: /home/vboxuser/bumperbot_ws/install/bumperbot_description/share/bumperbot_description/models/aws_robomaker_residential_ChairD_01\n'}
[2.089622] (bumperbot_description) StdoutLine: {'line': b'-- Up-to-date: /home/vboxuser/bumperbot_ws/install/bumperbot_description/share/bumperbot_description/models/aws_robomaker_residential_ChairD_01/materials\n'}
[2.090419] (bumperbot_description) StdoutLine: {'line': b'-- Up-to-date: /home/vboxuser/bumperbot_ws/install/bumperbot_description/share/bumperbot_description/models/aws_robomaker_residential_ChairD_01/materials/textures\n'}
[2.091314] (bumperbot_description) StdoutLine: {'line': b'-- Up-to-date: /home/vboxuser/bumperbot_ws/install/bumperbot_description/share/bumperbot_description/models/aws_robomaker_residential_ChairD_01/materials/textures/aws_ChairD_01.png\n'}
[2.091399] (bumperbot_description) StdoutLine: {'line': b'-- Up-to-date: /home/vboxuser/bumperbot_ws/install/bumperbot_description/share/bumperbot_description/models/aws_robomaker_residential_ChairD_01/meshes\n'}
[2.092119] (bumperbot_description) StdoutLine: {'line': b'-- Up-to-date: /home/vboxuser/bumperbot_ws/install/bumperbot_description/share/bumperbot_description/models/aws_robomaker_residential_ChairD_01/meshes/aws_ChairD_01_collision.DAE\n'}
[2.092278] (bumperbot_description) StdoutLine: {'line': b'-- Up-to-date: /home/vboxuser/bumperbot_ws/install/bumperbot_description/share/bumperbot_description/models/aws_robomaker_residential_ChairD_01/meshes/aws_ChairD_01_visual.DAE\n'}
[2.092320] (bumperbot_description) StdoutLine: {'line': b'-- Up-to-date: /home/vboxuser/bumperbot_ws/install/bumperbot_description/share/bumperbot_description/models/aws_robomaker_residential_ChairD_01/model.config\n'}
[2.092352] (bumperbot_description) StdoutLine: {'line': b'-- Up-to-date: /home/vboxuser/bumperbot_ws/install/bumperbot_description/share/bumperbot_description/models/aws_robomaker_residential_ChairD_01/model.sdf\n'}
[2.092545] (bumperbot_description) StdoutLine: {'line': b'-- Up-to-date: /home/vboxuser/bumperbot_ws/install/bumperbot_description/share/bumperbot_description/models/aws_robomaker_residential_Quilt_01\n'}
[2.093109] (bumperbot_description) StdoutLine: {'line': b'-- Up-to-date: /home/vboxuser/bumperbot_ws/install/bumperbot_description/share/bumperbot_description/models/aws_robomaker_residential_Quilt_01/materials\n'}
[2.093950] (bumperbot_description) StdoutLine: {'line': b'-- Up-to-date: /home/vboxuser/bumperbot_ws/install/bumperbot_description/share/bumperbot_description/models/aws_robomaker_residential_Quilt_01/materials/textures\n'}
[2.094743] (bumperbot_description) StdoutLine: {'line': b'-- Up-to-date: /home/vboxuser/bumperbot_ws/install/bumperbot_description/share/bumperbot_description/models/aws_robomaker_residential_Quilt_01/materials/textures/aws_Quilt_01.png\n'}
[2.094917] (bumperbot_description) StdoutLine: {'line': b'-- Up-to-date: /home/vboxuser/bumperbot_ws/install/bumperbot_description/share/bumperbot_description/models/aws_robomaker_residential_Quilt_01/meshes\n'}
[2.095483] (bumperbot_description) StdoutLine: {'line': b'-- Up-to-date: /home/vboxuser/bumperbot_ws/install/bumperbot_description/share/bumperbot_description/models/aws_robomaker_residential_Quilt_01/meshes/aws_Quilt_01_visual.DAE\n'}
[2.095704] (bumperbot_description) StdoutLine: {'line': b'-- Up-to-date: /home/vboxuser/bumperbot_ws/install/bumperbot_description/share/bumperbot_description/models/aws_robomaker_residential_Quilt_01/meshes/aws_Quilt_01_collision.DAE\n'}
[2.095764] (bumperbot_description) StdoutLine: {'line': b'-- Up-to-date: /home/vboxuser/bumperbot_ws/install/bumperbot_description/share/bumperbot_description/models/aws_robomaker_residential_Quilt_01/model.config\n'}
[2.096048] (bumperbot_description) StdoutLine: {'line': b'-- Up-to-date: /home/vboxuser/bumperbot_ws/install/bumperbot_description/share/bumperbot_description/models/aws_robomaker_residential_Quilt_01/model.sdf\n'}
[2.096094] (bumperbot_description) StdoutLine: {'line': b'-- Up-to-date: /home/vboxuser/bumperbot_ws/install/bumperbot_description/share/bumperbot_description/models/aws_robomaker_residential_SofaC_01\n'}
[2.096701] (bumperbot_description) StdoutLine: {'line': b'-- Up-to-date: /home/vboxuser/bumperbot_ws/install/bumperbot_description/share/bumperbot_description/models/aws_robomaker_residential_SofaC_01/materials\n'}
[2.096737] (bumperbot_description) StdoutLine: {'line': b'-- Up-to-date: /home/vboxuser/bumperbot_ws/install/bumperbot_description/share/bumperbot_description/models/aws_robomaker_residential_SofaC_01/materials/textures\n'}
[2.096889] (bumperbot_description) StdoutLine: {'line': b'-- Up-to-date: /home/vboxuser/bumperbot_ws/install/bumperbot_description/share/bumperbot_description/models/aws_robomaker_residential_SofaC_01/materials/textures/aws_SofaC_01.png\n'}
[2.096940] (bumperbot_description) StdoutLine: {'line': b'-- Up-to-date: /home/vboxuser/bumperbot_ws/install/bumperbot_description/share/bumperbot_description/models/aws_robomaker_residential_SofaC_01/meshes\n'}
[2.097211] (bumperbot_description) StdoutLine: {'line': b'-- Up-to-date: /home/vboxuser/bumperbot_ws/install/bumperbot_description/share/bumperbot_description/models/aws_robomaker_residential_SofaC_01/meshes/aws_SofaC_01_collision.DAE\n'}
[2.097283] (bumperbot_description) StdoutLine: {'line': b'-- Up-to-date: /home/vboxuser/bumperbot_ws/install/bumperbot_description/share/bumperbot_description/models/aws_robomaker_residential_SofaC_01/meshes/aws_SofaC_01_visual.DAE\n'}
[2.097352] (bumperbot_description) StdoutLine: {'line': b'-- Up-to-date: /home/vboxuser/bumperbot_ws/install/bumperbot_description/share/bumperbot_description/models/aws_robomaker_residential_SofaC_01/model.config\n'}
[2.097420] (bumperbot_description) StdoutLine: {'line': b'-- Up-to-date: /home/vboxuser/bumperbot_ws/install/bumperbot_description/share/bumperbot_description/models/aws_robomaker_residential_SofaC_01/model.sdf\n'}
[2.097486] (bumperbot_description) StdoutLine: {'line': b'-- Up-to-date: /home/vboxuser/bumperbot_ws/install/bumperbot_description/share/bumperbot_description/models/aws_robomaker_residential_Refrigerator_01\n'}
[2.097957] (bumperbot_description) StdoutLine: {'line': b'-- Up-to-date: /home/vboxuser/bumperbot_ws/install/bumperbot_description/share/bumperbot_description/models/aws_robomaker_residential_Refrigerator_01/materials\n'}
[2.098509] (bumperbot_description) StdoutLine: {'line': b'-- Up-to-date: /home/vboxuser/bumperbot_ws/install/bumperbot_description/share/bumperbot_description/models/aws_robomaker_residential_Refrigerator_01/materials/textures\n'}
[2.099196] (bumperbot_description) StdoutLine: {'line': b'-- Up-to-date: /home/vboxuser/bumperbot_ws/install/bumperbot_description/share/bumperbot_description/models/aws_robomaker_residential_Refrigerator_01/materials/textures/aws_Refrigerator_01.png\n'}
[2.099784] (bumperbot_description) StdoutLine: {'line': b'-- Up-to-date: /home/vboxuser/bumperbot_ws/install/bumperbot_description/share/bumperbot_description/models/aws_robomaker_residential_Refrigerator_01/materials/textures/aws_Refrigerator_02.png\n'}
[2.099853] (bumperbot_description) StdoutLine: {'line': b'-- Up-to-date: /home/vboxuser/bumperbot_ws/install/bumperbot_description/share/bumperbot_description/models/aws_robomaker_residential_Refrigerator_01/meshes\n'}
[2.100156] (bumperbot_description) StdoutLine: {'line': b'-- Up-to-date: /home/vboxuser/bumperbot_ws/install/bumperbot_description/share/bumperbot_description/models/aws_robomaker_residential_Refrigerator_01/meshes/aws_Refrigerator_01.DAE\n'}
[2.100469] (bumperbot_description) StdoutLine: {'line': b'-- Up-to-date: /home/vboxuser/bumperbot_ws/install/bumperbot_description/share/bumperbot_description/models/aws_robomaker_residential_Refrigerator_01/meshes/aws_Refrigerator_01_visual.DAE\n'}
[2.100506] (bumperbot_description) StdoutLine: {'line': b'-- Up-to-date: /home/vboxuser/bumperbot_ws/install/bumperbot_description/share/bumperbot_description/models/aws_robomaker_residential_Refrigerator_01/meshes/aws_Refrigerator_01_collision.DAE\n'}
[2.100538] (bumperbot_description) StdoutLine: {'line': b'-- Up-to-date: /home/vboxuser/bumperbot_ws/install/bumperbot_description/share/bumperbot_description/models/aws_robomaker_residential_Refrigerator_01/model.config\n'}
[2.100567] (bumperbot_description) StdoutLine: {'line': b'-- Up-to-date: /home/vboxuser/bumperbot_ws/install/bumperbot_description/share/bumperbot_description/models/aws_robomaker_residential_Refrigerator_01/model.sdf\n'}
[2.100595] (bumperbot_description) StdoutLine: {'line': b'-- Up-to-date: /home/vboxuser/bumperbot_ws/install/bumperbot_description/share/bumperbot_description/models/aws_robomaker_warehouse_ClutteringD_01\n'}
[2.100756] (bumperbot_description) StdoutLine: {'line': b'-- Up-to-date: /home/vboxuser/bumperbot_ws/install/bumperbot_description/share/bumperbot_description/models/aws_robomaker_warehouse_ClutteringD_01/materials\n'}
[2.101485] (bumperbot_description) StdoutLine: {'line': b'-- Up-to-date: /home/vboxuser/bumperbot_ws/install/bumperbot_description/share/bumperbot_description/models/aws_robomaker_warehouse_ClutteringD_01/materials/textures\n'}
[2.102364] (bumperbot_description) StdoutLine: {'line': b'-- Up-to-date: /home/vboxuser/bumperbot_ws/install/bumperbot_description/share/bumperbot_description/models/aws_robomaker_warehouse_ClutteringD_01/materials/textures/aws_robomaker_warehouse_ClutteringD_01.png\n'}
[2.102476] (bumperbot_description) StdoutLine: {'line': b'-- Up-to-date: /home/vboxuser/bumperbot_ws/install/bumperbot_description/share/bumperbot_description/models/aws_robomaker_warehouse_ClutteringD_01/materials/textures/aws_robomaker_warehouse_ClutteringD_02.png\n'}
[2.102548] (bumperbot_description) StdoutLine: {'line': b'-- Up-to-date: /home/vboxuser/bumperbot_ws/install/bumperbot_description/share/bumperbot_description/models/aws_robomaker_warehouse_ClutteringD_01/meshes\n'}
[2.103391] (bumperbot_description) StdoutLine: {'line': b'-- Up-to-date: /home/vboxuser/bumperbot_ws/install/bumperbot_description/share/bumperbot_description/models/aws_robomaker_warehouse_ClutteringD_01/meshes/aws_robomaker_warehouse_ClutteringD_01_visual.DAE\n'}
[2.103495] (bumperbot_description) StdoutLine: {'line': b'-- Up-to-date: /home/vboxuser/bumperbot_ws/install/bumperbot_description/share/bumperbot_description/models/aws_robomaker_warehouse_ClutteringD_01/meshes/aws_robomaker_warehouse_ClutteringD_01_collision.DAE\n'}
[2.103565] (bumperbot_description) StdoutLine: {'line': b'-- Up-to-date: /home/vboxuser/bumperbot_ws/install/bumperbot_description/share/bumperbot_description/models/aws_robomaker_warehouse_ClutteringD_01/model.config\n'}
[2.103645] (bumperbot_description) StdoutLine: {'line': b'-- Up-to-date: /home/vboxuser/bumperbot_ws/install/bumperbot_description/share/bumperbot_description/models/aws_robomaker_warehouse_ClutteringD_01/model.sdf\n'}
[2.103770] (bumperbot_description) StdoutLine: {'line': b'-- Up-to-date: /home/vboxuser/bumperbot_ws/install/bumperbot_description/share/bumperbot_description/models/aws_robomaker_residential_DeskPortraitA_02\n'}
[2.104604] (bumperbot_description) StdoutLine: {'line': b'-- Up-to-date: /home/vboxuser/bumperbot_ws/install/bumperbot_description/share/bumperbot_description/models/aws_robomaker_residential_DeskPortraitA_02/materials\n'}
[2.106089] (bumperbot_description) StdoutLine: {'line': b'-- Up-to-date: /home/vboxuser/bumperbot_ws/install/bumperbot_description/share/bumperbot_description/models/aws_robomaker_residential_DeskPortraitA_02/materials/textures\n'}
[2.107102] (bumperbot_description) StdoutLine: {'line': b'-- Up-to-date: /home/vboxuser/bumperbot_ws/install/bumperbot_description/share/bumperbot_description/models/aws_robomaker_residential_DeskPortraitA_02/materials/textures/aws_DeskPortraitA_01.png\n'}
[2.107297] (bumperbot_description) StdoutLine: {'line': b'-- Up-to-date: /home/vboxuser/bumperbot_ws/install/bumperbot_description/share/bumperbot_description/models/aws_robomaker_residential_DeskPortraitA_02/materials/textures/aws_DeskPortraitA_02.png\n'}
[2.107357] (bumperbot_description) StdoutLine: {'line': b'-- Up-to-date: /home/vboxuser/bumperbot_ws/install/bumperbot_description/share/bumperbot_description/models/aws_robomaker_residential_DeskPortraitA_02/meshes\n'}
[2.108575] (bumperbot_description) StdoutLine: {'line': b'-- Up-to-date: /home/vboxuser/bumperbot_ws/install/bumperbot_description/share/bumperbot_description/models/aws_robomaker_residential_DeskPortraitA_02/meshes/aws_DeskPortraitA_01_collision.DAE\n'}
[2.108768] (bumperbot_description) StdoutLine: {'line': b'-- Up-to-date: /home/vboxuser/bumperbot_ws/install/bumperbot_description/share/bumperbot_description/models/aws_robomaker_residential_DeskPortraitA_02/meshes/aws_DeskPortraitA_01_visual.DAE\n'}
[2.108996] (bumperbot_description) StdoutLine: {'line': b'-- Up-to-date: /home/vboxuser/bumperbot_ws/install/bumperbot_description/share/bumperbot_description/models/aws_robomaker_residential_DeskPortraitA_02/model.config\n'}
[2.109335] (bumperbot_description) StdoutLine: {'line': b'-- Up-to-date: /home/vboxuser/bumperbot_ws/install/bumperbot_description/share/bumperbot_description/models/aws_robomaker_residential_DeskPortraitA_02/model.sdf\n'}
[2.109733] (bumperbot_description) StdoutLine: {'line': b'-- Up-to-date: /home/vboxuser/bumperbot_ws/install/bumperbot_description/share/bumperbot_description/models/aws_robomaker_residential_Carpet_01\n'}
[2.109947] (bumperbot_description) StdoutLine: {'line': b'-- Up-to-date: /home/vboxuser/bumperbot_ws/install/bumperbot_description/share/bumperbot_description/models/aws_robomaker_residential_Carpet_01/materials\n'}
[2.110399] (bumperbot_description) StdoutLine: {'line': b'-- Up-to-date: /home/vboxuser/bumperbot_ws/install/bumperbot_description/share/bumperbot_description/models/aws_robomaker_residential_Carpet_01/materials/textures\n'}
[2.111248] (bumperbot_description) StdoutLine: {'line': b'-- Up-to-date: /home/vboxuser/bumperbot_ws/install/bumperbot_description/share/bumperbot_description/models/aws_robomaker_residential_Carpet_01/materials/textures/aws_Carpet_01.png\n'}
[2.111471] (bumperbot_description) StdoutLine: {'line': b'-- Up-to-date: /home/vboxuser/bumperbot_ws/install/bumperbot_description/share/bumperbot_description/models/aws_robomaker_residential_Carpet_01/meshes\n'}
[2.112211] (bumperbot_description) StdoutLine: {'line': b'-- Up-to-date: /home/vboxuser/bumperbot_ws/install/bumperbot_description/share/bumperbot_description/models/aws_robomaker_residential_Carpet_01/meshes/aws_Carpet_01_visual.DAE\n'}
[2.112307] (bumperbot_description) StdoutLine: {'line': b'-- Up-to-date: /home/vboxuser/bumperbot_ws/install/bumperbot_description/share/bumperbot_description/models/aws_robomaker_residential_Carpet_01/meshes/aws_Carpet_01_collision.DAE\n'}
[2.112547] (bumperbot_description) StdoutLine: {'line': b'-- Up-to-date: /home/vboxuser/bumperbot_ws/install/bumperbot_description/share/bumperbot_description/models/aws_robomaker_residential_Carpet_01/model.config\n'}
[2.112781] (bumperbot_description) StdoutLine: {'line': b'-- Up-to-date: /home/vboxuser/bumperbot_ws/install/bumperbot_description/share/bumperbot_description/models/aws_robomaker_residential_Carpet_01/model.sdf\n'}
[2.112836] (bumperbot_description) StdoutLine: {'line': b'-- Up-to-date: /home/vboxuser/bumperbot_ws/install/bumperbot_description/share/bumperbot_description/models/aws_robomaker_residential_ReadingDesk_01\n'}
[2.113314] (bumperbot_description) StdoutLine: {'line': b'-- Up-to-date: /home/vboxuser/bumperbot_ws/install/bumperbot_description/share/bumperbot_description/models/aws_robomaker_residential_ReadingDesk_01/materials\n'}
[2.114139] (bumperbot_description) StdoutLine: {'line': b'-- Up-to-date: /home/vboxuser/bumperbot_ws/install/bumperbot_description/share/bumperbot_description/models/aws_robomaker_residential_ReadingDesk_01/materials/textures\n'}
[2.115426] (bumperbot_description) StdoutLine: {'line': b'-- Up-to-date: /home/vboxuser/bumperbot_ws/install/bumperbot_description/share/bumperbot_description/models/aws_robomaker_residential_ReadingDesk_01/materials/textures/aws_ReadingDesk_01.png\n'}
[2.115533] (bumperbot_description) StdoutLine: {'line': b'-- Up-to-date: /home/vboxuser/bumperbot_ws/install/bumperbot_description/share/bumperbot_description/models/aws_robomaker_residential_ReadingDesk_01/meshes\n'}
[2.116417] (bumperbot_description) StdoutLine: {'line': b'-- Up-to-date: /home/vboxuser/bumperbot_ws/install/bumperbot_description/share/bumperbot_description/models/aws_robomaker_residential_ReadingDesk_01/meshes/aws_ReadingDesk_01_collision.DAE\n'}
[2.116518] (bumperbot_description) StdoutLine: {'line': b'-- Up-to-date: /home/vboxuser/bumperbot_ws/install/bumperbot_description/share/bumperbot_description/models/aws_robomaker_residential_ReadingDesk_01/meshes/aws_ReadingDesk_01_visual.DAE\n'}
[2.116588] (bumperbot_description) StdoutLine: {'line': b'-- Up-to-date: /home/vboxuser/bumperbot_ws/install/bumperbot_description/share/bumperbot_description/models/aws_robomaker_residential_ReadingDesk_01/model.config\n'}
[2.116738] (bumperbot_description) StdoutLine: {'line': b'-- Up-to-date: /home/vboxuser/bumperbot_ws/install/bumperbot_description/share/bumperbot_description/models/aws_robomaker_residential_ReadingDesk_01/model.sdf\n'}
[2.116803] (bumperbot_description) StdoutLine: {'line': b'-- Up-to-date: /home/vboxuser/bumperbot_ws/install/bumperbot_description/share/bumperbot_description/models/aws_robomaker_residential_Tableware_01\n'}
[2.117139] (bumperbot_description) StdoutLine: {'line': b'-- Up-to-date: /home/vboxuser/bumperbot_ws/install/bumperbot_description/share/bumperbot_description/models/aws_robomaker_residential_Tableware_01/materials\n'}
[2.117599] (bumperbot_description) StdoutLine: {'line': b'-- Up-to-date: /home/vboxuser/bumperbot_ws/install/bumperbot_description/share/bumperbot_description/models/aws_robomaker_residential_Tableware_01/materials/textures\n'}
[2.118064] (bumperbot_description) StdoutLine: {'line': b'-- Up-to-date: /home/vboxuser/bumperbot_ws/install/bumperbot_description/share/bumperbot_description/models/aws_robomaker_residential_Tableware_01/materials/textures/aws_Tableware_01.png\n'}
[2.118223] (bumperbot_description) StdoutLine: {'line': b'-- Up-to-date: /home/vboxuser/bumperbot_ws/install/bumperbot_description/share/bumperbot_description/models/aws_robomaker_residential_Tableware_01/meshes\n'}
[2.118602] (bumperbot_description) StdoutLine: {'line': b'-- Up-to-date: /home/vboxuser/bumperbot_ws/install/bumperbot_description/share/bumperbot_description/models/aws_robomaker_residential_Tableware_01/meshes/aws_Tableware_01_visual.DAE\n'}
[2.118914] (bumperbot_description) StdoutLine: {'line': b'-- Up-to-date: /home/vboxuser/bumperbot_ws/install/bumperbot_description/share/bumperbot_description/models/aws_robomaker_residential_Tableware_01/meshes/aws_Tableware_01_collision.DAE\n'}
[2.118968] (bumperbot_description) StdoutLine: {'line': b'-- Up-to-date: /home/vboxuser/bumperbot_ws/install/bumperbot_description/share/bumperbot_description/models/aws_robomaker_residential_Tableware_01/model.config\n'}
[2.119000] (bumperbot_description) StdoutLine: {'line': b'-- Up-to-date: /home/vboxuser/bumperbot_ws/install/bumperbot_description/share/bumperbot_description/models/aws_robomaker_residential_Tableware_01/model.sdf\n'}
[2.119033] (bumperbot_description) StdoutLine: {'line': b'-- Up-to-date: /home/vboxuser/bumperbot_ws/install/bumperbot_description/share/bumperbot_description/models/aws_robomaker_residential_PortraitE_01\n'}
[2.119650] (bumperbot_description) StdoutLine: {'line': b'-- Up-to-date: /home/vboxuser/bumperbot_ws/install/bumperbot_description/share/bumperbot_description/models/aws_robomaker_residential_PortraitE_01/materials\n'}
[2.120672] (bumperbot_description) StdoutLine: {'line': b'-- Up-to-date: /home/vboxuser/bumperbot_ws/install/bumperbot_description/share/bumperbot_description/models/aws_robomaker_residential_PortraitE_01/materials/textures\n'}
[2.120972] (bumperbot_description) StdoutLine: {'line': b'-- Up-to-date: /home/vboxuser/bumperbot_ws/install/bumperbot_description/share/bumperbot_description/models/aws_robomaker_residential_PortraitE_01/materials/textures/aws_PortraitE_02.png\n'}
[2.121134] (bumperbot_description) StdoutLine: {'line': b'-- Up-to-date: /home/vboxuser/bumperbot_ws/install/bumperbot_description/share/bumperbot_description/models/aws_robomaker_residential_PortraitE_01/materials/textures/aws_PortraitE_01.png\n'}
[2.121186] (bumperbot_description) StdoutLine: {'line': b'-- Up-to-date: /home/vboxuser/bumperbot_ws/install/bumperbot_description/share/bumperbot_description/models/aws_robomaker_residential_PortraitE_01/meshes\n'}
[2.121767] (bumperbot_description) StdoutLine: {'line': b'-- Up-to-date: /home/vboxuser/bumperbot_ws/install/bumperbot_description/share/bumperbot_description/models/aws_robomaker_residential_PortraitE_01/meshes/aws_PortraitE_01_visual.DAE\n'}
[2.121917] (bumperbot_description) StdoutLine: {'line': b'-- Up-to-date: /home/vboxuser/bumperbot_ws/install/bumperbot_description/share/bumperbot_description/models/aws_robomaker_residential_PortraitE_01/meshes/aws_PortraitE_01_collision.DAE\n'}
[2.121957] (bumperbot_description) StdoutLine: {'line': b'-- Up-to-date: /home/vboxuser/bumperbot_ws/install/bumperbot_description/share/bumperbot_description/models/aws_robomaker_residential_PortraitE_01/model.config\n'}
[2.121987] (bumperbot_description) StdoutLine: {'line': b'-- Up-to-date: /home/vboxuser/bumperbot_ws/install/bumperbot_description/share/bumperbot_description/models/aws_robomaker_residential_PortraitE_01/model.sdf\n'}
[2.122106] (bumperbot_description) StdoutLine: {'line': b'-- Up-to-date: /home/vboxuser/bumperbot_ws/install/bumperbot_description/share/bumperbot_description/models/aws_robomaker_residential_TVCabinet_01\n'}
[2.122460] (bumperbot_description) StdoutLine: {'line': b'-- Up-to-date: /home/vboxuser/bumperbot_ws/install/bumperbot_description/share/bumperbot_description/models/aws_robomaker_residential_TVCabinet_01/materials\n'}
[2.123035] (bumperbot_description) StdoutLine: {'line': b'-- Up-to-date: /home/vboxuser/bumperbot_ws/install/bumperbot_description/share/bumperbot_description/models/aws_robomaker_residential_TVCabinet_01/materials/textures\n'}
[2.123695] (bumperbot_description) StdoutLine: {'line': b'-- Up-to-date: /home/vboxuser/bumperbot_ws/install/bumperbot_description/share/bumperbot_description/models/aws_robomaker_residential_TVCabinet_01/materials/textures/aws_TVCabinet_01.png\n'}
[2.123764] (bumperbot_description) StdoutLine: {'line': b'-- Up-to-date: /home/vboxuser/bumperbot_ws/install/bumperbot_description/share/bumperbot_description/models/aws_robomaker_residential_TVCabinet_01/meshes\n'}
[2.124159] (bumperbot_description) StdoutLine: {'line': b'-- Up-to-date: /home/vboxuser/bumperbot_ws/install/bumperbot_description/share/bumperbot_description/models/aws_robomaker_residential_TVCabinet_01/meshes/aws_TVCabinet_01_visual.DAE\n'}
[2.124207] (bumperbot_description) StdoutLine: {'line': b'-- Up-to-date: /home/vboxuser/bumperbot_ws/install/bumperbot_description/share/bumperbot_description/models/aws_robomaker_residential_TVCabinet_01/meshes/aws_TVCabinet_01_collision.DAE\n'}
[2.124551] (bumperbot_description) StdoutLine: {'line': b'-- Up-to-date: /home/vboxuser/bumperbot_ws/install/bumperbot_description/share/bumperbot_description/models/aws_robomaker_residential_TVCabinet_01/model.config\n'}
[2.124855] (bumperbot_description) StdoutLine: {'line': b'-- Up-to-date: /home/vboxuser/bumperbot_ws/install/bumperbot_description/share/bumperbot_description/models/aws_robomaker_residential_TVCabinet_01/model.sdf\n'}
[2.125080] (bumperbot_description) StdoutLine: {'line': b'-- Up-to-date: /home/vboxuser/bumperbot_ws/install/bumperbot_description/share/bumperbot_description/models/aws_robomaker_residential_PortraitC_01\n'}
[2.125120] (bumperbot_description) StdoutLine: {'line': b'-- Up-to-date: /home/vboxuser/bumperbot_ws/install/bumperbot_description/share/bumperbot_description/models/aws_robomaker_residential_PortraitC_01/materials\n'}
[2.125562] (bumperbot_description) StdoutLine: {'line': b'-- Up-to-date: /home/vboxuser/bumperbot_ws/install/bumperbot_description/share/bumperbot_description/models/aws_robomaker_residential_PortraitC_01/materials/textures\n'}
[2.126285] (bumperbot_description) StdoutLine: {'line': b'-- Up-to-date: /home/vboxuser/bumperbot_ws/install/bumperbot_description/share/bumperbot_description/models/aws_robomaker_residential_PortraitC_01/materials/textures/aws_PortraitC_01.png\n'}
[2.126551] (bumperbot_description) StdoutLine: {'line': b'-- Up-to-date: /home/vboxuser/bumperbot_ws/install/bumperbot_description/share/bumperbot_description/models/aws_robomaker_residential_PortraitC_01/materials/textures/aws_PortraitC_02.png\n'}
[2.126829] (bumperbot_description) StdoutLine: {'line': b'-- Up-to-date: /home/vboxuser/bumperbot_ws/install/bumperbot_description/share/bumperbot_description/models/aws_robomaker_residential_PortraitC_01/meshes\n'}
[2.127142] (-) TimerEvent: {}
[2.127690] (bumperbot_description) StdoutLine: {'line': b'-- Up-to-date: /home/vboxuser/bumperbot_ws/install/bumperbot_description/share/bumperbot_description/models/aws_robomaker_residential_PortraitC_01/meshes/aws_PortraitC_01_visual.DAE\n'}
[2.127750] (bumperbot_description) StdoutLine: {'line': b'-- Up-to-date: /home/vboxuser/bumperbot_ws/install/bumperbot_description/share/bumperbot_description/models/aws_robomaker_residential_PortraitC_01/meshes/aws_PortraitC_01_collision.DAE\n'}
[2.127783] (bumperbot_description) StdoutLine: {'line': b'-- Up-to-date: /home/vboxuser/bumperbot_ws/install/bumperbot_description/share/bumperbot_description/models/aws_robomaker_residential_PortraitC_01/model.config\n'}
[2.127989] (bumperbot_description) StdoutLine: {'line': b'-- Up-to-date: /home/vboxuser/bumperbot_ws/install/bumperbot_description/share/bumperbot_description/models/aws_robomaker_residential_PortraitC_01/model.sdf\n'}
[2.128022] (bumperbot_description) StdoutLine: {'line': b'-- Up-to-date: /home/vboxuser/bumperbot_ws/install/bumperbot_description/share/bumperbot_description/models/aws_robomaker_residential_AirconditionerB_01\n'}
[2.136763] (bumperbot_description) StdoutLine: {'line': b'-- Up-to-date: /home/vboxuser/bumperbot_ws/install/bumperbot_description/share/bumperbot_description/models/aws_robomaker_residential_AirconditionerB_01/materials\n'}
[2.139458] (bumperbot_description) StdoutLine: {'line': b'-- Up-to-date: /home/vboxuser/bumperbot_ws/install/bumperbot_description/share/bumperbot_description/models/aws_robomaker_residential_AirconditionerB_01/materials/textures\n'}
[2.140556] (bumperbot_description) StdoutLine: {'line': b'-- Up-to-date: /home/vboxuser/bumperbot_ws/install/bumperbot_description/share/bumperbot_description/models/aws_robomaker_residential_AirconditionerB_01/materials/textures/aws_AirconditionerB_01.png\n'}
[2.140628] (bumperbot_description) StdoutLine: {'line': b'-- Up-to-date: /home/vboxuser/bumperbot_ws/install/bumperbot_description/share/bumperbot_description/models/aws_robomaker_residential_AirconditionerB_01/meshes\n'}
[2.140838] (bumperbot_description) StdoutLine: {'line': b'-- Up-to-date: /home/vboxuser/bumperbot_ws/install/bumperbot_description/share/bumperbot_description/models/aws_robomaker_residential_AirconditionerB_01/meshes/aws_AirconditionerB_01_collision.DAE\n'}
[2.140902] (bumperbot_description) StdoutLine: {'line': b'-- Up-to-date: /home/vboxuser/bumperbot_ws/install/bumperbot_description/share/bumperbot_description/models/aws_robomaker_residential_AirconditionerB_01/meshes/aws_AirconditionerB_01_visual.DAE\n'}
[2.141106] (bumperbot_description) StdoutLine: {'line': b'-- Up-to-date: /home/vboxuser/bumperbot_ws/install/bumperbot_description/share/bumperbot_description/models/aws_robomaker_residential_AirconditionerB_01/model.config\n'}
[2.141146] (bumperbot_description) StdoutLine: {'line': b'-- Up-to-date: /home/vboxuser/bumperbot_ws/install/bumperbot_description/share/bumperbot_description/models/aws_robomaker_residential_AirconditionerB_01/model.sdf\n'}
[2.141176] (bumperbot_description) StdoutLine: {'line': b'-- Up-to-date: /home/vboxuser/bumperbot_ws/install/bumperbot_description/share/bumperbot_description/models/aws_robomaker_residential_Sofa_01\n'}
[2.150726] (bumperbot_description) StdoutLine: {'line': b'-- Up-to-date: /home/vboxuser/bumperbot_ws/install/bumperbot_description/share/bumperbot_description/models/aws_robomaker_residential_Sofa_01/materials\n'}
[2.151487] (bumperbot_description) StdoutLine: {'line': b'-- Up-to-date: /home/vboxuser/bumperbot_ws/install/bumperbot_description/share/bumperbot_description/models/aws_robomaker_residential_Sofa_01/materials/textures\n'}
[2.152808] (bumperbot_description) StdoutLine: {'line': b'-- Up-to-date: /home/vboxuser/bumperbot_ws/install/bumperbot_description/share/bumperbot_description/models/aws_robomaker_residential_Sofa_01/materials/textures/aws_Sofa_01.png\n'}
[2.152931] (bumperbot_description) StdoutLine: {'line': b'-- Up-to-date: /home/vboxuser/bumperbot_ws/install/bumperbot_description/share/bumperbot_description/models/aws_robomaker_residential_Sofa_01/meshes\n'}
[2.153934] (bumperbot_description) StdoutLine: {'line': b'-- Up-to-date: /home/vboxuser/bumperbot_ws/install/bumperbot_description/share/bumperbot_description/models/aws_robomaker_residential_Sofa_01/meshes/aws_Sofa_01_collision.DAE\n'}
[2.154056] (bumperbot_description) StdoutLine: {'line': b'-- Up-to-date: /home/vboxuser/bumperbot_ws/install/bumperbot_description/share/bumperbot_description/models/aws_robomaker_residential_Sofa_01/meshes/aws_Sofa_01.DAE\n'}
[2.154131] (bumperbot_description) StdoutLine: {'line': b'-- Up-to-date: /home/vboxuser/bumperbot_ws/install/bumperbot_description/share/bumperbot_description/models/aws_robomaker_residential_Sofa_01/meshes/aws_Sofa_01_visual.DAE\n'}
[2.154207] (bumperbot_description) StdoutLine: {'line': b'-- Up-to-date: /home/vboxuser/bumperbot_ws/install/bumperbot_description/share/bumperbot_description/models/aws_robomaker_residential_Sofa_01/model.config\n'}
[2.154272] (bumperbot_description) StdoutLine: {'line': b'-- Up-to-date: /home/vboxuser/bumperbot_ws/install/bumperbot_description/share/bumperbot_description/models/aws_robomaker_residential_Sofa_01/model.sdf\n'}
[2.154335] (bumperbot_description) StdoutLine: {'line': b'-- Up-to-date: /home/vboxuser/bumperbot_ws/install/bumperbot_description/share/bumperbot_description/models/aws_robomaker_warehouse_RoofB_01\n'}
[2.155497] (bumperbot_description) StdoutLine: {'line': b'-- Up-to-date: /home/vboxuser/bumperbot_ws/install/bumperbot_description/share/bumperbot_description/models/aws_robomaker_warehouse_RoofB_01/materials\n'}
[2.156249] (bumperbot_description) StdoutLine: {'line': b'-- Up-to-date: /home/vboxuser/bumperbot_ws/install/bumperbot_description/share/bumperbot_description/models/aws_robomaker_warehouse_RoofB_01/materials/textures\n'}
[2.157366] (bumperbot_description) StdoutLine: {'line': b'-- Up-to-date: /home/vboxuser/bumperbot_ws/install/bumperbot_description/share/bumperbot_description/models/aws_robomaker_warehouse_RoofB_01/materials/textures/aws_robomaker_warehouse_RoofB_01.png\n'}
[2.157480] (bumperbot_description) StdoutLine: {'line': b'-- Up-to-date: /home/vboxuser/bumperbot_ws/install/bumperbot_description/share/bumperbot_description/models/aws_robomaker_warehouse_RoofB_01/meshes\n'}
[2.158508] (bumperbot_description) StdoutLine: {'line': b'-- Up-to-date: /home/vboxuser/bumperbot_ws/install/bumperbot_description/share/bumperbot_description/models/aws_robomaker_warehouse_RoofB_01/meshes/aws_robomaker_warehouse_RoofB_01_visual.DAE\n'}
[2.158646] (bumperbot_description) StdoutLine: {'line': b'-- Up-to-date: /home/vboxuser/bumperbot_ws/install/bumperbot_description/share/bumperbot_description/models/aws_robomaker_warehouse_RoofB_01/meshes/aws_robomaker_warehouse_RoofB_01_collision.DAE\n'}
[2.158764] (bumperbot_description) StdoutLine: {'line': b'-- Up-to-date: /home/vboxuser/bumperbot_ws/install/bumperbot_description/share/bumperbot_description/models/aws_robomaker_warehouse_RoofB_01/model.config\n'}
[2.158807] (bumperbot_description) StdoutLine: {'line': b'-- Up-to-date: /home/vboxuser/bumperbot_ws/install/bumperbot_description/share/bumperbot_description/models/aws_robomaker_warehouse_RoofB_01/model.sdf\n'}
[2.158934] (bumperbot_description) StdoutLine: {'line': b'-- Up-to-date: /home/vboxuser/bumperbot_ws/install/bumperbot_description/share/bumperbot_description/models/aws_robomaker_residential_PortraitB_03\n'}
[2.159644] (bumperbot_description) StdoutLine: {'line': b'-- Up-to-date: /home/vboxuser/bumperbot_ws/install/bumperbot_description/share/bumperbot_description/models/aws_robomaker_residential_PortraitB_03/materials\n'}
[2.160578] (bumperbot_description) StdoutLine: {'line': b'-- Up-to-date: /home/vboxuser/bumperbot_ws/install/bumperbot_description/share/bumperbot_description/models/aws_robomaker_residential_PortraitB_03/materials/textures\n'}
[2.161524] (bumperbot_description) StdoutLine: {'line': b'-- Up-to-date: /home/vboxuser/bumperbot_ws/install/bumperbot_description/share/bumperbot_description/models/aws_robomaker_residential_PortraitB_03/materials/textures/aws_PortraitB_02.png\n'}
[2.161726] (bumperbot_description) StdoutLine: {'line': b'-- Up-to-date: /home/vboxuser/bumperbot_ws/install/bumperbot_description/share/bumperbot_description/models/aws_robomaker_residential_PortraitB_03/materials/textures/aws_PortraitB_01.png\n'}
[2.161783] (bumperbot_description) StdoutLine: {'line': b'-- Up-to-date: /home/vboxuser/bumperbot_ws/install/bumperbot_description/share/bumperbot_description/models/aws_robomaker_residential_PortraitB_03/meshes\n'}
[2.162422] (bumperbot_description) StdoutLine: {'line': b'-- Up-to-date: /home/vboxuser/bumperbot_ws/install/bumperbot_description/share/bumperbot_description/models/aws_robomaker_residential_PortraitB_03/meshes/aws_PortraitB_01_collision.DAE\n'}
[2.162584] (bumperbot_description) StdoutLine: {'line': b'-- Up-to-date: /home/vboxuser/bumperbot_ws/install/bumperbot_description/share/bumperbot_description/models/aws_robomaker_residential_PortraitB_03/meshes/aws_PortraitB_01_visual.DAE\n'}
[2.162624] (bumperbot_description) StdoutLine: {'line': b'-- Up-to-date: /home/vboxuser/bumperbot_ws/install/bumperbot_description/share/bumperbot_description/models/aws_robomaker_residential_PortraitB_03/model.config\n'}
[2.162654] (bumperbot_description) StdoutLine: {'line': b'-- Up-to-date: /home/vboxuser/bumperbot_ws/install/bumperbot_description/share/bumperbot_description/models/aws_robomaker_residential_PortraitB_03/model.sdf\n'}
[2.162780] (bumperbot_description) StdoutLine: {'line': b'-- Up-to-date: /home/vboxuser/bumperbot_ws/install/bumperbot_description/share/bumperbot_description/models/aws_robomaker_warehouse_PalletJackB_01\n'}
[2.163447] (bumperbot_description) StdoutLine: {'line': b'-- Up-to-date: /home/vboxuser/bumperbot_ws/install/bumperbot_description/share/bumperbot_description/models/aws_robomaker_warehouse_PalletJackB_01/materials\n'}
[2.164232] (bumperbot_description) StdoutLine: {'line': b'-- Up-to-date: /home/vboxuser/bumperbot_ws/install/bumperbot_description/share/bumperbot_description/models/aws_robomaker_warehouse_PalletJackB_01/materials/textures\n'}
[2.164993] (bumperbot_description) StdoutLine: {'line': b'-- Up-to-date: /home/vboxuser/bumperbot_ws/install/bumperbot_description/share/bumperbot_description/models/aws_robomaker_warehouse_PalletJackB_01/materials/textures/aws_robomaker_warehouse_PalletJackB_01.png\n'}
[2.165143] (bumperbot_description) StdoutLine: {'line': b'-- Up-to-date: /home/vboxuser/bumperbot_ws/install/bumperbot_description/share/bumperbot_description/models/aws_robomaker_warehouse_PalletJackB_01/materials/textures/aws_robomaker_warehouse_PalletJackB_02.png\n'}
[2.165183] (bumperbot_description) StdoutLine: {'line': b'-- Up-to-date: /home/vboxuser/bumperbot_ws/install/bumperbot_description/share/bumperbot_description/models/aws_robomaker_warehouse_PalletJackB_01/materials/.DS_Store\n'}
[2.165365] (bumperbot_description) StdoutLine: {'line': b'-- Up-to-date: /home/vboxuser/bumperbot_ws/install/bumperbot_description/share/bumperbot_description/models/aws_robomaker_warehouse_PalletJackB_01/meshes\n'}
[2.165846] (bumperbot_description) StdoutLine: {'line': b'-- Up-to-date: /home/vboxuser/bumperbot_ws/install/bumperbot_description/share/bumperbot_description/models/aws_robomaker_warehouse_PalletJackB_01/meshes/aws_robomaker_warehouse_PalletJackB_01_collision.DAE\n'}
[2.165991] (bumperbot_description) StdoutLine: {'line': b'-- Up-to-date: /home/vboxuser/bumperbot_ws/install/bumperbot_description/share/bumperbot_description/models/aws_robomaker_warehouse_PalletJackB_01/meshes/aws_robomaker_warehouse_PalletJackB_01_visual.DAE\n'}
[2.166029] (bumperbot_description) StdoutLine: {'line': b'-- Up-to-date: /home/vboxuser/bumperbot_ws/install/bumperbot_description/share/bumperbot_description/models/aws_robomaker_warehouse_PalletJackB_01/model.config\n'}
[2.166060] (bumperbot_description) StdoutLine: {'line': b'-- Up-to-date: /home/vboxuser/bumperbot_ws/install/bumperbot_description/share/bumperbot_description/models/aws_robomaker_warehouse_PalletJackB_01/.DS_Store\n'}
[2.166194] (bumperbot_description) StdoutLine: {'line': b'-- Up-to-date: /home/vboxuser/bumperbot_ws/install/bumperbot_description/share/bumperbot_description/models/aws_robomaker_warehouse_PalletJackB_01/model.sdf\n'}
[2.166268] (bumperbot_description) StdoutLine: {'line': b'-- Up-to-date: /home/vboxuser/bumperbot_ws/install/bumperbot_description/share/bumperbot_description/models/aws_robomaker_residential_PortraitD_01\n'}
[2.167491] (bumperbot_description) StdoutLine: {'line': b'-- Up-to-date: /home/vboxuser/bumperbot_ws/install/bumperbot_description/share/bumperbot_description/models/aws_robomaker_residential_PortraitD_01/materials\n'}
[2.168277] (bumperbot_description) StdoutLine: {'line': b'-- Up-to-date: /home/vboxuser/bumperbot_ws/install/bumperbot_description/share/bumperbot_description/models/aws_robomaker_residential_PortraitD_01/materials/textures\n'}
[2.169088] (bumperbot_description) StdoutLine: {'line': b'-- Up-to-date: /home/vboxuser/bumperbot_ws/install/bumperbot_description/share/bumperbot_description/models/aws_robomaker_residential_PortraitD_01/materials/textures/aws_PortraitD_01.png\n'}
[2.169279] (bumperbot_description) StdoutLine: {'line': b'-- Up-to-date: /home/vboxuser/bumperbot_ws/install/bumperbot_description/share/bumperbot_description/models/aws_robomaker_residential_PortraitD_01/materials/textures/aws_PortraitD_02.png\n'}
[2.169330] (bumperbot_description) StdoutLine: {'line': b'-- Up-to-date: /home/vboxuser/bumperbot_ws/install/bumperbot_description/share/bumperbot_description/models/aws_robomaker_residential_PortraitD_01/meshes\n'}
[2.169971] (bumperbot_description) StdoutLine: {'line': b'-- Up-to-date: /home/vboxuser/bumperbot_ws/install/bumperbot_description/share/bumperbot_description/models/aws_robomaker_residential_PortraitD_01/meshes/aws_PortraitD_01_visual.DAE\n'}
[2.170215] (bumperbot_description) StdoutLine: {'line': b'-- Up-to-date: /home/vboxuser/bumperbot_ws/install/bumperbot_description/share/bumperbot_description/models/aws_robomaker_residential_PortraitD_01/meshes/aws_PortraitD_01_collision.DAE\n'}
[2.170275] (bumperbot_description) StdoutLine: {'line': b'-- Up-to-date: /home/vboxuser/bumperbot_ws/install/bumperbot_description/share/bumperbot_description/models/aws_robomaker_residential_PortraitD_01/model.config\n'}
[2.170307] (bumperbot_description) StdoutLine: {'line': b'-- Up-to-date: /home/vboxuser/bumperbot_ws/install/bumperbot_description/share/bumperbot_description/models/aws_robomaker_residential_PortraitD_01/model.sdf\n'}
[2.170342] (bumperbot_description) StdoutLine: {'line': b'-- Up-to-date: /home/vboxuser/bumperbot_ws/install/bumperbot_description/share/bumperbot_description/models/aws_robomaker_residential_TV_02\n'}
[2.170759] (bumperbot_description) StdoutLine: {'line': b'-- Up-to-date: /home/vboxuser/bumperbot_ws/install/bumperbot_description/share/bumperbot_description/models/aws_robomaker_residential_TV_02/materials\n'}
[2.171071] (bumperbot_description) StdoutLine: {'line': b'-- Up-to-date: /home/vboxuser/bumperbot_ws/install/bumperbot_description/share/bumperbot_description/models/aws_robomaker_residential_TV_02/materials/textures\n'}
[2.171410] (bumperbot_description) StdoutLine: {'line': b'-- Up-to-date: /home/vboxuser/bumperbot_ws/install/bumperbot_description/share/bumperbot_description/models/aws_robomaker_residential_TV_02/materials/textures/aws_TV_01.png\n'}
[2.171583] (bumperbot_description) StdoutLine: {'line': b'-- Up-to-date: /home/vboxuser/bumperbot_ws/install/bumperbot_description/share/bumperbot_description/models/aws_robomaker_residential_TV_02/meshes\n'}
[2.171945] (bumperbot_description) StdoutLine: {'line': b'-- Up-to-date: /home/vboxuser/bumperbot_ws/install/bumperbot_description/share/bumperbot_description/models/aws_robomaker_residential_TV_02/meshes/aws_TV_01_collision.DAE\n'}
[2.172055] (bumperbot_description) StdoutLine: {'line': b'-- Up-to-date: /home/vboxuser/bumperbot_ws/install/bumperbot_description/share/bumperbot_description/models/aws_robomaker_residential_TV_02/meshes/aws_TV_01_visual.DAE\n'}
[2.172218] (bumperbot_description) StdoutLine: {'line': b'-- Up-to-date: /home/vboxuser/bumperbot_ws/install/bumperbot_description/share/bumperbot_description/models/aws_robomaker_residential_TV_02/model.config\n'}
[2.172269] (bumperbot_description) StdoutLine: {'line': b'-- Up-to-date: /home/vboxuser/bumperbot_ws/install/bumperbot_description/share/bumperbot_description/models/aws_robomaker_residential_TV_02/model.sdf\n'}
[2.172302] (bumperbot_description) StdoutLine: {'line': b'-- Up-to-date: /home/vboxuser/bumperbot_ws/install/bumperbot_description/share/bumperbot_description/models/aws_robomaker_residential_CookingBench_01\n'}
[2.172991] (bumperbot_description) StdoutLine: {'line': b'-- Up-to-date: /home/vboxuser/bumperbot_ws/install/bumperbot_description/share/bumperbot_description/models/aws_robomaker_residential_CookingBench_01/materials\n'}
[2.173855] (bumperbot_description) StdoutLine: {'line': b'-- Up-to-date: /home/vboxuser/bumperbot_ws/install/bumperbot_description/share/bumperbot_description/models/aws_robomaker_residential_CookingBench_01/materials/textures\n'}
[2.174531] (bumperbot_description) StdoutLine: {'line': b'-- Up-to-date: /home/vboxuser/bumperbot_ws/install/bumperbot_description/share/bumperbot_description/models/aws_robomaker_residential_CookingBench_01/materials/textures/aws_CookingBench_01.png\n'}
[2.174715] (bumperbot_description) StdoutLine: {'line': b'-- Up-to-date: /home/vboxuser/bumperbot_ws/install/bumperbot_description/share/bumperbot_description/models/aws_robomaker_residential_CookingBench_01/meshes\n'}
[2.175334] (bumperbot_description) StdoutLine: {'line': b'-- Up-to-date: /home/vboxuser/bumperbot_ws/install/bumperbot_description/share/bumperbot_description/models/aws_robomaker_residential_CookingBench_01/meshes/aws_CookingBench_01_visual.DAE\n'}
[2.175470] (bumperbot_description) StdoutLine: {'line': b'-- Up-to-date: /home/vboxuser/bumperbot_ws/install/bumperbot_description/share/bumperbot_description/models/aws_robomaker_residential_CookingBench_01/meshes/aws_CookingBench_01_collision.DAE\n'}
[2.175512] (bumperbot_description) StdoutLine: {'line': b'-- Up-to-date: /home/vboxuser/bumperbot_ws/install/bumperbot_description/share/bumperbot_description/models/aws_robomaker_residential_CookingBench_01/meshes/aws_CookingBench_01.DAE\n'}
[2.175948] (bumperbot_description) StdoutLine: {'line': b'-- Up-to-date: /home/vboxuser/bumperbot_ws/install/bumperbot_description/share/bumperbot_description/models/aws_robomaker_residential_CookingBench_01/model.config\n'}
[2.176185] (bumperbot_description) StdoutLine: {'line': b'-- Up-to-date: /home/vboxuser/bumperbot_ws/install/bumperbot_description/share/bumperbot_description/models/aws_robomaker_residential_CookingBench_01/model.sdf\n'}
[2.176244] (bumperbot_description) StdoutLine: {'line': b'-- Up-to-date: /home/vboxuser/bumperbot_ws/install/bumperbot_description/share/bumperbot_description/models/aws_robomaker_residential_DeskPortraitD_01\n'}
[2.176430] (bumperbot_description) StdoutLine: {'line': b'-- Up-to-date: /home/vboxuser/bumperbot_ws/install/bumperbot_description/share/bumperbot_description/models/aws_robomaker_residential_DeskPortraitD_01/materials\n'}
[2.176984] (bumperbot_description) StdoutLine: {'line': b'-- Up-to-date: /home/vboxuser/bumperbot_ws/install/bumperbot_description/share/bumperbot_description/models/aws_robomaker_residential_DeskPortraitD_01/materials/textures\n'}
[2.177870] (bumperbot_description) StdoutLine: {'line': b'-- Up-to-date: /home/vboxuser/bumperbot_ws/install/bumperbot_description/share/bumperbot_description/models/aws_robomaker_residential_DeskPortraitD_01/materials/textures/aws_DeskPortraitD_02.png\n'}
[2.177971] (bumperbot_description) StdoutLine: {'line': b'-- Up-to-date: /home/vboxuser/bumperbot_ws/install/bumperbot_description/share/bumperbot_description/models/aws_robomaker_residential_DeskPortraitD_01/materials/textures/aws_DeskPortraitD_01.png\n'}
[2.178037] (bumperbot_description) StdoutLine: {'line': b'-- Up-to-date: /home/vboxuser/bumperbot_ws/install/bumperbot_description/share/bumperbot_description/models/aws_robomaker_residential_DeskPortraitD_01/meshes\n'}
[2.178785] (bumperbot_description) StdoutLine: {'line': b'-- Up-to-date: /home/vboxuser/bumperbot_ws/install/bumperbot_description/share/bumperbot_description/models/aws_robomaker_residential_DeskPortraitD_01/meshes/aws_DeskPortraitD_01_collision.DAE\n'}
[2.178881] (bumperbot_description) StdoutLine: {'line': b'-- Up-to-date: /home/vboxuser/bumperbot_ws/install/bumperbot_description/share/bumperbot_description/models/aws_robomaker_residential_DeskPortraitD_01/meshes/aws_DeskPortraitD_01_visual.DAE\n'}
[2.178966] (bumperbot_description) StdoutLine: {'line': b'-- Up-to-date: /home/vboxuser/bumperbot_ws/install/bumperbot_description/share/bumperbot_description/models/aws_robomaker_residential_DeskPortraitD_01/model.config\n'}
[2.179151] (bumperbot_description) StdoutLine: {'line': b'-- Up-to-date: /home/vboxuser/bumperbot_ws/install/bumperbot_description/share/bumperbot_description/models/aws_robomaker_residential_DeskPortraitD_01/model.sdf\n'}
[2.179520] (bumperbot_description) StdoutLine: {'line': b'-- Up-to-date: /home/vboxuser/bumperbot_ws/install/bumperbot_description/share/bumperbot_description/models/aws_robomaker_warehouse_ShelfD_01\n'}
[2.179860] (bumperbot_description) StdoutLine: {'line': b'-- Up-to-date: /home/vboxuser/bumperbot_ws/install/bumperbot_description/share/bumperbot_description/models/aws_robomaker_warehouse_ShelfD_01/materials\n'}
[2.180687] (bumperbot_description) StdoutLine: {'line': b'-- Up-to-date: /home/vboxuser/bumperbot_ws/install/bumperbot_description/share/bumperbot_description/models/aws_robomaker_warehouse_ShelfD_01/materials/textures\n'}
[2.181534] (bumperbot_description) StdoutLine: {'line': b'-- Up-to-date: /home/vboxuser/bumperbot_ws/install/bumperbot_description/share/bumperbot_description/models/aws_robomaker_warehouse_ShelfD_01/materials/textures/aws_robomaker_warehouse_ShelfD_01.png\n'}
[2.181686] (bumperbot_description) StdoutLine: {'line': b'-- Up-to-date: /home/vboxuser/bumperbot_ws/install/bumperbot_description/share/bumperbot_description/models/aws_robomaker_warehouse_ShelfD_01/materials/textures/aws_robomaker_warehouse_ShelfD_02.png\n'}
[2.181727] (bumperbot_description) StdoutLine: {'line': b'-- Up-to-date: /home/vboxuser/bumperbot_ws/install/bumperbot_description/share/bumperbot_description/models/aws_robomaker_warehouse_ShelfD_01/materials/textures/aws_robomaker_warehouse_ShelfD_03.png\n'}
[2.181761] (bumperbot_description) StdoutLine: {'line': b'-- Up-to-date: /home/vboxuser/bumperbot_ws/install/bumperbot_description/share/bumperbot_description/models/aws_robomaker_warehouse_ShelfD_01/materials/textures/aws_robomaker_warehouse_ShelfD_04.png\n'}
[2.181879] (bumperbot_description) StdoutLine: {'line': b'-- Up-to-date: /home/vboxuser/bumperbot_ws/install/bumperbot_description/share/bumperbot_description/models/aws_robomaker_warehouse_ShelfD_01/meshes\n'}
[2.182536] (bumperbot_description) StdoutLine: {'line': b'-- Up-to-date: /home/vboxuser/bumperbot_ws/install/bumperbot_description/share/bumperbot_description/models/aws_robomaker_warehouse_ShelfD_01/meshes/aws_robomaker_warehouse_ShelfD_01_collision.DAE\n'}
[2.182697] (bumperbot_description) StdoutLine: {'line': b'-- Up-to-date: /home/vboxuser/bumperbot_ws/install/bumperbot_description/share/bumperbot_description/models/aws_robomaker_warehouse_ShelfD_01/meshes/aws_robomaker_warehouse_ShelfD_01_visual.DAE\n'}
[2.182737] (bumperbot_description) StdoutLine: {'line': b'-- Up-to-date: /home/vboxuser/bumperbot_ws/install/bumperbot_description/share/bumperbot_description/models/aws_robomaker_warehouse_ShelfD_01/model.config\n'}
[2.182767] (bumperbot_description) StdoutLine: {'line': b'-- Up-to-date: /home/vboxuser/bumperbot_ws/install/bumperbot_description/share/bumperbot_description/models/aws_robomaker_warehouse_ShelfD_01/model.sdf\n'}
[2.182890] (bumperbot_description) StdoutLine: {'line': b'-- Up-to-date: /home/vboxuser/bumperbot_ws/install/bumperbot_description/share/bumperbot_description/models/aws_robomaker_residential_KitchenTable_01\n'}
[2.183658] (bumperbot_description) StdoutLine: {'line': b'-- Up-to-date: /home/vboxuser/bumperbot_ws/install/bumperbot_description/share/bumperbot_description/models/aws_robomaker_residential_KitchenTable_01/materials\n'}
[2.184442] (bumperbot_description) StdoutLine: {'line': b'-- Up-to-date: /home/vboxuser/bumperbot_ws/install/bumperbot_description/share/bumperbot_description/models/aws_robomaker_residential_KitchenTable_01/materials/textures\n'}
[2.185242] (bumperbot_description) StdoutLine: {'line': b'-- Up-to-date: /home/vboxuser/bumperbot_ws/install/bumperbot_description/share/bumperbot_description/models/aws_robomaker_residential_KitchenTable_01/materials/textures/aws_KitchenTable_01.png\n'}
[2.185452] (bumperbot_description) StdoutLine: {'line': b'-- Up-to-date: /home/vboxuser/bumperbot_ws/install/bumperbot_description/share/bumperbot_description/models/aws_robomaker_residential_KitchenTable_01/meshes\n'}
[2.186002] (bumperbot_description) StdoutLine: {'line': b'-- Up-to-date: /home/vboxuser/bumperbot_ws/install/bumperbot_description/share/bumperbot_description/models/aws_robomaker_residential_KitchenTable_01/meshes/aws_KitchenTable_01_visual.DAE\n'}
[2.186114] (bumperbot_description) StdoutLine: {'line': b'-- Up-to-date: /home/vboxuser/bumperbot_ws/install/bumperbot_description/share/bumperbot_description/models/aws_robomaker_residential_KitchenTable_01/meshes/aws_KitchenTable_01_collision.DAE\n'}
[2.186276] (bumperbot_description) StdoutLine: {'line': b'-- Up-to-date: /home/vboxuser/bumperbot_ws/install/bumperbot_description/share/bumperbot_description/models/aws_robomaker_residential_KitchenTable_01/model.config\n'}
[2.186333] (bumperbot_description) StdoutLine: {'line': b'-- Up-to-date: /home/vboxuser/bumperbot_ws/install/bumperbot_description/share/bumperbot_description/models/aws_robomaker_residential_KitchenTable_01/model.sdf\n'}
[2.186366] (bumperbot_description) StdoutLine: {'line': b'-- Up-to-date: /home/vboxuser/bumperbot_ws/install/bumperbot_description/share/bumperbot_description/models/aws_robomaker_warehouse_ShelfF_01\n'}
[2.186989] (bumperbot_description) StdoutLine: {'line': b'-- Up-to-date: /home/vboxuser/bumperbot_ws/install/bumperbot_description/share/bumperbot_description/models/aws_robomaker_warehouse_ShelfF_01/materials\n'}
[2.187772] (bumperbot_description) StdoutLine: {'line': b'-- Up-to-date: /home/vboxuser/bumperbot_ws/install/bumperbot_description/share/bumperbot_description/models/aws_robomaker_warehouse_ShelfF_01/materials/textures\n'}
[2.188335] (bumperbot_description) StdoutLine: {'line': b'-- Up-to-date: /home/vboxuser/bumperbot_ws/install/bumperbot_description/share/bumperbot_description/models/aws_robomaker_warehouse_ShelfF_01/materials/textures/aws_robomaker_warehouse_ShelfF_02.png\n'}
[2.188595] (bumperbot_description) StdoutLine: {'line': b'-- Up-to-date: /home/vboxuser/bumperbot_ws/install/bumperbot_description/share/bumperbot_description/models/aws_robomaker_warehouse_ShelfF_01/materials/textures/aws_robomaker_warehouse_ShelfF_01.png\n'}
[2.188652] (bumperbot_description) StdoutLine: {'line': b'-- Up-to-date: /home/vboxuser/bumperbot_ws/install/bumperbot_description/share/bumperbot_description/models/aws_robomaker_warehouse_ShelfF_01/materials/textures/aws_robomaker_warehouse_ShelfF_03.png\n'}
[2.188944] (bumperbot_description) StdoutLine: {'line': b'-- Up-to-date: /home/vboxuser/bumperbot_ws/install/bumperbot_description/share/bumperbot_description/models/aws_robomaker_warehouse_ShelfF_01/meshes\n'}
[2.189447] (bumperbot_description) StdoutLine: {'line': b'-- Up-to-date: /home/vboxuser/bumperbot_ws/install/bumperbot_description/share/bumperbot_description/models/aws_robomaker_warehouse_ShelfF_01/meshes/aws_robomaker_warehouse_ShelfF_01_visual.DAE\n'}
[2.189661] (bumperbot_description) StdoutLine: {'line': b'-- Up-to-date: /home/vboxuser/bumperbot_ws/install/bumperbot_description/share/bumperbot_description/models/aws_robomaker_warehouse_ShelfF_01/meshes/aws_robomaker_warehouse_ShelfF_01_collision.DAE\n'}
[2.189696] (bumperbot_description) StdoutLine: {'line': b'-- Up-to-date: /home/vboxuser/bumperbot_ws/install/bumperbot_description/share/bumperbot_description/models/aws_robomaker_warehouse_ShelfF_01/model.config\n'}
[2.189732] (bumperbot_description) StdoutLine: {'line': b'-- Up-to-date: /home/vboxuser/bumperbot_ws/install/bumperbot_description/share/bumperbot_description/models/aws_robomaker_warehouse_ShelfF_01/model.sdf\n'}
[2.189761] (bumperbot_description) StdoutLine: {'line': b'-- Up-to-date: /home/vboxuser/bumperbot_ws/install/bumperbot_description/share/bumperbot_description/models/aws_robomaker_residential_FloorB_01\n'}
[2.190219] (bumperbot_description) StdoutLine: {'line': b'-- Up-to-date: /home/vboxuser/bumperbot_ws/install/bumperbot_description/share/bumperbot_description/models/aws_robomaker_residential_FloorB_01/materials\n'}
[2.191004] (bumperbot_description) StdoutLine: {'line': b'-- Up-to-date: /home/vboxuser/bumperbot_ws/install/bumperbot_description/share/bumperbot_description/models/aws_robomaker_residential_FloorB_01/materials/textures\n'}
[2.191737] (bumperbot_description) StdoutLine: {'line': b'-- Up-to-date: /home/vboxuser/bumperbot_ws/install/bumperbot_description/share/bumperbot_description/models/aws_robomaker_residential_FloorB_01/materials/textures/aws_FloorB_01.png\n'}
[2.191837] (bumperbot_description) StdoutLine: {'line': b'-- Up-to-date: /home/vboxuser/bumperbot_ws/install/bumperbot_description/share/bumperbot_description/models/aws_robomaker_residential_FloorB_01/meshes\n'}
[2.192584] (bumperbot_description) StdoutLine: {'line': b'-- Up-to-date: /home/vboxuser/bumperbot_ws/install/bumperbot_description/share/bumperbot_description/models/aws_robomaker_residential_FloorB_01/meshes/aws_FloorB_01_collision.DAE\n'}
[2.192677] (bumperbot_description) StdoutLine: {'line': b'-- Up-to-date: /home/vboxuser/bumperbot_ws/install/bumperbot_description/share/bumperbot_description/models/aws_robomaker_residential_FloorB_01/meshes/aws_FloorB_01_visual.DAE\n'}
[2.192756] (bumperbot_description) StdoutLine: {'line': b'-- Up-to-date: /home/vboxuser/bumperbot_ws/install/bumperbot_description/share/bumperbot_description/models/aws_robomaker_residential_FloorB_01/model.config\n'}
[2.192896] (bumperbot_description) StdoutLine: {'line': b'-- Up-to-date: /home/vboxuser/bumperbot_ws/install/bumperbot_description/share/bumperbot_description/models/aws_robomaker_residential_FloorB_01/model.sdf\n'}
[2.192947] (bumperbot_description) StdoutLine: {'line': b'-- Up-to-date: /home/vboxuser/bumperbot_ws/install/bumperbot_description/share/bumperbot_description/models/aws_robomaker_warehouse_GroundB_01\n'}
[2.193634] (bumperbot_description) StdoutLine: {'line': b'-- Up-to-date: /home/vboxuser/bumperbot_ws/install/bumperbot_description/share/bumperbot_description/models/aws_robomaker_warehouse_GroundB_01/materials\n'}
[2.194497] (bumperbot_description) StdoutLine: {'line': b'-- Up-to-date: /home/vboxuser/bumperbot_ws/install/bumperbot_description/share/bumperbot_description/models/aws_robomaker_warehouse_GroundB_01/materials/textures\n'}
[2.195161] (bumperbot_description) StdoutLine: {'line': b'-- Up-to-date: /home/vboxuser/bumperbot_ws/install/bumperbot_description/share/bumperbot_description/models/aws_robomaker_warehouse_GroundB_01/materials/textures/aws_robomaker_warehouse_GroundB_02.png\n'}
[2.195617] (bumperbot_description) StdoutLine: {'line': b'-- Up-to-date: /home/vboxuser/bumperbot_ws/install/bumperbot_description/share/bumperbot_description/models/aws_robomaker_warehouse_GroundB_01/materials/textures/aws_robomaker_warehouse_GroundB_01.png\n'}
[2.195884] (bumperbot_description) StdoutLine: {'line': b'-- Up-to-date: /home/vboxuser/bumperbot_ws/install/bumperbot_description/share/bumperbot_description/models/aws_robomaker_warehouse_GroundB_01/meshes\n'}
[2.196056] (bumperbot_description) StdoutLine: {'line': b'-- Up-to-date: /home/vboxuser/bumperbot_ws/install/bumperbot_description/share/bumperbot_description/models/aws_robomaker_warehouse_GroundB_01/meshes/aws_robomaker_warehouse_GroundB_01_collision.DAE\n'}
[2.196109] (bumperbot_description) StdoutLine: {'line': b'-- Up-to-date: /home/vboxuser/bumperbot_ws/install/bumperbot_description/share/bumperbot_description/models/aws_robomaker_warehouse_GroundB_01/meshes/aws_robomaker_warehouse_GroundB_01_visual.DAE\n'}
[2.196146] (bumperbot_description) StdoutLine: {'line': b'-- Up-to-date: /home/vboxuser/bumperbot_ws/install/bumperbot_description/share/bumperbot_description/models/aws_robomaker_warehouse_GroundB_01/model.config\n'}
[2.196962] (bumperbot_description) StdoutLine: {'line': b'-- Up-to-date: /home/vboxuser/bumperbot_ws/install/bumperbot_description/share/bumperbot_description/models/aws_robomaker_warehouse_GroundB_01/model.sdf\n'}
[2.197274] (bumperbot_description) StdoutLine: {'line': b'-- Up-to-date: /home/vboxuser/bumperbot_ws/install/bumperbot_description/share/bumperbot_description/models/aws_robomaker_residential_PortraitE_02\n'}
[2.197611] (bumperbot_description) StdoutLine: {'line': b'-- Up-to-date: /home/vboxuser/bumperbot_ws/install/bumperbot_description/share/bumperbot_description/models/aws_robomaker_residential_PortraitE_02/materials\n'}
[2.198092] (bumperbot_description) StdoutLine: {'line': b'-- Up-to-date: /home/vboxuser/bumperbot_ws/install/bumperbot_description/share/bumperbot_description/models/aws_robomaker_residential_PortraitE_02/materials/textures\n'}
[2.198136] (bumperbot_description) StdoutLine: {'line': b'-- Up-to-date: /home/vboxuser/bumperbot_ws/install/bumperbot_description/share/bumperbot_description/models/aws_robomaker_residential_PortraitE_02/materials/textures/aws_PortraitE_02.png\n'}
[2.198172] (bumperbot_description) StdoutLine: {'line': b'-- Up-to-date: /home/vboxuser/bumperbot_ws/install/bumperbot_description/share/bumperbot_description/models/aws_robomaker_residential_PortraitE_02/materials/textures/aws_PortraitE_01.png\n'}
[2.198202] (bumperbot_description) StdoutLine: {'line': b'-- Up-to-date: /home/vboxuser/bumperbot_ws/install/bumperbot_description/share/bumperbot_description/models/aws_robomaker_residential_PortraitE_02/meshes\n'}
[2.198646] (bumperbot_description) StdoutLine: {'line': b'-- Up-to-date: /home/vboxuser/bumperbot_ws/install/bumperbot_description/share/bumperbot_description/models/aws_robomaker_residential_PortraitE_02/meshes/aws_PortraitE_01_visual.DAE\n'}
[2.198903] (bumperbot_description) StdoutLine: {'line': b'-- Up-to-date: /home/vboxuser/bumperbot_ws/install/bumperbot_description/share/bumperbot_description/models/aws_robomaker_residential_PortraitE_02/meshes/aws_PortraitE_01_collision.DAE\n'}
[2.198963] (bumperbot_description) StdoutLine: {'line': b'-- Up-to-date: /home/vboxuser/bumperbot_ws/install/bumperbot_description/share/bumperbot_description/models/aws_robomaker_residential_PortraitE_02/model.config\n'}
[2.198995] (bumperbot_description) StdoutLine: {'line': b'-- Up-to-date: /home/vboxuser/bumperbot_ws/install/bumperbot_description/share/bumperbot_description/models/aws_robomaker_residential_PortraitE_02/model.sdf\n'}
[2.199260] (bumperbot_description) StdoutLine: {'line': b'-- Up-to-date: /home/vboxuser/bumperbot_ws/install/bumperbot_description/share/bumperbot_description/models/aws_robomaker_residential_Board_01\n'}
[2.199623] (bumperbot_description) StdoutLine: {'line': b'-- Up-to-date: /home/vboxuser/bumperbot_ws/install/bumperbot_description/share/bumperbot_description/models/aws_robomaker_residential_Board_01/materials\n'}
[2.200347] (bumperbot_description) StdoutLine: {'line': b'-- Up-to-date: /home/vboxuser/bumperbot_ws/install/bumperbot_description/share/bumperbot_description/models/aws_robomaker_residential_Board_01/materials/textures\n'}
[2.201183] (bumperbot_description) StdoutLine: {'line': b'-- Up-to-date: /home/vboxuser/bumperbot_ws/install/bumperbot_description/share/bumperbot_description/models/aws_robomaker_residential_Board_01/materials/textures/aws_Board_01.png\n'}
[2.201419] (bumperbot_description) StdoutLine: {'line': b'-- Up-to-date: /home/vboxuser/bumperbot_ws/install/bumperbot_description/share/bumperbot_description/models/aws_robomaker_residential_Board_01/meshes\n'}
[2.202087] (bumperbot_description) StdoutLine: {'line': b'-- Up-to-date: /home/vboxuser/bumperbot_ws/install/bumperbot_description/share/bumperbot_description/models/aws_robomaker_residential_Board_01/meshes/aws_Board_01_visual.DAE\n'}
[2.202143] (bumperbot_description) StdoutLine: {'line': b'-- Up-to-date: /home/vboxuser/bumperbot_ws/install/bumperbot_description/share/bumperbot_description/models/aws_robomaker_residential_Board_01/meshes/aws_Board_01_collision.DAE\n'}
[2.202385] (bumperbot_description) StdoutLine: {'line': b'-- Up-to-date: /home/vboxuser/bumperbot_ws/install/bumperbot_description/share/bumperbot_description/models/aws_robomaker_residential_Board_01/model.config\n'}
[2.202441] (bumperbot_description) StdoutLine: {'line': b'-- Up-to-date: /home/vboxuser/bumperbot_ws/install/bumperbot_description/share/bumperbot_description/models/aws_robomaker_residential_Board_01/model.sdf\n'}
[2.202473] (bumperbot_description) StdoutLine: {'line': b'-- Up-to-date: /home/vboxuser/bumperbot_ws/install/bumperbot_description/share/bumperbot_description/models/aws_robomaker_residential_Ball_01\n'}
[2.202956] (bumperbot_description) StdoutLine: {'line': b'-- Up-to-date: /home/vboxuser/bumperbot_ws/install/bumperbot_description/share/bumperbot_description/models/aws_robomaker_residential_Ball_01/materials\n'}
[2.203790] (bumperbot_description) StdoutLine: {'line': b'-- Up-to-date: /home/vboxuser/bumperbot_ws/install/bumperbot_description/share/bumperbot_description/models/aws_robomaker_residential_Ball_01/materials/textures\n'}
[2.204629] (bumperbot_description) StdoutLine: {'line': b'-- Up-to-date: /home/vboxuser/bumperbot_ws/install/bumperbot_description/share/bumperbot_description/models/aws_robomaker_residential_Ball_01/materials/textures/aws_Ball_01.png\n'}
[2.204736] (bumperbot_description) StdoutLine: {'line': b'-- Up-to-date: /home/vboxuser/bumperbot_ws/install/bumperbot_description/share/bumperbot_description/models/aws_robomaker_residential_Ball_01/meshes\n'}
[2.205484] (bumperbot_description) StdoutLine: {'line': b'-- Up-to-date: /home/vboxuser/bumperbot_ws/install/bumperbot_description/share/bumperbot_description/models/aws_robomaker_residential_Ball_01/meshes/aws_Ball_01_collision.DAE\n'}
[2.205605] (bumperbot_description) StdoutLine: {'line': b'-- Up-to-date: /home/vboxuser/bumperbot_ws/install/bumperbot_description/share/bumperbot_description/models/aws_robomaker_residential_Ball_01/meshes/aws_Ball_01_visual.DAE\n'}
[2.205670] (bumperbot_description) StdoutLine: {'line': b'-- Up-to-date: /home/vboxuser/bumperbot_ws/install/bumperbot_description/share/bumperbot_description/models/aws_robomaker_residential_Ball_01/model.config\n'}
[2.205757] (bumperbot_description) StdoutLine: {'line': b'-- Up-to-date: /home/vboxuser/bumperbot_ws/install/bumperbot_description/share/bumperbot_description/models/aws_robomaker_residential_Ball_01/model.sdf\n'}
[2.205889] (bumperbot_description) StdoutLine: {'line': b'-- Up-to-date: /home/vboxuser/bumperbot_ws/install/bumperbot_description/share/bumperbot_description/models/aws_robomaker_residential_Dumbbell_01\n'}
[2.206567] (bumperbot_description) StdoutLine: {'line': b'-- Up-to-date: /home/vboxuser/bumperbot_ws/install/bumperbot_description/share/bumperbot_description/models/aws_robomaker_residential_Dumbbell_01/materials\n'}
[2.207347] (bumperbot_description) StdoutLine: {'line': b'-- Up-to-date: /home/vboxuser/bumperbot_ws/install/bumperbot_description/share/bumperbot_description/models/aws_robomaker_residential_Dumbbell_01/materials/textures\n'}
[2.208344] (bumperbot_description) StdoutLine: {'line': b'-- Up-to-date: /home/vboxuser/bumperbot_ws/install/bumperbot_description/share/bumperbot_description/models/aws_robomaker_residential_Dumbbell_01/materials/textures/aws_Dumbbell_01.png\n'}
[2.208595] (bumperbot_description) StdoutLine: {'line': b'-- Up-to-date: /home/vboxuser/bumperbot_ws/install/bumperbot_description/share/bumperbot_description/models/aws_robomaker_residential_Dumbbell_01/meshes\n'}
[2.209125] (bumperbot_description) StdoutLine: {'line': b'-- Up-to-date: /home/vboxuser/bumperbot_ws/install/bumperbot_description/share/bumperbot_description/models/aws_robomaker_residential_Dumbbell_01/meshes/aws_Dumbbell_01_visual.DAE\n'}
[2.209215] (bumperbot_description) StdoutLine: {'line': b'-- Up-to-date: /home/vboxuser/bumperbot_ws/install/bumperbot_description/share/bumperbot_description/models/aws_robomaker_residential_Dumbbell_01/meshes/aws_Dumbbell_01_collision.DAE\n'}
[2.209279] (bumperbot_description) StdoutLine: {'line': b'-- Up-to-date: /home/vboxuser/bumperbot_ws/install/bumperbot_description/share/bumperbot_description/models/aws_robomaker_residential_Dumbbell_01/model.config\n'}
[2.209343] (bumperbot_description) StdoutLine: {'line': b'-- Up-to-date: /home/vboxuser/bumperbot_ws/install/bumperbot_description/share/bumperbot_description/models/aws_robomaker_residential_Dumbbell_01/model.sdf\n'}
[2.209406] (bumperbot_description) StdoutLine: {'line': b'-- Up-to-date: /home/vboxuser/bumperbot_ws/install/bumperbot_description/share/bumperbot_description/models/aws_robomaker_warehouse_WallB_01\n'}
[2.210175] (bumperbot_description) StdoutLine: {'line': b'-- Up-to-date: /home/vboxuser/bumperbot_ws/install/bumperbot_description/share/bumperbot_description/models/aws_robomaker_warehouse_WallB_01/materials\n'}
[2.210835] (bumperbot_description) StdoutLine: {'line': b'-- Up-to-date: /home/vboxuser/bumperbot_ws/install/bumperbot_description/share/bumperbot_description/models/aws_robomaker_warehouse_WallB_01/materials/textures\n'}
[2.211359] (bumperbot_description) StdoutLine: {'line': b'-- Up-to-date: /home/vboxuser/bumperbot_ws/install/bumperbot_description/share/bumperbot_description/models/aws_robomaker_warehouse_WallB_01/materials/textures/aws_robomaker_warehouse_WallB_01.png\n'}
[2.211568] (bumperbot_description) StdoutLine: {'line': b'-- Up-to-date: /home/vboxuser/bumperbot_ws/install/bumperbot_description/share/bumperbot_description/models/aws_robomaker_warehouse_WallB_01/meshes\n'}
[2.212137] (bumperbot_description) StdoutLine: {'line': b'-- Up-to-date: /home/vboxuser/bumperbot_ws/install/bumperbot_description/share/bumperbot_description/models/aws_robomaker_warehouse_WallB_01/meshes/aws_robomaker_warehouse_WallB_01_collision.DAE\n'}
[2.212230] (bumperbot_description) StdoutLine: {'line': b'-- Up-to-date: /home/vboxuser/bumperbot_ws/install/bumperbot_description/share/bumperbot_description/models/aws_robomaker_warehouse_WallB_01/meshes/aws_robomaker_warehouse_WallB_01_visual.DAE\n'}
[2.212298] (bumperbot_description) StdoutLine: {'line': b'-- Up-to-date: /home/vboxuser/bumperbot_ws/install/bumperbot_description/share/bumperbot_description/models/aws_robomaker_warehouse_WallB_01/model.config\n'}
[2.212522] (bumperbot_description) StdoutLine: {'line': b'-- Up-to-date: /home/vboxuser/bumperbot_ws/install/bumperbot_description/share/bumperbot_description/models/aws_robomaker_warehouse_WallB_01/model.sdf\n'}
[2.212576] (bumperbot_description) StdoutLine: {'line': b'-- Up-to-date: /home/vboxuser/bumperbot_ws/install/bumperbot_description/share/bumperbot_description/models/aws_robomaker_residential_TV_01\n'}
[2.212885] (bumperbot_description) StdoutLine: {'line': b'-- Up-to-date: /home/vboxuser/bumperbot_ws/install/bumperbot_description/share/bumperbot_description/models/aws_robomaker_residential_TV_01/materials\n'}
[2.213311] (bumperbot_description) StdoutLine: {'line': b'-- Up-to-date: /home/vboxuser/bumperbot_ws/install/bumperbot_description/share/bumperbot_description/models/aws_robomaker_residential_TV_01/materials/textures\n'}
[2.213895] (bumperbot_description) StdoutLine: {'line': b'-- Up-to-date: /home/vboxuser/bumperbot_ws/install/bumperbot_description/share/bumperbot_description/models/aws_robomaker_residential_TV_01/materials/textures/aws_TV_01.png\n'}
[2.214074] (bumperbot_description) StdoutLine: {'line': b'-- Up-to-date: /home/vboxuser/bumperbot_ws/install/bumperbot_description/share/bumperbot_description/models/aws_robomaker_residential_TV_01/meshes\n'}
[2.214565] (bumperbot_description) StdoutLine: {'line': b'-- Up-to-date: /home/vboxuser/bumperbot_ws/install/bumperbot_description/share/bumperbot_description/models/aws_robomaker_residential_TV_01/meshes/aws_TV_01_collision.DAE\n'}
[2.214791] (bumperbot_description) StdoutLine: {'line': b'-- Up-to-date: /home/vboxuser/bumperbot_ws/install/bumperbot_description/share/bumperbot_description/models/aws_robomaker_residential_TV_01/meshes/aws_TV_01_visual.DAE\n'}
[2.214828] (bumperbot_description) StdoutLine: {'line': b'-- Up-to-date: /home/vboxuser/bumperbot_ws/install/bumperbot_description/share/bumperbot_description/models/aws_robomaker_residential_TV_01/model.config\n'}
[2.214860] (bumperbot_description) StdoutLine: {'line': b'-- Up-to-date: /home/vboxuser/bumperbot_ws/install/bumperbot_description/share/bumperbot_description/models/aws_robomaker_residential_TV_01/model.sdf\n'}
[2.214890] (bumperbot_description) StdoutLine: {'line': b'-- Up-to-date: /home/vboxuser/bumperbot_ws/install/bumperbot_description/share/bumperbot_description/models/aws_robomaker_residential_AirconditionerA_01\n'}
[2.215518] (bumperbot_description) StdoutLine: {'line': b'-- Up-to-date: /home/vboxuser/bumperbot_ws/install/bumperbot_description/share/bumperbot_description/models/aws_robomaker_residential_AirconditionerA_01/materials\n'}
[2.216662] (bumperbot_description) StdoutLine: {'line': b'-- Up-to-date: /home/vboxuser/bumperbot_ws/install/bumperbot_description/share/bumperbot_description/models/aws_robomaker_residential_AirconditionerA_01/materials/textures\n'}
[2.216933] (bumperbot_description) StdoutLine: {'line': b'-- Up-to-date: /home/vboxuser/bumperbot_ws/install/bumperbot_description/share/bumperbot_description/models/aws_robomaker_residential_AirconditionerA_01/materials/textures/aws_AirconditionerA_01.png\n'}
[2.217083] (bumperbot_description) StdoutLine: {'line': b'-- Up-to-date: /home/vboxuser/bumperbot_ws/install/bumperbot_description/share/bumperbot_description/models/aws_robomaker_residential_AirconditionerA_01/meshes\n'}
[2.217652] (bumperbot_description) StdoutLine: {'line': b'-- Up-to-date: /home/vboxuser/bumperbot_ws/install/bumperbot_description/share/bumperbot_description/models/aws_robomaker_residential_AirconditionerA_01/meshes/aws_AirconditionerA_01_visual.DAE\n'}
[2.217768] (bumperbot_description) StdoutLine: {'line': b'-- Up-to-date: /home/vboxuser/bumperbot_ws/install/bumperbot_description/share/bumperbot_description/models/aws_robomaker_residential_AirconditionerA_01/meshes/aws__Air conditioner_01.DAE\n'}
[2.217892] (bumperbot_description) StdoutLine: {'line': b'-- Up-to-date: /home/vboxuser/bumperbot_ws/install/bumperbot_description/share/bumperbot_description/models/aws_robomaker_residential_AirconditionerA_01/meshes/aws_AirconditionerA_01_collision.DAE\n'}
[2.217942] (bumperbot_description) StdoutLine: {'line': b'-- Up-to-date: /home/vboxuser/bumperbot_ws/install/bumperbot_description/share/bumperbot_description/models/aws_robomaker_residential_AirconditionerA_01/model.config\n'}
[2.218087] (bumperbot_description) StdoutLine: {'line': b'-- Up-to-date: /home/vboxuser/bumperbot_ws/install/bumperbot_description/share/bumperbot_description/models/aws_robomaker_residential_AirconditionerA_01/model.sdf\n'}
[2.218423] (bumperbot_description) StdoutLine: {'line': b'-- Up-to-date: /home/vboxuser/bumperbot_ws/install/bumperbot_description/share/bumperbot_description/models/aws_robomaker_residential_NightStand_01\n'}
[2.218732] (bumperbot_description) StdoutLine: {'line': b'-- Up-to-date: /home/vboxuser/bumperbot_ws/install/bumperbot_description/share/bumperbot_description/models/aws_robomaker_residential_NightStand_01/materials\n'}
[2.219370] (bumperbot_description) StdoutLine: {'line': b'-- Up-to-date: /home/vboxuser/bumperbot_ws/install/bumperbot_description/share/bumperbot_description/models/aws_robomaker_residential_NightStand_01/materials/textures\n'}
[2.220107] (bumperbot_description) StdoutLine: {'line': b'-- Up-to-date: /home/vboxuser/bumperbot_ws/install/bumperbot_description/share/bumperbot_description/models/aws_robomaker_residential_NightStand_01/materials/textures/aws_NightStand_01.png\n'}
[2.220275] (bumperbot_description) StdoutLine: {'line': b'-- Up-to-date: /home/vboxuser/bumperbot_ws/install/bumperbot_description/share/bumperbot_description/models/aws_robomaker_residential_NightStand_01/meshes\n'}
[2.221293] (bumperbot_description) StdoutLine: {'line': b'-- Up-to-date: /home/vboxuser/bumperbot_ws/install/bumperbot_description/share/bumperbot_description/models/aws_robomaker_residential_NightStand_01/meshes/aws_NightStand_01_visual.DAE\n'}
[2.221457] (bumperbot_description) StdoutLine: {'line': b'-- Up-to-date: /home/vboxuser/bumperbot_ws/install/bumperbot_description/share/bumperbot_description/models/aws_robomaker_residential_NightStand_01/meshes/aws_NightStand_01_collision.DAE\n'}
[2.221497] (bumperbot_description) StdoutLine: {'line': b'-- Up-to-date: /home/vboxuser/bumperbot_ws/install/bumperbot_description/share/bumperbot_description/models/aws_robomaker_residential_NightStand_01/model.config\n'}
[2.221534] (bumperbot_description) StdoutLine: {'line': b'-- Up-to-date: /home/vboxuser/bumperbot_ws/install/bumperbot_description/share/bumperbot_description/models/aws_robomaker_residential_NightStand_01/model.sdf\n'}
[2.221726] (bumperbot_description) StdoutLine: {'line': b'-- Up-to-date: /home/vboxuser/bumperbot_ws/install/bumperbot_description/share/bumperbot_description/models/aws_robomaker_residential_KitchenUtensils_01\n'}
[2.222254] (bumperbot_description) StdoutLine: {'line': b'-- Up-to-date: /home/vboxuser/bumperbot_ws/install/bumperbot_description/share/bumperbot_description/models/aws_robomaker_residential_KitchenUtensils_01/materials\n'}
[2.222992] (bumperbot_description) StdoutLine: {'line': b'-- Up-to-date: /home/vboxuser/bumperbot_ws/install/bumperbot_description/share/bumperbot_description/models/aws_robomaker_residential_KitchenUtensils_01/materials/textures\n'}
[2.223734] (bumperbot_description) StdoutLine: {'line': b'-- Up-to-date: /home/vboxuser/bumperbot_ws/install/bumperbot_description/share/bumperbot_description/models/aws_robomaker_residential_KitchenUtensils_01/materials/textures/aws_KitchenUtensils_01.png\n'}
[2.223896] (bumperbot_description) StdoutLine: {'line': b'-- Up-to-date: /home/vboxuser/bumperbot_ws/install/bumperbot_description/share/bumperbot_description/models/aws_robomaker_residential_KitchenUtensils_01/meshes\n'}
[2.225159] (bumperbot_description) StdoutLine: {'line': b'-- Up-to-date: /home/vboxuser/bumperbot_ws/install/bumperbot_description/share/bumperbot_description/models/aws_robomaker_residential_KitchenUtensils_01/meshes/aws_KitchenUtensils_01_visual.DAE\n'}
[2.225480] (bumperbot_description) StdoutLine: {'line': b'-- Up-to-date: /home/vboxuser/bumperbot_ws/install/bumperbot_description/share/bumperbot_description/models/aws_robomaker_residential_KitchenUtensils_01/meshes/aws_KitchenUtensils_01_collision.DAE\n'}
[2.225785] (bumperbot_description) StdoutLine: {'line': b'-- Up-to-date: /home/vboxuser/bumperbot_ws/install/bumperbot_description/share/bumperbot_description/models/aws_robomaker_residential_KitchenUtensils_01/model.config\n'}
[2.226016] (bumperbot_description) StdoutLine: {'line': b'-- Up-to-date: /home/vboxuser/bumperbot_ws/install/bumperbot_description/share/bumperbot_description/models/aws_robomaker_residential_KitchenUtensils_01/model.sdf\n'}
[2.226054] (bumperbot_description) StdoutLine: {'line': b'-- Up-to-date: /home/vboxuser/bumperbot_ws/install/bumperbot_description/share/bumperbot_description/models/aws_robomaker_warehouse_ClutteringA_01\n'}
[2.226189] (bumperbot_description) StdoutLine: {'line': b'-- Up-to-date: /home/vboxuser/bumperbot_ws/install/bumperbot_description/share/bumperbot_description/models/aws_robomaker_warehouse_ClutteringA_01/materials\n'}
[2.226981] (bumperbot_description) StdoutLine: {'line': b'-- Up-to-date: /home/vboxuser/bumperbot_ws/install/bumperbot_description/share/bumperbot_description/models/aws_robomaker_warehouse_ClutteringA_01/materials/textures\n'}
[2.227466] (-) TimerEvent: {}
[2.231086] (bumperbot_description) StdoutLine: {'line': b'-- Up-to-date: /home/vboxuser/bumperbot_ws/install/bumperbot_description/share/bumperbot_description/models/aws_robomaker_warehouse_ClutteringA_01/materials/textures/aws_robomaker_warehouse_ClutteringA_01.png\n'}
[2.231162] (bumperbot_description) StdoutLine: {'line': b'-- Up-to-date: /home/vboxuser/bumperbot_ws/install/bumperbot_description/share/bumperbot_description/models/aws_robomaker_warehouse_ClutteringA_01/materials/textures/aws_robomaker_warehouse_ClutteringA_03.png\n'}
[2.231196] (bumperbot_description) StdoutLine: {'line': b'-- Up-to-date: /home/vboxuser/bumperbot_ws/install/bumperbot_description/share/bumperbot_description/models/aws_robomaker_warehouse_ClutteringA_01/materials/textures/aws_robomaker_warehouse_ClutteringA_02.png\n'}
[2.231547] (bumperbot_description) StdoutLine: {'line': b'-- Up-to-date: /home/vboxuser/bumperbot_ws/install/bumperbot_description/share/bumperbot_description/models/aws_robomaker_warehouse_ClutteringA_01/materials/textures/.DS_Store\n'}
[2.231591] (bumperbot_description) StdoutLine: {'line': b'-- Up-to-date: /home/vboxuser/bumperbot_ws/install/bumperbot_description/share/bumperbot_description/models/aws_robomaker_warehouse_ClutteringA_01/materials/.DS_Store\n'}
[2.231975] (bumperbot_description) StdoutLine: {'line': b'-- Up-to-date: /home/vboxuser/bumperbot_ws/install/bumperbot_description/share/bumperbot_description/models/aws_robomaker_warehouse_ClutteringA_01/meshes\n'}
[2.232933] (bumperbot_description) StdoutLine: {'line': b'-- Up-to-date: /home/vboxuser/bumperbot_ws/install/bumperbot_description/share/bumperbot_description/models/aws_robomaker_warehouse_ClutteringA_01/meshes/aws_robomaker_warehouse_ClutteringA_01_collision.DAE\n'}
[2.232975] (bumperbot_description) StdoutLine: {'line': b'-- Up-to-date: /home/vboxuser/bumperbot_ws/install/bumperbot_description/share/bumperbot_description/models/aws_robomaker_warehouse_ClutteringA_01/meshes/aws_robomaker_warehouse_ClutteringA_01_visual.DAE\n'}
[2.233006] (bumperbot_description) StdoutLine: {'line': b'-- Up-to-date: /home/vboxuser/bumperbot_ws/install/bumperbot_description/share/bumperbot_description/models/aws_robomaker_warehouse_ClutteringA_01/model.config\n'}
[2.233036] (bumperbot_description) StdoutLine: {'line': b'-- Up-to-date: /home/vboxuser/bumperbot_ws/install/bumperbot_description/share/bumperbot_description/models/aws_robomaker_warehouse_ClutteringA_01/.DS_Store\n'}
[2.233072] (bumperbot_description) StdoutLine: {'line': b'-- Up-to-date: /home/vboxuser/bumperbot_ws/install/bumperbot_description/share/bumperbot_description/models/aws_robomaker_warehouse_ClutteringA_01/model.sdf\n'}
[2.233101] (bumperbot_description) StdoutLine: {'line': b'-- Up-to-date: /home/vboxuser/bumperbot_ws/install/bumperbot_description/share/bumperbot_description/photos\n'}
[2.233132] (bumperbot_description) StdoutLine: {'line': b'-- Up-to-date: /home/vboxuser/bumperbot_ws/install/bumperbot_description/share/bumperbot_description/photos/DeskPortraitC_01.jpg\n'}
[2.233161] (bumperbot_description) StdoutLine: {'line': b'-- Up-to-date: /home/vboxuser/bumperbot_ws/install/bumperbot_description/share/bumperbot_description/photos/DeskPortraitA_01.jpg\n'}
[2.233188] (bumperbot_description) StdoutLine: {'line': b'-- Up-to-date: /home/vboxuser/bumperbot_ws/install/bumperbot_description/share/bumperbot_description/photos/DeskPortraitD_03.jpg\n'}
[2.233215] (bumperbot_description) StdoutLine: {'line': b'-- Up-to-date: /home/vboxuser/bumperbot_ws/install/bumperbot_description/share/bumperbot_description/photos/DeskPortraitC_02.jpg\n'}
[2.233242] (bumperbot_description) StdoutLine: {'line': b'-- Up-to-date: /home/vboxuser/bumperbot_ws/install/bumperbot_description/share/bumperbot_description/photos/PortraitA_02.jpg\n'}
[2.233270] (bumperbot_description) StdoutLine: {'line': b'-- Up-to-date: /home/vboxuser/bumperbot_ws/install/bumperbot_description/share/bumperbot_description/photos/PortraitE_02.jpg\n'}
[2.233296] (bumperbot_description) StdoutLine: {'line': b'-- Up-to-date: /home/vboxuser/bumperbot_ws/install/bumperbot_description/share/bumperbot_description/photos/PortraitD_02.jpg\n'}
[2.233323] (bumperbot_description) StdoutLine: {'line': b'-- Up-to-date: /home/vboxuser/bumperbot_ws/install/bumperbot_description/share/bumperbot_description/photos/PortraitB_01.jpg\n'}
[2.233350] (bumperbot_description) StdoutLine: {'line': b'-- Up-to-date: /home/vboxuser/bumperbot_ws/install/bumperbot_description/share/bumperbot_description/photos/PortraitE_01.jpg\n'}
[2.233377] (bumperbot_description) StdoutLine: {'line': b'-- Up-to-date: /home/vboxuser/bumperbot_ws/install/bumperbot_description/share/bumperbot_description/photos/PortraitB_02.jpg\n'}
[2.233404] (bumperbot_description) StdoutLine: {'line': b'-- Up-to-date: /home/vboxuser/bumperbot_ws/install/bumperbot_description/share/bumperbot_description/photos/PortraitA_01.jpg\n'}
[2.233431] (bumperbot_description) StdoutLine: {'line': b'-- Up-to-date: /home/vboxuser/bumperbot_ws/install/bumperbot_description/share/bumperbot_description/photos/DeskPortraitB_02.jpg\n'}
[2.233458] (bumperbot_description) StdoutLine: {'line': b'-- Up-to-date: /home/vboxuser/bumperbot_ws/install/bumperbot_description/share/bumperbot_description/photos/DeskPortraitA_02.jpg\n'}
[2.233485] (bumperbot_description) StdoutLine: {'line': b'-- Up-to-date: /home/vboxuser/bumperbot_ws/install/bumperbot_description/share/bumperbot_description/photos/DeskPortraitB_01.jpg\n'}
[2.233512] (bumperbot_description) StdoutLine: {'line': b'-- Up-to-date: /home/vboxuser/bumperbot_ws/install/bumperbot_description/share/bumperbot_description/photos/PortraitD_01.jpg\n'}
[2.233539] (bumperbot_description) StdoutLine: {'line': b'-- Up-to-date: /home/vboxuser/bumperbot_ws/install/bumperbot_description/share/bumperbot_description/photos/DeskPortraitD_02.jpg\n'}
[2.233566] (bumperbot_description) StdoutLine: {'line': b'-- Up-to-date: /home/vboxuser/bumperbot_ws/install/bumperbot_description/share/bumperbot_description/photos/PortraitC_01.jpg\n'}
[2.233592] (bumperbot_description) StdoutLine: {'line': b'-- Up-to-date: /home/vboxuser/bumperbot_ws/install/bumperbot_description/share/bumperbot_description/photos/DeskPortraitD_01.jpg\n'}
[2.233619] (bumperbot_description) StdoutLine: {'line': b'-- Up-to-date: /home/vboxuser/bumperbot_ws/install/bumperbot_description/share/bumperbot_description/photos/PortraitB_03.jpg\n'}
[2.233645] (bumperbot_description) StdoutLine: {'line': b'-- Up-to-date: /home/vboxuser/bumperbot_ws/install/bumperbot_description/share/bumperbot_description/photos/DeskPortraitD_04.jpg\n'}
[2.240479] (bumperbot_description) StdoutLine: {'line': b'-- Up-to-date: /home/vboxuser/bumperbot_ws/install/bumperbot_description/share/bumperbot_description/urdf\n'}
[2.240931] (bumperbot_description) StdoutLine: {'line': b'-- Up-to-date: /home/vboxuser/bumperbot_ws/install/bumperbot_description/share/bumperbot_description/urdf/bumperbot_ros2_control.xacro\n'}
[2.242418] (bumperbot_description) StdoutLine: {'line': b'-- Up-to-date: /home/vboxuser/bumperbot_ws/install/bumperbot_description/share/bumperbot_description/urdf/bumperbot_gazebo.xacro\n'}
[2.242483] (bumperbot_description) StdoutLine: {'line': b'-- Up-to-date: /home/vboxuser/bumperbot_ws/install/bumperbot_description/share/bumperbot_description/urdf/bumperbot.urdf.xacro\n'}
[2.242518] (bumperbot_description) StdoutLine: {'line': b'-- Up-to-date: /home/vboxuser/bumperbot_ws/install/bumperbot_description/share/bumperbot_description/rviz\n'}
[2.242550] (bumperbot_description) StdoutLine: {'line': b'-- Up-to-date: /home/vboxuser/bumperbot_ws/install/bumperbot_description/share/bumperbot_description/rviz/display.rviz\n'}
[2.242581] (bumperbot_description) StdoutLine: {'line': b'-- Up-to-date: /home/vboxuser/bumperbot_ws/install/bumperbot_description/share/bumperbot_description/worlds\n'}
[2.243669] (bumperbot_description) StdoutLine: {'line': b'-- Up-to-date: /home/vboxuser/bumperbot_ws/install/bumperbot_description/share/bumperbot_description/worlds/empty.world\n'}
[2.243733] (bumperbot_description) StdoutLine: {'line': b'-- Up-to-date: /home/vboxuser/bumperbot_ws/install/bumperbot_description/share/bumperbot_description/worlds/small_warehouse.world\n'}
[2.243770] (bumperbot_description) StdoutLine: {'line': b'-- Up-to-date: /home/vboxuser/bumperbot_ws/install/bumperbot_description/share/bumperbot_description/worlds/small_house.world\n'}
[2.244842] (bumperbot_description) StdoutLine: {'line': b'-- Up-to-date: /home/vboxuser/bumperbot_ws/install/bumperbot_description/share/ament_index/resource_index/package_run_dependencies/bumperbot_description\n'}
[2.252906] (bumperbot_description) StdoutLine: {'line': b'-- Up-to-date: /home/vboxuser/bumperbot_ws/install/bumperbot_description/share/ament_index/resource_index/parent_prefix_path/bumperbot_description\n'}
[2.254586] (bumperbot_description) StdoutLine: {'line': b'-- Up-to-date: /home/vboxuser/bumperbot_ws/install/bumperbot_description/share/bumperbot_description/environment/ament_prefix_path.sh\n'}
[2.254816] (bumperbot_description) StdoutLine: {'line': b'-- Up-to-date: /home/vboxuser/bumperbot_ws/install/bumperbot_description/share/bumperbot_description/environment/ament_prefix_path.dsv\n'}
[2.254958] (bumperbot_description) StdoutLine: {'line': b'-- Up-to-date: /home/vboxuser/bumperbot_ws/install/bumperbot_description/share/bumperbot_description/environment/path.sh\n'}
[2.255099] (bumperbot_description) StdoutLine: {'line': b'-- Up-to-date: /home/vboxuser/bumperbot_ws/install/bumperbot_description/share/bumperbot_description/environment/path.dsv\n'}
[2.255234] (bumperbot_description) StdoutLine: {'line': b'-- Up-to-date: /home/vboxuser/bumperbot_ws/install/bumperbot_description/share/bumperbot_description/local_setup.bash\n'}
[2.255355] (bumperbot_description) StdoutLine: {'line': b'-- Up-to-date: /home/vboxuser/bumperbot_ws/install/bumperbot_description/share/bumperbot_description/local_setup.sh\n'}
[2.255467] (bumperbot_description) StdoutLine: {'line': b'-- Up-to-date: /home/vboxuser/bumperbot_ws/install/bumperbot_description/share/bumperbot_description/local_setup.zsh\n'}
[2.255580] (bumperbot_description) StdoutLine: {'line': b'-- Up-to-date: /home/vboxuser/bumperbot_ws/install/bumperbot_description/share/bumperbot_description/local_setup.dsv\n'}
[2.255699] (bumperbot_description) StdoutLine: {'line': b'-- Up-to-date: /home/vboxuser/bumperbot_ws/install/bumperbot_description/share/bumperbot_description/package.dsv\n'}
[2.256395] (bumperbot_description) StdoutLine: {'line': b'-- Up-to-date: /home/vboxuser/bumperbot_ws/install/bumperbot_description/share/ament_index/resource_index/packages/bumperbot_description\n'}
[2.256956] (bumperbot_description) StdoutLine: {'line': b'-- Up-to-date: /home/vboxuser/bumperbot_ws/install/bumperbot_description/share/bumperbot_description/cmake/bumperbot_descriptionConfig.cmake\n'}
[2.257123] (bumperbot_description) StdoutLine: {'line': b'-- Up-to-date: /home/vboxuser/bumperbot_ws/install/bumperbot_description/share/bumperbot_description/cmake/bumperbot_descriptionConfig-version.cmake\n'}
[2.257714] (bumperbot_description) StdoutLine: {'line': b'-- Up-to-date: /home/vboxuser/bumperbot_ws/install/bumperbot_description/share/bumperbot_description/package.xml\n'}
[2.259022] (bumperbot_description) CommandEnded: {'returncode': 0}
[2.273950] (bumperbot_description) JobEnded: {'identifier': 'bumperbot_description', 'rc': 0}
[2.274557] (bumperbot_firmware) JobStarted: {'identifier': 'bumperbot_firmware'}
[2.288472] (bumperbot_firmware) JobProgress: {'identifier': 'bumperbot_firmware', 'progress': 'cmake'}
[2.289968] (bumperbot_firmware) JobProgress: {'identifier': 'bumperbot_firmware', 'progress': 'build'}
[2.290115] (bumperbot_firmware) Command: {'cmd': ['/usr/bin/cmake', '--build', '/home/vboxuser/bumperbot_ws/build/bumperbot_firmware', '--', '-j1', '-l1'], 'cwd': '/home/vboxuser/bumperbot_ws/build/bumperbot_firmware', 'env': OrderedDict({'GJS_DEBUG_TOPICS': 'JS ERROR;JS LOG', 'XDG_ACTIVATION_TOKEN': 'gnome-shell/Terminator/2065-4-Robotproj_TIME1107825', 'LESSOPEN': '| /usr/bin/lesspipe %s', 'USER': 'vboxuser', 'GZ_CONFIG_PATH': '/opt/ros/jazzy/opt/gz_sim_vendor/share/gz:/opt/ros/jazzy/opt/sdformat_vendor/share/gz:/opt/ros/jazzy/opt/gz_gui_vendor/share/gz:/opt/ros/jazzy/opt/gz_transport_vendor/share/gz:/opt/ros/jazzy/opt/gz_rendering_vendor/share/gz:/opt/ros/jazzy/opt/gz_plugin_vendor/share/gz:/opt/ros/jazzy/opt/gz_fuel_tools_vendor/share/gz:/opt/ros/jazzy/opt/gz_msgs_vendor/share/gz:/opt/ros/jazzy/opt/gz_common_vendor/share/gz', 'XDG_SESSION_TYPE': 'wayland', 'CLUTTER_DISABLE_MIPMAPPED_TEXT': '1', 'SHLVL': '1', 'LD_LIBRARY_PATH': '/opt/ros/jazzy/opt/gz_sim_vendor/lib:/opt/ros/jazzy/opt/gz_sensors_vendor/lib:/opt/ros/jazzy/opt/gz_physics_vendor/lib:/opt/ros/jazzy/opt/sdformat_vendor/lib:/opt/ros/jazzy/opt/rviz_ogre_vendor/lib:/opt/ros/jazzy/lib/x86_64-linux-gnu:/opt/ros/jazzy/opt/gz_gui_vendor/lib:/opt/ros/jazzy/opt/gz_transport_vendor/lib:/opt/ros/jazzy/opt/gz_rendering_vendor/lib:/opt/ros/jazzy/opt/gz_plugin_vendor/lib:/opt/ros/jazzy/opt/gz_fuel_tools_vendor/lib:/opt/ros/jazzy/opt/gz_msgs_vendor/lib:/opt/ros/jazzy/opt/gz_common_vendor/lib:/opt/ros/jazzy/opt/gz_math_vendor/lib:/opt/ros/jazzy/opt/gz_utils_vendor/lib:/opt/ros/jazzy/opt/gz_tools_vendor/lib:/opt/ros/jazzy/opt/gz_ogre_next_vendor/lib:/opt/ros/jazzy/opt/gz_dartsim_vendor/lib:/opt/ros/jazzy/opt/gz_cmake_vendor/lib:/opt/ros/jazzy/lib', 'HOME': '/home/vboxuser', 'OLDPWD': '/home/vboxuser/bumperbot_ws', 'DESKTOP_SESSION': 'ubuntu', 'GIO_LAUNCHED_DESKTOP_FILE': '/usr/share/applications/terminator.desktop', 'ROS_PYTHON_VERSION': '3', 'GNOME_SHELL_SESSION_MODE': 'ubuntu', 'GTK_MODULES': 'gail:atk-bridge', 'MANAGERPID': '1821', 'SYSTEMD_EXEC_PID': '2065', 'GSM_SKIP_SSH_AGENT_WORKAROUND': 'true', 'DBUS_SESSION_BUS_ADDRESS': 'unix:path=/run/user/1000/bus', 'COLORTERM': 'truecolor', 'TERMINATOR_DBUS_NAME': 'net.tenshu.Terminator25ef4b219e3b005583550f2b0f9f990c3', 'GIO_LAUNCHED_DESKTOP_FILE_PID': '5942', 'DEBUGINFOD_URLS': 'https://debuginfod.ubuntu.com', 'IM_CONFIG_PHASE': '1', 'WAYLAND_DISPLAY': 'wayland-0', 'ROS_DISTRO': 'jazzy', 'LOGNAME': 'vboxuser', 'JOURNAL_STREAM': '9:15131', '_': '/usr/bin/colcon', 'ROS_VERSION': '2', 'MEMORY_PRESSURE_WATCH': '/sys/fs/cgroup/user.slice/user-1000.slice/user@1000.service/session.slice/org.gnome.Shell@wayland.service/memory.pressure', 'XDG_SESSION_CLASS': 'user', 'USERNAME': 'vboxuser', 'TERM': 'xterm-256color', 'GNOME_DESKTOP_SESSION_ID': 'this-is-deprecated', 'PATH': '/opt/ros/jazzy/opt/gz_msgs_vendor/bin:/opt/ros/jazzy/opt/gz_tools_vendor/bin:/opt/ros/jazzy/opt/gz_ogre_next_vendor/bin:/opt/ros/jazzy/bin:/home/vboxuser/.local/bin:/usr/local/sbin:/usr/local/bin:/usr/sbin:/usr/bin:/sbin:/bin:/usr/games:/usr/local/games:/snap/bin:/snap/bin', 'SESSION_MANAGER': 'local/Robotproj:@/tmp/.ICE-unix/2021,unix/Robotproj:/tmp/.ICE-unix/2021', 'INVOCATION_ID': '0a4448d9e3fa415eb657cec0bbe459f4', 'XDG_MENU_PREFIX': 'gnome-', 'GNOME_SETUP_DISPLAY': ':1', 'XDG_RUNTIME_DIR': '/run/user/1000', 'DISPLAY': ':0', 'TERMINATOR_DBUS_PATH': '/net/tenshu/Terminator2', 'LANG': 'en_US.UTF-8', 'XDG_CURRENT_DESKTOP': 'ubuntu:GNOME', 'XMODIFIERS': '@im=ibus', 'XDG_SESSION_DESKTOP': 'ubuntu', 'XAUTHORITY': '/run/user/1000/.mutter-Xwaylandauth.N2SBM3', 'LS_COLORS': 'rs=0:di=01;34:ln=01;36:mh=00:pi=40;33:so=01;35:do=01;35:bd=40;33;01:cd=40;33;01:or=40;31;01:mi=00:su=37;41:sg=30;43:ca=00:tw=30;42:ow=34;42:st=37;44:ex=01;32:*.tar=01;31:*.tgz=01;31:*.arc=01;31:*.arj=01;31:*.taz=01;31:*.lha=01;31:*.lz4=01;31:*.lzh=01;31:*.lzma=01;31:*.tlz=01;31:*.txz=01;31:*.tzo=01;31:*.t7z=01;31:*.zip=01;31:*.z=01;31:*.dz=01;31:*.gz=01;31:*.lrz=01;31:*.lz=01;31:*.lzo=01;31:*.xz=01;31:*.zst=01;31:*.tzst=01;31:*.bz2=01;31:*.bz=01;31:*.tbz=01;31:*.tbz2=01;31:*.tz=01;31:*.deb=01;31:*.rpm=01;31:*.jar=01;31:*.war=01;31:*.ear=01;31:*.sar=01;31:*.rar=01;31:*.alz=01;31:*.ace=01;31:*.zoo=01;31:*.cpio=01;31:*.7z=01;31:*.rz=01;31:*.cab=01;31:*.wim=01;31:*.swm=01;31:*.dwm=01;31:*.esd=01;31:*.avif=01;35:*.jpg=01;35:*.jpeg=01;35:*.mjpg=01;35:*.mjpeg=01;35:*.gif=01;35:*.bmp=01;35:*.pbm=01;35:*.pgm=01;35:*.ppm=01;35:*.tga=01;35:*.xbm=01;35:*.xpm=01;35:*.tif=01;35:*.tiff=01;35:*.png=01;35:*.svg=01;35:*.svgz=01;35:*.mng=01;35:*.pcx=01;35:*.mov=01;35:*.mpg=01;35:*.mpeg=01;35:*.m2v=01;35:*.mkv=01;35:*.webm=01;35:*.webp=01;35:*.ogm=01;35:*.mp4=01;35:*.m4v=01;35:*.mp4v=01;35:*.vob=01;35:*.qt=01;35:*.nuv=01;35:*.wmv=01;35:*.asf=01;35:*.rm=01;35:*.rmvb=01;35:*.flc=01;35:*.avi=01;35:*.fli=01;35:*.flv=01;35:*.gl=01;35:*.dl=01;35:*.xcf=01;35:*.xwd=01;35:*.yuv=01;35:*.cgm=01;35:*.emf=01;35:*.ogv=01;35:*.ogx=01;35:*.aac=00;36:*.au=00;36:*.flac=00;36:*.m4a=00;36:*.mid=00;36:*.midi=00;36:*.mka=00;36:*.mp3=00;36:*.mpc=00;36:*.ogg=00;36:*.ra=00;36:*.wav=00;36:*.oga=00;36:*.opus=00;36:*.spx=00;36:*.xspf=00;36:*~=00;90:*#=00;90:*.bak=00;90:*.crdownload=00;90:*.dpkg-dist=00;90:*.dpkg-new=00;90:*.dpkg-old=00;90:*.dpkg-tmp=00;90:*.old=00;90:*.orig=00;90:*.part=00;90:*.rej=00;90:*.rpmnew=00;90:*.rpmorig=00;90:*.rpmsave=00;90:*.swp=00;90:*.tmp=00;90:*.ucf-dist=00;90:*.ucf-new=00;90:*.ucf-old=00;90:', 'SSH_AUTH_SOCK': '/run/user/1000/keyring/ssh', 'AMENT_PREFIX_PATH': '/opt/ros/jazzy', 'SHELL': '/bin/bash', 'TERMINATOR_UUID': 'urn:uuid:275a140c-1165-495c-b537-22585f08cb7b', 'QT_ACCESSIBILITY': '1', 'GDMSESSION': 'ubuntu', 'LESSCLOSE': '/usr/bin/lesspipe %s %s', 'GJS_DEBUG_OUTPUT': 'stderr', 'ROS_AUTOMATIC_DISCOVERY_RANGE': 'SUBNET', 'QT_IM_MODULE': 'ibus', 'PWD': '/home/vboxuser/bumperbot_ws/build/bumperbot_firmware', 'LC_ALL': 'en_US.UTF-8', 'XDG_CONFIG_DIRS': '/etc/xdg/xdg-ubuntu:/etc/xdg', 'XDG_DATA_DIRS': '/usr/share/ubuntu:/usr/share/gnome:/usr/local/share/:/usr/share/:/var/lib/snapd/desktop', 'PYTHONPATH': '/opt/ros/jazzy/lib/python3.12/site-packages', 'COLCON': '1', 'MEMORY_PRESSURE_WRITE': 'c29tZSAyMDAwMDAgMjAwMDAwMAA=', 'VTE_VERSION': '7600', 'CMAKE_PREFIX_PATH': '/opt/ros/jazzy/opt/gz_sim_vendor:/opt/ros/jazzy/opt/gz_sensors_vendor:/opt/ros/jazzy/opt/gz_physics_vendor:/opt/ros/jazzy/opt/sdformat_vendor:/opt/ros/jazzy/opt/gz_gui_vendor:/opt/ros/jazzy/opt/gz_transport_vendor:/opt/ros/jazzy/opt/gz_rendering_vendor:/opt/ros/jazzy/opt/gz_plugin_vendor:/opt/ros/jazzy/opt/gz_fuel_tools_vendor:/opt/ros/jazzy/opt/gz_msgs_vendor:/opt/ros/jazzy/opt/gz_common_vendor:/opt/ros/jazzy/opt/gz_math_vendor:/opt/ros/jazzy/opt/gz_utils_vendor:/opt/ros/jazzy/opt/gz_tools_vendor:/opt/ros/jazzy/opt/gz_ogre_next_vendor:/opt/ros/jazzy/opt/gz_dartsim_vendor:/opt/ros/jazzy/opt/gz_cmake_vendor:/opt/ros/jazzy'}), 'shell': False}
[2.335620] (-) TimerEvent: {}
[2.390872] (bumperbot_firmware) StdoutLine: {'line': b'[  0%] Built target ament_cmake_python_copy_bumperbot_firmware\n'}
[2.437702] (-) TimerEvent: {}
[2.541528] (-) TimerEvent: {}
[2.572498] (bumperbot_firmware) StdoutLine: {'line': b'running egg_info\n'}
[2.584764] (bumperbot_firmware) StdoutLine: {'line': b'writing bumperbot_firmware.egg-info/PKG-INFO\n'}
[2.585686] (bumperbot_firmware) StdoutLine: {'line': b'writing dependency_links to bumperbot_firmware.egg-info/dependency_links.txt\n'}
[2.586684] (bumperbot_firmware) StdoutLine: {'line': b'writing top-level names to bumperbot_firmware.egg-info/top_level.txt\n'}
[2.625319] (bumperbot_firmware) StdoutLine: {'line': b"reading manifest file 'bumperbot_firmware.egg-info/SOURCES.txt'\n"}
[2.626326] (bumperbot_firmware) StdoutLine: {'line': b"writing manifest file 'bumperbot_firmware.egg-info/SOURCES.txt'\n"}
[2.642172] (-) TimerEvent: {}
[2.659399] (bumperbot_firmware) StdoutLine: {'line': b'[  0%] Built target ament_cmake_python_build_bumperbot_firmware_egg\n'}
[2.692655] (bumperbot_firmware) StdoutLine: {'line': b'[ 33%] Built target bumperbot_firmware\n'}
[2.722262] (bumperbot_firmware) StdoutLine: {'line': b'[ 66%] Built target simple_serial_receiver\n'}
[2.742363] (-) TimerEvent: {}
[2.776311] (bumperbot_firmware) StdoutLine: {'line': b'[100%] Built target simple_serial_transmitter\n'}
[2.785974] (bumperbot_firmware) CommandEnded: {'returncode': 0}
[2.789017] (bumperbot_firmware) JobProgress: {'identifier': 'bumperbot_firmware', 'progress': 'install'}
[2.789165] (bumperbot_firmware) Command: {'cmd': ['/usr/bin/cmake', '--install', '/home/vboxuser/bumperbot_ws/build/bumperbot_firmware'], 'cwd': '/home/vboxuser/bumperbot_ws/build/bumperbot_firmware', 'env': OrderedDict({'GJS_DEBUG_TOPICS': 'JS ERROR;JS LOG', 'XDG_ACTIVATION_TOKEN': 'gnome-shell/Terminator/2065-4-Robotproj_TIME1107825', 'LESSOPEN': '| /usr/bin/lesspipe %s', 'USER': 'vboxuser', 'GZ_CONFIG_PATH': '/opt/ros/jazzy/opt/gz_sim_vendor/share/gz:/opt/ros/jazzy/opt/sdformat_vendor/share/gz:/opt/ros/jazzy/opt/gz_gui_vendor/share/gz:/opt/ros/jazzy/opt/gz_transport_vendor/share/gz:/opt/ros/jazzy/opt/gz_rendering_vendor/share/gz:/opt/ros/jazzy/opt/gz_plugin_vendor/share/gz:/opt/ros/jazzy/opt/gz_fuel_tools_vendor/share/gz:/opt/ros/jazzy/opt/gz_msgs_vendor/share/gz:/opt/ros/jazzy/opt/gz_common_vendor/share/gz', 'XDG_SESSION_TYPE': 'wayland', 'CLUTTER_DISABLE_MIPMAPPED_TEXT': '1', 'SHLVL': '1', 'LD_LIBRARY_PATH': '/opt/ros/jazzy/opt/gz_sim_vendor/lib:/opt/ros/jazzy/opt/gz_sensors_vendor/lib:/opt/ros/jazzy/opt/gz_physics_vendor/lib:/opt/ros/jazzy/opt/sdformat_vendor/lib:/opt/ros/jazzy/opt/rviz_ogre_vendor/lib:/opt/ros/jazzy/lib/x86_64-linux-gnu:/opt/ros/jazzy/opt/gz_gui_vendor/lib:/opt/ros/jazzy/opt/gz_transport_vendor/lib:/opt/ros/jazzy/opt/gz_rendering_vendor/lib:/opt/ros/jazzy/opt/gz_plugin_vendor/lib:/opt/ros/jazzy/opt/gz_fuel_tools_vendor/lib:/opt/ros/jazzy/opt/gz_msgs_vendor/lib:/opt/ros/jazzy/opt/gz_common_vendor/lib:/opt/ros/jazzy/opt/gz_math_vendor/lib:/opt/ros/jazzy/opt/gz_utils_vendor/lib:/opt/ros/jazzy/opt/gz_tools_vendor/lib:/opt/ros/jazzy/opt/gz_ogre_next_vendor/lib:/opt/ros/jazzy/opt/gz_dartsim_vendor/lib:/opt/ros/jazzy/opt/gz_cmake_vendor/lib:/opt/ros/jazzy/lib', 'HOME': '/home/vboxuser', 'OLDPWD': '/home/vboxuser/bumperbot_ws', 'DESKTOP_SESSION': 'ubuntu', 'GIO_LAUNCHED_DESKTOP_FILE': '/usr/share/applications/terminator.desktop', 'ROS_PYTHON_VERSION': '3', 'GNOME_SHELL_SESSION_MODE': 'ubuntu', 'GTK_MODULES': 'gail:atk-bridge', 'MANAGERPID': '1821', 'SYSTEMD_EXEC_PID': '2065', 'GSM_SKIP_SSH_AGENT_WORKAROUND': 'true', 'DBUS_SESSION_BUS_ADDRESS': 'unix:path=/run/user/1000/bus', 'COLORTERM': 'truecolor', 'TERMINATOR_DBUS_NAME': 'net.tenshu.Terminator25ef4b219e3b005583550f2b0f9f990c3', 'GIO_LAUNCHED_DESKTOP_FILE_PID': '5942', 'DEBUGINFOD_URLS': 'https://debuginfod.ubuntu.com', 'IM_CONFIG_PHASE': '1', 'WAYLAND_DISPLAY': 'wayland-0', 'ROS_DISTRO': 'jazzy', 'LOGNAME': 'vboxuser', 'JOURNAL_STREAM': '9:15131', '_': '/usr/bin/colcon', 'ROS_VERSION': '2', 'MEMORY_PRESSURE_WATCH': '/sys/fs/cgroup/user.slice/user-1000.slice/user@1000.service/session.slice/org.gnome.Shell@wayland.service/memory.pressure', 'XDG_SESSION_CLASS': 'user', 'USERNAME': 'vboxuser', 'TERM': 'xterm-256color', 'GNOME_DESKTOP_SESSION_ID': 'this-is-deprecated', 'PATH': '/opt/ros/jazzy/opt/gz_msgs_vendor/bin:/opt/ros/jazzy/opt/gz_tools_vendor/bin:/opt/ros/jazzy/opt/gz_ogre_next_vendor/bin:/opt/ros/jazzy/bin:/home/vboxuser/.local/bin:/usr/local/sbin:/usr/local/bin:/usr/sbin:/usr/bin:/sbin:/bin:/usr/games:/usr/local/games:/snap/bin:/snap/bin', 'SESSION_MANAGER': 'local/Robotproj:@/tmp/.ICE-unix/2021,unix/Robotproj:/tmp/.ICE-unix/2021', 'INVOCATION_ID': '0a4448d9e3fa415eb657cec0bbe459f4', 'XDG_MENU_PREFIX': 'gnome-', 'GNOME_SETUP_DISPLAY': ':1', 'XDG_RUNTIME_DIR': '/run/user/1000', 'DISPLAY': ':0', 'TERMINATOR_DBUS_PATH': '/net/tenshu/Terminator2', 'LANG': 'en_US.UTF-8', 'XDG_CURRENT_DESKTOP': 'ubuntu:GNOME', 'XMODIFIERS': '@im=ibus', 'XDG_SESSION_DESKTOP': 'ubuntu', 'XAUTHORITY': '/run/user/1000/.mutter-Xwaylandauth.N2SBM3', 'LS_COLORS': 'rs=0:di=01;34:ln=01;36:mh=00:pi=40;33:so=01;35:do=01;35:bd=40;33;01:cd=40;33;01:or=40;31;01:mi=00:su=37;41:sg=30;43:ca=00:tw=30;42:ow=34;42:st=37;44:ex=01;32:*.tar=01;31:*.tgz=01;31:*.arc=01;31:*.arj=01;31:*.taz=01;31:*.lha=01;31:*.lz4=01;31:*.lzh=01;31:*.lzma=01;31:*.tlz=01;31:*.txz=01;31:*.tzo=01;31:*.t7z=01;31:*.zip=01;31:*.z=01;31:*.dz=01;31:*.gz=01;31:*.lrz=01;31:*.lz=01;31:*.lzo=01;31:*.xz=01;31:*.zst=01;31:*.tzst=01;31:*.bz2=01;31:*.bz=01;31:*.tbz=01;31:*.tbz2=01;31:*.tz=01;31:*.deb=01;31:*.rpm=01;31:*.jar=01;31:*.war=01;31:*.ear=01;31:*.sar=01;31:*.rar=01;31:*.alz=01;31:*.ace=01;31:*.zoo=01;31:*.cpio=01;31:*.7z=01;31:*.rz=01;31:*.cab=01;31:*.wim=01;31:*.swm=01;31:*.dwm=01;31:*.esd=01;31:*.avif=01;35:*.jpg=01;35:*.jpeg=01;35:*.mjpg=01;35:*.mjpeg=01;35:*.gif=01;35:*.bmp=01;35:*.pbm=01;35:*.pgm=01;35:*.ppm=01;35:*.tga=01;35:*.xbm=01;35:*.xpm=01;35:*.tif=01;35:*.tiff=01;35:*.png=01;35:*.svg=01;35:*.svgz=01;35:*.mng=01;35:*.pcx=01;35:*.mov=01;35:*.mpg=01;35:*.mpeg=01;35:*.m2v=01;35:*.mkv=01;35:*.webm=01;35:*.webp=01;35:*.ogm=01;35:*.mp4=01;35:*.m4v=01;35:*.mp4v=01;35:*.vob=01;35:*.qt=01;35:*.nuv=01;35:*.wmv=01;35:*.asf=01;35:*.rm=01;35:*.rmvb=01;35:*.flc=01;35:*.avi=01;35:*.fli=01;35:*.flv=01;35:*.gl=01;35:*.dl=01;35:*.xcf=01;35:*.xwd=01;35:*.yuv=01;35:*.cgm=01;35:*.emf=01;35:*.ogv=01;35:*.ogx=01;35:*.aac=00;36:*.au=00;36:*.flac=00;36:*.m4a=00;36:*.mid=00;36:*.midi=00;36:*.mka=00;36:*.mp3=00;36:*.mpc=00;36:*.ogg=00;36:*.ra=00;36:*.wav=00;36:*.oga=00;36:*.opus=00;36:*.spx=00;36:*.xspf=00;36:*~=00;90:*#=00;90:*.bak=00;90:*.crdownload=00;90:*.dpkg-dist=00;90:*.dpkg-new=00;90:*.dpkg-old=00;90:*.dpkg-tmp=00;90:*.old=00;90:*.orig=00;90:*.part=00;90:*.rej=00;90:*.rpmnew=00;90:*.rpmorig=00;90:*.rpmsave=00;90:*.swp=00;90:*.tmp=00;90:*.ucf-dist=00;90:*.ucf-new=00;90:*.ucf-old=00;90:', 'SSH_AUTH_SOCK': '/run/user/1000/keyring/ssh', 'AMENT_PREFIX_PATH': '/opt/ros/jazzy', 'SHELL': '/bin/bash', 'TERMINATOR_UUID': 'urn:uuid:275a140c-1165-495c-b537-22585f08cb7b', 'QT_ACCESSIBILITY': '1', 'GDMSESSION': 'ubuntu', 'LESSCLOSE': '/usr/bin/lesspipe %s %s', 'GJS_DEBUG_OUTPUT': 'stderr', 'ROS_AUTOMATIC_DISCOVERY_RANGE': 'SUBNET', 'QT_IM_MODULE': 'ibus', 'PWD': '/home/vboxuser/bumperbot_ws/build/bumperbot_firmware', 'LC_ALL': 'en_US.UTF-8', 'XDG_CONFIG_DIRS': '/etc/xdg/xdg-ubuntu:/etc/xdg', 'XDG_DATA_DIRS': '/usr/share/ubuntu:/usr/share/gnome:/usr/local/share/:/usr/share/:/var/lib/snapd/desktop', 'PYTHONPATH': '/opt/ros/jazzy/lib/python3.12/site-packages', 'COLCON': '1', 'MEMORY_PRESSURE_WRITE': 'c29tZSAyMDAwMDAgMjAwMDAwMAA=', 'VTE_VERSION': '7600', 'CMAKE_PREFIX_PATH': '/opt/ros/jazzy/opt/gz_sim_vendor:/opt/ros/jazzy/opt/gz_sensors_vendor:/opt/ros/jazzy/opt/gz_physics_vendor:/opt/ros/jazzy/opt/sdformat_vendor:/opt/ros/jazzy/opt/gz_gui_vendor:/opt/ros/jazzy/opt/gz_transport_vendor:/opt/ros/jazzy/opt/gz_rendering_vendor:/opt/ros/jazzy/opt/gz_plugin_vendor:/opt/ros/jazzy/opt/gz_fuel_tools_vendor:/opt/ros/jazzy/opt/gz_msgs_vendor:/opt/ros/jazzy/opt/gz_common_vendor:/opt/ros/jazzy/opt/gz_math_vendor:/opt/ros/jazzy/opt/gz_utils_vendor:/opt/ros/jazzy/opt/gz_tools_vendor:/opt/ros/jazzy/opt/gz_ogre_next_vendor:/opt/ros/jazzy/opt/gz_dartsim_vendor:/opt/ros/jazzy/opt/gz_cmake_vendor:/opt/ros/jazzy'}), 'shell': False}
[2.797891] (bumperbot_firmware) StdoutLine: {'line': b'-- Install configuration: ""\n'}
[2.799156] (bumperbot_firmware) StdoutLine: {'line': b'-- Up-to-date: /home/vboxuser/bumperbot_ws/install/bumperbot_firmware/share/bumperbot_firmware/environment/pythonpath.sh\n'}
[2.799310] (bumperbot_firmware) StdoutLine: {'line': b'-- Up-to-date: /home/vboxuser/bumperbot_ws/install/bumperbot_firmware/share/bumperbot_firmware/environment/pythonpath.dsv\n'}
[2.799846] (bumperbot_firmware) StdoutLine: {'line': b'-- Up-to-date: /home/vboxuser/bumperbot_ws/install/bumperbot_firmware/lib/python3.12/site-packages/bumperbot_firmware-0.0.0-py3.12.egg-info\n'}
[2.800445] (bumperbot_firmware) StdoutLine: {'line': b'-- Installing: /home/vboxuser/bumperbot_ws/install/bumperbot_firmware/lib/python3.12/site-packages/bumperbot_firmware-0.0.0-py3.12.egg-info/dependency_links.txt\n'}
[2.800700] (bumperbot_firmware) StdoutLine: {'line': b'-- Installing: /home/vboxuser/bumperbot_ws/install/bumperbot_firmware/lib/python3.12/site-packages/bumperbot_firmware-0.0.0-py3.12.egg-info/PKG-INFO\n'}
[2.800829] (bumperbot_firmware) StdoutLine: {'line': b'-- Installing: /home/vboxuser/bumperbot_ws/install/bumperbot_firmware/lib/python3.12/site-packages/bumperbot_firmware-0.0.0-py3.12.egg-info/SOURCES.txt\n'}
[2.800983] (bumperbot_firmware) StdoutLine: {'line': b'-- Installing: /home/vboxuser/bumperbot_ws/install/bumperbot_firmware/lib/python3.12/site-packages/bumperbot_firmware-0.0.0-py3.12.egg-info/top_level.txt\n'}
[2.801056] (bumperbot_firmware) StdoutLine: {'line': b'-- Up-to-date: /home/vboxuser/bumperbot_ws/install/bumperbot_firmware/lib/python3.12/site-packages/bumperbot_firmware\n'}
[2.801576] (bumperbot_firmware) StdoutLine: {'line': b'-- Up-to-date: /home/vboxuser/bumperbot_ws/install/bumperbot_firmware/lib/python3.12/site-packages/bumperbot_firmware/__init__.py\n'}
[2.802379] (bumperbot_firmware) StdoutLine: {'line': b'-- Up-to-date: /home/vboxuser/bumperbot_ws/install/bumperbot_firmware/lib/python3.12/site-packages/bumperbot_firmware/simple_serial_transmitter.py\n'}
[2.802453] (bumperbot_firmware) StdoutLine: {'line': b'-- Up-to-date: /home/vboxuser/bumperbot_ws/install/bumperbot_firmware/lib/python3.12/site-packages/bumperbot_firmware/simple_serial_receiver.py\n'}
[2.802488] (bumperbot_firmware) StdoutLine: {'line': b'-- Up-to-date: /home/vboxuser/bumperbot_ws/install/bumperbot_firmware/lib/python3.12/site-packages/bumperbot_firmware/mpu6050_driver.py\n'}
[2.834012] (bumperbot_firmware) StdoutLine: {'line': b"Listing '/home/vboxuser/bumperbot_ws/install/bumperbot_firmware/lib/python3.12/site-packages/bumperbot_firmware'...\n"}
[2.834384] (bumperbot_firmware) StdoutLine: {'line': b'-- Up-to-date: /home/vboxuser/bumperbot_ws/install/bumperbot_firmware/share/bumperbot_firmware/bumperbot_interface.xml\n'}
[2.836141] (bumperbot_firmware) StdoutLine: {'line': b'-- Up-to-date: /home/vboxuser/bumperbot_ws/install/bumperbot_firmware/lib/libbumperbot_firmware.so\n'}
[2.836769] (bumperbot_firmware) StdoutLine: {'line': b'-- Up-to-date: /home/vboxuser/bumperbot_ws/install/bumperbot_firmware/include/include\n'}
[2.837409] (bumperbot_firmware) StdoutLine: {'line': b'-- Up-to-date: /home/vboxuser/bumperbot_ws/install/bumperbot_firmware/include/include/bumperbot_firmware\n'}
[2.837889] (bumperbot_firmware) StdoutLine: {'line': b'-- Up-to-date: /home/vboxuser/bumperbot_ws/install/bumperbot_firmware/include/include/bumperbot_firmware/bumperbot_interface.hpp\n'}
[2.838052] (bumperbot_firmware) StdoutLine: {'line': b'-- Up-to-date: /home/vboxuser/bumperbot_ws/install/bumperbot_firmware/share/bumperbot_firmware/launch\n'}
[2.838828] (bumperbot_firmware) StdoutLine: {'line': b'-- Up-to-date: /home/vboxuser/bumperbot_ws/install/bumperbot_firmware/share/bumperbot_firmware/launch/hardware_interface.launch.py\n'}
[2.839291] (bumperbot_firmware) StdoutLine: {'line': b'-- Up-to-date: /home/vboxuser/bumperbot_ws/install/bumperbot_firmware/lib/bumperbot_firmware/simple_serial_transmitter.py\n'}
[2.839391] (bumperbot_firmware) StdoutLine: {'line': b'-- Up-to-date: /home/vboxuser/bumperbot_ws/install/bumperbot_firmware/lib/bumperbot_firmware/simple_serial_receiver.py\n'}
[2.839581] (bumperbot_firmware) StdoutLine: {'line': b'-- Up-to-date: /home/vboxuser/bumperbot_ws/install/bumperbot_firmware/lib/bumperbot_firmware/mpu6050_driver.py\n'}
[2.840917] (bumperbot_firmware) StdoutLine: {'line': b'-- Up-to-date: /home/vboxuser/bumperbot_ws/install/bumperbot_firmware/lib/bumperbot_firmware/simple_serial_receiver\n'}
[2.842115] (bumperbot_firmware) StdoutLine: {'line': b'-- Up-to-date: /home/vboxuser/bumperbot_ws/install/bumperbot_firmware/lib/bumperbot_firmware/simple_serial_transmitter\n'}
[2.842321] (bumperbot_firmware) StdoutLine: {'line': b'-- Up-to-date: /home/vboxuser/bumperbot_ws/install/bumperbot_firmware/share/bumperbot_firmware/environment/library_path.sh\n'}
[2.842372] (-) TimerEvent: {}
[2.852544] (bumperbot_firmware) StdoutLine: {'line': b'-- Up-to-date: /home/vboxuser/bumperbot_ws/install/bumperbot_firmware/share/bumperbot_firmware/environment/library_path.dsv\n'}
[2.854186] (bumperbot_firmware) StdoutLine: {'line': b'-- Up-to-date: /home/vboxuser/bumperbot_ws/install/bumperbot_firmware/share/ament_index/resource_index/package_run_dependencies/bumperbot_firmware\n'}
[2.855035] (bumperbot_firmware) StdoutLine: {'line': b'-- Up-to-date: /home/vboxuser/bumperbot_ws/install/bumperbot_firmware/share/ament_index/resource_index/parent_prefix_path/bumperbot_firmware\n'}
[2.855188] (bumperbot_firmware) StdoutLine: {'line': b'-- Up-to-date: /home/vboxuser/bumperbot_ws/install/bumperbot_firmware/share/bumperbot_firmware/environment/ament_prefix_path.sh\n'}
[2.855287] (bumperbot_firmware) StdoutLine: {'line': b'-- Up-to-date: /home/vboxuser/bumperbot_ws/install/bumperbot_firmware/share/bumperbot_firmware/environment/ament_prefix_path.dsv\n'}
[2.855374] (bumperbot_firmware) StdoutLine: {'line': b'-- Up-to-date: /home/vboxuser/bumperbot_ws/install/bumperbot_firmware/share/bumperbot_firmware/environment/path.sh\n'}
[2.856071] (bumperbot_firmware) StdoutLine: {'line': b'-- Up-to-date: /home/vboxuser/bumperbot_ws/install/bumperbot_firmware/share/bumperbot_firmware/environment/path.dsv\n'}
[2.856674] (bumperbot_firmware) StdoutLine: {'line': b'-- Up-to-date: /home/vboxuser/bumperbot_ws/install/bumperbot_firmware/share/bumperbot_firmware/local_setup.bash\n'}
[2.857034] (bumperbot_firmware) StdoutLine: {'line': b'-- Up-to-date: /home/vboxuser/bumperbot_ws/install/bumperbot_firmware/share/bumperbot_firmware/local_setup.sh\n'}
[2.857079] (bumperbot_firmware) StdoutLine: {'line': b'-- Up-to-date: /home/vboxuser/bumperbot_ws/install/bumperbot_firmware/share/bumperbot_firmware/local_setup.zsh\n'}
[2.858329] (bumperbot_firmware) StdoutLine: {'line': b'-- Up-to-date: /home/vboxuser/bumperbot_ws/install/bumperbot_firmware/share/bumperbot_firmware/local_setup.dsv\n'}
[2.858375] (bumperbot_firmware) StdoutLine: {'line': b'-- Installing: /home/vboxuser/bumperbot_ws/install/bumperbot_firmware/share/bumperbot_firmware/package.dsv\n'}
[2.858406] (bumperbot_firmware) StdoutLine: {'line': b'-- Up-to-date: /home/vboxuser/bumperbot_ws/install/bumperbot_firmware/share/ament_index/resource_index/packages/bumperbot_firmware\n'}
[2.858445] (bumperbot_firmware) StdoutLine: {'line': b'-- Up-to-date: /home/vboxuser/bumperbot_ws/install/bumperbot_firmware/share/ament_index/resource_index/hardware_interface__pluginlib__plugin/bumperbot_firmware\n'}
[2.858485] (bumperbot_firmware) StdoutLine: {'line': b'-- Up-to-date: /home/vboxuser/bumperbot_ws/install/bumperbot_firmware/share/bumperbot_firmware/cmake/ament_cmake_export_include_directories-extras.cmake\n'}
[2.858515] (bumperbot_firmware) StdoutLine: {'line': b'-- Up-to-date: /home/vboxuser/bumperbot_ws/install/bumperbot_firmware/share/bumperbot_firmware/cmake/ament_cmake_export_libraries-extras.cmake\n'}
[2.858545] (bumperbot_firmware) StdoutLine: {'line': b'-- Up-to-date: /home/vboxuser/bumperbot_ws/install/bumperbot_firmware/share/bumperbot_firmware/cmake/ament_cmake_export_dependencies-extras.cmake\n'}
[2.858574] (bumperbot_firmware) StdoutLine: {'line': b'-- Up-to-date: /home/vboxuser/bumperbot_ws/install/bumperbot_firmware/share/bumperbot_firmware/cmake/bumperbot_firmwareConfig.cmake\n'}
[2.858602] (bumperbot_firmware) StdoutLine: {'line': b'-- Up-to-date: /home/vboxuser/bumperbot_ws/install/bumperbot_firmware/share/bumperbot_firmware/cmake/bumperbot_firmwareConfig-version.cmake\n'}
[2.858634] (bumperbot_firmware) StdoutLine: {'line': b'-- Up-to-date: /home/vboxuser/bumperbot_ws/install/bumperbot_firmware/share/bumperbot_firmware/package.xml\n'}
[2.860415] (bumperbot_firmware) CommandEnded: {'returncode': 0}
[2.880140] (bumperbot_firmware) JobEnded: {'identifier': 'bumperbot_firmware', 'rc': 0}
[2.882396] (bumperbot_localization) JobStarted: {'identifier': 'bumperbot_localization'}
[2.896252] (bumperbot_localization) JobProgress: {'identifier': 'bumperbot_localization', 'progress': 'cmake'}
[2.897816] (bumperbot_localization) JobProgress: {'identifier': 'bumperbot_localization', 'progress': 'build'}
[2.897955] (bumperbot_localization) Command: {'cmd': ['/usr/bin/cmake', '--build', '/home/vboxuser/bumperbot_ws/build/bumperbot_localization', '--', '-j1', '-l1'], 'cwd': '/home/vboxuser/bumperbot_ws/build/bumperbot_localization', 'env': OrderedDict({'GJS_DEBUG_TOPICS': 'JS ERROR;JS LOG', 'XDG_ACTIVATION_TOKEN': 'gnome-shell/Terminator/2065-4-Robotproj_TIME1107825', 'LESSOPEN': '| /usr/bin/lesspipe %s', 'USER': 'vboxuser', 'GZ_CONFIG_PATH': '/opt/ros/jazzy/opt/gz_sim_vendor/share/gz:/opt/ros/jazzy/opt/sdformat_vendor/share/gz:/opt/ros/jazzy/opt/gz_gui_vendor/share/gz:/opt/ros/jazzy/opt/gz_transport_vendor/share/gz:/opt/ros/jazzy/opt/gz_rendering_vendor/share/gz:/opt/ros/jazzy/opt/gz_plugin_vendor/share/gz:/opt/ros/jazzy/opt/gz_fuel_tools_vendor/share/gz:/opt/ros/jazzy/opt/gz_msgs_vendor/share/gz:/opt/ros/jazzy/opt/gz_common_vendor/share/gz', 'XDG_SESSION_TYPE': 'wayland', 'CLUTTER_DISABLE_MIPMAPPED_TEXT': '1', 'SHLVL': '1', 'LD_LIBRARY_PATH': '/opt/ros/jazzy/opt/gz_sim_vendor/lib:/opt/ros/jazzy/opt/gz_sensors_vendor/lib:/opt/ros/jazzy/opt/gz_physics_vendor/lib:/opt/ros/jazzy/opt/sdformat_vendor/lib:/opt/ros/jazzy/opt/rviz_ogre_vendor/lib:/opt/ros/jazzy/lib/x86_64-linux-gnu:/opt/ros/jazzy/opt/gz_gui_vendor/lib:/opt/ros/jazzy/opt/gz_transport_vendor/lib:/opt/ros/jazzy/opt/gz_rendering_vendor/lib:/opt/ros/jazzy/opt/gz_plugin_vendor/lib:/opt/ros/jazzy/opt/gz_fuel_tools_vendor/lib:/opt/ros/jazzy/opt/gz_msgs_vendor/lib:/opt/ros/jazzy/opt/gz_common_vendor/lib:/opt/ros/jazzy/opt/gz_math_vendor/lib:/opt/ros/jazzy/opt/gz_utils_vendor/lib:/opt/ros/jazzy/opt/gz_tools_vendor/lib:/opt/ros/jazzy/opt/gz_ogre_next_vendor/lib:/opt/ros/jazzy/opt/gz_dartsim_vendor/lib:/opt/ros/jazzy/opt/gz_cmake_vendor/lib:/opt/ros/jazzy/lib', 'HOME': '/home/vboxuser', 'OLDPWD': '/home/vboxuser/bumperbot_ws', 'DESKTOP_SESSION': 'ubuntu', 'GIO_LAUNCHED_DESKTOP_FILE': '/usr/share/applications/terminator.desktop', 'ROS_PYTHON_VERSION': '3', 'GNOME_SHELL_SESSION_MODE': 'ubuntu', 'GTK_MODULES': 'gail:atk-bridge', 'MANAGERPID': '1821', 'SYSTEMD_EXEC_PID': '2065', 'GSM_SKIP_SSH_AGENT_WORKAROUND': 'true', 'DBUS_SESSION_BUS_ADDRESS': 'unix:path=/run/user/1000/bus', 'COLORTERM': 'truecolor', 'TERMINATOR_DBUS_NAME': 'net.tenshu.Terminator25ef4b219e3b005583550f2b0f9f990c3', 'GIO_LAUNCHED_DESKTOP_FILE_PID': '5942', 'DEBUGINFOD_URLS': 'https://debuginfod.ubuntu.com', 'IM_CONFIG_PHASE': '1', 'WAYLAND_DISPLAY': 'wayland-0', 'ROS_DISTRO': 'jazzy', 'LOGNAME': 'vboxuser', 'JOURNAL_STREAM': '9:15131', '_': '/usr/bin/colcon', 'ROS_VERSION': '2', 'MEMORY_PRESSURE_WATCH': '/sys/fs/cgroup/user.slice/user-1000.slice/user@1000.service/session.slice/org.gnome.Shell@wayland.service/memory.pressure', 'XDG_SESSION_CLASS': 'user', 'USERNAME': 'vboxuser', 'TERM': 'xterm-256color', 'GNOME_DESKTOP_SESSION_ID': 'this-is-deprecated', 'PATH': '/opt/ros/jazzy/opt/gz_msgs_vendor/bin:/opt/ros/jazzy/opt/gz_tools_vendor/bin:/opt/ros/jazzy/opt/gz_ogre_next_vendor/bin:/opt/ros/jazzy/bin:/home/vboxuser/.local/bin:/usr/local/sbin:/usr/local/bin:/usr/sbin:/usr/bin:/sbin:/bin:/usr/games:/usr/local/games:/snap/bin:/snap/bin', 'SESSION_MANAGER': 'local/Robotproj:@/tmp/.ICE-unix/2021,unix/Robotproj:/tmp/.ICE-unix/2021', 'INVOCATION_ID': '0a4448d9e3fa415eb657cec0bbe459f4', 'XDG_MENU_PREFIX': 'gnome-', 'GNOME_SETUP_DISPLAY': ':1', 'XDG_RUNTIME_DIR': '/run/user/1000', 'DISPLAY': ':0', 'TERMINATOR_DBUS_PATH': '/net/tenshu/Terminator2', 'LANG': 'en_US.UTF-8', 'XDG_CURRENT_DESKTOP': 'ubuntu:GNOME', 'XMODIFIERS': '@im=ibus', 'XDG_SESSION_DESKTOP': 'ubuntu', 'XAUTHORITY': '/run/user/1000/.mutter-Xwaylandauth.N2SBM3', 'LS_COLORS': 'rs=0:di=01;34:ln=01;36:mh=00:pi=40;33:so=01;35:do=01;35:bd=40;33;01:cd=40;33;01:or=40;31;01:mi=00:su=37;41:sg=30;43:ca=00:tw=30;42:ow=34;42:st=37;44:ex=01;32:*.tar=01;31:*.tgz=01;31:*.arc=01;31:*.arj=01;31:*.taz=01;31:*.lha=01;31:*.lz4=01;31:*.lzh=01;31:*.lzma=01;31:*.tlz=01;31:*.txz=01;31:*.tzo=01;31:*.t7z=01;31:*.zip=01;31:*.z=01;31:*.dz=01;31:*.gz=01;31:*.lrz=01;31:*.lz=01;31:*.lzo=01;31:*.xz=01;31:*.zst=01;31:*.tzst=01;31:*.bz2=01;31:*.bz=01;31:*.tbz=01;31:*.tbz2=01;31:*.tz=01;31:*.deb=01;31:*.rpm=01;31:*.jar=01;31:*.war=01;31:*.ear=01;31:*.sar=01;31:*.rar=01;31:*.alz=01;31:*.ace=01;31:*.zoo=01;31:*.cpio=01;31:*.7z=01;31:*.rz=01;31:*.cab=01;31:*.wim=01;31:*.swm=01;31:*.dwm=01;31:*.esd=01;31:*.avif=01;35:*.jpg=01;35:*.jpeg=01;35:*.mjpg=01;35:*.mjpeg=01;35:*.gif=01;35:*.bmp=01;35:*.pbm=01;35:*.pgm=01;35:*.ppm=01;35:*.tga=01;35:*.xbm=01;35:*.xpm=01;35:*.tif=01;35:*.tiff=01;35:*.png=01;35:*.svg=01;35:*.svgz=01;35:*.mng=01;35:*.pcx=01;35:*.mov=01;35:*.mpg=01;35:*.mpeg=01;35:*.m2v=01;35:*.mkv=01;35:*.webm=01;35:*.webp=01;35:*.ogm=01;35:*.mp4=01;35:*.m4v=01;35:*.mp4v=01;35:*.vob=01;35:*.qt=01;35:*.nuv=01;35:*.wmv=01;35:*.asf=01;35:*.rm=01;35:*.rmvb=01;35:*.flc=01;35:*.avi=01;35:*.fli=01;35:*.flv=01;35:*.gl=01;35:*.dl=01;35:*.xcf=01;35:*.xwd=01;35:*.yuv=01;35:*.cgm=01;35:*.emf=01;35:*.ogv=01;35:*.ogx=01;35:*.aac=00;36:*.au=00;36:*.flac=00;36:*.m4a=00;36:*.mid=00;36:*.midi=00;36:*.mka=00;36:*.mp3=00;36:*.mpc=00;36:*.ogg=00;36:*.ra=00;36:*.wav=00;36:*.oga=00;36:*.opus=00;36:*.spx=00;36:*.xspf=00;36:*~=00;90:*#=00;90:*.bak=00;90:*.crdownload=00;90:*.dpkg-dist=00;90:*.dpkg-new=00;90:*.dpkg-old=00;90:*.dpkg-tmp=00;90:*.old=00;90:*.orig=00;90:*.part=00;90:*.rej=00;90:*.rpmnew=00;90:*.rpmorig=00;90:*.rpmsave=00;90:*.swp=00;90:*.tmp=00;90:*.ucf-dist=00;90:*.ucf-new=00;90:*.ucf-old=00;90:', 'SSH_AUTH_SOCK': '/run/user/1000/keyring/ssh', 'AMENT_PREFIX_PATH': '/opt/ros/jazzy', 'SHELL': '/bin/bash', 'TERMINATOR_UUID': 'urn:uuid:275a140c-1165-495c-b537-22585f08cb7b', 'QT_ACCESSIBILITY': '1', 'GDMSESSION': 'ubuntu', 'LESSCLOSE': '/usr/bin/lesspipe %s %s', 'GJS_DEBUG_OUTPUT': 'stderr', 'ROS_AUTOMATIC_DISCOVERY_RANGE': 'SUBNET', 'QT_IM_MODULE': 'ibus', 'PWD': '/home/vboxuser/bumperbot_ws/build/bumperbot_localization', 'LC_ALL': 'en_US.UTF-8', 'XDG_CONFIG_DIRS': '/etc/xdg/xdg-ubuntu:/etc/xdg', 'XDG_DATA_DIRS': '/usr/share/ubuntu:/usr/share/gnome:/usr/local/share/:/usr/share/:/var/lib/snapd/desktop', 'PYTHONPATH': '/opt/ros/jazzy/lib/python3.12/site-packages', 'COLCON': '1', 'MEMORY_PRESSURE_WRITE': 'c29tZSAyMDAwMDAgMjAwMDAwMAA=', 'VTE_VERSION': '7600', 'CMAKE_PREFIX_PATH': '/opt/ros/jazzy/opt/gz_sim_vendor:/opt/ros/jazzy/opt/gz_sensors_vendor:/opt/ros/jazzy/opt/gz_physics_vendor:/opt/ros/jazzy/opt/sdformat_vendor:/opt/ros/jazzy/opt/gz_gui_vendor:/opt/ros/jazzy/opt/gz_transport_vendor:/opt/ros/jazzy/opt/gz_rendering_vendor:/opt/ros/jazzy/opt/gz_plugin_vendor:/opt/ros/jazzy/opt/gz_fuel_tools_vendor:/opt/ros/jazzy/opt/gz_msgs_vendor:/opt/ros/jazzy/opt/gz_common_vendor:/opt/ros/jazzy/opt/gz_math_vendor:/opt/ros/jazzy/opt/gz_utils_vendor:/opt/ros/jazzy/opt/gz_tools_vendor:/opt/ros/jazzy/opt/gz_ogre_next_vendor:/opt/ros/jazzy/opt/gz_dartsim_vendor:/opt/ros/jazzy/opt/gz_cmake_vendor:/opt/ros/jazzy'}), 'shell': False}
[2.942455] (-) TimerEvent: {}
[2.995959] (bumperbot_localization) StdoutLine: {'line': b'[ 33%] Built target kalman_filter\n'}
[3.024974] (bumperbot_localization) StdoutLine: {'line': b'[ 66%] Built target imu_republisher\n'}
[3.042965] (-) TimerEvent: {}
[3.079712] (bumperbot_localization) StdoutLine: {'line': b'[100%] Built target odometry_motion_model\n'}
[3.111871] (bumperbot_localization) StdoutLine: {'line': b'[100%] Built target ament_cmake_python_copy_bumperbot_localization\n'}
[3.147370] (-) TimerEvent: {}
[3.254400] (-) TimerEvent: {}
[3.295010] (bumperbot_localization) StdoutLine: {'line': b'running egg_info\n'}
[3.313293] (bumperbot_localization) StdoutLine: {'line': b'writing bumperbot_localization.egg-info/PKG-INFO\n'}
[3.314730] (bumperbot_localization) StdoutLine: {'line': b'writing dependency_links to bumperbot_localization.egg-info/dependency_links.txt\n'}
[3.316276] (bumperbot_localization) StdoutLine: {'line': b'writing top-level names to bumperbot_localization.egg-info/top_level.txt\n'}
[3.349885] (bumperbot_localization) StdoutLine: {'line': b"reading manifest file 'bumperbot_localization.egg-info/SOURCES.txt'\n"}
[3.351310] (bumperbot_localization) StdoutLine: {'line': b"writing manifest file 'bumperbot_localization.egg-info/SOURCES.txt'\n"}
[3.357388] (-) TimerEvent: {}
[3.386042] (bumperbot_localization) StdoutLine: {'line': b'[100%] Built target ament_cmake_python_build_bumperbot_localization_egg\n'}
[3.405988] (bumperbot_localization) CommandEnded: {'returncode': 0}
[3.410038] (bumperbot_localization) JobProgress: {'identifier': 'bumperbot_localization', 'progress': 'install'}
[3.410179] (bumperbot_localization) Command: {'cmd': ['/usr/bin/cmake', '--install', '/home/vboxuser/bumperbot_ws/build/bumperbot_localization'], 'cwd': '/home/vboxuser/bumperbot_ws/build/bumperbot_localization', 'env': OrderedDict({'GJS_DEBUG_TOPICS': 'JS ERROR;JS LOG', 'XDG_ACTIVATION_TOKEN': 'gnome-shell/Terminator/2065-4-Robotproj_TIME1107825', 'LESSOPEN': '| /usr/bin/lesspipe %s', 'USER': 'vboxuser', 'GZ_CONFIG_PATH': '/opt/ros/jazzy/opt/gz_sim_vendor/share/gz:/opt/ros/jazzy/opt/sdformat_vendor/share/gz:/opt/ros/jazzy/opt/gz_gui_vendor/share/gz:/opt/ros/jazzy/opt/gz_transport_vendor/share/gz:/opt/ros/jazzy/opt/gz_rendering_vendor/share/gz:/opt/ros/jazzy/opt/gz_plugin_vendor/share/gz:/opt/ros/jazzy/opt/gz_fuel_tools_vendor/share/gz:/opt/ros/jazzy/opt/gz_msgs_vendor/share/gz:/opt/ros/jazzy/opt/gz_common_vendor/share/gz', 'XDG_SESSION_TYPE': 'wayland', 'CLUTTER_DISABLE_MIPMAPPED_TEXT': '1', 'SHLVL': '1', 'LD_LIBRARY_PATH': '/opt/ros/jazzy/opt/gz_sim_vendor/lib:/opt/ros/jazzy/opt/gz_sensors_vendor/lib:/opt/ros/jazzy/opt/gz_physics_vendor/lib:/opt/ros/jazzy/opt/sdformat_vendor/lib:/opt/ros/jazzy/opt/rviz_ogre_vendor/lib:/opt/ros/jazzy/lib/x86_64-linux-gnu:/opt/ros/jazzy/opt/gz_gui_vendor/lib:/opt/ros/jazzy/opt/gz_transport_vendor/lib:/opt/ros/jazzy/opt/gz_rendering_vendor/lib:/opt/ros/jazzy/opt/gz_plugin_vendor/lib:/opt/ros/jazzy/opt/gz_fuel_tools_vendor/lib:/opt/ros/jazzy/opt/gz_msgs_vendor/lib:/opt/ros/jazzy/opt/gz_common_vendor/lib:/opt/ros/jazzy/opt/gz_math_vendor/lib:/opt/ros/jazzy/opt/gz_utils_vendor/lib:/opt/ros/jazzy/opt/gz_tools_vendor/lib:/opt/ros/jazzy/opt/gz_ogre_next_vendor/lib:/opt/ros/jazzy/opt/gz_dartsim_vendor/lib:/opt/ros/jazzy/opt/gz_cmake_vendor/lib:/opt/ros/jazzy/lib', 'HOME': '/home/vboxuser', 'OLDPWD': '/home/vboxuser/bumperbot_ws', 'DESKTOP_SESSION': 'ubuntu', 'GIO_LAUNCHED_DESKTOP_FILE': '/usr/share/applications/terminator.desktop', 'ROS_PYTHON_VERSION': '3', 'GNOME_SHELL_SESSION_MODE': 'ubuntu', 'GTK_MODULES': 'gail:atk-bridge', 'MANAGERPID': '1821', 'SYSTEMD_EXEC_PID': '2065', 'GSM_SKIP_SSH_AGENT_WORKAROUND': 'true', 'DBUS_SESSION_BUS_ADDRESS': 'unix:path=/run/user/1000/bus', 'COLORTERM': 'truecolor', 'TERMINATOR_DBUS_NAME': 'net.tenshu.Terminator25ef4b219e3b005583550f2b0f9f990c3', 'GIO_LAUNCHED_DESKTOP_FILE_PID': '5942', 'DEBUGINFOD_URLS': 'https://debuginfod.ubuntu.com', 'IM_CONFIG_PHASE': '1', 'WAYLAND_DISPLAY': 'wayland-0', 'ROS_DISTRO': 'jazzy', 'LOGNAME': 'vboxuser', 'JOURNAL_STREAM': '9:15131', '_': '/usr/bin/colcon', 'ROS_VERSION': '2', 'MEMORY_PRESSURE_WATCH': '/sys/fs/cgroup/user.slice/user-1000.slice/user@1000.service/session.slice/org.gnome.Shell@wayland.service/memory.pressure', 'XDG_SESSION_CLASS': 'user', 'USERNAME': 'vboxuser', 'TERM': 'xterm-256color', 'GNOME_DESKTOP_SESSION_ID': 'this-is-deprecated', 'PATH': '/opt/ros/jazzy/opt/gz_msgs_vendor/bin:/opt/ros/jazzy/opt/gz_tools_vendor/bin:/opt/ros/jazzy/opt/gz_ogre_next_vendor/bin:/opt/ros/jazzy/bin:/home/vboxuser/.local/bin:/usr/local/sbin:/usr/local/bin:/usr/sbin:/usr/bin:/sbin:/bin:/usr/games:/usr/local/games:/snap/bin:/snap/bin', 'SESSION_MANAGER': 'local/Robotproj:@/tmp/.ICE-unix/2021,unix/Robotproj:/tmp/.ICE-unix/2021', 'INVOCATION_ID': '0a4448d9e3fa415eb657cec0bbe459f4', 'XDG_MENU_PREFIX': 'gnome-', 'GNOME_SETUP_DISPLAY': ':1', 'XDG_RUNTIME_DIR': '/run/user/1000', 'DISPLAY': ':0', 'TERMINATOR_DBUS_PATH': '/net/tenshu/Terminator2', 'LANG': 'en_US.UTF-8', 'XDG_CURRENT_DESKTOP': 'ubuntu:GNOME', 'XMODIFIERS': '@im=ibus', 'XDG_SESSION_DESKTOP': 'ubuntu', 'XAUTHORITY': '/run/user/1000/.mutter-Xwaylandauth.N2SBM3', 'LS_COLORS': 'rs=0:di=01;34:ln=01;36:mh=00:pi=40;33:so=01;35:do=01;35:bd=40;33;01:cd=40;33;01:or=40;31;01:mi=00:su=37;41:sg=30;43:ca=00:tw=30;42:ow=34;42:st=37;44:ex=01;32:*.tar=01;31:*.tgz=01;31:*.arc=01;31:*.arj=01;31:*.taz=01;31:*.lha=01;31:*.lz4=01;31:*.lzh=01;31:*.lzma=01;31:*.tlz=01;31:*.txz=01;31:*.tzo=01;31:*.t7z=01;31:*.zip=01;31:*.z=01;31:*.dz=01;31:*.gz=01;31:*.lrz=01;31:*.lz=01;31:*.lzo=01;31:*.xz=01;31:*.zst=01;31:*.tzst=01;31:*.bz2=01;31:*.bz=01;31:*.tbz=01;31:*.tbz2=01;31:*.tz=01;31:*.deb=01;31:*.rpm=01;31:*.jar=01;31:*.war=01;31:*.ear=01;31:*.sar=01;31:*.rar=01;31:*.alz=01;31:*.ace=01;31:*.zoo=01;31:*.cpio=01;31:*.7z=01;31:*.rz=01;31:*.cab=01;31:*.wim=01;31:*.swm=01;31:*.dwm=01;31:*.esd=01;31:*.avif=01;35:*.jpg=01;35:*.jpeg=01;35:*.mjpg=01;35:*.mjpeg=01;35:*.gif=01;35:*.bmp=01;35:*.pbm=01;35:*.pgm=01;35:*.ppm=01;35:*.tga=01;35:*.xbm=01;35:*.xpm=01;35:*.tif=01;35:*.tiff=01;35:*.png=01;35:*.svg=01;35:*.svgz=01;35:*.mng=01;35:*.pcx=01;35:*.mov=01;35:*.mpg=01;35:*.mpeg=01;35:*.m2v=01;35:*.mkv=01;35:*.webm=01;35:*.webp=01;35:*.ogm=01;35:*.mp4=01;35:*.m4v=01;35:*.mp4v=01;35:*.vob=01;35:*.qt=01;35:*.nuv=01;35:*.wmv=01;35:*.asf=01;35:*.rm=01;35:*.rmvb=01;35:*.flc=01;35:*.avi=01;35:*.fli=01;35:*.flv=01;35:*.gl=01;35:*.dl=01;35:*.xcf=01;35:*.xwd=01;35:*.yuv=01;35:*.cgm=01;35:*.emf=01;35:*.ogv=01;35:*.ogx=01;35:*.aac=00;36:*.au=00;36:*.flac=00;36:*.m4a=00;36:*.mid=00;36:*.midi=00;36:*.mka=00;36:*.mp3=00;36:*.mpc=00;36:*.ogg=00;36:*.ra=00;36:*.wav=00;36:*.oga=00;36:*.opus=00;36:*.spx=00;36:*.xspf=00;36:*~=00;90:*#=00;90:*.bak=00;90:*.crdownload=00;90:*.dpkg-dist=00;90:*.dpkg-new=00;90:*.dpkg-old=00;90:*.dpkg-tmp=00;90:*.old=00;90:*.orig=00;90:*.part=00;90:*.rej=00;90:*.rpmnew=00;90:*.rpmorig=00;90:*.rpmsave=00;90:*.swp=00;90:*.tmp=00;90:*.ucf-dist=00;90:*.ucf-new=00;90:*.ucf-old=00;90:', 'SSH_AUTH_SOCK': '/run/user/1000/keyring/ssh', 'AMENT_PREFIX_PATH': '/opt/ros/jazzy', 'SHELL': '/bin/bash', 'TERMINATOR_UUID': 'urn:uuid:275a140c-1165-495c-b537-22585f08cb7b', 'QT_ACCESSIBILITY': '1', 'GDMSESSION': 'ubuntu', 'LESSCLOSE': '/usr/bin/lesspipe %s %s', 'GJS_DEBUG_OUTPUT': 'stderr', 'ROS_AUTOMATIC_DISCOVERY_RANGE': 'SUBNET', 'QT_IM_MODULE': 'ibus', 'PWD': '/home/vboxuser/bumperbot_ws/build/bumperbot_localization', 'LC_ALL': 'en_US.UTF-8', 'XDG_CONFIG_DIRS': '/etc/xdg/xdg-ubuntu:/etc/xdg', 'XDG_DATA_DIRS': '/usr/share/ubuntu:/usr/share/gnome:/usr/local/share/:/usr/share/:/var/lib/snapd/desktop', 'PYTHONPATH': '/opt/ros/jazzy/lib/python3.12/site-packages', 'COLCON': '1', 'MEMORY_PRESSURE_WRITE': 'c29tZSAyMDAwMDAgMjAwMDAwMAA=', 'VTE_VERSION': '7600', 'CMAKE_PREFIX_PATH': '/opt/ros/jazzy/opt/gz_sim_vendor:/opt/ros/jazzy/opt/gz_sensors_vendor:/opt/ros/jazzy/opt/gz_physics_vendor:/opt/ros/jazzy/opt/sdformat_vendor:/opt/ros/jazzy/opt/gz_gui_vendor:/opt/ros/jazzy/opt/gz_transport_vendor:/opt/ros/jazzy/opt/gz_rendering_vendor:/opt/ros/jazzy/opt/gz_plugin_vendor:/opt/ros/jazzy/opt/gz_fuel_tools_vendor:/opt/ros/jazzy/opt/gz_msgs_vendor:/opt/ros/jazzy/opt/gz_common_vendor:/opt/ros/jazzy/opt/gz_math_vendor:/opt/ros/jazzy/opt/gz_utils_vendor:/opt/ros/jazzy/opt/gz_tools_vendor:/opt/ros/jazzy/opt/gz_ogre_next_vendor:/opt/ros/jazzy/opt/gz_dartsim_vendor:/opt/ros/jazzy/opt/gz_cmake_vendor:/opt/ros/jazzy'}), 'shell': False}
[3.420058] (bumperbot_localization) StdoutLine: {'line': b'-- Install configuration: ""\n'}
[3.421655] (bumperbot_localization) StdoutLine: {'line': b'-- Up-to-date: /home/vboxuser/bumperbot_ws/install/bumperbot_localization/share/bumperbot_localization/environment/pythonpath.sh\n'}
[3.421838] (bumperbot_localization) StdoutLine: {'line': b'-- Up-to-date: /home/vboxuser/bumperbot_ws/install/bumperbot_localization/share/bumperbot_localization/environment/pythonpath.dsv\n'}
[3.422531] (bumperbot_localization) StdoutLine: {'line': b'-- Up-to-date: /home/vboxuser/bumperbot_ws/install/bumperbot_localization/lib/python3.12/site-packages/bumperbot_localization-0.0.0-py3.12.egg-info\n'}
[3.423030] (bumperbot_localization) StdoutLine: {'line': b'-- Installing: /home/vboxuser/bumperbot_ws/install/bumperbot_localization/lib/python3.12/site-packages/bumperbot_localization-0.0.0-py3.12.egg-info/dependency_links.txt\n'}
[3.423233] (bumperbot_localization) StdoutLine: {'line': b'-- Installing: /home/vboxuser/bumperbot_ws/install/bumperbot_localization/lib/python3.12/site-packages/bumperbot_localization-0.0.0-py3.12.egg-info/PKG-INFO\n'}
[3.423368] (bumperbot_localization) StdoutLine: {'line': b'-- Installing: /home/vboxuser/bumperbot_ws/install/bumperbot_localization/lib/python3.12/site-packages/bumperbot_localization-0.0.0-py3.12.egg-info/SOURCES.txt\n'}
[3.423487] (bumperbot_localization) StdoutLine: {'line': b'-- Installing: /home/vboxuser/bumperbot_ws/install/bumperbot_localization/lib/python3.12/site-packages/bumperbot_localization-0.0.0-py3.12.egg-info/top_level.txt\n'}
[3.423800] (bumperbot_localization) StdoutLine: {'line': b'-- Up-to-date: /home/vboxuser/bumperbot_ws/install/bumperbot_localization/lib/python3.12/site-packages/bumperbot_localization\n'}
[3.424159] (bumperbot_localization) StdoutLine: {'line': b'-- Up-to-date: /home/vboxuser/bumperbot_ws/install/bumperbot_localization/lib/python3.12/site-packages/bumperbot_localization/kalman_filter.py\n'}
[3.424248] (bumperbot_localization) StdoutLine: {'line': b'-- Up-to-date: /home/vboxuser/bumperbot_ws/install/bumperbot_localization/lib/python3.12/site-packages/bumperbot_localization/__init__.py\n'}
[3.424311] (bumperbot_localization) StdoutLine: {'line': b'-- Up-to-date: /home/vboxuser/bumperbot_ws/install/bumperbot_localization/lib/python3.12/site-packages/bumperbot_localization/imu_republisher.py\n'}
[3.425071] (bumperbot_localization) StdoutLine: {'line': b'-- Up-to-date: /home/vboxuser/bumperbot_ws/install/bumperbot_localization/lib/python3.12/site-packages/bumperbot_localization/odometry_motion_model.py\n'}
[3.455603] (bumperbot_localization) StdoutLine: {'line': b"Listing '/home/vboxuser/bumperbot_ws/install/bumperbot_localization/lib/python3.12/site-packages/bumperbot_localization'...\n"}
[3.455800] (bumperbot_localization) StdoutLine: {'line': b'-- Up-to-date: /home/vboxuser/bumperbot_ws/install/bumperbot_localization/include/include\n'}
[3.456423] (bumperbot_localization) StdoutLine: {'line': b'-- Up-to-date: /home/vboxuser/bumperbot_ws/install/bumperbot_localization/include/include/bumperbot_localization\n'}
[3.456894] (bumperbot_localization) StdoutLine: {'line': b'-- Up-to-date: /home/vboxuser/bumperbot_ws/install/bumperbot_localization/include/include/bumperbot_localization/kalman_filter.hpp\n'}
[3.457193] (bumperbot_localization) StdoutLine: {'line': b'-- Up-to-date: /home/vboxuser/bumperbot_ws/install/bumperbot_localization/include/include/bumperbot_localization/odometry_motion_model.hpp\n'}
[3.457557] (-) TimerEvent: {}
[3.461441] (bumperbot_localization) StdoutLine: {'line': b'-- Up-to-date: /home/vboxuser/bumperbot_ws/install/bumperbot_localization/bin/odometry_motion_model\n'}
[3.463133] (bumperbot_localization) StdoutLine: {'line': b'-- Up-to-date: /home/vboxuser/bumperbot_ws/install/bumperbot_localization/lib/bumperbot_localization/kalman_filter\n'}
[3.464726] (bumperbot_localization) StdoutLine: {'line': b'-- Up-to-date: /home/vboxuser/bumperbot_ws/install/bumperbot_localization/lib/bumperbot_localization/imu_republisher\n'}
[3.466402] (bumperbot_localization) StdoutLine: {'line': b'-- Up-to-date: /home/vboxuser/bumperbot_ws/install/bumperbot_localization/lib/bumperbot_localization/odometry_motion_model\n'}
[3.466614] (bumperbot_localization) StdoutLine: {'line': b'-- Up-to-date: /home/vboxuser/bumperbot_ws/install/bumperbot_localization/share/bumperbot_localization/launch\n'}
[3.467393] (bumperbot_localization) StdoutLine: {'line': b'-- Up-to-date: /home/vboxuser/bumperbot_ws/install/bumperbot_localization/share/bumperbot_localization/launch/global_localization.launch.py\n'}
[3.470410] (bumperbot_localization) StdoutLine: {'line': b'-- Up-to-date: /home/vboxuser/bumperbot_ws/install/bumperbot_localization/share/bumperbot_localization/launch/local_localization.launch.py\n'}
[3.470594] (bumperbot_localization) StdoutLine: {'line': b'-- Up-to-date: /home/vboxuser/bumperbot_ws/install/bumperbot_localization/share/bumperbot_localization/config\n'}
[3.471412] (bumperbot_localization) StdoutLine: {'line': b'-- Up-to-date: /home/vboxuser/bumperbot_ws/install/bumperbot_localization/share/bumperbot_localization/config/odometry_motion_model.rviz\n'}
[3.471632] (bumperbot_localization) StdoutLine: {'line': b'-- Up-to-date: /home/vboxuser/bumperbot_ws/install/bumperbot_localization/share/bumperbot_localization/config/amcl.yaml\n'}
[3.471695] (bumperbot_localization) StdoutLine: {'line': b'-- Up-to-date: /home/vboxuser/bumperbot_ws/install/bumperbot_localization/share/bumperbot_localization/config/ekf.yaml\n'}
[3.471728] (bumperbot_localization) StdoutLine: {'line': b'-- Up-to-date: /home/vboxuser/bumperbot_ws/install/bumperbot_localization/share/bumperbot_localization/rviz\n'}
[3.472370] (bumperbot_localization) StdoutLine: {'line': b'-- Up-to-date: /home/vboxuser/bumperbot_ws/install/bumperbot_localization/share/bumperbot_localization/rviz/global_localization.rviz\n'}
[3.472530] (bumperbot_localization) StdoutLine: {'line': b'-- Up-to-date: /home/vboxuser/bumperbot_ws/install/bumperbot_localization/lib/bumperbot_localization/kalman_filter.py\n'}
[3.472572] (bumperbot_localization) StdoutLine: {'line': b'-- Up-to-date: /home/vboxuser/bumperbot_ws/install/bumperbot_localization/lib/bumperbot_localization/imu_republisher.py\n'}
[3.472720] (bumperbot_localization) StdoutLine: {'line': b'-- Up-to-date: /home/vboxuser/bumperbot_ws/install/bumperbot_localization/lib/bumperbot_localization/odometry_motion_model.py\n'}
[3.475447] (bumperbot_localization) StdoutLine: {'line': b'-- Up-to-date: /home/vboxuser/bumperbot_ws/install/bumperbot_localization/share/ament_index/resource_index/package_run_dependencies/bumperbot_localization\n'}
[3.476997] (bumperbot_localization) StdoutLine: {'line': b'-- Up-to-date: /home/vboxuser/bumperbot_ws/install/bumperbot_localization/share/ament_index/resource_index/parent_prefix_path/bumperbot_localization\n'}
[3.478056] (bumperbot_localization) StdoutLine: {'line': b'-- Up-to-date: /home/vboxuser/bumperbot_ws/install/bumperbot_localization/share/bumperbot_localization/environment/ament_prefix_path.sh\n'}
[3.478099] (bumperbot_localization) StdoutLine: {'line': b'-- Up-to-date: /home/vboxuser/bumperbot_ws/install/bumperbot_localization/share/bumperbot_localization/environment/ament_prefix_path.dsv\n'}
[3.481687] (bumperbot_localization) StdoutLine: {'line': b'-- Up-to-date: /home/vboxuser/bumperbot_ws/install/bumperbot_localization/share/bumperbot_localization/environment/path.sh\n'}
[3.481733] (bumperbot_localization) StdoutLine: {'line': b'-- Up-to-date: /home/vboxuser/bumperbot_ws/install/bumperbot_localization/share/bumperbot_localization/environment/path.dsv\n'}
[3.481765] (bumperbot_localization) StdoutLine: {'line': b'-- Up-to-date: /home/vboxuser/bumperbot_ws/install/bumperbot_localization/share/bumperbot_localization/local_setup.bash\n'}
[3.481796] (bumperbot_localization) StdoutLine: {'line': b'-- Up-to-date: /home/vboxuser/bumperbot_ws/install/bumperbot_localization/share/bumperbot_localization/local_setup.sh\n'}
[3.481825] (bumperbot_localization) StdoutLine: {'line': b'-- Up-to-date: /home/vboxuser/bumperbot_ws/install/bumperbot_localization/share/bumperbot_localization/local_setup.zsh\n'}
[3.481853] (bumperbot_localization) StdoutLine: {'line': b'-- Up-to-date: /home/vboxuser/bumperbot_ws/install/bumperbot_localization/share/bumperbot_localization/local_setup.dsv\n'}
[3.481881] (bumperbot_localization) StdoutLine: {'line': b'-- Installing: /home/vboxuser/bumperbot_ws/install/bumperbot_localization/share/bumperbot_localization/package.dsv\n'}
[3.481934] (bumperbot_localization) StdoutLine: {'line': b'-- Up-to-date: /home/vboxuser/bumperbot_ws/install/bumperbot_localization/share/ament_index/resource_index/packages/bumperbot_localization\n'}
[3.482016] (bumperbot_localization) StdoutLine: {'line': b'-- Up-to-date: /home/vboxuser/bumperbot_ws/install/bumperbot_localization/share/bumperbot_localization/cmake/bumperbot_localizationConfig.cmake\n'}
[3.482086] (bumperbot_localization) StdoutLine: {'line': b'-- Up-to-date: /home/vboxuser/bumperbot_ws/install/bumperbot_localization/share/bumperbot_localization/cmake/bumperbot_localizationConfig-version.cmake\n'}
[3.482184] (bumperbot_localization) StdoutLine: {'line': b'-- Up-to-date: /home/vboxuser/bumperbot_ws/install/bumperbot_localization/share/bumperbot_localization/package.xml\n'}
[3.488989] (bumperbot_localization) CommandEnded: {'returncode': 0}
[3.514235] (bumperbot_localization) JobEnded: {'identifier': 'bumperbot_localization', 'rc': 0}
[3.516374] (bumperbot_mapping) JobStarted: {'identifier': 'bumperbot_mapping'}
[3.534946] (bumperbot_mapping) JobProgress: {'identifier': 'bumperbot_mapping', 'progress': 'cmake'}
[3.537636] (bumperbot_mapping) JobProgress: {'identifier': 'bumperbot_mapping', 'progress': 'build'}
[3.537669] (bumperbot_mapping) Command: {'cmd': ['/usr/bin/cmake', '--build', '/home/vboxuser/bumperbot_ws/build/bumperbot_mapping', '--', '-j1', '-l1'], 'cwd': '/home/vboxuser/bumperbot_ws/build/bumperbot_mapping', 'env': OrderedDict({'GJS_DEBUG_TOPICS': 'JS ERROR;JS LOG', 'XDG_ACTIVATION_TOKEN': 'gnome-shell/Terminator/2065-4-Robotproj_TIME1107825', 'LESSOPEN': '| /usr/bin/lesspipe %s', 'USER': 'vboxuser', 'GZ_CONFIG_PATH': '/opt/ros/jazzy/opt/gz_sim_vendor/share/gz:/opt/ros/jazzy/opt/sdformat_vendor/share/gz:/opt/ros/jazzy/opt/gz_gui_vendor/share/gz:/opt/ros/jazzy/opt/gz_transport_vendor/share/gz:/opt/ros/jazzy/opt/gz_rendering_vendor/share/gz:/opt/ros/jazzy/opt/gz_plugin_vendor/share/gz:/opt/ros/jazzy/opt/gz_fuel_tools_vendor/share/gz:/opt/ros/jazzy/opt/gz_msgs_vendor/share/gz:/opt/ros/jazzy/opt/gz_common_vendor/share/gz', 'XDG_SESSION_TYPE': 'wayland', 'CLUTTER_DISABLE_MIPMAPPED_TEXT': '1', 'SHLVL': '1', 'LD_LIBRARY_PATH': '/opt/ros/jazzy/opt/gz_sim_vendor/lib:/opt/ros/jazzy/opt/gz_sensors_vendor/lib:/opt/ros/jazzy/opt/gz_physics_vendor/lib:/opt/ros/jazzy/opt/sdformat_vendor/lib:/opt/ros/jazzy/opt/rviz_ogre_vendor/lib:/opt/ros/jazzy/lib/x86_64-linux-gnu:/opt/ros/jazzy/opt/gz_gui_vendor/lib:/opt/ros/jazzy/opt/gz_transport_vendor/lib:/opt/ros/jazzy/opt/gz_rendering_vendor/lib:/opt/ros/jazzy/opt/gz_plugin_vendor/lib:/opt/ros/jazzy/opt/gz_fuel_tools_vendor/lib:/opt/ros/jazzy/opt/gz_msgs_vendor/lib:/opt/ros/jazzy/opt/gz_common_vendor/lib:/opt/ros/jazzy/opt/gz_math_vendor/lib:/opt/ros/jazzy/opt/gz_utils_vendor/lib:/opt/ros/jazzy/opt/gz_tools_vendor/lib:/opt/ros/jazzy/opt/gz_ogre_next_vendor/lib:/opt/ros/jazzy/opt/gz_dartsim_vendor/lib:/opt/ros/jazzy/opt/gz_cmake_vendor/lib:/opt/ros/jazzy/lib', 'HOME': '/home/vboxuser', 'OLDPWD': '/home/vboxuser/bumperbot_ws', 'DESKTOP_SESSION': 'ubuntu', 'GIO_LAUNCHED_DESKTOP_FILE': '/usr/share/applications/terminator.desktop', 'ROS_PYTHON_VERSION': '3', 'GNOME_SHELL_SESSION_MODE': 'ubuntu', 'GTK_MODULES': 'gail:atk-bridge', 'MANAGERPID': '1821', 'SYSTEMD_EXEC_PID': '2065', 'GSM_SKIP_SSH_AGENT_WORKAROUND': 'true', 'DBUS_SESSION_BUS_ADDRESS': 'unix:path=/run/user/1000/bus', 'COLORTERM': 'truecolor', 'TERMINATOR_DBUS_NAME': 'net.tenshu.Terminator25ef4b219e3b005583550f2b0f9f990c3', 'GIO_LAUNCHED_DESKTOP_FILE_PID': '5942', 'DEBUGINFOD_URLS': 'https://debuginfod.ubuntu.com', 'IM_CONFIG_PHASE': '1', 'WAYLAND_DISPLAY': 'wayland-0', 'ROS_DISTRO': 'jazzy', 'LOGNAME': 'vboxuser', 'JOURNAL_STREAM': '9:15131', '_': '/usr/bin/colcon', 'ROS_VERSION': '2', 'MEMORY_PRESSURE_WATCH': '/sys/fs/cgroup/user.slice/user-1000.slice/user@1000.service/session.slice/org.gnome.Shell@wayland.service/memory.pressure', 'XDG_SESSION_CLASS': 'user', 'USERNAME': 'vboxuser', 'TERM': 'xterm-256color', 'GNOME_DESKTOP_SESSION_ID': 'this-is-deprecated', 'PATH': '/opt/ros/jazzy/opt/gz_msgs_vendor/bin:/opt/ros/jazzy/opt/gz_tools_vendor/bin:/opt/ros/jazzy/opt/gz_ogre_next_vendor/bin:/opt/ros/jazzy/bin:/home/vboxuser/.local/bin:/usr/local/sbin:/usr/local/bin:/usr/sbin:/usr/bin:/sbin:/bin:/usr/games:/usr/local/games:/snap/bin:/snap/bin', 'SESSION_MANAGER': 'local/Robotproj:@/tmp/.ICE-unix/2021,unix/Robotproj:/tmp/.ICE-unix/2021', 'INVOCATION_ID': '0a4448d9e3fa415eb657cec0bbe459f4', 'XDG_MENU_PREFIX': 'gnome-', 'GNOME_SETUP_DISPLAY': ':1', 'XDG_RUNTIME_DIR': '/run/user/1000', 'DISPLAY': ':0', 'TERMINATOR_DBUS_PATH': '/net/tenshu/Terminator2', 'LANG': 'en_US.UTF-8', 'XDG_CURRENT_DESKTOP': 'ubuntu:GNOME', 'XMODIFIERS': '@im=ibus', 'XDG_SESSION_DESKTOP': 'ubuntu', 'XAUTHORITY': '/run/user/1000/.mutter-Xwaylandauth.N2SBM3', 'LS_COLORS': 'rs=0:di=01;34:ln=01;36:mh=00:pi=40;33:so=01;35:do=01;35:bd=40;33;01:cd=40;33;01:or=40;31;01:mi=00:su=37;41:sg=30;43:ca=00:tw=30;42:ow=34;42:st=37;44:ex=01;32:*.tar=01;31:*.tgz=01;31:*.arc=01;31:*.arj=01;31:*.taz=01;31:*.lha=01;31:*.lz4=01;31:*.lzh=01;31:*.lzma=01;31:*.tlz=01;31:*.txz=01;31:*.tzo=01;31:*.t7z=01;31:*.zip=01;31:*.z=01;31:*.dz=01;31:*.gz=01;31:*.lrz=01;31:*.lz=01;31:*.lzo=01;31:*.xz=01;31:*.zst=01;31:*.tzst=01;31:*.bz2=01;31:*.bz=01;31:*.tbz=01;31:*.tbz2=01;31:*.tz=01;31:*.deb=01;31:*.rpm=01;31:*.jar=01;31:*.war=01;31:*.ear=01;31:*.sar=01;31:*.rar=01;31:*.alz=01;31:*.ace=01;31:*.zoo=01;31:*.cpio=01;31:*.7z=01;31:*.rz=01;31:*.cab=01;31:*.wim=01;31:*.swm=01;31:*.dwm=01;31:*.esd=01;31:*.avif=01;35:*.jpg=01;35:*.jpeg=01;35:*.mjpg=01;35:*.mjpeg=01;35:*.gif=01;35:*.bmp=01;35:*.pbm=01;35:*.pgm=01;35:*.ppm=01;35:*.tga=01;35:*.xbm=01;35:*.xpm=01;35:*.tif=01;35:*.tiff=01;35:*.png=01;35:*.svg=01;35:*.svgz=01;35:*.mng=01;35:*.pcx=01;35:*.mov=01;35:*.mpg=01;35:*.mpeg=01;35:*.m2v=01;35:*.mkv=01;35:*.webm=01;35:*.webp=01;35:*.ogm=01;35:*.mp4=01;35:*.m4v=01;35:*.mp4v=01;35:*.vob=01;35:*.qt=01;35:*.nuv=01;35:*.wmv=01;35:*.asf=01;35:*.rm=01;35:*.rmvb=01;35:*.flc=01;35:*.avi=01;35:*.fli=01;35:*.flv=01;35:*.gl=01;35:*.dl=01;35:*.xcf=01;35:*.xwd=01;35:*.yuv=01;35:*.cgm=01;35:*.emf=01;35:*.ogv=01;35:*.ogx=01;35:*.aac=00;36:*.au=00;36:*.flac=00;36:*.m4a=00;36:*.mid=00;36:*.midi=00;36:*.mka=00;36:*.mp3=00;36:*.mpc=00;36:*.ogg=00;36:*.ra=00;36:*.wav=00;36:*.oga=00;36:*.opus=00;36:*.spx=00;36:*.xspf=00;36:*~=00;90:*#=00;90:*.bak=00;90:*.crdownload=00;90:*.dpkg-dist=00;90:*.dpkg-new=00;90:*.dpkg-old=00;90:*.dpkg-tmp=00;90:*.old=00;90:*.orig=00;90:*.part=00;90:*.rej=00;90:*.rpmnew=00;90:*.rpmorig=00;90:*.rpmsave=00;90:*.swp=00;90:*.tmp=00;90:*.ucf-dist=00;90:*.ucf-new=00;90:*.ucf-old=00;90:', 'SSH_AUTH_SOCK': '/run/user/1000/keyring/ssh', 'AMENT_PREFIX_PATH': '/opt/ros/jazzy', 'SHELL': '/bin/bash', 'TERMINATOR_UUID': 'urn:uuid:275a140c-1165-495c-b537-22585f08cb7b', 'QT_ACCESSIBILITY': '1', 'GDMSESSION': 'ubuntu', 'LESSCLOSE': '/usr/bin/lesspipe %s %s', 'GJS_DEBUG_OUTPUT': 'stderr', 'ROS_AUTOMATIC_DISCOVERY_RANGE': 'SUBNET', 'QT_IM_MODULE': 'ibus', 'PWD': '/home/vboxuser/bumperbot_ws/build/bumperbot_mapping', 'LC_ALL': 'en_US.UTF-8', 'XDG_CONFIG_DIRS': '/etc/xdg/xdg-ubuntu:/etc/xdg', 'XDG_DATA_DIRS': '/usr/share/ubuntu:/usr/share/gnome:/usr/local/share/:/usr/share/:/var/lib/snapd/desktop', 'PYTHONPATH': '/opt/ros/jazzy/lib/python3.12/site-packages', 'COLCON': '1', 'MEMORY_PRESSURE_WRITE': 'c29tZSAyMDAwMDAgMjAwMDAwMAA=', 'VTE_VERSION': '7600', 'CMAKE_PREFIX_PATH': '/opt/ros/jazzy/opt/gz_sim_vendor:/opt/ros/jazzy/opt/gz_sensors_vendor:/opt/ros/jazzy/opt/gz_physics_vendor:/opt/ros/jazzy/opt/sdformat_vendor:/opt/ros/jazzy/opt/gz_gui_vendor:/opt/ros/jazzy/opt/gz_transport_vendor:/opt/ros/jazzy/opt/gz_rendering_vendor:/opt/ros/jazzy/opt/gz_plugin_vendor:/opt/ros/jazzy/opt/gz_fuel_tools_vendor:/opt/ros/jazzy/opt/gz_msgs_vendor:/opt/ros/jazzy/opt/gz_common_vendor:/opt/ros/jazzy/opt/gz_math_vendor:/opt/ros/jazzy/opt/gz_utils_vendor:/opt/ros/jazzy/opt/gz_tools_vendor:/opt/ros/jazzy/opt/gz_ogre_next_vendor:/opt/ros/jazzy/opt/gz_dartsim_vendor:/opt/ros/jazzy/opt/gz_cmake_vendor:/opt/ros/jazzy'}), 'shell': False}
[3.557660] (-) TimerEvent: {}
[3.627557] (bumperbot_mapping) StdoutLine: {'line': b'[100%] Built target mapping_with_known_poses\n'}
[3.658433] (-) TimerEvent: {}
[3.669827] (bumperbot_mapping) StdoutLine: {'line': b'[100%] Built target ament_cmake_python_copy_bumperbot_mapping\n'}
[3.760489] (-) TimerEvent: {}
[3.850099] (bumperbot_mapping) StdoutLine: {'line': b'running egg_info\n'}
[3.861620] (bumperbot_mapping) StdoutLine: {'line': b'writing bumperbot_mapping.egg-info/PKG-INFO\n'}
[3.861713] (-) TimerEvent: {}
[3.873110] (bumperbot_mapping) StdoutLine: {'line': b'writing dependency_links to bumperbot_mapping.egg-info/dependency_links.txt\n'}
[3.873930] (bumperbot_mapping) StdoutLine: {'line': b'writing top-level names to bumperbot_mapping.egg-info/top_level.txt\n'}
[3.908659] (bumperbot_mapping) StdoutLine: {'line': b"reading manifest file 'bumperbot_mapping.egg-info/SOURCES.txt'\n"}
[3.910023] (bumperbot_mapping) StdoutLine: {'line': b"writing manifest file 'bumperbot_mapping.egg-info/SOURCES.txt'\n"}
[3.933538] (bumperbot_mapping) StdoutLine: {'line': b'[100%] Built target ament_cmake_python_build_bumperbot_mapping_egg\n'}
[3.942542] (bumperbot_mapping) CommandEnded: {'returncode': 0}
[3.944867] (bumperbot_mapping) JobProgress: {'identifier': 'bumperbot_mapping', 'progress': 'install'}
[3.945016] (bumperbot_mapping) Command: {'cmd': ['/usr/bin/cmake', '--install', '/home/vboxuser/bumperbot_ws/build/bumperbot_mapping'], 'cwd': '/home/vboxuser/bumperbot_ws/build/bumperbot_mapping', 'env': OrderedDict({'GJS_DEBUG_TOPICS': 'JS ERROR;JS LOG', 'XDG_ACTIVATION_TOKEN': 'gnome-shell/Terminator/2065-4-Robotproj_TIME1107825', 'LESSOPEN': '| /usr/bin/lesspipe %s', 'USER': 'vboxuser', 'GZ_CONFIG_PATH': '/opt/ros/jazzy/opt/gz_sim_vendor/share/gz:/opt/ros/jazzy/opt/sdformat_vendor/share/gz:/opt/ros/jazzy/opt/gz_gui_vendor/share/gz:/opt/ros/jazzy/opt/gz_transport_vendor/share/gz:/opt/ros/jazzy/opt/gz_rendering_vendor/share/gz:/opt/ros/jazzy/opt/gz_plugin_vendor/share/gz:/opt/ros/jazzy/opt/gz_fuel_tools_vendor/share/gz:/opt/ros/jazzy/opt/gz_msgs_vendor/share/gz:/opt/ros/jazzy/opt/gz_common_vendor/share/gz', 'XDG_SESSION_TYPE': 'wayland', 'CLUTTER_DISABLE_MIPMAPPED_TEXT': '1', 'SHLVL': '1', 'LD_LIBRARY_PATH': '/opt/ros/jazzy/opt/gz_sim_vendor/lib:/opt/ros/jazzy/opt/gz_sensors_vendor/lib:/opt/ros/jazzy/opt/gz_physics_vendor/lib:/opt/ros/jazzy/opt/sdformat_vendor/lib:/opt/ros/jazzy/opt/rviz_ogre_vendor/lib:/opt/ros/jazzy/lib/x86_64-linux-gnu:/opt/ros/jazzy/opt/gz_gui_vendor/lib:/opt/ros/jazzy/opt/gz_transport_vendor/lib:/opt/ros/jazzy/opt/gz_rendering_vendor/lib:/opt/ros/jazzy/opt/gz_plugin_vendor/lib:/opt/ros/jazzy/opt/gz_fuel_tools_vendor/lib:/opt/ros/jazzy/opt/gz_msgs_vendor/lib:/opt/ros/jazzy/opt/gz_common_vendor/lib:/opt/ros/jazzy/opt/gz_math_vendor/lib:/opt/ros/jazzy/opt/gz_utils_vendor/lib:/opt/ros/jazzy/opt/gz_tools_vendor/lib:/opt/ros/jazzy/opt/gz_ogre_next_vendor/lib:/opt/ros/jazzy/opt/gz_dartsim_vendor/lib:/opt/ros/jazzy/opt/gz_cmake_vendor/lib:/opt/ros/jazzy/lib', 'HOME': '/home/vboxuser', 'OLDPWD': '/home/vboxuser/bumperbot_ws', 'DESKTOP_SESSION': 'ubuntu', 'GIO_LAUNCHED_DESKTOP_FILE': '/usr/share/applications/terminator.desktop', 'ROS_PYTHON_VERSION': '3', 'GNOME_SHELL_SESSION_MODE': 'ubuntu', 'GTK_MODULES': 'gail:atk-bridge', 'MANAGERPID': '1821', 'SYSTEMD_EXEC_PID': '2065', 'GSM_SKIP_SSH_AGENT_WORKAROUND': 'true', 'DBUS_SESSION_BUS_ADDRESS': 'unix:path=/run/user/1000/bus', 'COLORTERM': 'truecolor', 'TERMINATOR_DBUS_NAME': 'net.tenshu.Terminator25ef4b219e3b005583550f2b0f9f990c3', 'GIO_LAUNCHED_DESKTOP_FILE_PID': '5942', 'DEBUGINFOD_URLS': 'https://debuginfod.ubuntu.com', 'IM_CONFIG_PHASE': '1', 'WAYLAND_DISPLAY': 'wayland-0', 'ROS_DISTRO': 'jazzy', 'LOGNAME': 'vboxuser', 'JOURNAL_STREAM': '9:15131', '_': '/usr/bin/colcon', 'ROS_VERSION': '2', 'MEMORY_PRESSURE_WATCH': '/sys/fs/cgroup/user.slice/user-1000.slice/user@1000.service/session.slice/org.gnome.Shell@wayland.service/memory.pressure', 'XDG_SESSION_CLASS': 'user', 'USERNAME': 'vboxuser', 'TERM': 'xterm-256color', 'GNOME_DESKTOP_SESSION_ID': 'this-is-deprecated', 'PATH': '/opt/ros/jazzy/opt/gz_msgs_vendor/bin:/opt/ros/jazzy/opt/gz_tools_vendor/bin:/opt/ros/jazzy/opt/gz_ogre_next_vendor/bin:/opt/ros/jazzy/bin:/home/vboxuser/.local/bin:/usr/local/sbin:/usr/local/bin:/usr/sbin:/usr/bin:/sbin:/bin:/usr/games:/usr/local/games:/snap/bin:/snap/bin', 'SESSION_MANAGER': 'local/Robotproj:@/tmp/.ICE-unix/2021,unix/Robotproj:/tmp/.ICE-unix/2021', 'INVOCATION_ID': '0a4448d9e3fa415eb657cec0bbe459f4', 'XDG_MENU_PREFIX': 'gnome-', 'GNOME_SETUP_DISPLAY': ':1', 'XDG_RUNTIME_DIR': '/run/user/1000', 'DISPLAY': ':0', 'TERMINATOR_DBUS_PATH': '/net/tenshu/Terminator2', 'LANG': 'en_US.UTF-8', 'XDG_CURRENT_DESKTOP': 'ubuntu:GNOME', 'XMODIFIERS': '@im=ibus', 'XDG_SESSION_DESKTOP': 'ubuntu', 'XAUTHORITY': '/run/user/1000/.mutter-Xwaylandauth.N2SBM3', 'LS_COLORS': 'rs=0:di=01;34:ln=01;36:mh=00:pi=40;33:so=01;35:do=01;35:bd=40;33;01:cd=40;33;01:or=40;31;01:mi=00:su=37;41:sg=30;43:ca=00:tw=30;42:ow=34;42:st=37;44:ex=01;32:*.tar=01;31:*.tgz=01;31:*.arc=01;31:*.arj=01;31:*.taz=01;31:*.lha=01;31:*.lz4=01;31:*.lzh=01;31:*.lzma=01;31:*.tlz=01;31:*.txz=01;31:*.tzo=01;31:*.t7z=01;31:*.zip=01;31:*.z=01;31:*.dz=01;31:*.gz=01;31:*.lrz=01;31:*.lz=01;31:*.lzo=01;31:*.xz=01;31:*.zst=01;31:*.tzst=01;31:*.bz2=01;31:*.bz=01;31:*.tbz=01;31:*.tbz2=01;31:*.tz=01;31:*.deb=01;31:*.rpm=01;31:*.jar=01;31:*.war=01;31:*.ear=01;31:*.sar=01;31:*.rar=01;31:*.alz=01;31:*.ace=01;31:*.zoo=01;31:*.cpio=01;31:*.7z=01;31:*.rz=01;31:*.cab=01;31:*.wim=01;31:*.swm=01;31:*.dwm=01;31:*.esd=01;31:*.avif=01;35:*.jpg=01;35:*.jpeg=01;35:*.mjpg=01;35:*.mjpeg=01;35:*.gif=01;35:*.bmp=01;35:*.pbm=01;35:*.pgm=01;35:*.ppm=01;35:*.tga=01;35:*.xbm=01;35:*.xpm=01;35:*.tif=01;35:*.tiff=01;35:*.png=01;35:*.svg=01;35:*.svgz=01;35:*.mng=01;35:*.pcx=01;35:*.mov=01;35:*.mpg=01;35:*.mpeg=01;35:*.m2v=01;35:*.mkv=01;35:*.webm=01;35:*.webp=01;35:*.ogm=01;35:*.mp4=01;35:*.m4v=01;35:*.mp4v=01;35:*.vob=01;35:*.qt=01;35:*.nuv=01;35:*.wmv=01;35:*.asf=01;35:*.rm=01;35:*.rmvb=01;35:*.flc=01;35:*.avi=01;35:*.fli=01;35:*.flv=01;35:*.gl=01;35:*.dl=01;35:*.xcf=01;35:*.xwd=01;35:*.yuv=01;35:*.cgm=01;35:*.emf=01;35:*.ogv=01;35:*.ogx=01;35:*.aac=00;36:*.au=00;36:*.flac=00;36:*.m4a=00;36:*.mid=00;36:*.midi=00;36:*.mka=00;36:*.mp3=00;36:*.mpc=00;36:*.ogg=00;36:*.ra=00;36:*.wav=00;36:*.oga=00;36:*.opus=00;36:*.spx=00;36:*.xspf=00;36:*~=00;90:*#=00;90:*.bak=00;90:*.crdownload=00;90:*.dpkg-dist=00;90:*.dpkg-new=00;90:*.dpkg-old=00;90:*.dpkg-tmp=00;90:*.old=00;90:*.orig=00;90:*.part=00;90:*.rej=00;90:*.rpmnew=00;90:*.rpmorig=00;90:*.rpmsave=00;90:*.swp=00;90:*.tmp=00;90:*.ucf-dist=00;90:*.ucf-new=00;90:*.ucf-old=00;90:', 'SSH_AUTH_SOCK': '/run/user/1000/keyring/ssh', 'AMENT_PREFIX_PATH': '/opt/ros/jazzy', 'SHELL': '/bin/bash', 'TERMINATOR_UUID': 'urn:uuid:275a140c-1165-495c-b537-22585f08cb7b', 'QT_ACCESSIBILITY': '1', 'GDMSESSION': 'ubuntu', 'LESSCLOSE': '/usr/bin/lesspipe %s %s', 'GJS_DEBUG_OUTPUT': 'stderr', 'ROS_AUTOMATIC_DISCOVERY_RANGE': 'SUBNET', 'QT_IM_MODULE': 'ibus', 'PWD': '/home/vboxuser/bumperbot_ws/build/bumperbot_mapping', 'LC_ALL': 'en_US.UTF-8', 'XDG_CONFIG_DIRS': '/etc/xdg/xdg-ubuntu:/etc/xdg', 'XDG_DATA_DIRS': '/usr/share/ubuntu:/usr/share/gnome:/usr/local/share/:/usr/share/:/var/lib/snapd/desktop', 'PYTHONPATH': '/opt/ros/jazzy/lib/python3.12/site-packages', 'COLCON': '1', 'MEMORY_PRESSURE_WRITE': 'c29tZSAyMDAwMDAgMjAwMDAwMAA=', 'VTE_VERSION': '7600', 'CMAKE_PREFIX_PATH': '/opt/ros/jazzy/opt/gz_sim_vendor:/opt/ros/jazzy/opt/gz_sensors_vendor:/opt/ros/jazzy/opt/gz_physics_vendor:/opt/ros/jazzy/opt/sdformat_vendor:/opt/ros/jazzy/opt/gz_gui_vendor:/opt/ros/jazzy/opt/gz_transport_vendor:/opt/ros/jazzy/opt/gz_rendering_vendor:/opt/ros/jazzy/opt/gz_plugin_vendor:/opt/ros/jazzy/opt/gz_fuel_tools_vendor:/opt/ros/jazzy/opt/gz_msgs_vendor:/opt/ros/jazzy/opt/gz_common_vendor:/opt/ros/jazzy/opt/gz_math_vendor:/opt/ros/jazzy/opt/gz_utils_vendor:/opt/ros/jazzy/opt/gz_tools_vendor:/opt/ros/jazzy/opt/gz_ogre_next_vendor:/opt/ros/jazzy/opt/gz_dartsim_vendor:/opt/ros/jazzy/opt/gz_cmake_vendor:/opt/ros/jazzy'}), 'shell': False}
[3.953950] (bumperbot_mapping) StdoutLine: {'line': b'-- Install configuration: ""\n'}
[3.956003] (bumperbot_mapping) StdoutLine: {'line': b'-- Up-to-date: /home/vboxuser/bumperbot_ws/install/bumperbot_mapping/share/bumperbot_mapping/environment/pythonpath.sh\n'}
[3.956366] (bumperbot_mapping) StdoutLine: {'line': b'-- Up-to-date: /home/vboxuser/bumperbot_ws/install/bumperbot_mapping/share/bumperbot_mapping/environment/pythonpath.dsv\n'}
[3.956723] (bumperbot_mapping) StdoutLine: {'line': b'-- Up-to-date: /home/vboxuser/bumperbot_ws/install/bumperbot_mapping/lib/python3.12/site-packages/bumperbot_mapping-0.0.0-py3.12.egg-info\n'}
[3.957048] (bumperbot_mapping) StdoutLine: {'line': b'-- Installing: /home/vboxuser/bumperbot_ws/install/bumperbot_mapping/lib/python3.12/site-packages/bumperbot_mapping-0.0.0-py3.12.egg-info/dependency_links.txt\n'}
[3.957235] (bumperbot_mapping) StdoutLine: {'line': b'-- Installing: /home/vboxuser/bumperbot_ws/install/bumperbot_mapping/lib/python3.12/site-packages/bumperbot_mapping-0.0.0-py3.12.egg-info/PKG-INFO\n'}
[3.957360] (bumperbot_mapping) StdoutLine: {'line': b'-- Installing: /home/vboxuser/bumperbot_ws/install/bumperbot_mapping/lib/python3.12/site-packages/bumperbot_mapping-0.0.0-py3.12.egg-info/SOURCES.txt\n'}
[3.957467] (bumperbot_mapping) StdoutLine: {'line': b'-- Installing: /home/vboxuser/bumperbot_ws/install/bumperbot_mapping/lib/python3.12/site-packages/bumperbot_mapping-0.0.0-py3.12.egg-info/top_level.txt\n'}
[3.957619] (bumperbot_mapping) StdoutLine: {'line': b'-- Up-to-date: /home/vboxuser/bumperbot_ws/install/bumperbot_mapping/lib/python3.12/site-packages/bumperbot_mapping\n'}
[3.958178] (bumperbot_mapping) StdoutLine: {'line': b'-- Up-to-date: /home/vboxuser/bumperbot_ws/install/bumperbot_mapping/lib/python3.12/site-packages/bumperbot_mapping/__init__.py\n'}
[3.958934] (bumperbot_mapping) StdoutLine: {'line': b'-- Up-to-date: /home/vboxuser/bumperbot_ws/install/bumperbot_mapping/lib/python3.12/site-packages/bumperbot_mapping/mapping_with_known_poses.py\n'}
[3.966856] (-) TimerEvent: {}
[3.995043] (bumperbot_mapping) StdoutLine: {'line': b"Listing '/home/vboxuser/bumperbot_ws/install/bumperbot_mapping/lib/python3.12/site-packages/bumperbot_mapping'...\n"}
[3.999271] (bumperbot_mapping) StdoutLine: {'line': b'-- Up-to-date: /home/vboxuser/bumperbot_ws/install/bumperbot_mapping/include/include\n'}
[3.999810] (bumperbot_mapping) StdoutLine: {'line': b'-- Up-to-date: /home/vboxuser/bumperbot_ws/install/bumperbot_mapping/include/include/bumperbot_mapping\n'}
[4.000544] (bumperbot_mapping) StdoutLine: {'line': b'-- Up-to-date: /home/vboxuser/bumperbot_ws/install/bumperbot_mapping/include/include/bumperbot_mapping/mapping_with_known_poses.hpp\n'}
[4.002200] (bumperbot_mapping) StdoutLine: {'line': b'-- Up-to-date: /home/vboxuser/bumperbot_ws/install/bumperbot_mapping/lib/bumperbot_mapping/mapping_with_known_poses\n'}
[4.002459] (bumperbot_mapping) StdoutLine: {'line': b'-- Up-to-date: /home/vboxuser/bumperbot_ws/install/bumperbot_mapping/share/bumperbot_mapping/config\n'}
[4.003363] (bumperbot_mapping) StdoutLine: {'line': b'-- Up-to-date: /home/vboxuser/bumperbot_ws/install/bumperbot_mapping/share/bumperbot_mapping/config/slam_toolbox.yaml\n'}
[4.003540] (bumperbot_mapping) StdoutLine: {'line': b'-- Up-to-date: /home/vboxuser/bumperbot_ws/install/bumperbot_mapping/share/bumperbot_mapping/launch\n'}
[4.004157] (bumperbot_mapping) StdoutLine: {'line': b'-- Up-to-date: /home/vboxuser/bumperbot_ws/install/bumperbot_mapping/share/bumperbot_mapping/launch/slam.launch.py\n'}
[4.004386] (bumperbot_mapping) StdoutLine: {'line': b'-- Up-to-date: /home/vboxuser/bumperbot_ws/install/bumperbot_mapping/share/bumperbot_mapping/maps\n'}
[4.004973] (bumperbot_mapping) StdoutLine: {'line': b'-- Up-to-date: /home/vboxuser/bumperbot_ws/install/bumperbot_mapping/share/bumperbot_mapping/maps/small_house\n'}
[4.015576] (bumperbot_mapping) StdoutLine: {'line': b'-- Up-to-date: /home/vboxuser/bumperbot_ws/install/bumperbot_mapping/share/bumperbot_mapping/maps/small_house/map.yaml\n'}
[4.015691] (bumperbot_mapping) StdoutLine: {'line': b'-- Up-to-date: /home/vboxuser/bumperbot_ws/install/bumperbot_mapping/share/bumperbot_mapping/maps/small_house/map.pgm\n'}
[4.015726] (bumperbot_mapping) StdoutLine: {'line': b'-- Up-to-date: /home/vboxuser/bumperbot_ws/install/bumperbot_mapping/share/bumperbot_mapping/maps/small_warehouse\n'}
[4.016545] (bumperbot_mapping) StdoutLine: {'line': b'-- Up-to-date: /home/vboxuser/bumperbot_ws/install/bumperbot_mapping/share/bumperbot_mapping/maps/small_warehouse/map.yaml\n'}
[4.016669] (bumperbot_mapping) StdoutLine: {'line': b'-- Up-to-date: /home/vboxuser/bumperbot_ws/install/bumperbot_mapping/share/bumperbot_mapping/maps/small_warehouse/map.pgm\n'}
[4.016739] (bumperbot_mapping) StdoutLine: {'line': b'-- Up-to-date: /home/vboxuser/bumperbot_ws/install/bumperbot_mapping/share/bumperbot_mapping/rviz\n'}
[4.017863] (bumperbot_mapping) StdoutLine: {'line': b'-- Up-to-date: /home/vboxuser/bumperbot_ws/install/bumperbot_mapping/share/bumperbot_mapping/rviz/slam.rviz\n'}
[4.018028] (bumperbot_mapping) StdoutLine: {'line': b'-- Up-to-date: /home/vboxuser/bumperbot_ws/install/bumperbot_mapping/lib/bumperbot_mapping/mapping_with_known_poses.py\n'}
[4.019030] (bumperbot_mapping) StdoutLine: {'line': b'-- Up-to-date: /home/vboxuser/bumperbot_ws/install/bumperbot_mapping/share/ament_index/resource_index/package_run_dependencies/bumperbot_mapping\n'}
[4.019578] (bumperbot_mapping) StdoutLine: {'line': b'-- Up-to-date: /home/vboxuser/bumperbot_ws/install/bumperbot_mapping/share/ament_index/resource_index/parent_prefix_path/bumperbot_mapping\n'}
[4.019657] (bumperbot_mapping) StdoutLine: {'line': b'-- Up-to-date: /home/vboxuser/bumperbot_ws/install/bumperbot_mapping/share/bumperbot_mapping/environment/ament_prefix_path.sh\n'}
[4.019745] (bumperbot_mapping) StdoutLine: {'line': b'-- Up-to-date: /home/vboxuser/bumperbot_ws/install/bumperbot_mapping/share/bumperbot_mapping/environment/ament_prefix_path.dsv\n'}
[4.019833] (bumperbot_mapping) StdoutLine: {'line': b'-- Up-to-date: /home/vboxuser/bumperbot_ws/install/bumperbot_mapping/share/bumperbot_mapping/environment/path.sh\n'}
[4.019946] (bumperbot_mapping) StdoutLine: {'line': b'-- Up-to-date: /home/vboxuser/bumperbot_ws/install/bumperbot_mapping/share/bumperbot_mapping/environment/path.dsv\n'}
[4.020029] (bumperbot_mapping) StdoutLine: {'line': b'-- Up-to-date: /home/vboxuser/bumperbot_ws/install/bumperbot_mapping/share/bumperbot_mapping/local_setup.bash\n'}
[4.020133] (bumperbot_mapping) StdoutLine: {'line': b'-- Up-to-date: /home/vboxuser/bumperbot_ws/install/bumperbot_mapping/share/bumperbot_mapping/local_setup.sh\n'}
[4.020169] (bumperbot_mapping) StdoutLine: {'line': b'-- Up-to-date: /home/vboxuser/bumperbot_ws/install/bumperbot_mapping/share/bumperbot_mapping/local_setup.zsh\n'}
[4.020454] (bumperbot_mapping) StdoutLine: {'line': b'-- Up-to-date: /home/vboxuser/bumperbot_ws/install/bumperbot_mapping/share/bumperbot_mapping/local_setup.dsv\n'}
[4.020513] (bumperbot_mapping) StdoutLine: {'line': b'-- Installing: /home/vboxuser/bumperbot_ws/install/bumperbot_mapping/share/bumperbot_mapping/package.dsv\n'}
[4.021125] (bumperbot_mapping) StdoutLine: {'line': b'-- Up-to-date: /home/vboxuser/bumperbot_ws/install/bumperbot_mapping/share/ament_index/resource_index/packages/bumperbot_mapping\n'}
[4.021575] (bumperbot_mapping) StdoutLine: {'line': b'-- Up-to-date: /home/vboxuser/bumperbot_ws/install/bumperbot_mapping/share/bumperbot_mapping/cmake/bumperbot_mappingConfig.cmake\n'}
[4.022078] (bumperbot_mapping) StdoutLine: {'line': b'-- Up-to-date: /home/vboxuser/bumperbot_ws/install/bumperbot_mapping/share/bumperbot_mapping/cmake/bumperbot_mappingConfig-version.cmake\n'}
[4.022144] (bumperbot_mapping) StdoutLine: {'line': b'-- Up-to-date: /home/vboxuser/bumperbot_ws/install/bumperbot_mapping/share/bumperbot_mapping/package.xml\n'}
[4.023412] (bumperbot_mapping) CommandEnded: {'returncode': 0}
[4.042490] (bumperbot_mapping) JobEnded: {'identifier': 'bumperbot_mapping', 'rc': 0}
[4.043013] (bumperbot_utils) JobStarted: {'identifier': 'bumperbot_utils'}
[4.061110] (bumperbot_utils) JobProgress: {'identifier': 'bumperbot_utils', 'progress': 'cmake'}
[4.062928] (bumperbot_utils) JobProgress: {'identifier': 'bumperbot_utils', 'progress': 'build'}
[4.063080] (bumperbot_utils) Command: {'cmd': ['/usr/bin/cmake', '--build', '/home/vboxuser/bumperbot_ws/build/bumperbot_utils', '--', '-j1', '-l1'], 'cwd': '/home/vboxuser/bumperbot_ws/build/bumperbot_utils', 'env': OrderedDict({'GJS_DEBUG_TOPICS': 'JS ERROR;JS LOG', 'XDG_ACTIVATION_TOKEN': 'gnome-shell/Terminator/2065-4-Robotproj_TIME1107825', 'LESSOPEN': '| /usr/bin/lesspipe %s', 'USER': 'vboxuser', 'GZ_CONFIG_PATH': '/opt/ros/jazzy/opt/gz_sim_vendor/share/gz:/opt/ros/jazzy/opt/sdformat_vendor/share/gz:/opt/ros/jazzy/opt/gz_gui_vendor/share/gz:/opt/ros/jazzy/opt/gz_transport_vendor/share/gz:/opt/ros/jazzy/opt/gz_rendering_vendor/share/gz:/opt/ros/jazzy/opt/gz_plugin_vendor/share/gz:/opt/ros/jazzy/opt/gz_fuel_tools_vendor/share/gz:/opt/ros/jazzy/opt/gz_msgs_vendor/share/gz:/opt/ros/jazzy/opt/gz_common_vendor/share/gz', 'XDG_SESSION_TYPE': 'wayland', 'CLUTTER_DISABLE_MIPMAPPED_TEXT': '1', 'SHLVL': '1', 'LD_LIBRARY_PATH': '/opt/ros/jazzy/opt/gz_sim_vendor/lib:/opt/ros/jazzy/opt/gz_sensors_vendor/lib:/opt/ros/jazzy/opt/gz_physics_vendor/lib:/opt/ros/jazzy/opt/sdformat_vendor/lib:/opt/ros/jazzy/opt/rviz_ogre_vendor/lib:/opt/ros/jazzy/lib/x86_64-linux-gnu:/opt/ros/jazzy/opt/gz_gui_vendor/lib:/opt/ros/jazzy/opt/gz_transport_vendor/lib:/opt/ros/jazzy/opt/gz_rendering_vendor/lib:/opt/ros/jazzy/opt/gz_plugin_vendor/lib:/opt/ros/jazzy/opt/gz_fuel_tools_vendor/lib:/opt/ros/jazzy/opt/gz_msgs_vendor/lib:/opt/ros/jazzy/opt/gz_common_vendor/lib:/opt/ros/jazzy/opt/gz_math_vendor/lib:/opt/ros/jazzy/opt/gz_utils_vendor/lib:/opt/ros/jazzy/opt/gz_tools_vendor/lib:/opt/ros/jazzy/opt/gz_ogre_next_vendor/lib:/opt/ros/jazzy/opt/gz_dartsim_vendor/lib:/opt/ros/jazzy/opt/gz_cmake_vendor/lib:/opt/ros/jazzy/lib', 'HOME': '/home/vboxuser', 'OLDPWD': '/home/vboxuser/bumperbot_ws', 'DESKTOP_SESSION': 'ubuntu', 'GIO_LAUNCHED_DESKTOP_FILE': '/usr/share/applications/terminator.desktop', 'ROS_PYTHON_VERSION': '3', 'GNOME_SHELL_SESSION_MODE': 'ubuntu', 'GTK_MODULES': 'gail:atk-bridge', 'MANAGERPID': '1821', 'SYSTEMD_EXEC_PID': '2065', 'GSM_SKIP_SSH_AGENT_WORKAROUND': 'true', 'DBUS_SESSION_BUS_ADDRESS': 'unix:path=/run/user/1000/bus', 'COLORTERM': 'truecolor', 'TERMINATOR_DBUS_NAME': 'net.tenshu.Terminator25ef4b219e3b005583550f2b0f9f990c3', 'GIO_LAUNCHED_DESKTOP_FILE_PID': '5942', 'DEBUGINFOD_URLS': 'https://debuginfod.ubuntu.com', 'IM_CONFIG_PHASE': '1', 'WAYLAND_DISPLAY': 'wayland-0', 'ROS_DISTRO': 'jazzy', 'LOGNAME': 'vboxuser', 'JOURNAL_STREAM': '9:15131', '_': '/usr/bin/colcon', 'ROS_VERSION': '2', 'MEMORY_PRESSURE_WATCH': '/sys/fs/cgroup/user.slice/user-1000.slice/user@1000.service/session.slice/org.gnome.Shell@wayland.service/memory.pressure', 'XDG_SESSION_CLASS': 'user', 'USERNAME': 'vboxuser', 'TERM': 'xterm-256color', 'GNOME_DESKTOP_SESSION_ID': 'this-is-deprecated', 'PATH': '/opt/ros/jazzy/opt/gz_msgs_vendor/bin:/opt/ros/jazzy/opt/gz_tools_vendor/bin:/opt/ros/jazzy/opt/gz_ogre_next_vendor/bin:/opt/ros/jazzy/bin:/home/vboxuser/.local/bin:/usr/local/sbin:/usr/local/bin:/usr/sbin:/usr/bin:/sbin:/bin:/usr/games:/usr/local/games:/snap/bin:/snap/bin', 'SESSION_MANAGER': 'local/Robotproj:@/tmp/.ICE-unix/2021,unix/Robotproj:/tmp/.ICE-unix/2021', 'INVOCATION_ID': '0a4448d9e3fa415eb657cec0bbe459f4', 'XDG_MENU_PREFIX': 'gnome-', 'GNOME_SETUP_DISPLAY': ':1', 'XDG_RUNTIME_DIR': '/run/user/1000', 'DISPLAY': ':0', 'TERMINATOR_DBUS_PATH': '/net/tenshu/Terminator2', 'LANG': 'en_US.UTF-8', 'XDG_CURRENT_DESKTOP': 'ubuntu:GNOME', 'XMODIFIERS': '@im=ibus', 'XDG_SESSION_DESKTOP': 'ubuntu', 'XAUTHORITY': '/run/user/1000/.mutter-Xwaylandauth.N2SBM3', 'LS_COLORS': 'rs=0:di=01;34:ln=01;36:mh=00:pi=40;33:so=01;35:do=01;35:bd=40;33;01:cd=40;33;01:or=40;31;01:mi=00:su=37;41:sg=30;43:ca=00:tw=30;42:ow=34;42:st=37;44:ex=01;32:*.tar=01;31:*.tgz=01;31:*.arc=01;31:*.arj=01;31:*.taz=01;31:*.lha=01;31:*.lz4=01;31:*.lzh=01;31:*.lzma=01;31:*.tlz=01;31:*.txz=01;31:*.tzo=01;31:*.t7z=01;31:*.zip=01;31:*.z=01;31:*.dz=01;31:*.gz=01;31:*.lrz=01;31:*.lz=01;31:*.lzo=01;31:*.xz=01;31:*.zst=01;31:*.tzst=01;31:*.bz2=01;31:*.bz=01;31:*.tbz=01;31:*.tbz2=01;31:*.tz=01;31:*.deb=01;31:*.rpm=01;31:*.jar=01;31:*.war=01;31:*.ear=01;31:*.sar=01;31:*.rar=01;31:*.alz=01;31:*.ace=01;31:*.zoo=01;31:*.cpio=01;31:*.7z=01;31:*.rz=01;31:*.cab=01;31:*.wim=01;31:*.swm=01;31:*.dwm=01;31:*.esd=01;31:*.avif=01;35:*.jpg=01;35:*.jpeg=01;35:*.mjpg=01;35:*.mjpeg=01;35:*.gif=01;35:*.bmp=01;35:*.pbm=01;35:*.pgm=01;35:*.ppm=01;35:*.tga=01;35:*.xbm=01;35:*.xpm=01;35:*.tif=01;35:*.tiff=01;35:*.png=01;35:*.svg=01;35:*.svgz=01;35:*.mng=01;35:*.pcx=01;35:*.mov=01;35:*.mpg=01;35:*.mpeg=01;35:*.m2v=01;35:*.mkv=01;35:*.webm=01;35:*.webp=01;35:*.ogm=01;35:*.mp4=01;35:*.m4v=01;35:*.mp4v=01;35:*.vob=01;35:*.qt=01;35:*.nuv=01;35:*.wmv=01;35:*.asf=01;35:*.rm=01;35:*.rmvb=01;35:*.flc=01;35:*.avi=01;35:*.fli=01;35:*.flv=01;35:*.gl=01;35:*.dl=01;35:*.xcf=01;35:*.xwd=01;35:*.yuv=01;35:*.cgm=01;35:*.emf=01;35:*.ogv=01;35:*.ogx=01;35:*.aac=00;36:*.au=00;36:*.flac=00;36:*.m4a=00;36:*.mid=00;36:*.midi=00;36:*.mka=00;36:*.mp3=00;36:*.mpc=00;36:*.ogg=00;36:*.ra=00;36:*.wav=00;36:*.oga=00;36:*.opus=00;36:*.spx=00;36:*.xspf=00;36:*~=00;90:*#=00;90:*.bak=00;90:*.crdownload=00;90:*.dpkg-dist=00;90:*.dpkg-new=00;90:*.dpkg-old=00;90:*.dpkg-tmp=00;90:*.old=00;90:*.orig=00;90:*.part=00;90:*.rej=00;90:*.rpmnew=00;90:*.rpmorig=00;90:*.rpmsave=00;90:*.swp=00;90:*.tmp=00;90:*.ucf-dist=00;90:*.ucf-new=00;90:*.ucf-old=00;90:', 'SSH_AUTH_SOCK': '/run/user/1000/keyring/ssh', 'AMENT_PREFIX_PATH': '/opt/ros/jazzy', 'SHELL': '/bin/bash', 'TERMINATOR_UUID': 'urn:uuid:275a140c-1165-495c-b537-22585f08cb7b', 'QT_ACCESSIBILITY': '1', 'GDMSESSION': 'ubuntu', 'LESSCLOSE': '/usr/bin/lesspipe %s %s', 'GJS_DEBUG_OUTPUT': 'stderr', 'ROS_AUTOMATIC_DISCOVERY_RANGE': 'SUBNET', 'QT_IM_MODULE': 'ibus', 'PWD': '/home/vboxuser/bumperbot_ws/build/bumperbot_utils', 'LC_ALL': 'en_US.UTF-8', 'XDG_CONFIG_DIRS': '/etc/xdg/xdg-ubuntu:/etc/xdg', 'XDG_DATA_DIRS': '/usr/share/ubuntu:/usr/share/gnome:/usr/local/share/:/usr/share/:/var/lib/snapd/desktop', 'PYTHONPATH': '/opt/ros/jazzy/lib/python3.12/site-packages', 'COLCON': '1', 'MEMORY_PRESSURE_WRITE': 'c29tZSAyMDAwMDAgMjAwMDAwMAA=', 'VTE_VERSION': '7600', 'CMAKE_PREFIX_PATH': '/opt/ros/jazzy/opt/gz_sim_vendor:/opt/ros/jazzy/opt/gz_sensors_vendor:/opt/ros/jazzy/opt/gz_physics_vendor:/opt/ros/jazzy/opt/sdformat_vendor:/opt/ros/jazzy/opt/gz_gui_vendor:/opt/ros/jazzy/opt/gz_transport_vendor:/opt/ros/jazzy/opt/gz_rendering_vendor:/opt/ros/jazzy/opt/gz_plugin_vendor:/opt/ros/jazzy/opt/gz_fuel_tools_vendor:/opt/ros/jazzy/opt/gz_msgs_vendor:/opt/ros/jazzy/opt/gz_common_vendor:/opt/ros/jazzy/opt/gz_math_vendor:/opt/ros/jazzy/opt/gz_utils_vendor:/opt/ros/jazzy/opt/gz_tools_vendor:/opt/ros/jazzy/opt/gz_ogre_next_vendor:/opt/ros/jazzy/opt/gz_dartsim_vendor:/opt/ros/jazzy/opt/gz_cmake_vendor:/opt/ros/jazzy'}), 'shell': False}
[4.069404] (-) TimerEvent: {}
[4.155461] (bumperbot_utils) StdoutLine: {'line': b'[100%] Built target safety_stop\n'}
[4.169517] (-) TimerEvent: {}
[4.199284] (bumperbot_utils) StdoutLine: {'line': b'[100%] Built target ament_cmake_python_copy_bumperbot_utils\n'}
[4.277358] (-) TimerEvent: {}
[4.371180] (bumperbot_utils) StdoutLine: {'line': b'running egg_info\n'}
[4.380693] (-) TimerEvent: {}
[4.391908] (bumperbot_utils) StdoutLine: {'line': b'writing bumperbot_utils.egg-info/PKG-INFO\n'}
[4.392109] (bumperbot_utils) StdoutLine: {'line': b'writing dependency_links to bumperbot_utils.egg-info/dependency_links.txt\n'}
[4.392652] (bumperbot_utils) StdoutLine: {'line': b'writing top-level names to bumperbot_utils.egg-info/top_level.txt\n'}
[4.439858] (bumperbot_utils) StdoutLine: {'line': b"reading manifest file 'bumperbot_utils.egg-info/SOURCES.txt'\n"}
[4.440822] (bumperbot_utils) StdoutLine: {'line': b"writing manifest file 'bumperbot_utils.egg-info/SOURCES.txt'\n"}
[4.462793] (bumperbot_utils) StdoutLine: {'line': b'[100%] Built target ament_cmake_python_build_bumperbot_utils_egg\n'}
[4.472622] (bumperbot_utils) CommandEnded: {'returncode': 0}
[4.476377] (bumperbot_utils) JobProgress: {'identifier': 'bumperbot_utils', 'progress': 'install'}
[4.476412] (bumperbot_utils) Command: {'cmd': ['/usr/bin/cmake', '--install', '/home/vboxuser/bumperbot_ws/build/bumperbot_utils'], 'cwd': '/home/vboxuser/bumperbot_ws/build/bumperbot_utils', 'env': OrderedDict({'GJS_DEBUG_TOPICS': 'JS ERROR;JS LOG', 'XDG_ACTIVATION_TOKEN': 'gnome-shell/Terminator/2065-4-Robotproj_TIME1107825', 'LESSOPEN': '| /usr/bin/lesspipe %s', 'USER': 'vboxuser', 'GZ_CONFIG_PATH': '/opt/ros/jazzy/opt/gz_sim_vendor/share/gz:/opt/ros/jazzy/opt/sdformat_vendor/share/gz:/opt/ros/jazzy/opt/gz_gui_vendor/share/gz:/opt/ros/jazzy/opt/gz_transport_vendor/share/gz:/opt/ros/jazzy/opt/gz_rendering_vendor/share/gz:/opt/ros/jazzy/opt/gz_plugin_vendor/share/gz:/opt/ros/jazzy/opt/gz_fuel_tools_vendor/share/gz:/opt/ros/jazzy/opt/gz_msgs_vendor/share/gz:/opt/ros/jazzy/opt/gz_common_vendor/share/gz', 'XDG_SESSION_TYPE': 'wayland', 'CLUTTER_DISABLE_MIPMAPPED_TEXT': '1', 'SHLVL': '1', 'LD_LIBRARY_PATH': '/opt/ros/jazzy/opt/gz_sim_vendor/lib:/opt/ros/jazzy/opt/gz_sensors_vendor/lib:/opt/ros/jazzy/opt/gz_physics_vendor/lib:/opt/ros/jazzy/opt/sdformat_vendor/lib:/opt/ros/jazzy/opt/rviz_ogre_vendor/lib:/opt/ros/jazzy/lib/x86_64-linux-gnu:/opt/ros/jazzy/opt/gz_gui_vendor/lib:/opt/ros/jazzy/opt/gz_transport_vendor/lib:/opt/ros/jazzy/opt/gz_rendering_vendor/lib:/opt/ros/jazzy/opt/gz_plugin_vendor/lib:/opt/ros/jazzy/opt/gz_fuel_tools_vendor/lib:/opt/ros/jazzy/opt/gz_msgs_vendor/lib:/opt/ros/jazzy/opt/gz_common_vendor/lib:/opt/ros/jazzy/opt/gz_math_vendor/lib:/opt/ros/jazzy/opt/gz_utils_vendor/lib:/opt/ros/jazzy/opt/gz_tools_vendor/lib:/opt/ros/jazzy/opt/gz_ogre_next_vendor/lib:/opt/ros/jazzy/opt/gz_dartsim_vendor/lib:/opt/ros/jazzy/opt/gz_cmake_vendor/lib:/opt/ros/jazzy/lib', 'HOME': '/home/vboxuser', 'OLDPWD': '/home/vboxuser/bumperbot_ws', 'DESKTOP_SESSION': 'ubuntu', 'GIO_LAUNCHED_DESKTOP_FILE': '/usr/share/applications/terminator.desktop', 'ROS_PYTHON_VERSION': '3', 'GNOME_SHELL_SESSION_MODE': 'ubuntu', 'GTK_MODULES': 'gail:atk-bridge', 'MANAGERPID': '1821', 'SYSTEMD_EXEC_PID': '2065', 'GSM_SKIP_SSH_AGENT_WORKAROUND': 'true', 'DBUS_SESSION_BUS_ADDRESS': 'unix:path=/run/user/1000/bus', 'COLORTERM': 'truecolor', 'TERMINATOR_DBUS_NAME': 'net.tenshu.Terminator25ef4b219e3b005583550f2b0f9f990c3', 'GIO_LAUNCHED_DESKTOP_FILE_PID': '5942', 'DEBUGINFOD_URLS': 'https://debuginfod.ubuntu.com', 'IM_CONFIG_PHASE': '1', 'WAYLAND_DISPLAY': 'wayland-0', 'ROS_DISTRO': 'jazzy', 'LOGNAME': 'vboxuser', 'JOURNAL_STREAM': '9:15131', '_': '/usr/bin/colcon', 'ROS_VERSION': '2', 'MEMORY_PRESSURE_WATCH': '/sys/fs/cgroup/user.slice/user-1000.slice/user@1000.service/session.slice/org.gnome.Shell@wayland.service/memory.pressure', 'XDG_SESSION_CLASS': 'user', 'USERNAME': 'vboxuser', 'TERM': 'xterm-256color', 'GNOME_DESKTOP_SESSION_ID': 'this-is-deprecated', 'PATH': '/opt/ros/jazzy/opt/gz_msgs_vendor/bin:/opt/ros/jazzy/opt/gz_tools_vendor/bin:/opt/ros/jazzy/opt/gz_ogre_next_vendor/bin:/opt/ros/jazzy/bin:/home/vboxuser/.local/bin:/usr/local/sbin:/usr/local/bin:/usr/sbin:/usr/bin:/sbin:/bin:/usr/games:/usr/local/games:/snap/bin:/snap/bin', 'SESSION_MANAGER': 'local/Robotproj:@/tmp/.ICE-unix/2021,unix/Robotproj:/tmp/.ICE-unix/2021', 'INVOCATION_ID': '0a4448d9e3fa415eb657cec0bbe459f4', 'XDG_MENU_PREFIX': 'gnome-', 'GNOME_SETUP_DISPLAY': ':1', 'XDG_RUNTIME_DIR': '/run/user/1000', 'DISPLAY': ':0', 'TERMINATOR_DBUS_PATH': '/net/tenshu/Terminator2', 'LANG': 'en_US.UTF-8', 'XDG_CURRENT_DESKTOP': 'ubuntu:GNOME', 'XMODIFIERS': '@im=ibus', 'XDG_SESSION_DESKTOP': 'ubuntu', 'XAUTHORITY': '/run/user/1000/.mutter-Xwaylandauth.N2SBM3', 'LS_COLORS': 'rs=0:di=01;34:ln=01;36:mh=00:pi=40;33:so=01;35:do=01;35:bd=40;33;01:cd=40;33;01:or=40;31;01:mi=00:su=37;41:sg=30;43:ca=00:tw=30;42:ow=34;42:st=37;44:ex=01;32:*.tar=01;31:*.tgz=01;31:*.arc=01;31:*.arj=01;31:*.taz=01;31:*.lha=01;31:*.lz4=01;31:*.lzh=01;31:*.lzma=01;31:*.tlz=01;31:*.txz=01;31:*.tzo=01;31:*.t7z=01;31:*.zip=01;31:*.z=01;31:*.dz=01;31:*.gz=01;31:*.lrz=01;31:*.lz=01;31:*.lzo=01;31:*.xz=01;31:*.zst=01;31:*.tzst=01;31:*.bz2=01;31:*.bz=01;31:*.tbz=01;31:*.tbz2=01;31:*.tz=01;31:*.deb=01;31:*.rpm=01;31:*.jar=01;31:*.war=01;31:*.ear=01;31:*.sar=01;31:*.rar=01;31:*.alz=01;31:*.ace=01;31:*.zoo=01;31:*.cpio=01;31:*.7z=01;31:*.rz=01;31:*.cab=01;31:*.wim=01;31:*.swm=01;31:*.dwm=01;31:*.esd=01;31:*.avif=01;35:*.jpg=01;35:*.jpeg=01;35:*.mjpg=01;35:*.mjpeg=01;35:*.gif=01;35:*.bmp=01;35:*.pbm=01;35:*.pgm=01;35:*.ppm=01;35:*.tga=01;35:*.xbm=01;35:*.xpm=01;35:*.tif=01;35:*.tiff=01;35:*.png=01;35:*.svg=01;35:*.svgz=01;35:*.mng=01;35:*.pcx=01;35:*.mov=01;35:*.mpg=01;35:*.mpeg=01;35:*.m2v=01;35:*.mkv=01;35:*.webm=01;35:*.webp=01;35:*.ogm=01;35:*.mp4=01;35:*.m4v=01;35:*.mp4v=01;35:*.vob=01;35:*.qt=01;35:*.nuv=01;35:*.wmv=01;35:*.asf=01;35:*.rm=01;35:*.rmvb=01;35:*.flc=01;35:*.avi=01;35:*.fli=01;35:*.flv=01;35:*.gl=01;35:*.dl=01;35:*.xcf=01;35:*.xwd=01;35:*.yuv=01;35:*.cgm=01;35:*.emf=01;35:*.ogv=01;35:*.ogx=01;35:*.aac=00;36:*.au=00;36:*.flac=00;36:*.m4a=00;36:*.mid=00;36:*.midi=00;36:*.mka=00;36:*.mp3=00;36:*.mpc=00;36:*.ogg=00;36:*.ra=00;36:*.wav=00;36:*.oga=00;36:*.opus=00;36:*.spx=00;36:*.xspf=00;36:*~=00;90:*#=00;90:*.bak=00;90:*.crdownload=00;90:*.dpkg-dist=00;90:*.dpkg-new=00;90:*.dpkg-old=00;90:*.dpkg-tmp=00;90:*.old=00;90:*.orig=00;90:*.part=00;90:*.rej=00;90:*.rpmnew=00;90:*.rpmorig=00;90:*.rpmsave=00;90:*.swp=00;90:*.tmp=00;90:*.ucf-dist=00;90:*.ucf-new=00;90:*.ucf-old=00;90:', 'SSH_AUTH_SOCK': '/run/user/1000/keyring/ssh', 'AMENT_PREFIX_PATH': '/opt/ros/jazzy', 'SHELL': '/bin/bash', 'TERMINATOR_UUID': 'urn:uuid:275a140c-1165-495c-b537-22585f08cb7b', 'QT_ACCESSIBILITY': '1', 'GDMSESSION': 'ubuntu', 'LESSCLOSE': '/usr/bin/lesspipe %s %s', 'GJS_DEBUG_OUTPUT': 'stderr', 'ROS_AUTOMATIC_DISCOVERY_RANGE': 'SUBNET', 'QT_IM_MODULE': 'ibus', 'PWD': '/home/vboxuser/bumperbot_ws/build/bumperbot_utils', 'LC_ALL': 'en_US.UTF-8', 'XDG_CONFIG_DIRS': '/etc/xdg/xdg-ubuntu:/etc/xdg', 'XDG_DATA_DIRS': '/usr/share/ubuntu:/usr/share/gnome:/usr/local/share/:/usr/share/:/var/lib/snapd/desktop', 'PYTHONPATH': '/opt/ros/jazzy/lib/python3.12/site-packages', 'COLCON': '1', 'MEMORY_PRESSURE_WRITE': 'c29tZSAyMDAwMDAgMjAwMDAwMAA=', 'VTE_VERSION': '7600', 'CMAKE_PREFIX_PATH': '/opt/ros/jazzy/opt/gz_sim_vendor:/opt/ros/jazzy/opt/gz_sensors_vendor:/opt/ros/jazzy/opt/gz_physics_vendor:/opt/ros/jazzy/opt/sdformat_vendor:/opt/ros/jazzy/opt/gz_gui_vendor:/opt/ros/jazzy/opt/gz_transport_vendor:/opt/ros/jazzy/opt/gz_rendering_vendor:/opt/ros/jazzy/opt/gz_plugin_vendor:/opt/ros/jazzy/opt/gz_fuel_tools_vendor:/opt/ros/jazzy/opt/gz_msgs_vendor:/opt/ros/jazzy/opt/gz_common_vendor:/opt/ros/jazzy/opt/gz_math_vendor:/opt/ros/jazzy/opt/gz_utils_vendor:/opt/ros/jazzy/opt/gz_tools_vendor:/opt/ros/jazzy/opt/gz_ogre_next_vendor:/opt/ros/jazzy/opt/gz_dartsim_vendor:/opt/ros/jazzy/opt/gz_cmake_vendor:/opt/ros/jazzy'}), 'shell': False}
[4.481454] (-) TimerEvent: {}
[4.494639] (bumperbot_utils) StdoutLine: {'line': b'-- Install configuration: ""\n'}
[4.495712] (bumperbot_utils) StdoutLine: {'line': b'-- Up-to-date: /home/vboxuser/bumperbot_ws/install/bumperbot_utils/share/bumperbot_utils/environment/pythonpath.sh\n'}
[4.503641] (bumperbot_utils) StdoutLine: {'line': b'-- Up-to-date: /home/vboxuser/bumperbot_ws/install/bumperbot_utils/share/bumperbot_utils/environment/pythonpath.dsv\n'}
[4.504730] (bumperbot_utils) StdoutLine: {'line': b'-- Up-to-date: /home/vboxuser/bumperbot_ws/install/bumperbot_utils/lib/python3.12/site-packages/bumperbot_utils-0.0.0-py3.12.egg-info\n'}
[4.504838] (bumperbot_utils) StdoutLine: {'line': b'-- Installing: /home/vboxuser/bumperbot_ws/install/bumperbot_utils/lib/python3.12/site-packages/bumperbot_utils-0.0.0-py3.12.egg-info/dependency_links.txt\n'}
[4.505042] (bumperbot_utils) StdoutLine: {'line': b'-- Installing: /home/vboxuser/bumperbot_ws/install/bumperbot_utils/lib/python3.12/site-packages/bumperbot_utils-0.0.0-py3.12.egg-info/PKG-INFO\n'}
[4.505188] (bumperbot_utils) StdoutLine: {'line': b'-- Installing: /home/vboxuser/bumperbot_ws/install/bumperbot_utils/lib/python3.12/site-packages/bumperbot_utils-0.0.0-py3.12.egg-info/SOURCES.txt\n'}
[4.505337] (bumperbot_utils) StdoutLine: {'line': b'-- Installing: /home/vboxuser/bumperbot_ws/install/bumperbot_utils/lib/python3.12/site-packages/bumperbot_utils-0.0.0-py3.12.egg-info/top_level.txt\n'}
[4.505536] (bumperbot_utils) StdoutLine: {'line': b'-- Up-to-date: /home/vboxuser/bumperbot_ws/install/bumperbot_utils/lib/python3.12/site-packages/bumperbot_utils\n'}
[4.506429] (bumperbot_utils) StdoutLine: {'line': b'-- Up-to-date: /home/vboxuser/bumperbot_ws/install/bumperbot_utils/lib/python3.12/site-packages/bumperbot_utils/safety_stop.py\n'}
[4.507418] (bumperbot_utils) StdoutLine: {'line': b'-- Up-to-date: /home/vboxuser/bumperbot_ws/install/bumperbot_utils/lib/python3.12/site-packages/bumperbot_utils/__init__.py\n'}
[4.534057] (bumperbot_utils) StdoutLine: {'line': b"Listing '/home/vboxuser/bumperbot_ws/install/bumperbot_utils/lib/python3.12/site-packages/bumperbot_utils'...\n"}
[4.539829] (bumperbot_utils) StdoutLine: {'line': b'-- Up-to-date: /home/vboxuser/bumperbot_ws/install/bumperbot_utils/lib/bumperbot_utils/safety_stop\n'}
[4.540182] (bumperbot_utils) StdoutLine: {'line': b'-- Up-to-date: /home/vboxuser/bumperbot_ws/install/bumperbot_utils/lib/bumperbot_utils/safety_stop.py\n'}
[4.541130] (bumperbot_utils) StdoutLine: {'line': b'-- Up-to-date: /home/vboxuser/bumperbot_ws/install/bumperbot_utils/share/ament_index/resource_index/package_run_dependencies/bumperbot_utils\n'}
[4.541647] (bumperbot_utils) StdoutLine: {'line': b'-- Up-to-date: /home/vboxuser/bumperbot_ws/install/bumperbot_utils/share/ament_index/resource_index/parent_prefix_path/bumperbot_utils\n'}
[4.541732] (bumperbot_utils) StdoutLine: {'line': b'-- Up-to-date: /home/vboxuser/bumperbot_ws/install/bumperbot_utils/share/bumperbot_utils/environment/ament_prefix_path.sh\n'}
[4.541856] (bumperbot_utils) StdoutLine: {'line': b'-- Up-to-date: /home/vboxuser/bumperbot_ws/install/bumperbot_utils/share/bumperbot_utils/environment/ament_prefix_path.dsv\n'}
[4.541940] (bumperbot_utils) StdoutLine: {'line': b'-- Up-to-date: /home/vboxuser/bumperbot_ws/install/bumperbot_utils/share/bumperbot_utils/environment/path.sh\n'}
[4.542091] (bumperbot_utils) StdoutLine: {'line': b'-- Up-to-date: /home/vboxuser/bumperbot_ws/install/bumperbot_utils/share/bumperbot_utils/environment/path.dsv\n'}
[4.542219] (bumperbot_utils) StdoutLine: {'line': b'-- Up-to-date: /home/vboxuser/bumperbot_ws/install/bumperbot_utils/share/bumperbot_utils/local_setup.bash\n'}
[4.542259] (bumperbot_utils) StdoutLine: {'line': b'-- Up-to-date: /home/vboxuser/bumperbot_ws/install/bumperbot_utils/share/bumperbot_utils/local_setup.sh\n'}
[4.542591] (bumperbot_utils) StdoutLine: {'line': b'-- Up-to-date: /home/vboxuser/bumperbot_ws/install/bumperbot_utils/share/bumperbot_utils/local_setup.zsh\n'}
[4.542815] (bumperbot_utils) StdoutLine: {'line': b'-- Up-to-date: /home/vboxuser/bumperbot_ws/install/bumperbot_utils/share/bumperbot_utils/local_setup.dsv\n'}
[4.542865] (bumperbot_utils) StdoutLine: {'line': b'-- Installing: /home/vboxuser/bumperbot_ws/install/bumperbot_utils/share/bumperbot_utils/package.dsv\n'}
[4.543423] (bumperbot_utils) StdoutLine: {'line': b'-- Up-to-date: /home/vboxuser/bumperbot_ws/install/bumperbot_utils/share/ament_index/resource_index/packages/bumperbot_utils\n'}
[4.543898] (bumperbot_utils) StdoutLine: {'line': b'-- Up-to-date: /home/vboxuser/bumperbot_ws/install/bumperbot_utils/share/bumperbot_utils/cmake/bumperbot_utilsConfig.cmake\n'}
[4.544480] (bumperbot_utils) StdoutLine: {'line': b'-- Up-to-date: /home/vboxuser/bumperbot_ws/install/bumperbot_utils/share/bumperbot_utils/cmake/bumperbot_utilsConfig-version.cmake\n'}
[4.544547] (bumperbot_utils) StdoutLine: {'line': b'-- Up-to-date: /home/vboxuser/bumperbot_ws/install/bumperbot_utils/share/bumperbot_utils/package.xml\n'}
[4.545863] (bumperbot_utils) CommandEnded: {'returncode': 0}
[4.562503] (bumperbot_utils) JobEnded: {'identifier': 'bumperbot_utils', 'rc': 0}
[4.574686] (bumperbot_bringup) JobStarted: {'identifier': 'bumperbot_bringup'}
[4.586572] (-) TimerEvent: {}
[4.625004] (bumperbot_bringup) JobProgress: {'identifier': 'bumperbot_bringup', 'progress': 'cmake'}
[4.626795] (bumperbot_bringup) JobProgress: {'identifier': 'bumperbot_bringup', 'progress': 'build'}
[4.626933] (bumperbot_bringup) Command: {'cmd': ['/usr/bin/cmake', '--build', '/home/vboxuser/bumperbot_ws/build/bumperbot_bringup', '--', '-j1', '-l1'], 'cwd': '/home/vboxuser/bumperbot_ws/build/bumperbot_bringup', 'env': OrderedDict({'GJS_DEBUG_TOPICS': 'JS ERROR;JS LOG', 'XDG_ACTIVATION_TOKEN': 'gnome-shell/Terminator/2065-4-Robotproj_TIME1107825', 'LESSOPEN': '| /usr/bin/lesspipe %s', 'USER': 'vboxuser', 'GZ_CONFIG_PATH': '/opt/ros/jazzy/opt/gz_sim_vendor/share/gz:/opt/ros/jazzy/opt/sdformat_vendor/share/gz:/opt/ros/jazzy/opt/gz_gui_vendor/share/gz:/opt/ros/jazzy/opt/gz_transport_vendor/share/gz:/opt/ros/jazzy/opt/gz_rendering_vendor/share/gz:/opt/ros/jazzy/opt/gz_plugin_vendor/share/gz:/opt/ros/jazzy/opt/gz_fuel_tools_vendor/share/gz:/opt/ros/jazzy/opt/gz_msgs_vendor/share/gz:/opt/ros/jazzy/opt/gz_common_vendor/share/gz', 'XDG_SESSION_TYPE': 'wayland', 'CLUTTER_DISABLE_MIPMAPPED_TEXT': '1', 'SHLVL': '1', 'LD_LIBRARY_PATH': '/home/vboxuser/bumperbot_ws/install/bumperbot_firmware/lib:/opt/ros/jazzy/opt/gz_sim_vendor/lib:/opt/ros/jazzy/opt/gz_sensors_vendor/lib:/opt/ros/jazzy/opt/gz_physics_vendor/lib:/opt/ros/jazzy/opt/sdformat_vendor/lib:/opt/ros/jazzy/opt/rviz_ogre_vendor/lib:/opt/ros/jazzy/lib/x86_64-linux-gnu:/opt/ros/jazzy/opt/gz_gui_vendor/lib:/opt/ros/jazzy/opt/gz_transport_vendor/lib:/opt/ros/jazzy/opt/gz_rendering_vendor/lib:/opt/ros/jazzy/opt/gz_plugin_vendor/lib:/opt/ros/jazzy/opt/gz_fuel_tools_vendor/lib:/opt/ros/jazzy/opt/gz_msgs_vendor/lib:/opt/ros/jazzy/opt/gz_common_vendor/lib:/opt/ros/jazzy/opt/gz_math_vendor/lib:/opt/ros/jazzy/opt/gz_utils_vendor/lib:/opt/ros/jazzy/opt/gz_tools_vendor/lib:/opt/ros/jazzy/opt/gz_ogre_next_vendor/lib:/opt/ros/jazzy/opt/gz_dartsim_vendor/lib:/opt/ros/jazzy/opt/gz_cmake_vendor/lib:/opt/ros/jazzy/lib', 'HOME': '/home/vboxuser', 'OLDPWD': '/home/vboxuser/bumperbot_ws', 'DESKTOP_SESSION': 'ubuntu', 'GIO_LAUNCHED_DESKTOP_FILE': '/usr/share/applications/terminator.desktop', 'ROS_PYTHON_VERSION': '3', 'GNOME_SHELL_SESSION_MODE': 'ubuntu', 'GTK_MODULES': 'gail:atk-bridge', 'MANAGERPID': '1821', 'SYSTEMD_EXEC_PID': '2065', 'GSM_SKIP_SSH_AGENT_WORKAROUND': 'true', 'DBUS_SESSION_BUS_ADDRESS': 'unix:path=/run/user/1000/bus', 'COLORTERM': 'truecolor', 'TERMINATOR_DBUS_NAME': 'net.tenshu.Terminator25ef4b219e3b005583550f2b0f9f990c3', 'GIO_LAUNCHED_DESKTOP_FILE_PID': '5942', 'DEBUGINFOD_URLS': 'https://debuginfod.ubuntu.com', 'IM_CONFIG_PHASE': '1', 'WAYLAND_DISPLAY': 'wayland-0', 'ROS_DISTRO': 'jazzy', 'LOGNAME': 'vboxuser', 'JOURNAL_STREAM': '9:15131', '_': '/usr/bin/colcon', 'ROS_VERSION': '2', 'MEMORY_PRESSURE_WATCH': '/sys/fs/cgroup/user.slice/user-1000.slice/user@1000.service/session.slice/org.gnome.Shell@wayland.service/memory.pressure', 'XDG_SESSION_CLASS': 'user', 'USERNAME': 'vboxuser', 'TERM': 'xterm-256color', 'GNOME_DESKTOP_SESSION_ID': 'this-is-deprecated', 'PATH': '/home/vboxuser/bumperbot_ws/install/bumperbot_localization/bin:/opt/ros/jazzy/opt/gz_msgs_vendor/bin:/opt/ros/jazzy/opt/gz_tools_vendor/bin:/opt/ros/jazzy/opt/gz_ogre_next_vendor/bin:/opt/ros/jazzy/bin:/home/vboxuser/.local/bin:/usr/local/sbin:/usr/local/bin:/usr/sbin:/usr/bin:/sbin:/bin:/usr/games:/usr/local/games:/snap/bin:/snap/bin', 'SESSION_MANAGER': 'local/Robotproj:@/tmp/.ICE-unix/2021,unix/Robotproj:/tmp/.ICE-unix/2021', 'INVOCATION_ID': '0a4448d9e3fa415eb657cec0bbe459f4', 'XDG_MENU_PREFIX': 'gnome-', 'GNOME_SETUP_DISPLAY': ':1', 'XDG_RUNTIME_DIR': '/run/user/1000', 'DISPLAY': ':0', 'TERMINATOR_DBUS_PATH': '/net/tenshu/Terminator2', 'LANG': 'en_US.UTF-8', 'XDG_CURRENT_DESKTOP': 'ubuntu:GNOME', 'XMODIFIERS': '@im=ibus', 'XDG_SESSION_DESKTOP': 'ubuntu', 'XAUTHORITY': '/run/user/1000/.mutter-Xwaylandauth.N2SBM3', 'LS_COLORS': 'rs=0:di=01;34:ln=01;36:mh=00:pi=40;33:so=01;35:do=01;35:bd=40;33;01:cd=40;33;01:or=40;31;01:mi=00:su=37;41:sg=30;43:ca=00:tw=30;42:ow=34;42:st=37;44:ex=01;32:*.tar=01;31:*.tgz=01;31:*.arc=01;31:*.arj=01;31:*.taz=01;31:*.lha=01;31:*.lz4=01;31:*.lzh=01;31:*.lzma=01;31:*.tlz=01;31:*.txz=01;31:*.tzo=01;31:*.t7z=01;31:*.zip=01;31:*.z=01;31:*.dz=01;31:*.gz=01;31:*.lrz=01;31:*.lz=01;31:*.lzo=01;31:*.xz=01;31:*.zst=01;31:*.tzst=01;31:*.bz2=01;31:*.bz=01;31:*.tbz=01;31:*.tbz2=01;31:*.tz=01;31:*.deb=01;31:*.rpm=01;31:*.jar=01;31:*.war=01;31:*.ear=01;31:*.sar=01;31:*.rar=01;31:*.alz=01;31:*.ace=01;31:*.zoo=01;31:*.cpio=01;31:*.7z=01;31:*.rz=01;31:*.cab=01;31:*.wim=01;31:*.swm=01;31:*.dwm=01;31:*.esd=01;31:*.avif=01;35:*.jpg=01;35:*.jpeg=01;35:*.mjpg=01;35:*.mjpeg=01;35:*.gif=01;35:*.bmp=01;35:*.pbm=01;35:*.pgm=01;35:*.ppm=01;35:*.tga=01;35:*.xbm=01;35:*.xpm=01;35:*.tif=01;35:*.tiff=01;35:*.png=01;35:*.svg=01;35:*.svgz=01;35:*.mng=01;35:*.pcx=01;35:*.mov=01;35:*.mpg=01;35:*.mpeg=01;35:*.m2v=01;35:*.mkv=01;35:*.webm=01;35:*.webp=01;35:*.ogm=01;35:*.mp4=01;35:*.m4v=01;35:*.mp4v=01;35:*.vob=01;35:*.qt=01;35:*.nuv=01;35:*.wmv=01;35:*.asf=01;35:*.rm=01;35:*.rmvb=01;35:*.flc=01;35:*.avi=01;35:*.fli=01;35:*.flv=01;35:*.gl=01;35:*.dl=01;35:*.xcf=01;35:*.xwd=01;35:*.yuv=01;35:*.cgm=01;35:*.emf=01;35:*.ogv=01;35:*.ogx=01;35:*.aac=00;36:*.au=00;36:*.flac=00;36:*.m4a=00;36:*.mid=00;36:*.midi=00;36:*.mka=00;36:*.mp3=00;36:*.mpc=00;36:*.ogg=00;36:*.ra=00;36:*.wav=00;36:*.oga=00;36:*.opus=00;36:*.spx=00;36:*.xspf=00;36:*~=00;90:*#=00;90:*.bak=00;90:*.crdownload=00;90:*.dpkg-dist=00;90:*.dpkg-new=00;90:*.dpkg-old=00;90:*.dpkg-tmp=00;90:*.old=00;90:*.orig=00;90:*.part=00;90:*.rej=00;90:*.rpmnew=00;90:*.rpmorig=00;90:*.rpmsave=00;90:*.swp=00;90:*.tmp=00;90:*.ucf-dist=00;90:*.ucf-new=00;90:*.ucf-old=00;90:', 'SSH_AUTH_SOCK': '/run/user/1000/keyring/ssh', 'AMENT_PREFIX_PATH': '/home/vboxuser/bumperbot_ws/install/bumperbot_mapping:/home/vboxuser/bumperbot_ws/install/bumperbot_localization:/home/vboxuser/bumperbot_ws/install/bumperbot_firmware:/home/vboxuser/bumperbot_ws/install/bumperbot_description:/home/vboxuser/bumperbot_ws/install/bumperbot_controller:/opt/ros/jazzy', 'SHELL': '/bin/bash', 'TERMINATOR_UUID': 'urn:uuid:275a140c-1165-495c-b537-22585f08cb7b', 'QT_ACCESSIBILITY': '1', 'GDMSESSION': 'ubuntu', 'LESSCLOSE': '/usr/bin/lesspipe %s %s', 'GJS_DEBUG_OUTPUT': 'stderr', 'ROS_AUTOMATIC_DISCOVERY_RANGE': 'SUBNET', 'QT_IM_MODULE': 'ibus', 'PWD': '/home/vboxuser/bumperbot_ws/build/bumperbot_bringup', 'LC_ALL': 'en_US.UTF-8', 'XDG_CONFIG_DIRS': '/etc/xdg/xdg-ubuntu:/etc/xdg', 'XDG_DATA_DIRS': '/usr/share/ubuntu:/usr/share/gnome:/usr/local/share/:/usr/share/:/var/lib/snapd/desktop', 'PYTHONPATH': '/home/vboxuser/bumperbot_ws/install/bumperbot_mapping/lib/python3.12/site-packages:/home/vboxuser/bumperbot_ws/install/bumperbot_localization/lib/python3.12/site-packages:/home/vboxuser/bumperbot_ws/install/bumperbot_firmware/lib/python3.12/site-packages:/home/vboxuser/bumperbot_ws/install/bumperbot_controller/lib/python3.12/site-packages:/opt/ros/jazzy/lib/python3.12/site-packages', 'COLCON': '1', 'MEMORY_PRESSURE_WRITE': 'c29tZSAyMDAwMDAgMjAwMDAwMAA=', 'VTE_VERSION': '7600', 'CMAKE_PREFIX_PATH': '/home/vboxuser/bumperbot_ws/install/bumperbot_mapping:/home/vboxuser/bumperbot_ws/install/bumperbot_localization:/home/vboxuser/bumperbot_ws/install/bumperbot_firmware:/home/vboxuser/bumperbot_ws/install/bumperbot_description:/home/vboxuser/bumperbot_ws/install/bumperbot_controller:/opt/ros/jazzy/opt/gz_sim_vendor:/opt/ros/jazzy/opt/gz_sensors_vendor:/opt/ros/jazzy/opt/gz_physics_vendor:/opt/ros/jazzy/opt/sdformat_vendor:/opt/ros/jazzy/opt/gz_gui_vendor:/opt/ros/jazzy/opt/gz_transport_vendor:/opt/ros/jazzy/opt/gz_rendering_vendor:/opt/ros/jazzy/opt/gz_plugin_vendor:/opt/ros/jazzy/opt/gz_fuel_tools_vendor:/opt/ros/jazzy/opt/gz_msgs_vendor:/opt/ros/jazzy/opt/gz_common_vendor:/opt/ros/jazzy/opt/gz_math_vendor:/opt/ros/jazzy/opt/gz_utils_vendor:/opt/ros/jazzy/opt/gz_tools_vendor:/opt/ros/jazzy/opt/gz_ogre_next_vendor:/opt/ros/jazzy/opt/gz_dartsim_vendor:/opt/ros/jazzy/opt/gz_cmake_vendor:/opt/ros/jazzy'}), 'shell': False}
[4.677324] (bumperbot_bringup) CommandEnded: {'returncode': 0}
[4.681549] (bumperbot_bringup) JobProgress: {'identifier': 'bumperbot_bringup', 'progress': 'install'}
[4.681582] (bumperbot_bringup) Command: {'cmd': ['/usr/bin/cmake', '--install', '/home/vboxuser/bumperbot_ws/build/bumperbot_bringup'], 'cwd': '/home/vboxuser/bumperbot_ws/build/bumperbot_bringup', 'env': OrderedDict({'GJS_DEBUG_TOPICS': 'JS ERROR;JS LOG', 'XDG_ACTIVATION_TOKEN': 'gnome-shell/Terminator/2065-4-Robotproj_TIME1107825', 'LESSOPEN': '| /usr/bin/lesspipe %s', 'USER': 'vboxuser', 'GZ_CONFIG_PATH': '/opt/ros/jazzy/opt/gz_sim_vendor/share/gz:/opt/ros/jazzy/opt/sdformat_vendor/share/gz:/opt/ros/jazzy/opt/gz_gui_vendor/share/gz:/opt/ros/jazzy/opt/gz_transport_vendor/share/gz:/opt/ros/jazzy/opt/gz_rendering_vendor/share/gz:/opt/ros/jazzy/opt/gz_plugin_vendor/share/gz:/opt/ros/jazzy/opt/gz_fuel_tools_vendor/share/gz:/opt/ros/jazzy/opt/gz_msgs_vendor/share/gz:/opt/ros/jazzy/opt/gz_common_vendor/share/gz', 'XDG_SESSION_TYPE': 'wayland', 'CLUTTER_DISABLE_MIPMAPPED_TEXT': '1', 'SHLVL': '1', 'LD_LIBRARY_PATH': '/home/vboxuser/bumperbot_ws/install/bumperbot_firmware/lib:/opt/ros/jazzy/opt/gz_sim_vendor/lib:/opt/ros/jazzy/opt/gz_sensors_vendor/lib:/opt/ros/jazzy/opt/gz_physics_vendor/lib:/opt/ros/jazzy/opt/sdformat_vendor/lib:/opt/ros/jazzy/opt/rviz_ogre_vendor/lib:/opt/ros/jazzy/lib/x86_64-linux-gnu:/opt/ros/jazzy/opt/gz_gui_vendor/lib:/opt/ros/jazzy/opt/gz_transport_vendor/lib:/opt/ros/jazzy/opt/gz_rendering_vendor/lib:/opt/ros/jazzy/opt/gz_plugin_vendor/lib:/opt/ros/jazzy/opt/gz_fuel_tools_vendor/lib:/opt/ros/jazzy/opt/gz_msgs_vendor/lib:/opt/ros/jazzy/opt/gz_common_vendor/lib:/opt/ros/jazzy/opt/gz_math_vendor/lib:/opt/ros/jazzy/opt/gz_utils_vendor/lib:/opt/ros/jazzy/opt/gz_tools_vendor/lib:/opt/ros/jazzy/opt/gz_ogre_next_vendor/lib:/opt/ros/jazzy/opt/gz_dartsim_vendor/lib:/opt/ros/jazzy/opt/gz_cmake_vendor/lib:/opt/ros/jazzy/lib', 'HOME': '/home/vboxuser', 'OLDPWD': '/home/vboxuser/bumperbot_ws', 'DESKTOP_SESSION': 'ubuntu', 'GIO_LAUNCHED_DESKTOP_FILE': '/usr/share/applications/terminator.desktop', 'ROS_PYTHON_VERSION': '3', 'GNOME_SHELL_SESSION_MODE': 'ubuntu', 'GTK_MODULES': 'gail:atk-bridge', 'MANAGERPID': '1821', 'SYSTEMD_EXEC_PID': '2065', 'GSM_SKIP_SSH_AGENT_WORKAROUND': 'true', 'DBUS_SESSION_BUS_ADDRESS': 'unix:path=/run/user/1000/bus', 'COLORTERM': 'truecolor', 'TERMINATOR_DBUS_NAME': 'net.tenshu.Terminator25ef4b219e3b005583550f2b0f9f990c3', 'GIO_LAUNCHED_DESKTOP_FILE_PID': '5942', 'DEBUGINFOD_URLS': 'https://debuginfod.ubuntu.com', 'IM_CONFIG_PHASE': '1', 'WAYLAND_DISPLAY': 'wayland-0', 'ROS_DISTRO': 'jazzy', 'LOGNAME': 'vboxuser', 'JOURNAL_STREAM': '9:15131', '_': '/usr/bin/colcon', 'ROS_VERSION': '2', 'MEMORY_PRESSURE_WATCH': '/sys/fs/cgroup/user.slice/user-1000.slice/user@1000.service/session.slice/org.gnome.Shell@wayland.service/memory.pressure', 'XDG_SESSION_CLASS': 'user', 'USERNAME': 'vboxuser', 'TERM': 'xterm-256color', 'GNOME_DESKTOP_SESSION_ID': 'this-is-deprecated', 'PATH': '/home/vboxuser/bumperbot_ws/install/bumperbot_localization/bin:/opt/ros/jazzy/opt/gz_msgs_vendor/bin:/opt/ros/jazzy/opt/gz_tools_vendor/bin:/opt/ros/jazzy/opt/gz_ogre_next_vendor/bin:/opt/ros/jazzy/bin:/home/vboxuser/.local/bin:/usr/local/sbin:/usr/local/bin:/usr/sbin:/usr/bin:/sbin:/bin:/usr/games:/usr/local/games:/snap/bin:/snap/bin', 'SESSION_MANAGER': 'local/Robotproj:@/tmp/.ICE-unix/2021,unix/Robotproj:/tmp/.ICE-unix/2021', 'INVOCATION_ID': '0a4448d9e3fa415eb657cec0bbe459f4', 'XDG_MENU_PREFIX': 'gnome-', 'GNOME_SETUP_DISPLAY': ':1', 'XDG_RUNTIME_DIR': '/run/user/1000', 'DISPLAY': ':0', 'TERMINATOR_DBUS_PATH': '/net/tenshu/Terminator2', 'LANG': 'en_US.UTF-8', 'XDG_CURRENT_DESKTOP': 'ubuntu:GNOME', 'XMODIFIERS': '@im=ibus', 'XDG_SESSION_DESKTOP': 'ubuntu', 'XAUTHORITY': '/run/user/1000/.mutter-Xwaylandauth.N2SBM3', 'LS_COLORS': 'rs=0:di=01;34:ln=01;36:mh=00:pi=40;33:so=01;35:do=01;35:bd=40;33;01:cd=40;33;01:or=40;31;01:mi=00:su=37;41:sg=30;43:ca=00:tw=30;42:ow=34;42:st=37;44:ex=01;32:*.tar=01;31:*.tgz=01;31:*.arc=01;31:*.arj=01;31:*.taz=01;31:*.lha=01;31:*.lz4=01;31:*.lzh=01;31:*.lzma=01;31:*.tlz=01;31:*.txz=01;31:*.tzo=01;31:*.t7z=01;31:*.zip=01;31:*.z=01;31:*.dz=01;31:*.gz=01;31:*.lrz=01;31:*.lz=01;31:*.lzo=01;31:*.xz=01;31:*.zst=01;31:*.tzst=01;31:*.bz2=01;31:*.bz=01;31:*.tbz=01;31:*.tbz2=01;31:*.tz=01;31:*.deb=01;31:*.rpm=01;31:*.jar=01;31:*.war=01;31:*.ear=01;31:*.sar=01;31:*.rar=01;31:*.alz=01;31:*.ace=01;31:*.zoo=01;31:*.cpio=01;31:*.7z=01;31:*.rz=01;31:*.cab=01;31:*.wim=01;31:*.swm=01;31:*.dwm=01;31:*.esd=01;31:*.avif=01;35:*.jpg=01;35:*.jpeg=01;35:*.mjpg=01;35:*.mjpeg=01;35:*.gif=01;35:*.bmp=01;35:*.pbm=01;35:*.pgm=01;35:*.ppm=01;35:*.tga=01;35:*.xbm=01;35:*.xpm=01;35:*.tif=01;35:*.tiff=01;35:*.png=01;35:*.svg=01;35:*.svgz=01;35:*.mng=01;35:*.pcx=01;35:*.mov=01;35:*.mpg=01;35:*.mpeg=01;35:*.m2v=01;35:*.mkv=01;35:*.webm=01;35:*.webp=01;35:*.ogm=01;35:*.mp4=01;35:*.m4v=01;35:*.mp4v=01;35:*.vob=01;35:*.qt=01;35:*.nuv=01;35:*.wmv=01;35:*.asf=01;35:*.rm=01;35:*.rmvb=01;35:*.flc=01;35:*.avi=01;35:*.fli=01;35:*.flv=01;35:*.gl=01;35:*.dl=01;35:*.xcf=01;35:*.xwd=01;35:*.yuv=01;35:*.cgm=01;35:*.emf=01;35:*.ogv=01;35:*.ogx=01;35:*.aac=00;36:*.au=00;36:*.flac=00;36:*.m4a=00;36:*.mid=00;36:*.midi=00;36:*.mka=00;36:*.mp3=00;36:*.mpc=00;36:*.ogg=00;36:*.ra=00;36:*.wav=00;36:*.oga=00;36:*.opus=00;36:*.spx=00;36:*.xspf=00;36:*~=00;90:*#=00;90:*.bak=00;90:*.crdownload=00;90:*.dpkg-dist=00;90:*.dpkg-new=00;90:*.dpkg-old=00;90:*.dpkg-tmp=00;90:*.old=00;90:*.orig=00;90:*.part=00;90:*.rej=00;90:*.rpmnew=00;90:*.rpmorig=00;90:*.rpmsave=00;90:*.swp=00;90:*.tmp=00;90:*.ucf-dist=00;90:*.ucf-new=00;90:*.ucf-old=00;90:', 'SSH_AUTH_SOCK': '/run/user/1000/keyring/ssh', 'AMENT_PREFIX_PATH': '/home/vboxuser/bumperbot_ws/install/bumperbot_mapping:/home/vboxuser/bumperbot_ws/install/bumperbot_localization:/home/vboxuser/bumperbot_ws/install/bumperbot_firmware:/home/vboxuser/bumperbot_ws/install/bumperbot_description:/home/vboxuser/bumperbot_ws/install/bumperbot_controller:/opt/ros/jazzy', 'SHELL': '/bin/bash', 'TERMINATOR_UUID': 'urn:uuid:275a140c-1165-495c-b537-22585f08cb7b', 'QT_ACCESSIBILITY': '1', 'GDMSESSION': 'ubuntu', 'LESSCLOSE': '/usr/bin/lesspipe %s %s', 'GJS_DEBUG_OUTPUT': 'stderr', 'ROS_AUTOMATIC_DISCOVERY_RANGE': 'SUBNET', 'QT_IM_MODULE': 'ibus', 'PWD': '/home/vboxuser/bumperbot_ws/build/bumperbot_bringup', 'LC_ALL': 'en_US.UTF-8', 'XDG_CONFIG_DIRS': '/etc/xdg/xdg-ubuntu:/etc/xdg', 'XDG_DATA_DIRS': '/usr/share/ubuntu:/usr/share/gnome:/usr/local/share/:/usr/share/:/var/lib/snapd/desktop', 'PYTHONPATH': '/home/vboxuser/bumperbot_ws/install/bumperbot_mapping/lib/python3.12/site-packages:/home/vboxuser/bumperbot_ws/install/bumperbot_localization/lib/python3.12/site-packages:/home/vboxuser/bumperbot_ws/install/bumperbot_firmware/lib/python3.12/site-packages:/home/vboxuser/bumperbot_ws/install/bumperbot_controller/lib/python3.12/site-packages:/opt/ros/jazzy/lib/python3.12/site-packages', 'COLCON': '1', 'MEMORY_PRESSURE_WRITE': 'c29tZSAyMDAwMDAgMjAwMDAwMAA=', 'VTE_VERSION': '7600', 'CMAKE_PREFIX_PATH': '/home/vboxuser/bumperbot_ws/install/bumperbot_mapping:/home/vboxuser/bumperbot_ws/install/bumperbot_localization:/home/vboxuser/bumperbot_ws/install/bumperbot_firmware:/home/vboxuser/bumperbot_ws/install/bumperbot_description:/home/vboxuser/bumperbot_ws/install/bumperbot_controller:/opt/ros/jazzy/opt/gz_sim_vendor:/opt/ros/jazzy/opt/gz_sensors_vendor:/opt/ros/jazzy/opt/gz_physics_vendor:/opt/ros/jazzy/opt/sdformat_vendor:/opt/ros/jazzy/opt/gz_gui_vendor:/opt/ros/jazzy/opt/gz_transport_vendor:/opt/ros/jazzy/opt/gz_rendering_vendor:/opt/ros/jazzy/opt/gz_plugin_vendor:/opt/ros/jazzy/opt/gz_fuel_tools_vendor:/opt/ros/jazzy/opt/gz_msgs_vendor:/opt/ros/jazzy/opt/gz_common_vendor:/opt/ros/jazzy/opt/gz_math_vendor:/opt/ros/jazzy/opt/gz_utils_vendor:/opt/ros/jazzy/opt/gz_tools_vendor:/opt/ros/jazzy/opt/gz_ogre_next_vendor:/opt/ros/jazzy/opt/gz_dartsim_vendor:/opt/ros/jazzy/opt/gz_cmake_vendor:/opt/ros/jazzy'}), 'shell': False}
[4.687385] (-) TimerEvent: {}
[4.702768] (bumperbot_bringup) StdoutLine: {'line': b'-- Install configuration: ""\n'}
[4.704569] (bumperbot_bringup) StdoutLine: {'line': b'-- Up-to-date: /home/vboxuser/bumperbot_ws/install/bumperbot_bringup/share/bumperbot_bringup/config\n'}
[4.705519] (bumperbot_bringup) StdoutLine: {'line': b'-- Up-to-date: /home/vboxuser/bumperbot_ws/install/bumperbot_bringup/share/bumperbot_bringup/config/rplidar_a1.yaml\n'}
[4.705637] (bumperbot_bringup) StdoutLine: {'line': b'-- Up-to-date: /home/vboxuser/bumperbot_ws/install/bumperbot_bringup/share/bumperbot_bringup/launch\n'}
[4.706347] (bumperbot_bringup) StdoutLine: {'line': b'-- Up-to-date: /home/vboxuser/bumperbot_ws/install/bumperbot_bringup/share/bumperbot_bringup/launch/real_robot.launch.py\n'}
[4.706596] (bumperbot_bringup) StdoutLine: {'line': b'-- Up-to-date: /home/vboxuser/bumperbot_ws/install/bumperbot_bringup/share/bumperbot_bringup/launch/simulated_robot.launch.py\n'}
[4.707503] (bumperbot_bringup) StdoutLine: {'line': b'-- Up-to-date: /home/vboxuser/bumperbot_ws/install/bumperbot_bringup/share/ament_index/resource_index/package_run_dependencies/bumperbot_bringup\n'}
[4.708078] (bumperbot_bringup) StdoutLine: {'line': b'-- Up-to-date: /home/vboxuser/bumperbot_ws/install/bumperbot_bringup/share/ament_index/resource_index/parent_prefix_path/bumperbot_bringup\n'}
[4.708689] (bumperbot_bringup) StdoutLine: {'line': b'-- Up-to-date: /home/vboxuser/bumperbot_ws/install/bumperbot_bringup/share/bumperbot_bringup/environment/ament_prefix_path.sh\n'}
[4.708831] (bumperbot_bringup) StdoutLine: {'line': b'-- Up-to-date: /home/vboxuser/bumperbot_ws/install/bumperbot_bringup/share/bumperbot_bringup/environment/ament_prefix_path.dsv\n'}
[4.708928] (bumperbot_bringup) StdoutLine: {'line': b'-- Up-to-date: /home/vboxuser/bumperbot_ws/install/bumperbot_bringup/share/bumperbot_bringup/environment/path.sh\n'}
[4.709206] (bumperbot_bringup) StdoutLine: {'line': b'-- Up-to-date: /home/vboxuser/bumperbot_ws/install/bumperbot_bringup/share/bumperbot_bringup/environment/path.dsv\n'}
[4.709259] (bumperbot_bringup) StdoutLine: {'line': b'-- Up-to-date: /home/vboxuser/bumperbot_ws/install/bumperbot_bringup/share/bumperbot_bringup/local_setup.bash\n'}
[4.709290] (bumperbot_bringup) StdoutLine: {'line': b'-- Up-to-date: /home/vboxuser/bumperbot_ws/install/bumperbot_bringup/share/bumperbot_bringup/local_setup.sh\n'}
[4.709612] (bumperbot_bringup) StdoutLine: {'line': b'-- Up-to-date: /home/vboxuser/bumperbot_ws/install/bumperbot_bringup/share/bumperbot_bringup/local_setup.zsh\n'}
[4.709651] (bumperbot_bringup) StdoutLine: {'line': b'-- Up-to-date: /home/vboxuser/bumperbot_ws/install/bumperbot_bringup/share/bumperbot_bringup/local_setup.dsv\n'}
[4.709684] (bumperbot_bringup) StdoutLine: {'line': b'-- Up-to-date: /home/vboxuser/bumperbot_ws/install/bumperbot_bringup/share/bumperbot_bringup/package.dsv\n'}
[4.709858] (bumperbot_bringup) StdoutLine: {'line': b'-- Up-to-date: /home/vboxuser/bumperbot_ws/install/bumperbot_bringup/share/ament_index/resource_index/packages/bumperbot_bringup\n'}
[4.710201] (bumperbot_bringup) StdoutLine: {'line': b'-- Up-to-date: /home/vboxuser/bumperbot_ws/install/bumperbot_bringup/share/bumperbot_bringup/cmake/bumperbot_bringupConfig.cmake\n'}
[4.710303] (bumperbot_bringup) StdoutLine: {'line': b'-- Up-to-date: /home/vboxuser/bumperbot_ws/install/bumperbot_bringup/share/bumperbot_bringup/cmake/bumperbot_bringupConfig-version.cmake\n'}
[4.710396] (bumperbot_bringup) StdoutLine: {'line': b'-- Up-to-date: /home/vboxuser/bumperbot_ws/install/bumperbot_bringup/share/bumperbot_bringup/package.xml\n'}
[4.711977] (bumperbot_bringup) CommandEnded: {'returncode': 0}
[4.734363] (bumperbot_bringup) JobEnded: {'identifier': 'bumperbot_bringup', 'rc': 0}
[4.740673] (bumperbot_cpp_examples) JobStarted: {'identifier': 'bumperbot_cpp_examples'}
[4.773604] (bumperbot_cpp_examples) JobProgress: {'identifier': 'bumperbot_cpp_examples', 'progress': 'cmake'}
[4.775733] (bumperbot_cpp_examples) JobProgress: {'identifier': 'bumperbot_cpp_examples', 'progress': 'build'}
[4.775880] (bumperbot_cpp_examples) Command: {'cmd': ['/usr/bin/cmake', '--build', '/home/vboxuser/bumperbot_ws/build/bumperbot_cpp_examples', '--', '-j1', '-l1'], 'cwd': '/home/vboxuser/bumperbot_ws/build/bumperbot_cpp_examples', 'env': OrderedDict({'GJS_DEBUG_TOPICS': 'JS ERROR;JS LOG', 'XDG_ACTIVATION_TOKEN': 'gnome-shell/Terminator/2065-4-Robotproj_TIME1107825', 'LESSOPEN': '| /usr/bin/lesspipe %s', 'USER': 'vboxuser', 'GZ_CONFIG_PATH': '/opt/ros/jazzy/opt/gz_sim_vendor/share/gz:/opt/ros/jazzy/opt/sdformat_vendor/share/gz:/opt/ros/jazzy/opt/gz_gui_vendor/share/gz:/opt/ros/jazzy/opt/gz_transport_vendor/share/gz:/opt/ros/jazzy/opt/gz_rendering_vendor/share/gz:/opt/ros/jazzy/opt/gz_plugin_vendor/share/gz:/opt/ros/jazzy/opt/gz_fuel_tools_vendor/share/gz:/opt/ros/jazzy/opt/gz_msgs_vendor/share/gz:/opt/ros/jazzy/opt/gz_common_vendor/share/gz', 'XDG_SESSION_TYPE': 'wayland', 'CLUTTER_DISABLE_MIPMAPPED_TEXT': '1', 'SHLVL': '1', 'LD_LIBRARY_PATH': '/home/vboxuser/bumperbot_ws/install/bumperbot_msgs/lib:/opt/ros/jazzy/opt/gz_sim_vendor/lib:/opt/ros/jazzy/opt/gz_sensors_vendor/lib:/opt/ros/jazzy/opt/gz_physics_vendor/lib:/opt/ros/jazzy/opt/sdformat_vendor/lib:/opt/ros/jazzy/opt/rviz_ogre_vendor/lib:/opt/ros/jazzy/lib/x86_64-linux-gnu:/opt/ros/jazzy/opt/gz_gui_vendor/lib:/opt/ros/jazzy/opt/gz_transport_vendor/lib:/opt/ros/jazzy/opt/gz_rendering_vendor/lib:/opt/ros/jazzy/opt/gz_plugin_vendor/lib:/opt/ros/jazzy/opt/gz_fuel_tools_vendor/lib:/opt/ros/jazzy/opt/gz_msgs_vendor/lib:/opt/ros/jazzy/opt/gz_common_vendor/lib:/opt/ros/jazzy/opt/gz_math_vendor/lib:/opt/ros/jazzy/opt/gz_utils_vendor/lib:/opt/ros/jazzy/opt/gz_tools_vendor/lib:/opt/ros/jazzy/opt/gz_ogre_next_vendor/lib:/opt/ros/jazzy/opt/gz_dartsim_vendor/lib:/opt/ros/jazzy/opt/gz_cmake_vendor/lib:/opt/ros/jazzy/lib', 'HOME': '/home/vboxuser', 'OLDPWD': '/home/vboxuser/bumperbot_ws', 'DESKTOP_SESSION': 'ubuntu', 'GIO_LAUNCHED_DESKTOP_FILE': '/usr/share/applications/terminator.desktop', 'ROS_PYTHON_VERSION': '3', 'GNOME_SHELL_SESSION_MODE': 'ubuntu', 'GTK_MODULES': 'gail:atk-bridge', 'MANAGERPID': '1821', 'SYSTEMD_EXEC_PID': '2065', 'GSM_SKIP_SSH_AGENT_WORKAROUND': 'true', 'DBUS_SESSION_BUS_ADDRESS': 'unix:path=/run/user/1000/bus', 'COLORTERM': 'truecolor', 'TERMINATOR_DBUS_NAME': 'net.tenshu.Terminator25ef4b219e3b005583550f2b0f9f990c3', 'GIO_LAUNCHED_DESKTOP_FILE_PID': '5942', 'DEBUGINFOD_URLS': 'https://debuginfod.ubuntu.com', 'IM_CONFIG_PHASE': '1', 'WAYLAND_DISPLAY': 'wayland-0', 'ROS_DISTRO': 'jazzy', 'LOGNAME': 'vboxuser', 'JOURNAL_STREAM': '9:15131', '_': '/usr/bin/colcon', 'ROS_VERSION': '2', 'MEMORY_PRESSURE_WATCH': '/sys/fs/cgroup/user.slice/user-1000.slice/user@1000.service/session.slice/org.gnome.Shell@wayland.service/memory.pressure', 'XDG_SESSION_CLASS': 'user', 'USERNAME': 'vboxuser', 'TERM': 'xterm-256color', 'GNOME_DESKTOP_SESSION_ID': 'this-is-deprecated', 'PATH': '/opt/ros/jazzy/opt/gz_msgs_vendor/bin:/opt/ros/jazzy/opt/gz_tools_vendor/bin:/opt/ros/jazzy/opt/gz_ogre_next_vendor/bin:/opt/ros/jazzy/bin:/home/vboxuser/.local/bin:/usr/local/sbin:/usr/local/bin:/usr/sbin:/usr/bin:/sbin:/bin:/usr/games:/usr/local/games:/snap/bin:/snap/bin', 'SESSION_MANAGER': 'local/Robotproj:@/tmp/.ICE-unix/2021,unix/Robotproj:/tmp/.ICE-unix/2021', 'INVOCATION_ID': '0a4448d9e3fa415eb657cec0bbe459f4', 'XDG_MENU_PREFIX': 'gnome-', 'GNOME_SETUP_DISPLAY': ':1', 'XDG_RUNTIME_DIR': '/run/user/1000', 'DISPLAY': ':0', 'TERMINATOR_DBUS_PATH': '/net/tenshu/Terminator2', 'LANG': 'en_US.UTF-8', 'XDG_CURRENT_DESKTOP': 'ubuntu:GNOME', 'XMODIFIERS': '@im=ibus', 'XDG_SESSION_DESKTOP': 'ubuntu', 'XAUTHORITY': '/run/user/1000/.mutter-Xwaylandauth.N2SBM3', 'LS_COLORS': 'rs=0:di=01;34:ln=01;36:mh=00:pi=40;33:so=01;35:do=01;35:bd=40;33;01:cd=40;33;01:or=40;31;01:mi=00:su=37;41:sg=30;43:ca=00:tw=30;42:ow=34;42:st=37;44:ex=01;32:*.tar=01;31:*.tgz=01;31:*.arc=01;31:*.arj=01;31:*.taz=01;31:*.lha=01;31:*.lz4=01;31:*.lzh=01;31:*.lzma=01;31:*.tlz=01;31:*.txz=01;31:*.tzo=01;31:*.t7z=01;31:*.zip=01;31:*.z=01;31:*.dz=01;31:*.gz=01;31:*.lrz=01;31:*.lz=01;31:*.lzo=01;31:*.xz=01;31:*.zst=01;31:*.tzst=01;31:*.bz2=01;31:*.bz=01;31:*.tbz=01;31:*.tbz2=01;31:*.tz=01;31:*.deb=01;31:*.rpm=01;31:*.jar=01;31:*.war=01;31:*.ear=01;31:*.sar=01;31:*.rar=01;31:*.alz=01;31:*.ace=01;31:*.zoo=01;31:*.cpio=01;31:*.7z=01;31:*.rz=01;31:*.cab=01;31:*.wim=01;31:*.swm=01;31:*.dwm=01;31:*.esd=01;31:*.avif=01;35:*.jpg=01;35:*.jpeg=01;35:*.mjpg=01;35:*.mjpeg=01;35:*.gif=01;35:*.bmp=01;35:*.pbm=01;35:*.pgm=01;35:*.ppm=01;35:*.tga=01;35:*.xbm=01;35:*.xpm=01;35:*.tif=01;35:*.tiff=01;35:*.png=01;35:*.svg=01;35:*.svgz=01;35:*.mng=01;35:*.pcx=01;35:*.mov=01;35:*.mpg=01;35:*.mpeg=01;35:*.m2v=01;35:*.mkv=01;35:*.webm=01;35:*.webp=01;35:*.ogm=01;35:*.mp4=01;35:*.m4v=01;35:*.mp4v=01;35:*.vob=01;35:*.qt=01;35:*.nuv=01;35:*.wmv=01;35:*.asf=01;35:*.rm=01;35:*.rmvb=01;35:*.flc=01;35:*.avi=01;35:*.fli=01;35:*.flv=01;35:*.gl=01;35:*.dl=01;35:*.xcf=01;35:*.xwd=01;35:*.yuv=01;35:*.cgm=01;35:*.emf=01;35:*.ogv=01;35:*.ogx=01;35:*.aac=00;36:*.au=00;36:*.flac=00;36:*.m4a=00;36:*.mid=00;36:*.midi=00;36:*.mka=00;36:*.mp3=00;36:*.mpc=00;36:*.ogg=00;36:*.ra=00;36:*.wav=00;36:*.oga=00;36:*.opus=00;36:*.spx=00;36:*.xspf=00;36:*~=00;90:*#=00;90:*.bak=00;90:*.crdownload=00;90:*.dpkg-dist=00;90:*.dpkg-new=00;90:*.dpkg-old=00;90:*.dpkg-tmp=00;90:*.old=00;90:*.orig=00;90:*.part=00;90:*.rej=00;90:*.rpmnew=00;90:*.rpmorig=00;90:*.rpmsave=00;90:*.swp=00;90:*.tmp=00;90:*.ucf-dist=00;90:*.ucf-new=00;90:*.ucf-old=00;90:', 'SSH_AUTH_SOCK': '/run/user/1000/keyring/ssh', 'AMENT_PREFIX_PATH': '/home/vboxuser/bumperbot_ws/install/bumperbot_msgs:/opt/ros/jazzy', 'SHELL': '/bin/bash', 'TERMINATOR_UUID': 'urn:uuid:275a140c-1165-495c-b537-22585f08cb7b', 'QT_ACCESSIBILITY': '1', 'GDMSESSION': 'ubuntu', 'LESSCLOSE': '/usr/bin/lesspipe %s %s', 'GJS_DEBUG_OUTPUT': 'stderr', 'ROS_AUTOMATIC_DISCOVERY_RANGE': 'SUBNET', 'QT_IM_MODULE': 'ibus', 'PWD': '/home/vboxuser/bumperbot_ws/build/bumperbot_cpp_examples', 'LC_ALL': 'en_US.UTF-8', 'XDG_CONFIG_DIRS': '/etc/xdg/xdg-ubuntu:/etc/xdg', 'XDG_DATA_DIRS': '/usr/share/ubuntu:/usr/share/gnome:/usr/local/share/:/usr/share/:/var/lib/snapd/desktop', 'PYTHONPATH': '/home/vboxuser/bumperbot_ws/install/bumperbot_msgs/lib/python3.12/site-packages:/opt/ros/jazzy/lib/python3.12/site-packages', 'COLCON': '1', 'MEMORY_PRESSURE_WRITE': 'c29tZSAyMDAwMDAgMjAwMDAwMAA=', 'VTE_VERSION': '7600', 'CMAKE_PREFIX_PATH': '/home/vboxuser/bumperbot_ws/install/bumperbot_msgs:/opt/ros/jazzy/opt/gz_sim_vendor:/opt/ros/jazzy/opt/gz_sensors_vendor:/opt/ros/jazzy/opt/gz_physics_vendor:/opt/ros/jazzy/opt/sdformat_vendor:/opt/ros/jazzy/opt/gz_gui_vendor:/opt/ros/jazzy/opt/gz_transport_vendor:/opt/ros/jazzy/opt/gz_rendering_vendor:/opt/ros/jazzy/opt/gz_plugin_vendor:/opt/ros/jazzy/opt/gz_fuel_tools_vendor:/opt/ros/jazzy/opt/gz_msgs_vendor:/opt/ros/jazzy/opt/gz_common_vendor:/opt/ros/jazzy/opt/gz_math_vendor:/opt/ros/jazzy/opt/gz_utils_vendor:/opt/ros/jazzy/opt/gz_tools_vendor:/opt/ros/jazzy/opt/gz_ogre_next_vendor:/opt/ros/jazzy/opt/gz_dartsim_vendor:/opt/ros/jazzy/opt/gz_cmake_vendor:/opt/ros/jazzy'}), 'shell': False}
[4.787764] (-) TimerEvent: {}
[4.866910] (bumperbot_cpp_examples) StdoutLine: {'line': b'[  7%] Built target simple_publisher\n'}
[4.888379] (-) TimerEvent: {}
[4.918156] (bumperbot_cpp_examples) StdoutLine: {'line': b'[ 14%] Built target simple_subscriber\n'}
[4.952046] (bumperbot_cpp_examples) StdoutLine: {'line': b'[ 21%] Built target simple_parameter\n'}
[4.988567] (-) TimerEvent: {}
[4.996829] (bumperbot_cpp_examples) StdoutLine: {'line': b'[ 28%] Built target simple_turtlesim_kinematics\n'}
[5.039426] (bumperbot_cpp_examples) StdoutLine: {'line': b'[ 35%] Built target simple_service_server\n'}
[5.071815] (bumperbot_cpp_examples) StdoutLine: {'line': b'[ 42%] Built target simple_service_client\n'}
[5.088698] (-) TimerEvent: {}
[5.112688] (bumperbot_cpp_examples) StdoutLine: {'line': b'[ 50%] Built target simple_tf_kinematics\n'}
[5.144300] (bumperbot_cpp_examples) StdoutLine: {'line': b'[ 57%] Built target simple_lifecycle_node\n'}
[5.175031] (bumperbot_cpp_examples) StdoutLine: {'line': b'[ 64%] Built target simple_qos_publisher\n'}
[5.189009] (-) TimerEvent: {}
[5.236132] (bumperbot_cpp_examples) StdoutLine: {'line': b'[ 71%] Built target simple_qos_subscriber\n'}
[5.268188] (bumperbot_cpp_examples) StdoutLine: {'line': b'[ 78%] Built target simple_action_server\n'}
[5.290847] (-) TimerEvent: {}
[5.321554] (bumperbot_cpp_examples) StdoutLine: {'line': b'[ 85%] Built target simple_action_server_node\n'}
[5.353511] (bumperbot_cpp_examples) StdoutLine: {'line': b'[ 92%] Built target simple_action_client\n'}
[5.385983] (bumperbot_cpp_examples) StdoutLine: {'line': b'[100%] Built target simple_action_client_node\n'}
[5.390967] (-) TimerEvent: {}
[5.406290] (bumperbot_cpp_examples) CommandEnded: {'returncode': 0}
[5.409890] (bumperbot_cpp_examples) JobProgress: {'identifier': 'bumperbot_cpp_examples', 'progress': 'install'}
[5.410036] (bumperbot_cpp_examples) Command: {'cmd': ['/usr/bin/cmake', '--install', '/home/vboxuser/bumperbot_ws/build/bumperbot_cpp_examples'], 'cwd': '/home/vboxuser/bumperbot_ws/build/bumperbot_cpp_examples', 'env': OrderedDict({'GJS_DEBUG_TOPICS': 'JS ERROR;JS LOG', 'XDG_ACTIVATION_TOKEN': 'gnome-shell/Terminator/2065-4-Robotproj_TIME1107825', 'LESSOPEN': '| /usr/bin/lesspipe %s', 'USER': 'vboxuser', 'GZ_CONFIG_PATH': '/opt/ros/jazzy/opt/gz_sim_vendor/share/gz:/opt/ros/jazzy/opt/sdformat_vendor/share/gz:/opt/ros/jazzy/opt/gz_gui_vendor/share/gz:/opt/ros/jazzy/opt/gz_transport_vendor/share/gz:/opt/ros/jazzy/opt/gz_rendering_vendor/share/gz:/opt/ros/jazzy/opt/gz_plugin_vendor/share/gz:/opt/ros/jazzy/opt/gz_fuel_tools_vendor/share/gz:/opt/ros/jazzy/opt/gz_msgs_vendor/share/gz:/opt/ros/jazzy/opt/gz_common_vendor/share/gz', 'XDG_SESSION_TYPE': 'wayland', 'CLUTTER_DISABLE_MIPMAPPED_TEXT': '1', 'SHLVL': '1', 'LD_LIBRARY_PATH': '/home/vboxuser/bumperbot_ws/install/bumperbot_msgs/lib:/opt/ros/jazzy/opt/gz_sim_vendor/lib:/opt/ros/jazzy/opt/gz_sensors_vendor/lib:/opt/ros/jazzy/opt/gz_physics_vendor/lib:/opt/ros/jazzy/opt/sdformat_vendor/lib:/opt/ros/jazzy/opt/rviz_ogre_vendor/lib:/opt/ros/jazzy/lib/x86_64-linux-gnu:/opt/ros/jazzy/opt/gz_gui_vendor/lib:/opt/ros/jazzy/opt/gz_transport_vendor/lib:/opt/ros/jazzy/opt/gz_rendering_vendor/lib:/opt/ros/jazzy/opt/gz_plugin_vendor/lib:/opt/ros/jazzy/opt/gz_fuel_tools_vendor/lib:/opt/ros/jazzy/opt/gz_msgs_vendor/lib:/opt/ros/jazzy/opt/gz_common_vendor/lib:/opt/ros/jazzy/opt/gz_math_vendor/lib:/opt/ros/jazzy/opt/gz_utils_vendor/lib:/opt/ros/jazzy/opt/gz_tools_vendor/lib:/opt/ros/jazzy/opt/gz_ogre_next_vendor/lib:/opt/ros/jazzy/opt/gz_dartsim_vendor/lib:/opt/ros/jazzy/opt/gz_cmake_vendor/lib:/opt/ros/jazzy/lib', 'HOME': '/home/vboxuser', 'OLDPWD': '/home/vboxuser/bumperbot_ws', 'DESKTOP_SESSION': 'ubuntu', 'GIO_LAUNCHED_DESKTOP_FILE': '/usr/share/applications/terminator.desktop', 'ROS_PYTHON_VERSION': '3', 'GNOME_SHELL_SESSION_MODE': 'ubuntu', 'GTK_MODULES': 'gail:atk-bridge', 'MANAGERPID': '1821', 'SYSTEMD_EXEC_PID': '2065', 'GSM_SKIP_SSH_AGENT_WORKAROUND': 'true', 'DBUS_SESSION_BUS_ADDRESS': 'unix:path=/run/user/1000/bus', 'COLORTERM': 'truecolor', 'TERMINATOR_DBUS_NAME': 'net.tenshu.Terminator25ef4b219e3b005583550f2b0f9f990c3', 'GIO_LAUNCHED_DESKTOP_FILE_PID': '5942', 'DEBUGINFOD_URLS': 'https://debuginfod.ubuntu.com', 'IM_CONFIG_PHASE': '1', 'WAYLAND_DISPLAY': 'wayland-0', 'ROS_DISTRO': 'jazzy', 'LOGNAME': 'vboxuser', 'JOURNAL_STREAM': '9:15131', '_': '/usr/bin/colcon', 'ROS_VERSION': '2', 'MEMORY_PRESSURE_WATCH': '/sys/fs/cgroup/user.slice/user-1000.slice/user@1000.service/session.slice/org.gnome.Shell@wayland.service/memory.pressure', 'XDG_SESSION_CLASS': 'user', 'USERNAME': 'vboxuser', 'TERM': 'xterm-256color', 'GNOME_DESKTOP_SESSION_ID': 'this-is-deprecated', 'PATH': '/opt/ros/jazzy/opt/gz_msgs_vendor/bin:/opt/ros/jazzy/opt/gz_tools_vendor/bin:/opt/ros/jazzy/opt/gz_ogre_next_vendor/bin:/opt/ros/jazzy/bin:/home/vboxuser/.local/bin:/usr/local/sbin:/usr/local/bin:/usr/sbin:/usr/bin:/sbin:/bin:/usr/games:/usr/local/games:/snap/bin:/snap/bin', 'SESSION_MANAGER': 'local/Robotproj:@/tmp/.ICE-unix/2021,unix/Robotproj:/tmp/.ICE-unix/2021', 'INVOCATION_ID': '0a4448d9e3fa415eb657cec0bbe459f4', 'XDG_MENU_PREFIX': 'gnome-', 'GNOME_SETUP_DISPLAY': ':1', 'XDG_RUNTIME_DIR': '/run/user/1000', 'DISPLAY': ':0', 'TERMINATOR_DBUS_PATH': '/net/tenshu/Terminator2', 'LANG': 'en_US.UTF-8', 'XDG_CURRENT_DESKTOP': 'ubuntu:GNOME', 'XMODIFIERS': '@im=ibus', 'XDG_SESSION_DESKTOP': 'ubuntu', 'XAUTHORITY': '/run/user/1000/.mutter-Xwaylandauth.N2SBM3', 'LS_COLORS': 'rs=0:di=01;34:ln=01;36:mh=00:pi=40;33:so=01;35:do=01;35:bd=40;33;01:cd=40;33;01:or=40;31;01:mi=00:su=37;41:sg=30;43:ca=00:tw=30;42:ow=34;42:st=37;44:ex=01;32:*.tar=01;31:*.tgz=01;31:*.arc=01;31:*.arj=01;31:*.taz=01;31:*.lha=01;31:*.lz4=01;31:*.lzh=01;31:*.lzma=01;31:*.tlz=01;31:*.txz=01;31:*.tzo=01;31:*.t7z=01;31:*.zip=01;31:*.z=01;31:*.dz=01;31:*.gz=01;31:*.lrz=01;31:*.lz=01;31:*.lzo=01;31:*.xz=01;31:*.zst=01;31:*.tzst=01;31:*.bz2=01;31:*.bz=01;31:*.tbz=01;31:*.tbz2=01;31:*.tz=01;31:*.deb=01;31:*.rpm=01;31:*.jar=01;31:*.war=01;31:*.ear=01;31:*.sar=01;31:*.rar=01;31:*.alz=01;31:*.ace=01;31:*.zoo=01;31:*.cpio=01;31:*.7z=01;31:*.rz=01;31:*.cab=01;31:*.wim=01;31:*.swm=01;31:*.dwm=01;31:*.esd=01;31:*.avif=01;35:*.jpg=01;35:*.jpeg=01;35:*.mjpg=01;35:*.mjpeg=01;35:*.gif=01;35:*.bmp=01;35:*.pbm=01;35:*.pgm=01;35:*.ppm=01;35:*.tga=01;35:*.xbm=01;35:*.xpm=01;35:*.tif=01;35:*.tiff=01;35:*.png=01;35:*.svg=01;35:*.svgz=01;35:*.mng=01;35:*.pcx=01;35:*.mov=01;35:*.mpg=01;35:*.mpeg=01;35:*.m2v=01;35:*.mkv=01;35:*.webm=01;35:*.webp=01;35:*.ogm=01;35:*.mp4=01;35:*.m4v=01;35:*.mp4v=01;35:*.vob=01;35:*.qt=01;35:*.nuv=01;35:*.wmv=01;35:*.asf=01;35:*.rm=01;35:*.rmvb=01;35:*.flc=01;35:*.avi=01;35:*.fli=01;35:*.flv=01;35:*.gl=01;35:*.dl=01;35:*.xcf=01;35:*.xwd=01;35:*.yuv=01;35:*.cgm=01;35:*.emf=01;35:*.ogv=01;35:*.ogx=01;35:*.aac=00;36:*.au=00;36:*.flac=00;36:*.m4a=00;36:*.mid=00;36:*.midi=00;36:*.mka=00;36:*.mp3=00;36:*.mpc=00;36:*.ogg=00;36:*.ra=00;36:*.wav=00;36:*.oga=00;36:*.opus=00;36:*.spx=00;36:*.xspf=00;36:*~=00;90:*#=00;90:*.bak=00;90:*.crdownload=00;90:*.dpkg-dist=00;90:*.dpkg-new=00;90:*.dpkg-old=00;90:*.dpkg-tmp=00;90:*.old=00;90:*.orig=00;90:*.part=00;90:*.rej=00;90:*.rpmnew=00;90:*.rpmorig=00;90:*.rpmsave=00;90:*.swp=00;90:*.tmp=00;90:*.ucf-dist=00;90:*.ucf-new=00;90:*.ucf-old=00;90:', 'SSH_AUTH_SOCK': '/run/user/1000/keyring/ssh', 'AMENT_PREFIX_PATH': '/home/vboxuser/bumperbot_ws/install/bumperbot_msgs:/opt/ros/jazzy', 'SHELL': '/bin/bash', 'TERMINATOR_UUID': 'urn:uuid:275a140c-1165-495c-b537-22585f08cb7b', 'QT_ACCESSIBILITY': '1', 'GDMSESSION': 'ubuntu', 'LESSCLOSE': '/usr/bin/lesspipe %s %s', 'GJS_DEBUG_OUTPUT': 'stderr', 'ROS_AUTOMATIC_DISCOVERY_RANGE': 'SUBNET', 'QT_IM_MODULE': 'ibus', 'PWD': '/home/vboxuser/bumperbot_ws/build/bumperbot_cpp_examples', 'LC_ALL': 'en_US.UTF-8', 'XDG_CONFIG_DIRS': '/etc/xdg/xdg-ubuntu:/etc/xdg', 'XDG_DATA_DIRS': '/usr/share/ubuntu:/usr/share/gnome:/usr/local/share/:/usr/share/:/var/lib/snapd/desktop', 'PYTHONPATH': '/home/vboxuser/bumperbot_ws/install/bumperbot_msgs/lib/python3.12/site-packages:/opt/ros/jazzy/lib/python3.12/site-packages', 'COLCON': '1', 'MEMORY_PRESSURE_WRITE': 'c29tZSAyMDAwMDAgMjAwMDAwMAA=', 'VTE_VERSION': '7600', 'CMAKE_PREFIX_PATH': '/home/vboxuser/bumperbot_ws/install/bumperbot_msgs:/opt/ros/jazzy/opt/gz_sim_vendor:/opt/ros/jazzy/opt/gz_sensors_vendor:/opt/ros/jazzy/opt/gz_physics_vendor:/opt/ros/jazzy/opt/sdformat_vendor:/opt/ros/jazzy/opt/gz_gui_vendor:/opt/ros/jazzy/opt/gz_transport_vendor:/opt/ros/jazzy/opt/gz_rendering_vendor:/opt/ros/jazzy/opt/gz_plugin_vendor:/opt/ros/jazzy/opt/gz_fuel_tools_vendor:/opt/ros/jazzy/opt/gz_msgs_vendor:/opt/ros/jazzy/opt/gz_common_vendor:/opt/ros/jazzy/opt/gz_math_vendor:/opt/ros/jazzy/opt/gz_utils_vendor:/opt/ros/jazzy/opt/gz_tools_vendor:/opt/ros/jazzy/opt/gz_ogre_next_vendor:/opt/ros/jazzy/opt/gz_dartsim_vendor:/opt/ros/jazzy/opt/gz_cmake_vendor:/opt/ros/jazzy'}), 'shell': False}
[5.419832] (bumperbot_cpp_examples) StdoutLine: {'line': b'-- Install configuration: ""\n'}
[5.421528] (bumperbot_cpp_examples) StdoutLine: {'line': b'-- Up-to-date: /home/vboxuser/bumperbot_ws/install/bumperbot_cpp_examples/lib/bumperbot_cpp_examples/simple_action_server_node\n'}
[5.423325] (bumperbot_cpp_examples) StdoutLine: {'line': b'-- Up-to-date: /home/vboxuser/bumperbot_ws/install/bumperbot_cpp_examples/lib/bumperbot_cpp_examples/simple_action_client_node\n'}
[5.424039] (bumperbot_cpp_examples) StdoutLine: {'line': b'-- Up-to-date: /home/vboxuser/bumperbot_ws/install/bumperbot_cpp_examples/include/include\n'}
[5.424921] (bumperbot_cpp_examples) StdoutLine: {'line': b'-- Up-to-date: /home/vboxuser/bumperbot_ws/install/bumperbot_cpp_examples/include/include/bumperbot_cpp_examples\n'}
[5.425294] (bumperbot_cpp_examples) StdoutLine: {'line': b'-- Up-to-date: /home/vboxuser/bumperbot_ws/install/bumperbot_cpp_examples/include/include/bumperbot_cpp_examples/simple_turtlesim_kinematics.hpp\n'}
[5.425578] (bumperbot_cpp_examples) StdoutLine: {'line': b'-- Up-to-date: /home/vboxuser/bumperbot_ws/install/bumperbot_cpp_examples/include/include/bumperbot_cpp_examples/simple_tf_kinematics.hpp\n'}
[5.426594] (bumperbot_cpp_examples) StdoutLine: {'line': b'-- Up-to-date: /home/vboxuser/bumperbot_ws/install/bumperbot_cpp_examples/lib/bumperbot_cpp_examples/simple_publisher\n'}
[5.428128] (bumperbot_cpp_examples) StdoutLine: {'line': b'-- Up-to-date: /home/vboxuser/bumperbot_ws/install/bumperbot_cpp_examples/lib/bumperbot_cpp_examples/simple_subscriber\n'}
[5.429709] (bumperbot_cpp_examples) StdoutLine: {'line': b'-- Up-to-date: /home/vboxuser/bumperbot_ws/install/bumperbot_cpp_examples/lib/bumperbot_cpp_examples/simple_parameter\n'}
[5.431270] (bumperbot_cpp_examples) StdoutLine: {'line': b'-- Up-to-date: /home/vboxuser/bumperbot_ws/install/bumperbot_cpp_examples/lib/bumperbot_cpp_examples/simple_turtlesim_kinematics\n'}
[5.432561] (bumperbot_cpp_examples) StdoutLine: {'line': b'-- Up-to-date: /home/vboxuser/bumperbot_ws/install/bumperbot_cpp_examples/lib/bumperbot_cpp_examples/simple_service_server\n'}
[5.433867] (bumperbot_cpp_examples) StdoutLine: {'line': b'-- Up-to-date: /home/vboxuser/bumperbot_ws/install/bumperbot_cpp_examples/lib/bumperbot_cpp_examples/simple_service_client\n'}
[5.435331] (bumperbot_cpp_examples) StdoutLine: {'line': b'-- Up-to-date: /home/vboxuser/bumperbot_ws/install/bumperbot_cpp_examples/lib/bumperbot_cpp_examples/simple_tf_kinematics\n'}
[5.436388] (bumperbot_cpp_examples) StdoutLine: {'line': b'-- Up-to-date: /home/vboxuser/bumperbot_ws/install/bumperbot_cpp_examples/lib/bumperbot_cpp_examples/simple_lifecycle_node\n'}
[5.437770] (bumperbot_cpp_examples) StdoutLine: {'line': b'-- Up-to-date: /home/vboxuser/bumperbot_ws/install/bumperbot_cpp_examples/lib/bumperbot_cpp_examples/simple_qos_publisher\n'}
[5.439077] (bumperbot_cpp_examples) StdoutLine: {'line': b'-- Up-to-date: /home/vboxuser/bumperbot_ws/install/bumperbot_cpp_examples/lib/bumperbot_cpp_examples/simple_qos_subscriber\n'}
[5.440386] (bumperbot_cpp_examples) StdoutLine: {'line': b'-- Up-to-date: /home/vboxuser/bumperbot_ws/install/bumperbot_cpp_examples/lib/libsimple_action_server.so\n'}
[5.441651] (bumperbot_cpp_examples) StdoutLine: {'line': b'-- Up-to-date: /home/vboxuser/bumperbot_ws/install/bumperbot_cpp_examples/lib/libsimple_action_client.so\n'}
[5.443540] (bumperbot_cpp_examples) StdoutLine: {'line': b'-- Up-to-date: /home/vboxuser/bumperbot_ws/install/bumperbot_cpp_examples/share/ament_index/resource_index/package_run_dependencies/bumperbot_cpp_examples\n'}
[5.444029] (bumperbot_cpp_examples) StdoutLine: {'line': b'-- Up-to-date: /home/vboxuser/bumperbot_ws/install/bumperbot_cpp_examples/share/ament_index/resource_index/parent_prefix_path/bumperbot_cpp_examples\n'}
[5.444819] (bumperbot_cpp_examples) StdoutLine: {'line': b'-- Up-to-date: /home/vboxuser/bumperbot_ws/install/bumperbot_cpp_examples/share/bumperbot_cpp_examples/environment/ament_prefix_path.sh\n'}
[5.444956] (bumperbot_cpp_examples) StdoutLine: {'line': b'-- Up-to-date: /home/vboxuser/bumperbot_ws/install/bumperbot_cpp_examples/share/bumperbot_cpp_examples/environment/ament_prefix_path.dsv\n'}
[5.445091] (bumperbot_cpp_examples) StdoutLine: {'line': b'-- Up-to-date: /home/vboxuser/bumperbot_ws/install/bumperbot_cpp_examples/share/bumperbot_cpp_examples/environment/path.sh\n'}
[5.445132] (bumperbot_cpp_examples) StdoutLine: {'line': b'-- Up-to-date: /home/vboxuser/bumperbot_ws/install/bumperbot_cpp_examples/share/bumperbot_cpp_examples/environment/path.dsv\n'}
[5.445259] (bumperbot_cpp_examples) StdoutLine: {'line': b'-- Up-to-date: /home/vboxuser/bumperbot_ws/install/bumperbot_cpp_examples/share/bumperbot_cpp_examples/local_setup.bash\n'}
[5.445301] (bumperbot_cpp_examples) StdoutLine: {'line': b'-- Up-to-date: /home/vboxuser/bumperbot_ws/install/bumperbot_cpp_examples/share/bumperbot_cpp_examples/local_setup.sh\n'}
[5.445332] (bumperbot_cpp_examples) StdoutLine: {'line': b'-- Up-to-date: /home/vboxuser/bumperbot_ws/install/bumperbot_cpp_examples/share/bumperbot_cpp_examples/local_setup.zsh\n'}
[5.445633] (bumperbot_cpp_examples) StdoutLine: {'line': b'-- Up-to-date: /home/vboxuser/bumperbot_ws/install/bumperbot_cpp_examples/share/bumperbot_cpp_examples/local_setup.dsv\n'}
[5.445869] (bumperbot_cpp_examples) StdoutLine: {'line': b'-- Installing: /home/vboxuser/bumperbot_ws/install/bumperbot_cpp_examples/share/bumperbot_cpp_examples/package.dsv\n'}
[5.446477] (bumperbot_cpp_examples) StdoutLine: {'line': b'-- Up-to-date: /home/vboxuser/bumperbot_ws/install/bumperbot_cpp_examples/share/ament_index/resource_index/packages/bumperbot_cpp_examples\n'}
[5.447021] (bumperbot_cpp_examples) StdoutLine: {'line': b'-- Up-to-date: /home/vboxuser/bumperbot_ws/install/bumperbot_cpp_examples/share/ament_index/resource_index/rclcpp_components/bumperbot_cpp_examples\n'}
[5.447528] (bumperbot_cpp_examples) StdoutLine: {'line': b'-- Up-to-date: /home/vboxuser/bumperbot_ws/install/bumperbot_cpp_examples/share/bumperbot_cpp_examples/cmake/bumperbot_cpp_examplesConfig.cmake\n'}
[5.447625] (bumperbot_cpp_examples) StdoutLine: {'line': b'-- Up-to-date: /home/vboxuser/bumperbot_ws/install/bumperbot_cpp_examples/share/bumperbot_cpp_examples/cmake/bumperbot_cpp_examplesConfig-version.cmake\n'}
[5.447716] (bumperbot_cpp_examples) StdoutLine: {'line': b'-- Up-to-date: /home/vboxuser/bumperbot_ws/install/bumperbot_cpp_examples/share/bumperbot_cpp_examples/package.xml\n'}
[5.450799] (bumperbot_cpp_examples) CommandEnded: {'returncode': 0}
[5.467050] (bumperbot_cpp_examples) JobEnded: {'identifier': 'bumperbot_cpp_examples', 'rc': 0}
[5.473379] (bumperbot_py_examples) JobStarted: {'identifier': 'bumperbot_py_examples'}
[5.494661] (-) TimerEvent: {}
[5.597840] (-) TimerEvent: {}
[5.698019] (-) TimerEvent: {}
[5.801833] (-) TimerEvent: {}
[5.904412] (-) TimerEvent: {}
[6.004718] (-) TimerEvent: {}
[6.104924] (-) TimerEvent: {}
[6.205353] (-) TimerEvent: {}
[6.306850] (-) TimerEvent: {}
[6.407160] (-) TimerEvent: {}
[6.513461] (-) TimerEvent: {}
[6.613787] (-) TimerEvent: {}
[6.689500] (bumperbot_py_examples) Command: {'cmd': ['/usr/bin/python3', '-W', 'ignore:setup.py install is deprecated', '-W', 'ignore:easy_install command is deprecated', 'setup.py', 'egg_info', '--egg-base', '../../build/bumperbot_py_examples', 'build', '--build-base', '/home/vboxuser/bumperbot_ws/build/bumperbot_py_examples/build', 'install', '--record', '/home/vboxuser/bumperbot_ws/build/bumperbot_py_examples/install.log', '--single-version-externally-managed', 'install_data'], 'cwd': '/home/vboxuser/bumperbot_ws/src/bumperbot_py_examples', 'env': {'GJS_DEBUG_TOPICS': 'JS ERROR;JS LOG', 'XDG_ACTIVATION_TOKEN': 'gnome-shell/Terminator/2065-4-Robotproj_TIME1107825', 'LESSOPEN': '| /usr/bin/lesspipe %s', 'USER': 'vboxuser', 'GZ_CONFIG_PATH': '/opt/ros/jazzy/opt/gz_sim_vendor/share/gz:/opt/ros/jazzy/opt/sdformat_vendor/share/gz:/opt/ros/jazzy/opt/gz_gui_vendor/share/gz:/opt/ros/jazzy/opt/gz_transport_vendor/share/gz:/opt/ros/jazzy/opt/gz_rendering_vendor/share/gz:/opt/ros/jazzy/opt/gz_plugin_vendor/share/gz:/opt/ros/jazzy/opt/gz_fuel_tools_vendor/share/gz:/opt/ros/jazzy/opt/gz_msgs_vendor/share/gz:/opt/ros/jazzy/opt/gz_common_vendor/share/gz', 'XDG_SESSION_TYPE': 'wayland', 'CLUTTER_DISABLE_MIPMAPPED_TEXT': '1', 'SHLVL': '1', 'LD_LIBRARY_PATH': '/home/vboxuser/bumperbot_ws/install/bumperbot_msgs/lib:/opt/ros/jazzy/opt/gz_sim_vendor/lib:/opt/ros/jazzy/opt/gz_sensors_vendor/lib:/opt/ros/jazzy/opt/gz_physics_vendor/lib:/opt/ros/jazzy/opt/sdformat_vendor/lib:/opt/ros/jazzy/opt/rviz_ogre_vendor/lib:/opt/ros/jazzy/lib/x86_64-linux-gnu:/opt/ros/jazzy/opt/gz_gui_vendor/lib:/opt/ros/jazzy/opt/gz_transport_vendor/lib:/opt/ros/jazzy/opt/gz_rendering_vendor/lib:/opt/ros/jazzy/opt/gz_plugin_vendor/lib:/opt/ros/jazzy/opt/gz_fuel_tools_vendor/lib:/opt/ros/jazzy/opt/gz_msgs_vendor/lib:/opt/ros/jazzy/opt/gz_common_vendor/lib:/opt/ros/jazzy/opt/gz_math_vendor/lib:/opt/ros/jazzy/opt/gz_utils_vendor/lib:/opt/ros/jazzy/opt/gz_tools_vendor/lib:/opt/ros/jazzy/opt/gz_ogre_next_vendor/lib:/opt/ros/jazzy/opt/gz_dartsim_vendor/lib:/opt/ros/jazzy/opt/gz_cmake_vendor/lib:/opt/ros/jazzy/lib', 'HOME': '/home/vboxuser', 'OLDPWD': '/home/vboxuser/bumperbot_ws', 'DESKTOP_SESSION': 'ubuntu', 'GIO_LAUNCHED_DESKTOP_FILE': '/usr/share/applications/terminator.desktop', 'ROS_PYTHON_VERSION': '3', 'GNOME_SHELL_SESSION_MODE': 'ubuntu', 'GTK_MODULES': 'gail:atk-bridge', 'MANAGERPID': '1821', 'SYSTEMD_EXEC_PID': '2065', 'GSM_SKIP_SSH_AGENT_WORKAROUND': 'true', 'DBUS_SESSION_BUS_ADDRESS': 'unix:path=/run/user/1000/bus', 'COLORTERM': 'truecolor', 'TERMINATOR_DBUS_NAME': 'net.tenshu.Terminator25ef4b219e3b005583550f2b0f9f990c3', 'GIO_LAUNCHED_DESKTOP_FILE_PID': '5942', 'DEBUGINFOD_URLS': 'https://debuginfod.ubuntu.com', 'IM_CONFIG_PHASE': '1', 'WAYLAND_DISPLAY': 'wayland-0', 'ROS_DISTRO': 'jazzy', 'LOGNAME': 'vboxuser', 'JOURNAL_STREAM': '9:15131', '_': '/usr/bin/colcon', 'ROS_VERSION': '2', 'MEMORY_PRESSURE_WATCH': '/sys/fs/cgroup/user.slice/user-1000.slice/user@1000.service/session.slice/org.gnome.Shell@wayland.service/memory.pressure', 'XDG_SESSION_CLASS': 'user', 'USERNAME': 'vboxuser', 'TERM': 'xterm-256color', 'GNOME_DESKTOP_SESSION_ID': 'this-is-deprecated', 'PATH': '/opt/ros/jazzy/opt/gz_msgs_vendor/bin:/opt/ros/jazzy/opt/gz_tools_vendor/bin:/opt/ros/jazzy/opt/gz_ogre_next_vendor/bin:/opt/ros/jazzy/bin:/home/vboxuser/.local/bin:/usr/local/sbin:/usr/local/bin:/usr/sbin:/usr/bin:/sbin:/bin:/usr/games:/usr/local/games:/snap/bin:/snap/bin', 'SESSION_MANAGER': 'local/Robotproj:@/tmp/.ICE-unix/2021,unix/Robotproj:/tmp/.ICE-unix/2021', 'INVOCATION_ID': '0a4448d9e3fa415eb657cec0bbe459f4', 'XDG_MENU_PREFIX': 'gnome-', 'GNOME_SETUP_DISPLAY': ':1', 'XDG_RUNTIME_DIR': '/run/user/1000', 'DISPLAY': ':0', 'TERMINATOR_DBUS_PATH': '/net/tenshu/Terminator2', 'LANG': 'en_US.UTF-8', 'XDG_CURRENT_DESKTOP': 'ubuntu:GNOME', 'XMODIFIERS': '@im=ibus', 'XDG_SESSION_DESKTOP': 'ubuntu', 'XAUTHORITY': '/run/user/1000/.mutter-Xwaylandauth.N2SBM3', 'LS_COLORS': 'rs=0:di=01;34:ln=01;36:mh=00:pi=40;33:so=01;35:do=01;35:bd=40;33;01:cd=40;33;01:or=40;31;01:mi=00:su=37;41:sg=30;43:ca=00:tw=30;42:ow=34;42:st=37;44:ex=01;32:*.tar=01;31:*.tgz=01;31:*.arc=01;31:*.arj=01;31:*.taz=01;31:*.lha=01;31:*.lz4=01;31:*.lzh=01;31:*.lzma=01;31:*.tlz=01;31:*.txz=01;31:*.tzo=01;31:*.t7z=01;31:*.zip=01;31:*.z=01;31:*.dz=01;31:*.gz=01;31:*.lrz=01;31:*.lz=01;31:*.lzo=01;31:*.xz=01;31:*.zst=01;31:*.tzst=01;31:*.bz2=01;31:*.bz=01;31:*.tbz=01;31:*.tbz2=01;31:*.tz=01;31:*.deb=01;31:*.rpm=01;31:*.jar=01;31:*.war=01;31:*.ear=01;31:*.sar=01;31:*.rar=01;31:*.alz=01;31:*.ace=01;31:*.zoo=01;31:*.cpio=01;31:*.7z=01;31:*.rz=01;31:*.cab=01;31:*.wim=01;31:*.swm=01;31:*.dwm=01;31:*.esd=01;31:*.avif=01;35:*.jpg=01;35:*.jpeg=01;35:*.mjpg=01;35:*.mjpeg=01;35:*.gif=01;35:*.bmp=01;35:*.pbm=01;35:*.pgm=01;35:*.ppm=01;35:*.tga=01;35:*.xbm=01;35:*.xpm=01;35:*.tif=01;35:*.tiff=01;35:*.png=01;35:*.svg=01;35:*.svgz=01;35:*.mng=01;35:*.pcx=01;35:*.mov=01;35:*.mpg=01;35:*.mpeg=01;35:*.m2v=01;35:*.mkv=01;35:*.webm=01;35:*.webp=01;35:*.ogm=01;35:*.mp4=01;35:*.m4v=01;35:*.mp4v=01;35:*.vob=01;35:*.qt=01;35:*.nuv=01;35:*.wmv=01;35:*.asf=01;35:*.rm=01;35:*.rmvb=01;35:*.flc=01;35:*.avi=01;35:*.fli=01;35:*.flv=01;35:*.gl=01;35:*.dl=01;35:*.xcf=01;35:*.xwd=01;35:*.yuv=01;35:*.cgm=01;35:*.emf=01;35:*.ogv=01;35:*.ogx=01;35:*.aac=00;36:*.au=00;36:*.flac=00;36:*.m4a=00;36:*.mid=00;36:*.midi=00;36:*.mka=00;36:*.mp3=00;36:*.mpc=00;36:*.ogg=00;36:*.ra=00;36:*.wav=00;36:*.oga=00;36:*.opus=00;36:*.spx=00;36:*.xspf=00;36:*~=00;90:*#=00;90:*.bak=00;90:*.crdownload=00;90:*.dpkg-dist=00;90:*.dpkg-new=00;90:*.dpkg-old=00;90:*.dpkg-tmp=00;90:*.old=00;90:*.orig=00;90:*.part=00;90:*.rej=00;90:*.rpmnew=00;90:*.rpmorig=00;90:*.rpmsave=00;90:*.swp=00;90:*.tmp=00;90:*.ucf-dist=00;90:*.ucf-new=00;90:*.ucf-old=00;90:', 'SSH_AUTH_SOCK': '/run/user/1000/keyring/ssh', 'AMENT_PREFIX_PATH': '/home/vboxuser/bumperbot_ws/install/bumperbot_msgs:/opt/ros/jazzy', 'SHELL': '/bin/bash', 'TERMINATOR_UUID': 'urn:uuid:275a140c-1165-495c-b537-22585f08cb7b', 'QT_ACCESSIBILITY': '1', 'GDMSESSION': 'ubuntu', 'LESSCLOSE': '/usr/bin/lesspipe %s %s', 'GJS_DEBUG_OUTPUT': 'stderr', 'ROS_AUTOMATIC_DISCOVERY_RANGE': 'SUBNET', 'QT_IM_MODULE': 'ibus', 'PWD': '/home/vboxuser/bumperbot_ws/build/bumperbot_py_examples', 'LC_ALL': 'en_US.UTF-8', 'XDG_CONFIG_DIRS': '/etc/xdg/xdg-ubuntu:/etc/xdg', 'XDG_DATA_DIRS': '/usr/share/ubuntu:/usr/share/gnome:/usr/local/share/:/usr/share/:/var/lib/snapd/desktop', 'PYTHONPATH': '/home/vboxuser/bumperbot_ws/build/bumperbot_py_examples/prefix_override:/usr/lib/python3/dist-packages/colcon_core/task/python/colcon_distutils_commands:/home/vboxuser/bumperbot_ws/install/bumperbot_py_examples/lib/python3.12/site-packages:/home/vboxuser/bumperbot_ws/install/bumperbot_msgs/lib/python3.12/site-packages:/opt/ros/jazzy/lib/python3.12/site-packages', 'COLCON': '1', 'MEMORY_PRESSURE_WRITE': 'c29tZSAyMDAwMDAgMjAwMDAwMAA=', 'VTE_VERSION': '7600', 'CMAKE_PREFIX_PATH': '/home/vboxuser/bumperbot_ws/install/bumperbot_msgs:/opt/ros/jazzy/opt/gz_sim_vendor:/opt/ros/jazzy/opt/gz_sensors_vendor:/opt/ros/jazzy/opt/gz_physics_vendor:/opt/ros/jazzy/opt/sdformat_vendor:/opt/ros/jazzy/opt/gz_gui_vendor:/opt/ros/jazzy/opt/gz_transport_vendor:/opt/ros/jazzy/opt/gz_rendering_vendor:/opt/ros/jazzy/opt/gz_plugin_vendor:/opt/ros/jazzy/opt/gz_fuel_tools_vendor:/opt/ros/jazzy/opt/gz_msgs_vendor:/opt/ros/jazzy/opt/gz_common_vendor:/opt/ros/jazzy/opt/gz_math_vendor:/opt/ros/jazzy/opt/gz_utils_vendor:/opt/ros/jazzy/opt/gz_tools_vendor:/opt/ros/jazzy/opt/gz_ogre_next_vendor:/opt/ros/jazzy/opt/gz_dartsim_vendor:/opt/ros/jazzy/opt/gz_cmake_vendor'}, 'shell': False}
[6.714181] (-) TimerEvent: {}
[6.815564] (-) TimerEvent: {}
[6.907212] (bumperbot_py_examples) StdoutLine: {'line': b'running egg_info\n'}
[6.918658] (-) TimerEvent: {}
[6.929689] (bumperbot_py_examples) StdoutLine: {'line': b'writing ../../build/bumperbot_py_examples/bumperbot_py_examples.egg-info/PKG-INFO\n'}
[6.932474] (bumperbot_py_examples) StdoutLine: {'line': b'writing dependency_links to ../../build/bumperbot_py_examples/bumperbot_py_examples.egg-info/dependency_links.txt\n'}
[6.932745] (bumperbot_py_examples) StdoutLine: {'line': b'writing entry points to ../../build/bumperbot_py_examples/bumperbot_py_examples.egg-info/entry_points.txt\n'}
[6.933215] (bumperbot_py_examples) StdoutLine: {'line': b'writing requirements to ../../build/bumperbot_py_examples/bumperbot_py_examples.egg-info/requires.txt\n'}
[6.933706] (bumperbot_py_examples) StdoutLine: {'line': b'writing top-level names to ../../build/bumperbot_py_examples/bumperbot_py_examples.egg-info/top_level.txt\n'}
[6.960485] (bumperbot_py_examples) StdoutLine: {'line': b"reading manifest file '../../build/bumperbot_py_examples/bumperbot_py_examples.egg-info/SOURCES.txt'\n"}
[6.961434] (bumperbot_py_examples) StdoutLine: {'line': b"writing manifest file '../../build/bumperbot_py_examples/bumperbot_py_examples.egg-info/SOURCES.txt'\n"}
[6.962004] (bumperbot_py_examples) StdoutLine: {'line': b'running build\n'}
[6.962108] (bumperbot_py_examples) StdoutLine: {'line': b'running build_py\n'}
[6.967601] (bumperbot_py_examples) StdoutLine: {'line': b'running install\n'}
[6.967692] (bumperbot_py_examples) StdoutLine: {'line': b'running install_lib\n'}
[6.980676] (bumperbot_py_examples) StdoutLine: {'line': b'running install_data\n'}
[6.982152] (bumperbot_py_examples) StdoutLine: {'line': b'running install_egg_info\n'}
[6.994965] (bumperbot_py_examples) StdoutLine: {'line': b"removing '/home/vboxuser/bumperbot_ws/install/bumperbot_py_examples/lib/python3.12/site-packages/bumperbot_py_examples-0.0.0-py3.12.egg-info' (and everything under it)\n"}
[6.995075] (bumperbot_py_examples) StdoutLine: {'line': b'Copying ../../build/bumperbot_py_examples/bumperbot_py_examples.egg-info to /home/vboxuser/bumperbot_ws/install/bumperbot_py_examples/lib/python3.12/site-packages/bumperbot_py_examples-0.0.0-py3.12.egg-info\n'}
[6.996759] (bumperbot_py_examples) StdoutLine: {'line': b'running install_scripts\n'}
[7.022366] (-) TimerEvent: {}
[7.087811] (bumperbot_py_examples) StdoutLine: {'line': b'Installing simple_action_client script to /home/vboxuser/bumperbot_ws/install/bumperbot_py_examples/lib/bumperbot_py_examples\n'}
[7.089630] (bumperbot_py_examples) StdoutLine: {'line': b'Installing simple_action_server script to /home/vboxuser/bumperbot_ws/install/bumperbot_py_examples/lib/bumperbot_py_examples\n'}
[7.090105] (bumperbot_py_examples) StdoutLine: {'line': b'Installing simple_lifecycle_node script to /home/vboxuser/bumperbot_ws/install/bumperbot_py_examples/lib/bumperbot_py_examples\n'}
[7.090598] (bumperbot_py_examples) StdoutLine: {'line': b'Installing simple_parameter script to /home/vboxuser/bumperbot_ws/install/bumperbot_py_examples/lib/bumperbot_py_examples\n'}
[7.091320] (bumperbot_py_examples) StdoutLine: {'line': b'Installing simple_publisher script to /home/vboxuser/bumperbot_ws/install/bumperbot_py_examples/lib/bumperbot_py_examples\n'}
[7.091424] (bumperbot_py_examples) StdoutLine: {'line': b'Installing simple_qos_publisher script to /home/vboxuser/bumperbot_ws/install/bumperbot_py_examples/lib/bumperbot_py_examples\n'}
[7.091874] (bumperbot_py_examples) StdoutLine: {'line': b'Installing simple_qos_subscriber script to /home/vboxuser/bumperbot_ws/install/bumperbot_py_examples/lib/bumperbot_py_examples\n'}
[7.092285] (bumperbot_py_examples) StdoutLine: {'line': b'Installing simple_service_client script to /home/vboxuser/bumperbot_ws/install/bumperbot_py_examples/lib/bumperbot_py_examples\n'}
[7.092744] (bumperbot_py_examples) StdoutLine: {'line': b'Installing simple_service_server script to /home/vboxuser/bumperbot_ws/install/bumperbot_py_examples/lib/bumperbot_py_examples\n'}
[7.093016] (bumperbot_py_examples) StdoutLine: {'line': b'Installing simple_subscriber script to /home/vboxuser/bumperbot_ws/install/bumperbot_py_examples/lib/bumperbot_py_examples\n'}
[7.093855] (bumperbot_py_examples) StdoutLine: {'line': b'Installing simple_tf_kinematics script to /home/vboxuser/bumperbot_ws/install/bumperbot_py_examples/lib/bumperbot_py_examples\n'}
[7.093956] (bumperbot_py_examples) StdoutLine: {'line': b'Installing simple_turtlesim_kinematics script to /home/vboxuser/bumperbot_ws/install/bumperbot_py_examples/lib/bumperbot_py_examples\n'}
[7.094611] (bumperbot_py_examples) StdoutLine: {'line': b"writing list of installed files to '/home/vboxuser/bumperbot_ws/build/bumperbot_py_examples/install.log'\n"}
[7.115035] (bumperbot_py_examples) CommandEnded: {'returncode': 0}
[7.122574] (-) TimerEvent: {}
[7.132003] (bumperbot_py_examples) JobEnded: {'identifier': 'bumperbot_py_examples', 'rc': 0}
[7.133057] (-) EventReactorShutdown: {}
