[0.073s] DEBUG:colcon:Command line arguments: ['/usr/bin/colcon', 'build']
[0.073s] DEBUG:colcon:Parsed command line arguments: Namespace(log_base=None, log_level=None, verb_name='build', build_base='build', install_base='install', merge_install=False, symlink_install=False, test_result_base=None, continue_on_error=False, executor='parallel', parallel_workers=7, event_handlers=None, ignore_user_meta=False, metas=['./colcon.meta'], base_paths=['.'], packages_ignore=None, packages_ignore_regex=None, paths=None, packages_up_to=None, packages_up_to_regex=None, packages_above=None, packages_above_and_dependencies=None, packages_above_depth=None, packages_select_by_dep=None, packages_skip_by_dep=None, packages_skip_up_to=None, packages_select_build_failed=False, packages_skip_build_finished=False, packages_select_test_failures=False, packages_skip_test_passed=False, packages_select=None, packages_skip=None, packages_select_regex=None, packages_skip_regex=None, packages_start=None, packages_end=None, allow_overriding=[], cmake_args=None, cmake_target=None, cmake_target_skip_unavailable=False, cmake_clean_cache=False, cmake_clean_first=False, cmake_force_configure=False, ament_cmake_args=None, catkin_cmake_args=None, catkin_skip_building_tests=False, mixin_files=None, mixin=None, verb_parser=<colcon_mixin.mixin.mixin_argument.MixinArgumentDecorator object at 0x7766dfe94b30>, verb_extension=<colcon_core.verb.build.BuildVerb object at 0x7766e08ae4b0>, main=<bound method BuildVerb.main of <colcon_core.verb.build.BuildVerb object at 0x7766e08ae4b0>>, mixin_verb=('build',))
[0.105s] Level 1:colcon.colcon_core.package_discovery:discover_packages(colcon_meta) check parameters
[0.105s] Level 1:colcon.colcon_core.package_discovery:discover_packages(recursive) check parameters
[0.106s] Level 1:colcon.colcon_core.package_discovery:discover_packages(ignore) check parameters
[0.106s] Level 1:colcon.colcon_core.package_discovery:discover_packages(path) check parameters
[0.106s] Level 1:colcon.colcon_core.package_discovery:discover_packages(colcon_meta) discover
[0.106s] Level 1:colcon.colcon_core.package_discovery:discover_packages(recursive) discover
[0.106s] INFO:colcon.colcon_core.package_discovery:Crawling recursively for packages in '/home/vboxuser/bumperbot_ws'
[0.106s] Level 1:colcon.colcon_core.package_identification:_identify(.) by extensions ['ignore', 'ignore_ament_install']
[0.106s] Level 1:colcon.colcon_core.package_identification:_identify(.) by extension 'ignore'
[0.106s] Level 1:colcon.colcon_core.package_identification:_identify(.) by extension 'ignore_ament_install'
[0.106s] Level 1:colcon.colcon_core.package_identification:_identify(.) by extensions ['colcon_pkg']
[0.106s] Level 1:colcon.colcon_core.package_identification:_identify(.) by extension 'colcon_pkg'
[0.106s] Level 1:colcon.colcon_core.package_identification:_identify(.) by extensions ['colcon_meta']
[0.106s] Level 1:colcon.colcon_core.package_identification:_identify(.) by extension 'colcon_meta'
[0.106s] Level 1:colcon.colcon_core.package_identification:_identify(.) by extensions ['ros']
[0.106s] Level 1:colcon.colcon_core.package_identification:_identify(.) by extension 'ros'
[0.123s] Level 1:colcon.colcon_core.package_identification:_identify(.) by extensions ['cmake', 'python']
[0.123s] Level 1:colcon.colcon_core.package_identification:_identify(.) by extension 'cmake'
[0.123s] Level 1:colcon.colcon_core.package_identification:_identify(.) by extension 'python'
[0.123s] Level 1:colcon.colcon_core.package_identification:_identify(.) by extensions ['python_setup_py']
[0.123s] Level 1:colcon.colcon_core.package_identification:_identify(.) by extension 'python_setup_py'
[0.124s] Level 1:colcon.colcon_core.package_identification:_identify(build) by extensions ['ignore', 'ignore_ament_install']
[0.124s] Level 1:colcon.colcon_core.package_identification:_identify(build) by extension 'ignore'
[0.124s] Level 1:colcon.colcon_core.package_identification:_identify(build) ignored
[0.124s] Level 1:colcon.colcon_core.package_identification:_identify(install) by extensions ['ignore', 'ignore_ament_install']
[0.124s] Level 1:colcon.colcon_core.package_identification:_identify(install) by extension 'ignore'
[0.124s] Level 1:colcon.colcon_core.package_identification:_identify(install) ignored
[0.124s] Level 1:colcon.colcon_core.package_identification:_identify(log) by extensions ['ignore', 'ignore_ament_install']
[0.124s] Level 1:colcon.colcon_core.package_identification:_identify(log) by extension 'ignore'
[0.124s] Level 1:colcon.colcon_core.package_identification:_identify(log) ignored
[0.124s] Level 1:colcon.colcon_core.package_identification:_identify(src) by extensions ['ignore', 'ignore_ament_install']
[0.124s] Level 1:colcon.colcon_core.package_identification:_identify(src) by extension 'ignore'
[0.124s] Level 1:colcon.colcon_core.package_identification:_identify(src) by extension 'ignore_ament_install'
[0.124s] Level 1:colcon.colcon_core.package_identification:_identify(src) by extensions ['colcon_pkg']
[0.124s] Level 1:colcon.colcon_core.package_identification:_identify(src) by extension 'colcon_pkg'
[0.124s] Level 1:colcon.colcon_core.package_identification:_identify(src) by extensions ['colcon_meta']
[0.124s] Level 1:colcon.colcon_core.package_identification:_identify(src) by extension 'colcon_meta'
[0.124s] Level 1:colcon.colcon_core.package_identification:_identify(src) by extensions ['ros']
[0.124s] Level 1:colcon.colcon_core.package_identification:_identify(src) by extension 'ros'
[0.124s] Level 1:colcon.colcon_core.package_identification:_identify(src) by extensions ['cmake', 'python']
[0.124s] Level 1:colcon.colcon_core.package_identification:_identify(src) by extension 'cmake'
[0.124s] Level 1:colcon.colcon_core.package_identification:_identify(src) by extension 'python'
[0.124s] Level 1:colcon.colcon_core.package_identification:_identify(src) by extensions ['python_setup_py']
[0.124s] Level 1:colcon.colcon_core.package_identification:_identify(src) by extension 'python_setup_py'
[0.124s] Level 1:colcon.colcon_core.package_identification:_identify(src/Self-Driving-and-ROS-2-Learn-by-Doing-Plan-Navigation) by extensions ['ignore', 'ignore_ament_install']
[0.124s] Level 1:colcon.colcon_core.package_identification:_identify(src/Self-Driving-and-ROS-2-Learn-by-Doing-Plan-Navigation) by extension 'ignore'
[0.125s] Level 1:colcon.colcon_core.package_identification:_identify(src/Self-Driving-and-ROS-2-Learn-by-Doing-Plan-Navigation) ignored
[0.125s] Level 1:colcon.colcon_core.package_identification:_identify(src/bumperbot_bringup) by extensions ['ignore', 'ignore_ament_install']
[0.125s] Level 1:colcon.colcon_core.package_identification:_identify(src/bumperbot_bringup) by extension 'ignore'
[0.125s] Level 1:colcon.colcon_core.package_identification:_identify(src/bumperbot_bringup) by extension 'ignore_ament_install'
[0.125s] Level 1:colcon.colcon_core.package_identification:_identify(src/bumperbot_bringup) by extensions ['colcon_pkg']
[0.125s] Level 1:colcon.colcon_core.package_identification:_identify(src/bumperbot_bringup) by extension 'colcon_pkg'
[0.125s] Level 1:colcon.colcon_core.package_identification:_identify(src/bumperbot_bringup) by extensions ['colcon_meta']
[0.125s] Level 1:colcon.colcon_core.package_identification:_identify(src/bumperbot_bringup) by extension 'colcon_meta'
[0.125s] Level 1:colcon.colcon_core.package_identification:_identify(src/bumperbot_bringup) by extensions ['ros']
[0.125s] Level 1:colcon.colcon_core.package_identification:_identify(src/bumperbot_bringup) by extension 'ros'
[0.126s] DEBUG:colcon.colcon_core.package_identification:Package 'src/bumperbot_bringup' with type 'ros.ament_cmake' and name 'bumperbot_bringup'
[0.127s] Level 1:colcon.colcon_core.package_identification:_identify(src/bumperbot_controller) by extensions ['ignore', 'ignore_ament_install']
[0.127s] Level 1:colcon.colcon_core.package_identification:_identify(src/bumperbot_controller) by extension 'ignore'
[0.127s] Level 1:colcon.colcon_core.package_identification:_identify(src/bumperbot_controller) by extension 'ignore_ament_install'
[0.127s] Level 1:colcon.colcon_core.package_identification:_identify(src/bumperbot_controller) by extensions ['colcon_pkg']
[0.127s] Level 1:colcon.colcon_core.package_identification:_identify(src/bumperbot_controller) by extension 'colcon_pkg'
[0.127s] Level 1:colcon.colcon_core.package_identification:_identify(src/bumperbot_controller) by extensions ['colcon_meta']
[0.127s] Level 1:colcon.colcon_core.package_identification:_identify(src/bumperbot_controller) by extension 'colcon_meta'
[0.127s] Level 1:colcon.colcon_core.package_identification:_identify(src/bumperbot_controller) by extensions ['ros']
[0.127s] Level 1:colcon.colcon_core.package_identification:_identify(src/bumperbot_controller) by extension 'ros'
[0.127s] DEBUG:colcon.colcon_core.package_identification:Package 'src/bumperbot_controller' with type 'ros.ament_cmake' and name 'bumperbot_controller'
[0.127s] Level 1:colcon.colcon_core.package_identification:_identify(src/bumperbot_cpp_examples) by extensions ['ignore', 'ignore_ament_install']
[0.128s] Level 1:colcon.colcon_core.package_identification:_identify(src/bumperbot_cpp_examples) by extension 'ignore'
[0.128s] Level 1:colcon.colcon_core.package_identification:_identify(src/bumperbot_cpp_examples) by extension 'ignore_ament_install'
[0.128s] Level 1:colcon.colcon_core.package_identification:_identify(src/bumperbot_cpp_examples) by extensions ['colcon_pkg']
[0.128s] Level 1:colcon.colcon_core.package_identification:_identify(src/bumperbot_cpp_examples) by extension 'colcon_pkg'
[0.128s] Level 1:colcon.colcon_core.package_identification:_identify(src/bumperbot_cpp_examples) by extensions ['colcon_meta']
[0.128s] Level 1:colcon.colcon_core.package_identification:_identify(src/bumperbot_cpp_examples) by extension 'colcon_meta'
[0.128s] Level 1:colcon.colcon_core.package_identification:_identify(src/bumperbot_cpp_examples) by extensions ['ros']
[0.128s] Level 1:colcon.colcon_core.package_identification:_identify(src/bumperbot_cpp_examples) by extension 'ros'
[0.128s] DEBUG:colcon.colcon_core.package_identification:Package 'src/bumperbot_cpp_examples' with type 'ros.ament_cmake' and name 'bumperbot_cpp_examples'
[0.128s] Level 1:colcon.colcon_core.package_identification:_identify(src/bumperbot_description) by extensions ['ignore', 'ignore_ament_install']
[0.128s] Level 1:colcon.colcon_core.package_identification:_identify(src/bumperbot_description) by extension 'ignore'
[0.128s] Level 1:colcon.colcon_core.package_identification:_identify(src/bumperbot_description) by extension 'ignore_ament_install'
[0.128s] Level 1:colcon.colcon_core.package_identification:_identify(src/bumperbot_description) by extensions ['colcon_pkg']
[0.128s] Level 1:colcon.colcon_core.package_identification:_identify(src/bumperbot_description) by extension 'colcon_pkg'
[0.128s] Level 1:colcon.colcon_core.package_identification:_identify(src/bumperbot_description) by extensions ['colcon_meta']
[0.128s] Level 1:colcon.colcon_core.package_identification:_identify(src/bumperbot_description) by extension 'colcon_meta'
[0.128s] Level 1:colcon.colcon_core.package_identification:_identify(src/bumperbot_description) by extensions ['ros']
[0.129s] Level 1:colcon.colcon_core.package_identification:_identify(src/bumperbot_description) by extension 'ros'
[0.130s] DEBUG:colcon.colcon_core.package_identification:Package 'src/bumperbot_description' with type 'ros.ament_cmake' and name 'bumperbot_description'
[0.130s] Level 1:colcon.colcon_core.package_identification:_identify(src/bumperbot_firmware) by extensions ['ignore', 'ignore_ament_install']
[0.130s] Level 1:colcon.colcon_core.package_identification:_identify(src/bumperbot_firmware) by extension 'ignore'
[0.131s] Level 1:colcon.colcon_core.package_identification:_identify(src/bumperbot_firmware) by extension 'ignore_ament_install'
[0.131s] Level 1:colcon.colcon_core.package_identification:_identify(src/bumperbot_firmware) by extensions ['colcon_pkg']
[0.131s] Level 1:colcon.colcon_core.package_identification:_identify(src/bumperbot_firmware) by extension 'colcon_pkg'
[0.131s] Level 1:colcon.colcon_core.package_identification:_identify(src/bumperbot_firmware) by extensions ['colcon_meta']
[0.131s] Level 1:colcon.colcon_core.package_identification:_identify(src/bumperbot_firmware) by extension 'colcon_meta'
[0.131s] Level 1:colcon.colcon_core.package_identification:_identify(src/bumperbot_firmware) by extensions ['ros']
[0.131s] Level 1:colcon.colcon_core.package_identification:_identify(src/bumperbot_firmware) by extension 'ros'
[0.131s] DEBUG:colcon.colcon_core.package_identification:Package 'src/bumperbot_firmware' with type 'ros.ament_cmake' and name 'bumperbot_firmware'
[0.131s] Level 1:colcon.colcon_core.package_identification:_identify(src/bumperbot_localization) by extensions ['ignore', 'ignore_ament_install']
[0.131s] Level 1:colcon.colcon_core.package_identification:_identify(src/bumperbot_localization) by extension 'ignore'
[0.131s] Level 1:colcon.colcon_core.package_identification:_identify(src/bumperbot_localization) by extension 'ignore_ament_install'
[0.131s] Level 1:colcon.colcon_core.package_identification:_identify(src/bumperbot_localization) by extensions ['colcon_pkg']
[0.131s] Level 1:colcon.colcon_core.package_identification:_identify(src/bumperbot_localization) by extension 'colcon_pkg'
[0.131s] Level 1:colcon.colcon_core.package_identification:_identify(src/bumperbot_localization) by extensions ['colcon_meta']
[0.131s] Level 1:colcon.colcon_core.package_identification:_identify(src/bumperbot_localization) by extension 'colcon_meta'
[0.131s] Level 1:colcon.colcon_core.package_identification:_identify(src/bumperbot_localization) by extensions ['ros']
[0.131s] Level 1:colcon.colcon_core.package_identification:_identify(src/bumperbot_localization) by extension 'ros'
[0.132s] DEBUG:colcon.colcon_core.package_identification:Package 'src/bumperbot_localization' with type 'ros.ament_cmake' and name 'bumperbot_localization'
[0.132s] Level 1:colcon.colcon_core.package_identification:_identify(src/bumperbot_mapping) by extensions ['ignore', 'ignore_ament_install']
[0.132s] Level 1:colcon.colcon_core.package_identification:_identify(src/bumperbot_mapping) by extension 'ignore'
[0.132s] Level 1:colcon.colcon_core.package_identification:_identify(src/bumperbot_mapping) by extension 'ignore_ament_install'
[0.132s] Level 1:colcon.colcon_core.package_identification:_identify(src/bumperbot_mapping) by extensions ['colcon_pkg']
[0.132s] Level 1:colcon.colcon_core.package_identification:_identify(src/bumperbot_mapping) by extension 'colcon_pkg'
[0.132s] Level 1:colcon.colcon_core.package_identification:_identify(src/bumperbot_mapping) by extensions ['colcon_meta']
[0.132s] Level 1:colcon.colcon_core.package_identification:_identify(src/bumperbot_mapping) by extension 'colcon_meta'
[0.132s] Level 1:colcon.colcon_core.package_identification:_identify(src/bumperbot_mapping) by extensions ['ros']
[0.132s] Level 1:colcon.colcon_core.package_identification:_identify(src/bumperbot_mapping) by extension 'ros'
[0.133s] DEBUG:colcon.colcon_core.package_identification:Package 'src/bumperbot_mapping' with type 'ros.ament_cmake' and name 'bumperbot_mapping'
[0.133s] Level 1:colcon.colcon_core.package_identification:_identify(src/bumperbot_msgs) by extensions ['ignore', 'ignore_ament_install']
[0.133s] Level 1:colcon.colcon_core.package_identification:_identify(src/bumperbot_msgs) by extension 'ignore'
[0.133s] Level 1:colcon.colcon_core.package_identification:_identify(src/bumperbot_msgs) by extension 'ignore_ament_install'
[0.133s] Level 1:colcon.colcon_core.package_identification:_identify(src/bumperbot_msgs) by extensions ['colcon_pkg']
[0.133s] Level 1:colcon.colcon_core.package_identification:_identify(src/bumperbot_msgs) by extension 'colcon_pkg'
[0.133s] Level 1:colcon.colcon_core.package_identification:_identify(src/bumperbot_msgs) by extensions ['colcon_meta']
[0.133s] Level 1:colcon.colcon_core.package_identification:_identify(src/bumperbot_msgs) by extension 'colcon_meta'
[0.133s] Level 1:colcon.colcon_core.package_identification:_identify(src/bumperbot_msgs) by extensions ['ros']
[0.133s] Level 1:colcon.colcon_core.package_identification:_identify(src/bumperbot_msgs) by extension 'ros'
[0.133s] DEBUG:colcon.colcon_core.package_identification:Package 'src/bumperbot_msgs' with type 'ros.ament_cmake' and name 'bumperbot_msgs'
[0.133s] Level 1:colcon.colcon_core.package_identification:_identify(src/bumperbot_py_examples) by extensions ['ignore', 'ignore_ament_install']
[0.133s] Level 1:colcon.colcon_core.package_identification:_identify(src/bumperbot_py_examples) by extension 'ignore'
[0.133s] Level 1:colcon.colcon_core.package_identification:_identify(src/bumperbot_py_examples) by extension 'ignore_ament_install'
[0.133s] Level 1:colcon.colcon_core.package_identification:_identify(src/bumperbot_py_examples) by extensions ['colcon_pkg']
[0.133s] Level 1:colcon.colcon_core.package_identification:_identify(src/bumperbot_py_examples) by extension 'colcon_pkg'
[0.133s] Level 1:colcon.colcon_core.package_identification:_identify(src/bumperbot_py_examples) by extensions ['colcon_meta']
[0.133s] Level 1:colcon.colcon_core.package_identification:_identify(src/bumperbot_py_examples) by extension 'colcon_meta'
[0.133s] Level 1:colcon.colcon_core.package_identification:_identify(src/bumperbot_py_examples) by extensions ['ros']
[0.133s] Level 1:colcon.colcon_core.package_identification:_identify(src/bumperbot_py_examples) by extension 'ros'
[0.134s] DEBUG:colcon.colcon_core.package_identification:Package 'src/bumperbot_py_examples' with type 'ros.ament_python' and name 'bumperbot_py_examples'
[0.134s] Level 1:colcon.colcon_core.package_identification:_identify(src/bumperbot_utils) by extensions ['ignore', 'ignore_ament_install']
[0.134s] Level 1:colcon.colcon_core.package_identification:_identify(src/bumperbot_utils) by extension 'ignore'
[0.134s] Level 1:colcon.colcon_core.package_identification:_identify(src/bumperbot_utils) by extension 'ignore_ament_install'
[0.134s] Level 1:colcon.colcon_core.package_identification:_identify(src/bumperbot_utils) by extensions ['colcon_pkg']
[0.134s] Level 1:colcon.colcon_core.package_identification:_identify(src/bumperbot_utils) by extension 'colcon_pkg'
[0.134s] Level 1:colcon.colcon_core.package_identification:_identify(src/bumperbot_utils) by extensions ['colcon_meta']
[0.134s] Level 1:colcon.colcon_core.package_identification:_identify(src/bumperbot_utils) by extension 'colcon_meta'
[0.134s] Level 1:colcon.colcon_core.package_identification:_identify(src/bumperbot_utils) by extensions ['ros']
[0.134s] Level 1:colcon.colcon_core.package_identification:_identify(src/bumperbot_utils) by extension 'ros'
[0.134s] DEBUG:colcon.colcon_core.package_identification:Package 'src/bumperbot_utils' with type 'ros.ament_cmake' and name 'bumperbot_utils'
[0.134s] Level 1:colcon.colcon_core.package_discovery:discover_packages(recursive) using defaults
[0.135s] Level 1:colcon.colcon_core.package_discovery:discover_packages(ignore) discover
[0.135s] Level 1:colcon.colcon_core.package_discovery:discover_packages(ignore) using defaults
[0.135s] Level 1:colcon.colcon_core.package_discovery:discover_packages(path) discover
[0.135s] Level 1:colcon.colcon_core.package_discovery:discover_packages(path) using defaults
[0.149s] Level 1:colcon.colcon_core.package_discovery:discover_packages(prefix_path) check parameters
[0.149s] Level 1:colcon.colcon_core.package_discovery:discover_packages(prefix_path) discover
[0.151s] DEBUG:colcon.colcon_installed_package_information.package_discovery:Found 382 installed packages in /opt/ros/jazzy
[0.151s] Level 1:colcon.colcon_core.package_discovery:discover_packages(prefix_path) using defaults
[0.180s] Level 5:colcon.colcon_core.verb:set package 'bumperbot_controller' build argument 'cmake_args' from command line to 'None'
[0.180s] Level 5:colcon.colcon_core.verb:set package 'bumperbot_controller' build argument 'cmake_target' from command line to 'None'
[0.180s] Level 5:colcon.colcon_core.verb:set package 'bumperbot_controller' build argument 'cmake_target_skip_unavailable' from command line to 'False'
[0.180s] Level 5:colcon.colcon_core.verb:set package 'bumperbot_controller' build argument 'cmake_clean_cache' from command line to 'False'
[0.180s] Level 5:colcon.colcon_core.verb:set package 'bumperbot_controller' build argument 'cmake_clean_first' from command line to 'False'
[0.180s] Level 5:colcon.colcon_core.verb:set package 'bumperbot_controller' build argument 'cmake_force_configure' from command line to 'False'
[0.180s] Level 5:colcon.colcon_core.verb:set package 'bumperbot_controller' build argument 'ament_cmake_args' from command line to 'None'
[0.180s] Level 5:colcon.colcon_core.verb:set package 'bumperbot_controller' build argument 'catkin_cmake_args' from command line to 'None'
[0.180s] Level 5:colcon.colcon_core.verb:set package 'bumperbot_controller' build argument 'catkin_skip_building_tests' from command line to 'False'
[0.180s] DEBUG:colcon.colcon_core.verb:Building package 'bumperbot_controller' with the following arguments: {'ament_cmake_args': None, 'build_base': '/home/vboxuser/bumperbot_ws/build/bumperbot_controller', 'catkin_cmake_args': None, 'catkin_skip_building_tests': False, 'cmake_args': None, 'cmake_clean_cache': False, 'cmake_clean_first': False, 'cmake_force_configure': False, 'cmake_target': None, 'cmake_target_skip_unavailable': False, 'install_base': '/home/vboxuser/bumperbot_ws/install/bumperbot_controller', 'merge_install': False, 'path': '/home/vboxuser/bumperbot_ws/src/bumperbot_controller', 'symlink_install': False, 'test_result_base': None}
[0.180s] Level 5:colcon.colcon_core.verb:set package 'bumperbot_description' build argument 'cmake_args' from command line to 'None'
[0.180s] Level 5:colcon.colcon_core.verb:set package 'bumperbot_description' build argument 'cmake_target' from command line to 'None'
[0.180s] Level 5:colcon.colcon_core.verb:set package 'bumperbot_description' build argument 'cmake_target_skip_unavailable' from command line to 'False'
[0.180s] Level 5:colcon.colcon_core.verb:set package 'bumperbot_description' build argument 'cmake_clean_cache' from command line to 'False'
[0.180s] Level 5:colcon.colcon_core.verb:set package 'bumperbot_description' build argument 'cmake_clean_first' from command line to 'False'
[0.180s] Level 5:colcon.colcon_core.verb:set package 'bumperbot_description' build argument 'cmake_force_configure' from command line to 'False'
[0.180s] Level 5:colcon.colcon_core.verb:set package 'bumperbot_description' build argument 'ament_cmake_args' from command line to 'None'
[0.180s] Level 5:colcon.colcon_core.verb:set package 'bumperbot_description' build argument 'catkin_cmake_args' from command line to 'None'
[0.180s] Level 5:colcon.colcon_core.verb:set package 'bumperbot_description' build argument 'catkin_skip_building_tests' from command line to 'False'
[0.180s] DEBUG:colcon.colcon_core.verb:Building package 'bumperbot_description' with the following arguments: {'ament_cmake_args': None, 'build_base': '/home/vboxuser/bumperbot_ws/build/bumperbot_description', 'catkin_cmake_args': None, 'catkin_skip_building_tests': False, 'cmake_args': None, 'cmake_clean_cache': False, 'cmake_clean_first': False, 'cmake_force_configure': False, 'cmake_target': None, 'cmake_target_skip_unavailable': False, 'install_base': '/home/vboxuser/bumperbot_ws/install/bumperbot_description', 'merge_install': False, 'path': '/home/vboxuser/bumperbot_ws/src/bumperbot_description', 'symlink_install': False, 'test_result_base': None}
[0.180s] Level 5:colcon.colcon_core.verb:set package 'bumperbot_firmware' build argument 'cmake_args' from command line to 'None'
[0.180s] Level 5:colcon.colcon_core.verb:set package 'bumperbot_firmware' build argument 'cmake_target' from command line to 'None'
[0.180s] Level 5:colcon.colcon_core.verb:set package 'bumperbot_firmware' build argument 'cmake_target_skip_unavailable' from command line to 'False'
[0.180s] Level 5:colcon.colcon_core.verb:set package 'bumperbot_firmware' build argument 'cmake_clean_cache' from command line to 'False'
[0.180s] Level 5:colcon.colcon_core.verb:set package 'bumperbot_firmware' build argument 'cmake_clean_first' from command line to 'False'
[0.180s] Level 5:colcon.colcon_core.verb:set package 'bumperbot_firmware' build argument 'cmake_force_configure' from command line to 'False'
[0.180s] Level 5:colcon.colcon_core.verb:set package 'bumperbot_firmware' build argument 'ament_cmake_args' from command line to 'None'
[0.180s] Level 5:colcon.colcon_core.verb:set package 'bumperbot_firmware' build argument 'catkin_cmake_args' from command line to 'None'
[0.180s] Level 5:colcon.colcon_core.verb:set package 'bumperbot_firmware' build argument 'catkin_skip_building_tests' from command line to 'False'
[0.180s] DEBUG:colcon.colcon_core.verb:Building package 'bumperbot_firmware' with the following arguments: {'ament_cmake_args': None, 'build_base': '/home/vboxuser/bumperbot_ws/build/bumperbot_firmware', 'catkin_cmake_args': None, 'catkin_skip_building_tests': False, 'cmake_args': None, 'cmake_clean_cache': False, 'cmake_clean_first': False, 'cmake_force_configure': False, 'cmake_target': None, 'cmake_target_skip_unavailable': False, 'install_base': '/home/vboxuser/bumperbot_ws/install/bumperbot_firmware', 'merge_install': False, 'path': '/home/vboxuser/bumperbot_ws/src/bumperbot_firmware', 'symlink_install': False, 'test_result_base': None}
[0.180s] Level 5:colcon.colcon_core.verb:set package 'bumperbot_localization' build argument 'cmake_args' from command line to 'None'
[0.180s] Level 5:colcon.colcon_core.verb:set package 'bumperbot_localization' build argument 'cmake_target' from command line to 'None'
[0.181s] Level 5:colcon.colcon_core.verb:set package 'bumperbot_localization' build argument 'cmake_target_skip_unavailable' from command line to 'False'
[0.181s] Level 5:colcon.colcon_core.verb:set package 'bumperbot_localization' build argument 'cmake_clean_cache' from command line to 'False'
[0.181s] Level 5:colcon.colcon_core.verb:set package 'bumperbot_localization' build argument 'cmake_clean_first' from command line to 'False'
[0.181s] Level 5:colcon.colcon_core.verb:set package 'bumperbot_localization' build argument 'cmake_force_configure' from command line to 'False'
[0.181s] Level 5:colcon.colcon_core.verb:set package 'bumperbot_localization' build argument 'ament_cmake_args' from command line to 'None'
[0.181s] Level 5:colcon.colcon_core.verb:set package 'bumperbot_localization' build argument 'catkin_cmake_args' from command line to 'None'
[0.181s] Level 5:colcon.colcon_core.verb:set package 'bumperbot_localization' build argument 'catkin_skip_building_tests' from command line to 'False'
[0.181s] DEBUG:colcon.colcon_core.verb:Building package 'bumperbot_localization' with the following arguments: {'ament_cmake_args': None, 'build_base': '/home/vboxuser/bumperbot_ws/build/bumperbot_localization', 'catkin_cmake_args': None, 'catkin_skip_building_tests': False, 'cmake_args': None, 'cmake_clean_cache': False, 'cmake_clean_first': False, 'cmake_force_configure': False, 'cmake_target': None, 'cmake_target_skip_unavailable': False, 'install_base': '/home/vboxuser/bumperbot_ws/install/bumperbot_localization', 'merge_install': False, 'path': '/home/vboxuser/bumperbot_ws/src/bumperbot_localization', 'symlink_install': False, 'test_result_base': None}
[0.181s] Level 5:colcon.colcon_core.verb:set package 'bumperbot_mapping' build argument 'cmake_args' from command line to 'None'
[0.181s] Level 5:colcon.colcon_core.verb:set package 'bumperbot_mapping' build argument 'cmake_target' from command line to 'None'
[0.181s] Level 5:colcon.colcon_core.verb:set package 'bumperbot_mapping' build argument 'cmake_target_skip_unavailable' from command line to 'False'
[0.181s] Level 5:colcon.colcon_core.verb:set package 'bumperbot_mapping' build argument 'cmake_clean_cache' from command line to 'False'
[0.181s] Level 5:colcon.colcon_core.verb:set package 'bumperbot_mapping' build argument 'cmake_clean_first' from command line to 'False'
[0.181s] Level 5:colcon.colcon_core.verb:set package 'bumperbot_mapping' build argument 'cmake_force_configure' from command line to 'False'
[0.181s] Level 5:colcon.colcon_core.verb:set package 'bumperbot_mapping' build argument 'ament_cmake_args' from command line to 'None'
[0.181s] Level 5:colcon.colcon_core.verb:set package 'bumperbot_mapping' build argument 'catkin_cmake_args' from command line to 'None'
[0.181s] Level 5:colcon.colcon_core.verb:set package 'bumperbot_mapping' build argument 'catkin_skip_building_tests' from command line to 'False'
[0.181s] DEBUG:colcon.colcon_core.verb:Building package 'bumperbot_mapping' with the following arguments: {'ament_cmake_args': None, 'build_base': '/home/vboxuser/bumperbot_ws/build/bumperbot_mapping', 'catkin_cmake_args': None, 'catkin_skip_building_tests': False, 'cmake_args': None, 'cmake_clean_cache': False, 'cmake_clean_first': False, 'cmake_force_configure': False, 'cmake_target': None, 'cmake_target_skip_unavailable': False, 'install_base': '/home/vboxuser/bumperbot_ws/install/bumperbot_mapping', 'merge_install': False, 'path': '/home/vboxuser/bumperbot_ws/src/bumperbot_mapping', 'symlink_install': False, 'test_result_base': None}
[0.181s] Level 5:colcon.colcon_core.verb:set package 'bumperbot_msgs' build argument 'cmake_args' from command line to 'None'
[0.181s] Level 5:colcon.colcon_core.verb:set package 'bumperbot_msgs' build argument 'cmake_target' from command line to 'None'
[0.181s] Level 5:colcon.colcon_core.verb:set package 'bumperbot_msgs' build argument 'cmake_target_skip_unavailable' from command line to 'False'
[0.181s] Level 5:colcon.colcon_core.verb:set package 'bumperbot_msgs' build argument 'cmake_clean_cache' from command line to 'False'
[0.181s] Level 5:colcon.colcon_core.verb:set package 'bumperbot_msgs' build argument 'cmake_clean_first' from command line to 'False'
[0.181s] Level 5:colcon.colcon_core.verb:set package 'bumperbot_msgs' build argument 'cmake_force_configure' from command line to 'False'
[0.181s] Level 5:colcon.colcon_core.verb:set package 'bumperbot_msgs' build argument 'ament_cmake_args' from command line to 'None'
[0.181s] Level 5:colcon.colcon_core.verb:set package 'bumperbot_msgs' build argument 'catkin_cmake_args' from command line to 'None'
[0.181s] Level 5:colcon.colcon_core.verb:set package 'bumperbot_msgs' build argument 'catkin_skip_building_tests' from command line to 'False'
[0.181s] DEBUG:colcon.colcon_core.verb:Building package 'bumperbot_msgs' with the following arguments: {'ament_cmake_args': None, 'build_base': '/home/vboxuser/bumperbot_ws/build/bumperbot_msgs', 'catkin_cmake_args': None, 'catkin_skip_building_tests': False, 'cmake_args': None, 'cmake_clean_cache': False, 'cmake_clean_first': False, 'cmake_force_configure': False, 'cmake_target': None, 'cmake_target_skip_unavailable': False, 'install_base': '/home/vboxuser/bumperbot_ws/install/bumperbot_msgs', 'merge_install': False, 'path': '/home/vboxuser/bumperbot_ws/src/bumperbot_msgs', 'symlink_install': False, 'test_result_base': None}
[0.181s] Level 5:colcon.colcon_core.verb:set package 'bumperbot_utils' build argument 'cmake_args' from command line to 'None'
[0.181s] Level 5:colcon.colcon_core.verb:set package 'bumperbot_utils' build argument 'cmake_target' from command line to 'None'
[0.181s] Level 5:colcon.colcon_core.verb:set package 'bumperbot_utils' build argument 'cmake_target_skip_unavailable' from command line to 'False'
[0.181s] Level 5:colcon.colcon_core.verb:set package 'bumperbot_utils' build argument 'cmake_clean_cache' from command line to 'False'
[0.181s] Level 5:colcon.colcon_core.verb:set package 'bumperbot_utils' build argument 'cmake_clean_first' from command line to 'False'
[0.181s] Level 5:colcon.colcon_core.verb:set package 'bumperbot_utils' build argument 'cmake_force_configure' from command line to 'False'
[0.181s] Level 5:colcon.colcon_core.verb:set package 'bumperbot_utils' build argument 'ament_cmake_args' from command line to 'None'
[0.181s] Level 5:colcon.colcon_core.verb:set package 'bumperbot_utils' build argument 'catkin_cmake_args' from command line to 'None'
[0.181s] Level 5:colcon.colcon_core.verb:set package 'bumperbot_utils' build argument 'catkin_skip_building_tests' from command line to 'False'
[0.181s] DEBUG:colcon.colcon_core.verb:Building package 'bumperbot_utils' with the following arguments: {'ament_cmake_args': None, 'build_base': '/home/vboxuser/bumperbot_ws/build/bumperbot_utils', 'catkin_cmake_args': None, 'catkin_skip_building_tests': False, 'cmake_args': None, 'cmake_clean_cache': False, 'cmake_clean_first': False, 'cmake_force_configure': False, 'cmake_target': None, 'cmake_target_skip_unavailable': False, 'install_base': '/home/vboxuser/bumperbot_ws/install/bumperbot_utils', 'merge_install': False, 'path': '/home/vboxuser/bumperbot_ws/src/bumperbot_utils', 'symlink_install': False, 'test_result_base': None}
[0.181s] Level 5:colcon.colcon_core.verb:set package 'bumperbot_bringup' build argument 'cmake_args' from command line to 'None'
[0.181s] Level 5:colcon.colcon_core.verb:set package 'bumperbot_bringup' build argument 'cmake_target' from command line to 'None'
[0.181s] Level 5:colcon.colcon_core.verb:set package 'bumperbot_bringup' build argument 'cmake_target_skip_unavailable' from command line to 'False'
[0.181s] Level 5:colcon.colcon_core.verb:set package 'bumperbot_bringup' build argument 'cmake_clean_cache' from command line to 'False'
[0.181s] Level 5:colcon.colcon_core.verb:set package 'bumperbot_bringup' build argument 'cmake_clean_first' from command line to 'False'
[0.181s] Level 5:colcon.colcon_core.verb:set package 'bumperbot_bringup' build argument 'cmake_force_configure' from command line to 'False'
[0.181s] Level 5:colcon.colcon_core.verb:set package 'bumperbot_bringup' build argument 'ament_cmake_args' from command line to 'None'
[0.181s] Level 5:colcon.colcon_core.verb:set package 'bumperbot_bringup' build argument 'catkin_cmake_args' from command line to 'None'
[0.181s] Level 5:colcon.colcon_core.verb:set package 'bumperbot_bringup' build argument 'catkin_skip_building_tests' from command line to 'False'
[0.181s] DEBUG:colcon.colcon_core.verb:Building package 'bumperbot_bringup' with the following arguments: {'ament_cmake_args': None, 'build_base': '/home/vboxuser/bumperbot_ws/build/bumperbot_bringup', 'catkin_cmake_args': None, 'catkin_skip_building_tests': False, 'cmake_args': None, 'cmake_clean_cache': False, 'cmake_clean_first': False, 'cmake_force_configure': False, 'cmake_target': None, 'cmake_target_skip_unavailable': False, 'install_base': '/home/vboxuser/bumperbot_ws/install/bumperbot_bringup', 'merge_install': False, 'path': '/home/vboxuser/bumperbot_ws/src/bumperbot_bringup', 'symlink_install': False, 'test_result_base': None}
[0.182s] Level 5:colcon.colcon_core.verb:set package 'bumperbot_cpp_examples' build argument 'cmake_args' from command line to 'None'
[0.182s] Level 5:colcon.colcon_core.verb:set package 'bumperbot_cpp_examples' build argument 'cmake_target' from command line to 'None'
[0.182s] Level 5:colcon.colcon_core.verb:set package 'bumperbot_cpp_examples' build argument 'cmake_target_skip_unavailable' from command line to 'False'
[0.182s] Level 5:colcon.colcon_core.verb:set package 'bumperbot_cpp_examples' build argument 'cmake_clean_cache' from command line to 'False'
[0.182s] Level 5:colcon.colcon_core.verb:set package 'bumperbot_cpp_examples' build argument 'cmake_clean_first' from command line to 'False'
[0.182s] Level 5:colcon.colcon_core.verb:set package 'bumperbot_cpp_examples' build argument 'cmake_force_configure' from command line to 'False'
[0.182s] Level 5:colcon.colcon_core.verb:set package 'bumperbot_cpp_examples' build argument 'ament_cmake_args' from command line to 'None'
[0.182s] Level 5:colcon.colcon_core.verb:set package 'bumperbot_cpp_examples' build argument 'catkin_cmake_args' from command line to 'None'
[0.182s] Level 5:colcon.colcon_core.verb:set package 'bumperbot_cpp_examples' build argument 'catkin_skip_building_tests' from command line to 'False'
[0.182s] DEBUG:colcon.colcon_core.verb:Building package 'bumperbot_cpp_examples' with the following arguments: {'ament_cmake_args': None, 'build_base': '/home/vboxuser/bumperbot_ws/build/bumperbot_cpp_examples', 'catkin_cmake_args': None, 'catkin_skip_building_tests': False, 'cmake_args': None, 'cmake_clean_cache': False, 'cmake_clean_first': False, 'cmake_force_configure': False, 'cmake_target': None, 'cmake_target_skip_unavailable': False, 'install_base': '/home/vboxuser/bumperbot_ws/install/bumperbot_cpp_examples', 'merge_install': False, 'path': '/home/vboxuser/bumperbot_ws/src/bumperbot_cpp_examples', 'symlink_install': False, 'test_result_base': None}
[0.182s] Level 5:colcon.colcon_core.verb:set package 'bumperbot_py_examples' build argument 'cmake_args' from command line to 'None'
[0.182s] Level 5:colcon.colcon_core.verb:set package 'bumperbot_py_examples' build argument 'cmake_target' from command line to 'None'
[0.182s] Level 5:colcon.colcon_core.verb:set package 'bumperbot_py_examples' build argument 'cmake_target_skip_unavailable' from command line to 'False'
[0.182s] Level 5:colcon.colcon_core.verb:set package 'bumperbot_py_examples' build argument 'cmake_clean_cache' from command line to 'False'
[0.182s] Level 5:colcon.colcon_core.verb:set package 'bumperbot_py_examples' build argument 'cmake_clean_first' from command line to 'False'
[0.182s] Level 5:colcon.colcon_core.verb:set package 'bumperbot_py_examples' build argument 'cmake_force_configure' from command line to 'False'
[0.182s] Level 5:colcon.colcon_core.verb:set package 'bumperbot_py_examples' build argument 'ament_cmake_args' from command line to 'None'
[0.182s] Level 5:colcon.colcon_core.verb:set package 'bumperbot_py_examples' build argument 'catkin_cmake_args' from command line to 'None'
[0.182s] Level 5:colcon.colcon_core.verb:set package 'bumperbot_py_examples' build argument 'catkin_skip_building_tests' from command line to 'False'
[0.182s] DEBUG:colcon.colcon_core.verb:Building package 'bumperbot_py_examples' with the following arguments: {'ament_cmake_args': None, 'build_base': '/home/vboxuser/bumperbot_ws/build/bumperbot_py_examples', 'catkin_cmake_args': None, 'catkin_skip_building_tests': False, 'cmake_args': None, 'cmake_clean_cache': False, 'cmake_clean_first': False, 'cmake_force_configure': False, 'cmake_target': None, 'cmake_target_skip_unavailable': False, 'install_base': '/home/vboxuser/bumperbot_ws/install/bumperbot_py_examples', 'merge_install': False, 'path': '/home/vboxuser/bumperbot_ws/src/bumperbot_py_examples', 'symlink_install': False, 'test_result_base': None}
[0.182s] INFO:colcon.colcon_core.executor:Executing jobs using 'parallel' executor
[0.183s] DEBUG:colcon.colcon_parallel_executor.executor.parallel:run_until_complete
[0.183s] INFO:colcon.colcon_ros.task.ament_cmake.build:Building ROS package in '/home/vboxuser/bumperbot_ws/src/bumperbot_msgs' with build type 'ament_cmake'
[0.184s] INFO:colcon.colcon_cmake.task.cmake.build:Building CMake package in '/home/vboxuser/bumperbot_ws/src/bumperbot_msgs'
[0.188s] INFO:colcon.colcon_core.plugin_system:Skipping extension 'colcon_core.shell.bat': Not used on non-Windows systems
[0.188s] INFO:colcon.colcon_core.shell:Skip shell extension 'powershell' for command environment: Not usable outside of PowerShell
[0.188s] DEBUG:colcon.colcon_core.shell:Skip shell extension 'dsv' for command environment
[0.191s] INFO:colcon.colcon_ros.task.ament_cmake.build:Building ROS package in '/home/vboxuser/bumperbot_ws/src/bumperbot_controller' with build type 'ament_cmake'
[0.191s] INFO:colcon.colcon_cmake.task.cmake.build:Building CMake package in '/home/vboxuser/bumperbot_ws/src/bumperbot_controller'
[0.192s] INFO:colcon.colcon_core.shell:Skip shell extension 'powershell' for command environment: Not usable outside of PowerShell
[0.192s] DEBUG:colcon.colcon_core.shell:Skip shell extension 'dsv' for command environment
[0.195s] INFO:colcon.colcon_ros.task.ament_cmake.build:Building ROS package in '/home/vboxuser/bumperbot_ws/src/bumperbot_description' with build type 'ament_cmake'
[0.195s] INFO:colcon.colcon_cmake.task.cmake.build:Building CMake package in '/home/vboxuser/bumperbot_ws/src/bumperbot_description'
[0.195s] INFO:colcon.colcon_core.shell:Skip shell extension 'powershell' for command environment: Not usable outside of PowerShell
[0.195s] DEBUG:colcon.colcon_core.shell:Skip shell extension 'dsv' for command environment
[0.198s] INFO:colcon.colcon_ros.task.ament_cmake.build:Building ROS package in '/home/vboxuser/bumperbot_ws/src/bumperbot_firmware' with build type 'ament_cmake'
[0.199s] INFO:colcon.colcon_cmake.task.cmake.build:Building CMake package in '/home/vboxuser/bumperbot_ws/src/bumperbot_firmware'
[0.199s] INFO:colcon.colcon_core.shell:Skip shell extension 'powershell' for command environment: Not usable outside of PowerShell
[0.199s] DEBUG:colcon.colcon_core.shell:Skip shell extension 'dsv' for command environment
[0.204s] INFO:colcon.colcon_ros.task.ament_cmake.build:Building ROS package in '/home/vboxuser/bumperbot_ws/src/bumperbot_localization' with build type 'ament_cmake'
[0.204s] INFO:colcon.colcon_cmake.task.cmake.build:Building CMake package in '/home/vboxuser/bumperbot_ws/src/bumperbot_localization'
[0.204s] INFO:colcon.colcon_core.shell:Skip shell extension 'powershell' for command environment: Not usable outside of PowerShell
[0.204s] DEBUG:colcon.colcon_core.shell:Skip shell extension 'dsv' for command environment
[0.207s] INFO:colcon.colcon_ros.task.ament_cmake.build:Building ROS package in '/home/vboxuser/bumperbot_ws/src/bumperbot_mapping' with build type 'ament_cmake'
[0.207s] INFO:colcon.colcon_cmake.task.cmake.build:Building CMake package in '/home/vboxuser/bumperbot_ws/src/bumperbot_mapping'
[0.208s] INFO:colcon.colcon_core.shell:Skip shell extension 'powershell' for command environment: Not usable outside of PowerShell
[0.208s] DEBUG:colcon.colcon_core.shell:Skip shell extension 'dsv' for command environment
[0.212s] INFO:colcon.colcon_ros.task.ament_cmake.build:Building ROS package in '/home/vboxuser/bumperbot_ws/src/bumperbot_utils' with build type 'ament_cmake'
[0.213s] INFO:colcon.colcon_cmake.task.cmake.build:Building CMake package in '/home/vboxuser/bumperbot_ws/src/bumperbot_utils'
[0.213s] INFO:colcon.colcon_core.shell:Skip shell extension 'powershell' for command environment: Not usable outside of PowerShell
[0.214s] DEBUG:colcon.colcon_core.shell:Skip shell extension 'dsv' for command environment
[0.221s] DEBUG:colcon.colcon_core.event_handler.log_command:Invoking command in '/home/vboxuser/bumperbot_ws/build/bumperbot_msgs': CMAKE_PREFIX_PATH=${CMAKE_PREFIX_PATH}:/opt/ros/jazzy DEBUGINFOD_URLS=https://debuginfod.ubuntu.com /usr/bin/cmake --build /home/vboxuser/bumperbot_ws/build/bumperbot_msgs -- -j7 -l7
[0.224s] DEBUG:colcon.colcon_core.event_handler.log_command:Invoking command in '/home/vboxuser/bumperbot_ws/build/bumperbot_controller': CMAKE_PREFIX_PATH=${CMAKE_PREFIX_PATH}:/opt/ros/jazzy DEBUGINFOD_URLS=https://debuginfod.ubuntu.com /usr/bin/cmake --build /home/vboxuser/bumperbot_ws/build/bumperbot_controller -- -j7 -l7
[0.227s] DEBUG:colcon.colcon_core.event_handler.log_command:Invoking command in '/home/vboxuser/bumperbot_ws/build/bumperbot_description': CMAKE_PREFIX_PATH=${CMAKE_PREFIX_PATH}:/opt/ros/jazzy DEBUGINFOD_URLS=https://debuginfod.ubuntu.com /usr/bin/cmake --build /home/vboxuser/bumperbot_ws/build/bumperbot_description -- -j7 -l7
[0.231s] DEBUG:colcon.colcon_core.event_handler.log_command:Invoking command in '/home/vboxuser/bumperbot_ws/build/bumperbot_firmware': CMAKE_PREFIX_PATH=${CMAKE_PREFIX_PATH}:/opt/ros/jazzy DEBUGINFOD_URLS=https://debuginfod.ubuntu.com /usr/bin/cmake --build /home/vboxuser/bumperbot_ws/build/bumperbot_firmware -- -j7 -l7
[0.235s] DEBUG:colcon.colcon_core.event_handler.log_command:Invoking command in '/home/vboxuser/bumperbot_ws/build/bumperbot_localization': CMAKE_PREFIX_PATH=${CMAKE_PREFIX_PATH}:/opt/ros/jazzy DEBUGINFOD_URLS=https://debuginfod.ubuntu.com /usr/bin/cmake --build /home/vboxuser/bumperbot_ws/build/bumperbot_localization -- -j7 -l7
[0.257s] DEBUG:colcon.colcon_core.event_handler.log_command:Invoking command in '/home/vboxuser/bumperbot_ws/build/bumperbot_mapping': CMAKE_PREFIX_PATH=${CMAKE_PREFIX_PATH}:/opt/ros/jazzy DEBUGINFOD_URLS=https://debuginfod.ubuntu.com /usr/bin/cmake --build /home/vboxuser/bumperbot_ws/build/bumperbot_mapping -- -j7 -l7
[0.270s] DEBUG:colcon.colcon_core.event_handler.log_command:Invoking command in '/home/vboxuser/bumperbot_ws/build/bumperbot_utils': CMAKE_PREFIX_PATH=${CMAKE_PREFIX_PATH}:/opt/ros/jazzy DEBUGINFOD_URLS=https://debuginfod.ubuntu.com /usr/bin/cmake --build /home/vboxuser/bumperbot_ws/build/bumperbot_utils -- -j7 -l7
[0.285s] DEBUG:colcon.colcon_core.event_handler.log_command:Invoked command in '/home/vboxuser/bumperbot_ws/build/bumperbot_description' returned '0': CMAKE_PREFIX_PATH=${CMAKE_PREFIX_PATH}:/opt/ros/jazzy DEBUGINFOD_URLS=https://debuginfod.ubuntu.com /usr/bin/cmake --build /home/vboxuser/bumperbot_ws/build/bumperbot_description -- -j7 -l7
[0.332s] DEBUG:colcon.colcon_core.event_handler.log_command:Invoking command in '/home/vboxuser/bumperbot_ws/build/bumperbot_description': CMAKE_PREFIX_PATH=${CMAKE_PREFIX_PATH}:/opt/ros/jazzy DEBUGINFOD_URLS=https://debuginfod.ubuntu.com /usr/bin/cmake --install /home/vboxuser/bumperbot_ws/build/bumperbot_description
[0.787s] DEBUG:colcon.colcon_core.event_handler.log_command:Invoked command in '/home/vboxuser/bumperbot_ws/build/bumperbot_localization' returned '0': CMAKE_PREFIX_PATH=${CMAKE_PREFIX_PATH}:/opt/ros/jazzy DEBUGINFOD_URLS=https://debuginfod.ubuntu.com /usr/bin/cmake --build /home/vboxuser/bumperbot_ws/build/bumperbot_localization -- -j7 -l7
[0.821s] DEBUG:colcon.colcon_core.event_handler.log_command:Invoking command in '/home/vboxuser/bumperbot_ws/build/bumperbot_localization': CMAKE_PREFIX_PATH=${CMAKE_PREFIX_PATH}:/opt/ros/jazzy DEBUGINFOD_URLS=https://debuginfod.ubuntu.com /usr/bin/cmake --install /home/vboxuser/bumperbot_ws/build/bumperbot_localization
[0.884s] DEBUG:colcon.colcon_core.event_handler.log_command:Invoked command in '/home/vboxuser/bumperbot_ws/build/bumperbot_firmware' returned '0': CMAKE_PREFIX_PATH=${CMAKE_PREFIX_PATH}:/opt/ros/jazzy DEBUGINFOD_URLS=https://debuginfod.ubuntu.com /usr/bin/cmake --build /home/vboxuser/bumperbot_ws/build/bumperbot_firmware -- -j7 -l7
[0.891s] DEBUG:colcon.colcon_core.event_handler.log_command:Invoking command in '/home/vboxuser/bumperbot_ws/build/bumperbot_firmware': CMAKE_PREFIX_PATH=${CMAKE_PREFIX_PATH}:/opt/ros/jazzy DEBUGINFOD_URLS=https://debuginfod.ubuntu.com /usr/bin/cmake --install /home/vboxuser/bumperbot_ws/build/bumperbot_firmware
[0.893s] Level 1:colcon.colcon_core.environment:create_environment_scripts_only(bumperbot_description)
[0.915s] Level 1:colcon.colcon_core.environment:checking '/home/vboxuser/bumperbot_ws/install/bumperbot_description' for CMake module files
[0.915s] Level 1:colcon.colcon_core.environment:checking '/home/vboxuser/bumperbot_ws/install/bumperbot_description' for CMake config files
[0.915s] Level 1:colcon.colcon_core.shell:create_environment_hook('bumperbot_description', 'cmake_prefix_path')
[0.915s] INFO:colcon.colcon_core.shell:Creating environment hook '/home/vboxuser/bumperbot_ws/install/bumperbot_description/share/bumperbot_description/hook/cmake_prefix_path.ps1'
[0.920s] INFO:colcon.colcon_core.shell:Creating environment descriptor '/home/vboxuser/bumperbot_ws/install/bumperbot_description/share/bumperbot_description/hook/cmake_prefix_path.dsv'
[0.924s] INFO:colcon.colcon_core.shell:Creating environment hook '/home/vboxuser/bumperbot_ws/install/bumperbot_description/share/bumperbot_description/hook/cmake_prefix_path.sh'
[0.927s] Level 1:colcon.colcon_core.environment:checking '/home/vboxuser/bumperbot_ws/install/bumperbot_description/bin'
[0.927s] Level 1:colcon.colcon_core.environment:checking '/home/vboxuser/bumperbot_ws/install/bumperbot_description/lib/pkgconfig/bumperbot_description.pc'
[0.927s] Level 1:colcon.colcon_core.environment:checking '/home/vboxuser/bumperbot_ws/install/bumperbot_description/lib/python3.12/site-packages'
[0.928s] Level 1:colcon.colcon_core.environment:checking '/home/vboxuser/bumperbot_ws/install/bumperbot_description/bin'
[0.928s] INFO:colcon.colcon_core.shell:Creating package script '/home/vboxuser/bumperbot_ws/install/bumperbot_description/share/bumperbot_description/package.ps1'
[0.932s] INFO:colcon.colcon_core.shell:Creating package descriptor '/home/vboxuser/bumperbot_ws/install/bumperbot_description/share/bumperbot_description/package.dsv'
[0.933s] INFO:colcon.colcon_core.shell:Creating package script '/home/vboxuser/bumperbot_ws/install/bumperbot_description/share/bumperbot_description/package.sh'
[0.935s] DEBUG:colcon.colcon_core.event_handler.log_command:Invoked command in '/home/vboxuser/bumperbot_ws/build/bumperbot_utils' returned '0': CMAKE_PREFIX_PATH=${CMAKE_PREFIX_PATH}:/opt/ros/jazzy DEBUGINFOD_URLS=https://debuginfod.ubuntu.com /usr/bin/cmake --build /home/vboxuser/bumperbot_ws/build/bumperbot_utils -- -j7 -l7
[0.936s] INFO:colcon.colcon_core.shell:Creating package script '/home/vboxuser/bumperbot_ws/install/bumperbot_description/share/bumperbot_description/package.bash'
[0.940s] DEBUG:colcon.colcon_core.event_handler.log_command:Invoking command in '/home/vboxuser/bumperbot_ws/build/bumperbot_utils': CMAKE_PREFIX_PATH=${CMAKE_PREFIX_PATH}:/opt/ros/jazzy DEBUGINFOD_URLS=https://debuginfod.ubuntu.com /usr/bin/cmake --install /home/vboxuser/bumperbot_ws/build/bumperbot_utils
[0.940s] INFO:colcon.colcon_core.shell:Creating package script '/home/vboxuser/bumperbot_ws/install/bumperbot_description/share/bumperbot_description/package.zsh'
[0.942s] Level 1:colcon.colcon_core.environment:create_file_with_runtime_dependencies(/home/vboxuser/bumperbot_ws/install/bumperbot_description/share/colcon-core/packages/bumperbot_description)
[0.943s] Level 1:colcon.colcon_core.environment:create_environment_scripts_only(bumperbot_description)
[0.943s] Level 1:colcon.colcon_core.environment:checking '/home/vboxuser/bumperbot_ws/install/bumperbot_description' for CMake module files
[0.946s] Level 1:colcon.colcon_core.environment:checking '/home/vboxuser/bumperbot_ws/install/bumperbot_description' for CMake config files
[0.946s] Level 1:colcon.colcon_core.shell:create_environment_hook('bumperbot_description', 'cmake_prefix_path')
[0.946s] INFO:colcon.colcon_core.shell:Creating environment hook '/home/vboxuser/bumperbot_ws/install/bumperbot_description/share/bumperbot_description/hook/cmake_prefix_path.ps1'
[0.948s] INFO:colcon.colcon_core.shell:Creating environment descriptor '/home/vboxuser/bumperbot_ws/install/bumperbot_description/share/bumperbot_description/hook/cmake_prefix_path.dsv'
[0.948s] INFO:colcon.colcon_core.shell:Creating environment hook '/home/vboxuser/bumperbot_ws/install/bumperbot_description/share/bumperbot_description/hook/cmake_prefix_path.sh'
[0.949s] Level 1:colcon.colcon_core.environment:checking '/home/vboxuser/bumperbot_ws/install/bumperbot_description/bin'
[0.949s] Level 1:colcon.colcon_core.environment:checking '/home/vboxuser/bumperbot_ws/install/bumperbot_description/lib/pkgconfig/bumperbot_description.pc'
[0.950s] Level 1:colcon.colcon_core.environment:checking '/home/vboxuser/bumperbot_ws/install/bumperbot_description/lib/python3.12/site-packages'
[0.950s] Level 1:colcon.colcon_core.environment:checking '/home/vboxuser/bumperbot_ws/install/bumperbot_description/bin'
[0.950s] INFO:colcon.colcon_core.shell:Creating package script '/home/vboxuser/bumperbot_ws/install/bumperbot_description/share/bumperbot_description/package.ps1'
[0.951s] INFO:colcon.colcon_core.shell:Creating package descriptor '/home/vboxuser/bumperbot_ws/install/bumperbot_description/share/bumperbot_description/package.dsv'
[0.951s] DEBUG:colcon.colcon_core.event_handler.log_command:Invoked command in '/home/vboxuser/bumperbot_ws/build/bumperbot_controller' returned '0': CMAKE_PREFIX_PATH=${CMAKE_PREFIX_PATH}:/opt/ros/jazzy DEBUGINFOD_URLS=https://debuginfod.ubuntu.com /usr/bin/cmake --build /home/vboxuser/bumperbot_ws/build/bumperbot_controller -- -j7 -l7
[0.953s] INFO:colcon.colcon_core.shell:Creating package script '/home/vboxuser/bumperbot_ws/install/bumperbot_description/share/bumperbot_description/package.sh'
[0.954s] INFO:colcon.colcon_core.shell:Creating package script '/home/vboxuser/bumperbot_ws/install/bumperbot_description/share/bumperbot_description/package.bash'
[0.955s] INFO:colcon.colcon_core.shell:Creating package script '/home/vboxuser/bumperbot_ws/install/bumperbot_description/share/bumperbot_description/package.zsh'
[0.958s] Level 1:colcon.colcon_core.environment:create_file_with_runtime_dependencies(/home/vboxuser/bumperbot_ws/install/bumperbot_description/share/colcon-core/packages/bumperbot_description)
[0.961s] Level 1:colcon.colcon_core.environment:create_environment_scripts_only(bumperbot_localization)
[0.961s] Level 1:colcon.colcon_core.environment:checking '/home/vboxuser/bumperbot_ws/install/bumperbot_localization' for CMake module files
[0.967s] Level 1:colcon.colcon_core.environment:checking '/home/vboxuser/bumperbot_ws/install/bumperbot_localization' for CMake config files
[0.968s] Level 1:colcon.colcon_core.shell:create_environment_hook('bumperbot_localization', 'cmake_prefix_path')
[0.968s] INFO:colcon.colcon_core.shell:Creating environment hook '/home/vboxuser/bumperbot_ws/install/bumperbot_localization/share/bumperbot_localization/hook/cmake_prefix_path.ps1'
[0.969s] INFO:colcon.colcon_core.shell:Creating environment descriptor '/home/vboxuser/bumperbot_ws/install/bumperbot_localization/share/bumperbot_localization/hook/cmake_prefix_path.dsv'
[0.971s] DEBUG:colcon.colcon_core.event_handler.log_command:Invoking command in '/home/vboxuser/bumperbot_ws/build/bumperbot_controller': CMAKE_PREFIX_PATH=${CMAKE_PREFIX_PATH}:/opt/ros/jazzy DEBUGINFOD_URLS=https://debuginfod.ubuntu.com /usr/bin/cmake --install /home/vboxuser/bumperbot_ws/build/bumperbot_controller
[0.971s] DEBUG:colcon.colcon_core.event_handler.log_command:Invoked command in '/home/vboxuser/bumperbot_ws/build/bumperbot_mapping' returned '0': CMAKE_PREFIX_PATH=${CMAKE_PREFIX_PATH}:/opt/ros/jazzy DEBUGINFOD_URLS=https://debuginfod.ubuntu.com /usr/bin/cmake --build /home/vboxuser/bumperbot_ws/build/bumperbot_mapping -- -j7 -l7
[0.974s] INFO:colcon.colcon_core.shell:Creating environment hook '/home/vboxuser/bumperbot_ws/install/bumperbot_localization/share/bumperbot_localization/hook/cmake_prefix_path.sh'
[0.977s] Level 1:colcon.colcon_core.environment:checking '/home/vboxuser/bumperbot_ws/install/bumperbot_localization/lib'
[0.978s] Level 1:colcon.colcon_core.environment:checking '/home/vboxuser/bumperbot_ws/install/bumperbot_localization/bin'
[0.978s] Level 1:colcon.colcon_core.shell:create_environment_hook('bumperbot_localization', 'path')
[0.978s] INFO:colcon.colcon_core.shell:Creating environment hook '/home/vboxuser/bumperbot_ws/install/bumperbot_localization/share/bumperbot_localization/hook/path.ps1'
[0.979s] INFO:colcon.colcon_core.shell:Creating environment descriptor '/home/vboxuser/bumperbot_ws/install/bumperbot_localization/share/bumperbot_localization/hook/path.dsv'
[0.981s] INFO:colcon.colcon_core.shell:Creating environment hook '/home/vboxuser/bumperbot_ws/install/bumperbot_localization/share/bumperbot_localization/hook/path.sh'
[0.982s] DEBUG:colcon.colcon_core.event_handler.log_command:Invoking command in '/home/vboxuser/bumperbot_ws/build/bumperbot_mapping': CMAKE_PREFIX_PATH=${CMAKE_PREFIX_PATH}:/opt/ros/jazzy DEBUGINFOD_URLS=https://debuginfod.ubuntu.com /usr/bin/cmake --install /home/vboxuser/bumperbot_ws/build/bumperbot_mapping
[0.982s] DEBUG:colcon.colcon_core.event_handler.log_command:Invoked command in '/home/vboxuser/bumperbot_ws/build/bumperbot_msgs' returned '0': CMAKE_PREFIX_PATH=${CMAKE_PREFIX_PATH}:/opt/ros/jazzy DEBUGINFOD_URLS=https://debuginfod.ubuntu.com /usr/bin/cmake --build /home/vboxuser/bumperbot_ws/build/bumperbot_msgs -- -j7 -l7
[0.983s] DEBUG:colcon.colcon_core.event_handler.log_command:Invoking command in '/home/vboxuser/bumperbot_ws/build/bumperbot_msgs': CMAKE_PREFIX_PATH=${CMAKE_PREFIX_PATH}:/opt/ros/jazzy DEBUGINFOD_URLS=https://debuginfod.ubuntu.com /usr/bin/cmake --install /home/vboxuser/bumperbot_ws/build/bumperbot_msgs
[0.983s] DEBUG:colcon.colcon_core.event_handler.log_command:Invoked command in '/home/vboxuser/bumperbot_ws/build/bumperbot_description' returned '0': CMAKE_PREFIX_PATH=${CMAKE_PREFIX_PATH}:/opt/ros/jazzy DEBUGINFOD_URLS=https://debuginfod.ubuntu.com /usr/bin/cmake --install /home/vboxuser/bumperbot_ws/build/bumperbot_description
[0.983s] Level 1:colcon.colcon_core.environment:checking '/home/vboxuser/bumperbot_ws/install/bumperbot_localization/lib/pkgconfig/bumperbot_localization.pc'
[0.984s] Level 1:colcon.colcon_core.environment:checking '/home/vboxuser/bumperbot_ws/install/bumperbot_localization/lib/python3.12/site-packages'
[0.984s] Level 1:colcon.colcon_core.shell:create_environment_hook('bumperbot_localization', 'pythonpath')
[0.984s] INFO:colcon.colcon_core.shell:Creating environment hook '/home/vboxuser/bumperbot_ws/install/bumperbot_localization/share/bumperbot_localization/hook/pythonpath.ps1'
[0.985s] INFO:colcon.colcon_core.shell:Creating environment descriptor '/home/vboxuser/bumperbot_ws/install/bumperbot_localization/share/bumperbot_localization/hook/pythonpath.dsv'
[0.987s] INFO:colcon.colcon_core.shell:Creating environment hook '/home/vboxuser/bumperbot_ws/install/bumperbot_localization/share/bumperbot_localization/hook/pythonpath.sh'
[0.988s] Level 1:colcon.colcon_core.environment:checking '/home/vboxuser/bumperbot_ws/install/bumperbot_localization/bin'
[0.988s] Level 1:colcon.colcon_core.shell:create_environment_hook('bumperbot_localization', 'pythonscriptspath')
[0.988s] INFO:colcon.colcon_core.shell:Creating environment hook '/home/vboxuser/bumperbot_ws/install/bumperbot_localization/share/bumperbot_localization/hook/pythonscriptspath.ps1'
[0.989s] INFO:colcon.colcon_core.shell:Creating environment descriptor '/home/vboxuser/bumperbot_ws/install/bumperbot_localization/share/bumperbot_localization/hook/pythonscriptspath.dsv'
[0.990s] INFO:colcon.colcon_core.shell:Creating environment hook '/home/vboxuser/bumperbot_ws/install/bumperbot_localization/share/bumperbot_localization/hook/pythonscriptspath.sh'
[0.991s] INFO:colcon.colcon_core.shell:Creating package script '/home/vboxuser/bumperbot_ws/install/bumperbot_localization/share/bumperbot_localization/package.ps1'
[0.992s] INFO:colcon.colcon_core.shell:Creating package descriptor '/home/vboxuser/bumperbot_ws/install/bumperbot_localization/share/bumperbot_localization/package.dsv'
[0.994s] INFO:colcon.colcon_core.shell:Creating package script '/home/vboxuser/bumperbot_ws/install/bumperbot_localization/share/bumperbot_localization/package.sh'
[0.998s] INFO:colcon.colcon_core.shell:Creating package script '/home/vboxuser/bumperbot_ws/install/bumperbot_localization/share/bumperbot_localization/package.bash'
[0.999s] INFO:colcon.colcon_core.shell:Creating package script '/home/vboxuser/bumperbot_ws/install/bumperbot_localization/share/bumperbot_localization/package.zsh'
[1.000s] DEBUG:colcon.colcon_core.event_handler.log_command:Invoked command in '/home/vboxuser/bumperbot_ws/build/bumperbot_localization' returned '0': CMAKE_PREFIX_PATH=${CMAKE_PREFIX_PATH}:/opt/ros/jazzy DEBUGINFOD_URLS=https://debuginfod.ubuntu.com /usr/bin/cmake --install /home/vboxuser/bumperbot_ws/build/bumperbot_localization
[1.002s] Level 1:colcon.colcon_core.environment:create_file_with_runtime_dependencies(/home/vboxuser/bumperbot_ws/install/bumperbot_localization/share/colcon-core/packages/bumperbot_localization)
[1.009s] Level 1:colcon.colcon_core.environment:create_environment_scripts_only(bumperbot_localization)
[1.010s] Level 1:colcon.colcon_core.environment:checking '/home/vboxuser/bumperbot_ws/install/bumperbot_localization' for CMake module files
[1.015s] Level 1:colcon.colcon_core.environment:checking '/home/vboxuser/bumperbot_ws/install/bumperbot_localization' for CMake config files
[1.015s] Level 1:colcon.colcon_core.shell:create_environment_hook('bumperbot_localization', 'cmake_prefix_path')
[1.015s] INFO:colcon.colcon_core.shell:Creating environment hook '/home/vboxuser/bumperbot_ws/install/bumperbot_localization/share/bumperbot_localization/hook/cmake_prefix_path.ps1'
[1.015s] INFO:colcon.colcon_core.shell:Creating environment descriptor '/home/vboxuser/bumperbot_ws/install/bumperbot_localization/share/bumperbot_localization/hook/cmake_prefix_path.dsv'
[1.016s] INFO:colcon.colcon_core.shell:Creating environment hook '/home/vboxuser/bumperbot_ws/install/bumperbot_localization/share/bumperbot_localization/hook/cmake_prefix_path.sh'
[1.017s] Level 1:colcon.colcon_core.environment:checking '/home/vboxuser/bumperbot_ws/install/bumperbot_localization/lib'
[1.017s] Level 1:colcon.colcon_core.environment:checking '/home/vboxuser/bumperbot_ws/install/bumperbot_localization/bin'
[1.017s] Level 1:colcon.colcon_core.shell:create_environment_hook('bumperbot_localization', 'path')
[1.017s] INFO:colcon.colcon_core.shell:Creating environment hook '/home/vboxuser/bumperbot_ws/install/bumperbot_localization/share/bumperbot_localization/hook/path.ps1'
[1.017s] INFO:colcon.colcon_core.shell:Creating environment descriptor '/home/vboxuser/bumperbot_ws/install/bumperbot_localization/share/bumperbot_localization/hook/path.dsv'
[1.018s] INFO:colcon.colcon_core.shell:Creating environment hook '/home/vboxuser/bumperbot_ws/install/bumperbot_localization/share/bumperbot_localization/hook/path.sh'
[1.018s] Level 1:colcon.colcon_core.environment:checking '/home/vboxuser/bumperbot_ws/install/bumperbot_localization/lib/pkgconfig/bumperbot_localization.pc'
[1.018s] Level 1:colcon.colcon_core.environment:checking '/home/vboxuser/bumperbot_ws/install/bumperbot_localization/lib/python3.12/site-packages'
[1.018s] Level 1:colcon.colcon_core.shell:create_environment_hook('bumperbot_localization', 'pythonpath')
[1.019s] INFO:colcon.colcon_core.shell:Creating environment hook '/home/vboxuser/bumperbot_ws/install/bumperbot_localization/share/bumperbot_localization/hook/pythonpath.ps1'
[1.019s] INFO:colcon.colcon_core.shell:Creating environment descriptor '/home/vboxuser/bumperbot_ws/install/bumperbot_localization/share/bumperbot_localization/hook/pythonpath.dsv'
[1.019s] INFO:colcon.colcon_core.shell:Creating environment hook '/home/vboxuser/bumperbot_ws/install/bumperbot_localization/share/bumperbot_localization/hook/pythonpath.sh'
[1.020s] Level 1:colcon.colcon_core.environment:checking '/home/vboxuser/bumperbot_ws/install/bumperbot_localization/bin'
[1.020s] Level 1:colcon.colcon_core.shell:create_environment_hook('bumperbot_localization', 'pythonscriptspath')
[1.021s] INFO:colcon.colcon_core.shell:Creating environment hook '/home/vboxuser/bumperbot_ws/install/bumperbot_localization/share/bumperbot_localization/hook/pythonscriptspath.ps1'
[1.021s] INFO:colcon.colcon_core.shell:Creating environment descriptor '/home/vboxuser/bumperbot_ws/install/bumperbot_localization/share/bumperbot_localization/hook/pythonscriptspath.dsv'
[1.022s] INFO:colcon.colcon_core.shell:Creating environment hook '/home/vboxuser/bumperbot_ws/install/bumperbot_localization/share/bumperbot_localization/hook/pythonscriptspath.sh'
[1.022s] INFO:colcon.colcon_core.shell:Creating package script '/home/vboxuser/bumperbot_ws/install/bumperbot_localization/share/bumperbot_localization/package.ps1'
[1.023s] INFO:colcon.colcon_core.shell:Creating package descriptor '/home/vboxuser/bumperbot_ws/install/bumperbot_localization/share/bumperbot_localization/package.dsv'
[1.024s] INFO:colcon.colcon_core.shell:Creating package script '/home/vboxuser/bumperbot_ws/install/bumperbot_localization/share/bumperbot_localization/package.sh'
[1.024s] INFO:colcon.colcon_core.shell:Creating package script '/home/vboxuser/bumperbot_ws/install/bumperbot_localization/share/bumperbot_localization/package.bash'
[1.025s] INFO:colcon.colcon_core.shell:Creating package script '/home/vboxuser/bumperbot_ws/install/bumperbot_localization/share/bumperbot_localization/package.zsh'
[1.026s] Level 1:colcon.colcon_core.environment:create_file_with_runtime_dependencies(/home/vboxuser/bumperbot_ws/install/bumperbot_localization/share/colcon-core/packages/bumperbot_localization)
[1.031s] Level 1:colcon.colcon_core.environment:create_environment_scripts_only(bumperbot_firmware)
[1.031s] Level 1:colcon.colcon_core.environment:checking '/home/vboxuser/bumperbot_ws/install/bumperbot_firmware' for CMake module files
[1.033s] DEBUG:colcon.colcon_core.event_handler.log_command:Invoked command in '/home/vboxuser/bumperbot_ws/build/bumperbot_firmware' returned '0': CMAKE_PREFIX_PATH=${CMAKE_PREFIX_PATH}:/opt/ros/jazzy DEBUGINFOD_URLS=https://debuginfod.ubuntu.com /usr/bin/cmake --install /home/vboxuser/bumperbot_ws/build/bumperbot_firmware
[1.033s] Level 1:colcon.colcon_core.environment:checking '/home/vboxuser/bumperbot_ws/install/bumperbot_firmware' for CMake config files
[1.033s] Level 1:colcon.colcon_core.shell:create_environment_hook('bumperbot_firmware', 'cmake_prefix_path')
[1.033s] INFO:colcon.colcon_core.shell:Creating environment hook '/home/vboxuser/bumperbot_ws/install/bumperbot_firmware/share/bumperbot_firmware/hook/cmake_prefix_path.ps1'
[1.034s] INFO:colcon.colcon_core.shell:Creating environment descriptor '/home/vboxuser/bumperbot_ws/install/bumperbot_firmware/share/bumperbot_firmware/hook/cmake_prefix_path.dsv'
[1.035s] INFO:colcon.colcon_core.shell:Creating environment hook '/home/vboxuser/bumperbot_ws/install/bumperbot_firmware/share/bumperbot_firmware/hook/cmake_prefix_path.sh'
[1.035s] Level 1:colcon.colcon_core.environment:checking '/home/vboxuser/bumperbot_ws/install/bumperbot_firmware/lib'
[1.035s] Level 1:colcon.colcon_core.shell:create_environment_hook('bumperbot_firmware', 'ld_library_path_lib')
[1.035s] INFO:colcon.colcon_core.shell:Creating environment hook '/home/vboxuser/bumperbot_ws/install/bumperbot_firmware/share/bumperbot_firmware/hook/ld_library_path_lib.ps1'
[1.036s] INFO:colcon.colcon_core.shell:Creating environment descriptor '/home/vboxuser/bumperbot_ws/install/bumperbot_firmware/share/bumperbot_firmware/hook/ld_library_path_lib.dsv'
[1.037s] INFO:colcon.colcon_core.shell:Creating environment hook '/home/vboxuser/bumperbot_ws/install/bumperbot_firmware/share/bumperbot_firmware/hook/ld_library_path_lib.sh'
[1.037s] Level 1:colcon.colcon_core.environment:checking '/home/vboxuser/bumperbot_ws/install/bumperbot_firmware/bin'
[1.037s] Level 1:colcon.colcon_core.environment:checking '/home/vboxuser/bumperbot_ws/install/bumperbot_firmware/lib/pkgconfig/bumperbot_firmware.pc'
[1.037s] Level 1:colcon.colcon_core.environment:checking '/home/vboxuser/bumperbot_ws/install/bumperbot_firmware/lib/python3.12/site-packages'
[1.037s] Level 1:colcon.colcon_core.shell:create_environment_hook('bumperbot_firmware', 'pythonpath')
[1.038s] INFO:colcon.colcon_core.shell:Creating environment hook '/home/vboxuser/bumperbot_ws/install/bumperbot_firmware/share/bumperbot_firmware/hook/pythonpath.ps1'
[1.038s] INFO:colcon.colcon_core.shell:Creating environment descriptor '/home/vboxuser/bumperbot_ws/install/bumperbot_firmware/share/bumperbot_firmware/hook/pythonpath.dsv'
[1.039s] INFO:colcon.colcon_core.shell:Creating environment hook '/home/vboxuser/bumperbot_ws/install/bumperbot_firmware/share/bumperbot_firmware/hook/pythonpath.sh'
[1.039s] Level 1:colcon.colcon_core.environment:checking '/home/vboxuser/bumperbot_ws/install/bumperbot_firmware/bin'
[1.040s] INFO:colcon.colcon_core.shell:Creating package script '/home/vboxuser/bumperbot_ws/install/bumperbot_firmware/share/bumperbot_firmware/package.ps1'
[1.040s] INFO:colcon.colcon_core.shell:Creating package descriptor '/home/vboxuser/bumperbot_ws/install/bumperbot_firmware/share/bumperbot_firmware/package.dsv'
[1.041s] INFO:colcon.colcon_core.shell:Creating package script '/home/vboxuser/bumperbot_ws/install/bumperbot_firmware/share/bumperbot_firmware/package.sh'
[1.041s] INFO:colcon.colcon_core.shell:Creating package script '/home/vboxuser/bumperbot_ws/install/bumperbot_firmware/share/bumperbot_firmware/package.bash'
[1.043s] INFO:colcon.colcon_core.shell:Creating package script '/home/vboxuser/bumperbot_ws/install/bumperbot_firmware/share/bumperbot_firmware/package.zsh'
[1.044s] Level 1:colcon.colcon_core.environment:create_file_with_runtime_dependencies(/home/vboxuser/bumperbot_ws/install/bumperbot_firmware/share/colcon-core/packages/bumperbot_firmware)
[1.045s] Level 1:colcon.colcon_core.environment:create_environment_scripts_only(bumperbot_firmware)
[1.045s] Level 1:colcon.colcon_core.environment:checking '/home/vboxuser/bumperbot_ws/install/bumperbot_firmware' for CMake module files
[1.045s] Level 1:colcon.colcon_core.environment:checking '/home/vboxuser/bumperbot_ws/install/bumperbot_firmware' for CMake config files
[1.045s] Level 1:colcon.colcon_core.shell:create_environment_hook('bumperbot_firmware', 'cmake_prefix_path')
[1.045s] INFO:colcon.colcon_core.shell:Creating environment hook '/home/vboxuser/bumperbot_ws/install/bumperbot_firmware/share/bumperbot_firmware/hook/cmake_prefix_path.ps1'
[1.046s] INFO:colcon.colcon_core.shell:Creating environment descriptor '/home/vboxuser/bumperbot_ws/install/bumperbot_firmware/share/bumperbot_firmware/hook/cmake_prefix_path.dsv'
[1.046s] INFO:colcon.colcon_core.shell:Creating environment hook '/home/vboxuser/bumperbot_ws/install/bumperbot_firmware/share/bumperbot_firmware/hook/cmake_prefix_path.sh'
[1.047s] Level 1:colcon.colcon_core.environment:checking '/home/vboxuser/bumperbot_ws/install/bumperbot_firmware/lib'
[1.047s] Level 1:colcon.colcon_core.shell:create_environment_hook('bumperbot_firmware', 'ld_library_path_lib')
[1.047s] INFO:colcon.colcon_core.shell:Creating environment hook '/home/vboxuser/bumperbot_ws/install/bumperbot_firmware/share/bumperbot_firmware/hook/ld_library_path_lib.ps1'
[1.048s] INFO:colcon.colcon_core.shell:Creating environment descriptor '/home/vboxuser/bumperbot_ws/install/bumperbot_firmware/share/bumperbot_firmware/hook/ld_library_path_lib.dsv'
[1.048s] INFO:colcon.colcon_core.shell:Creating environment hook '/home/vboxuser/bumperbot_ws/install/bumperbot_firmware/share/bumperbot_firmware/hook/ld_library_path_lib.sh'
[1.049s] Level 1:colcon.colcon_core.environment:checking '/home/vboxuser/bumperbot_ws/install/bumperbot_firmware/bin'
[1.049s] Level 1:colcon.colcon_core.environment:checking '/home/vboxuser/bumperbot_ws/install/bumperbot_firmware/lib/pkgconfig/bumperbot_firmware.pc'
[1.049s] Level 1:colcon.colcon_core.environment:checking '/home/vboxuser/bumperbot_ws/install/bumperbot_firmware/lib/python3.12/site-packages'
[1.049s] Level 1:colcon.colcon_core.shell:create_environment_hook('bumperbot_firmware', 'pythonpath')
[1.049s] INFO:colcon.colcon_core.shell:Creating environment hook '/home/vboxuser/bumperbot_ws/install/bumperbot_firmware/share/bumperbot_firmware/hook/pythonpath.ps1'
[1.050s] INFO:colcon.colcon_core.shell:Creating environment descriptor '/home/vboxuser/bumperbot_ws/install/bumperbot_firmware/share/bumperbot_firmware/hook/pythonpath.dsv'
[1.051s] INFO:colcon.colcon_core.shell:Creating environment hook '/home/vboxuser/bumperbot_ws/install/bumperbot_firmware/share/bumperbot_firmware/hook/pythonpath.sh'
[1.052s] Level 1:colcon.colcon_core.environment:checking '/home/vboxuser/bumperbot_ws/install/bumperbot_firmware/bin'
[1.052s] INFO:colcon.colcon_core.shell:Creating package script '/home/vboxuser/bumperbot_ws/install/bumperbot_firmware/share/bumperbot_firmware/package.ps1'
[1.052s] INFO:colcon.colcon_core.shell:Creating package descriptor '/home/vboxuser/bumperbot_ws/install/bumperbot_firmware/share/bumperbot_firmware/package.dsv'
[1.053s] INFO:colcon.colcon_core.shell:Creating package script '/home/vboxuser/bumperbot_ws/install/bumperbot_firmware/share/bumperbot_firmware/package.sh'
[1.054s] INFO:colcon.colcon_core.shell:Creating package script '/home/vboxuser/bumperbot_ws/install/bumperbot_firmware/share/bumperbot_firmware/package.bash'
[1.054s] INFO:colcon.colcon_core.shell:Creating package script '/home/vboxuser/bumperbot_ws/install/bumperbot_firmware/share/bumperbot_firmware/package.zsh'
[1.055s] Level 1:colcon.colcon_core.environment:create_file_with_runtime_dependencies(/home/vboxuser/bumperbot_ws/install/bumperbot_firmware/share/colcon-core/packages/bumperbot_firmware)
[1.055s] Level 1:colcon.colcon_core.environment:create_environment_scripts_only(bumperbot_utils)
[1.056s] Level 1:colcon.colcon_core.environment:checking '/home/vboxuser/bumperbot_ws/install/bumperbot_utils' for CMake module files
[1.056s] Level 1:colcon.colcon_core.environment:checking '/home/vboxuser/bumperbot_ws/install/bumperbot_utils' for CMake config files
[1.056s] Level 1:colcon.colcon_core.shell:create_environment_hook('bumperbot_utils', 'cmake_prefix_path')
[1.057s] INFO:colcon.colcon_core.shell:Creating environment hook '/home/vboxuser/bumperbot_ws/install/bumperbot_utils/share/bumperbot_utils/hook/cmake_prefix_path.ps1'
[1.058s] DEBUG:colcon.colcon_core.event_handler.log_command:Invoked command in '/home/vboxuser/bumperbot_ws/build/bumperbot_utils' returned '0': CMAKE_PREFIX_PATH=${CMAKE_PREFIX_PATH}:/opt/ros/jazzy DEBUGINFOD_URLS=https://debuginfod.ubuntu.com /usr/bin/cmake --install /home/vboxuser/bumperbot_ws/build/bumperbot_utils
[1.058s] INFO:colcon.colcon_core.shell:Creating environment descriptor '/home/vboxuser/bumperbot_ws/install/bumperbot_utils/share/bumperbot_utils/hook/cmake_prefix_path.dsv'
[1.059s] INFO:colcon.colcon_core.shell:Creating environment hook '/home/vboxuser/bumperbot_ws/install/bumperbot_utils/share/bumperbot_utils/hook/cmake_prefix_path.sh'
[1.059s] Level 1:colcon.colcon_core.environment:checking '/home/vboxuser/bumperbot_ws/install/bumperbot_utils/lib'
[1.059s] Level 1:colcon.colcon_core.environment:checking '/home/vboxuser/bumperbot_ws/install/bumperbot_utils/bin'
[1.059s] Level 1:colcon.colcon_core.environment:checking '/home/vboxuser/bumperbot_ws/install/bumperbot_utils/lib/pkgconfig/bumperbot_utils.pc'
[1.060s] Level 1:colcon.colcon_core.environment:checking '/home/vboxuser/bumperbot_ws/install/bumperbot_utils/lib/python3.12/site-packages'
[1.060s] Level 1:colcon.colcon_core.shell:create_environment_hook('bumperbot_utils', 'pythonpath')
[1.060s] INFO:colcon.colcon_core.shell:Creating environment hook '/home/vboxuser/bumperbot_ws/install/bumperbot_utils/share/bumperbot_utils/hook/pythonpath.ps1'
[1.061s] INFO:colcon.colcon_core.shell:Creating environment descriptor '/home/vboxuser/bumperbot_ws/install/bumperbot_utils/share/bumperbot_utils/hook/pythonpath.dsv'
[1.061s] INFO:colcon.colcon_core.shell:Creating environment hook '/home/vboxuser/bumperbot_ws/install/bumperbot_utils/share/bumperbot_utils/hook/pythonpath.sh'
[1.062s] Level 1:colcon.colcon_core.environment:checking '/home/vboxuser/bumperbot_ws/install/bumperbot_utils/bin'
[1.062s] INFO:colcon.colcon_core.shell:Creating package script '/home/vboxuser/bumperbot_ws/install/bumperbot_utils/share/bumperbot_utils/package.ps1'
[1.063s] INFO:colcon.colcon_core.shell:Creating package descriptor '/home/vboxuser/bumperbot_ws/install/bumperbot_utils/share/bumperbot_utils/package.dsv'
[1.064s] INFO:colcon.colcon_core.shell:Creating package script '/home/vboxuser/bumperbot_ws/install/bumperbot_utils/share/bumperbot_utils/package.sh'
[1.064s] INFO:colcon.colcon_core.shell:Creating package script '/home/vboxuser/bumperbot_ws/install/bumperbot_utils/share/bumperbot_utils/package.bash'
[1.064s] INFO:colcon.colcon_core.shell:Creating package script '/home/vboxuser/bumperbot_ws/install/bumperbot_utils/share/bumperbot_utils/package.zsh'
[1.065s] Level 1:colcon.colcon_core.environment:create_file_with_runtime_dependencies(/home/vboxuser/bumperbot_ws/install/bumperbot_utils/share/colcon-core/packages/bumperbot_utils)
[1.065s] Level 1:colcon.colcon_core.environment:create_environment_scripts_only(bumperbot_utils)
[1.066s] Level 1:colcon.colcon_core.environment:checking '/home/vboxuser/bumperbot_ws/install/bumperbot_utils' for CMake module files
[1.066s] Level 1:colcon.colcon_core.environment:checking '/home/vboxuser/bumperbot_ws/install/bumperbot_utils' for CMake config files
[1.066s] Level 1:colcon.colcon_core.shell:create_environment_hook('bumperbot_utils', 'cmake_prefix_path')
[1.066s] INFO:colcon.colcon_core.shell:Creating environment hook '/home/vboxuser/bumperbot_ws/install/bumperbot_utils/share/bumperbot_utils/hook/cmake_prefix_path.ps1'
[1.067s] INFO:colcon.colcon_core.shell:Creating environment descriptor '/home/vboxuser/bumperbot_ws/install/bumperbot_utils/share/bumperbot_utils/hook/cmake_prefix_path.dsv'
[1.067s] INFO:colcon.colcon_core.shell:Creating environment hook '/home/vboxuser/bumperbot_ws/install/bumperbot_utils/share/bumperbot_utils/hook/cmake_prefix_path.sh'
[1.068s] Level 1:colcon.colcon_core.environment:checking '/home/vboxuser/bumperbot_ws/install/bumperbot_utils/lib'
[1.068s] Level 1:colcon.colcon_core.environment:checking '/home/vboxuser/bumperbot_ws/install/bumperbot_utils/bin'
[1.068s] Level 1:colcon.colcon_core.environment:checking '/home/vboxuser/bumperbot_ws/install/bumperbot_utils/lib/pkgconfig/bumperbot_utils.pc'
[1.068s] Level 1:colcon.colcon_core.environment:checking '/home/vboxuser/bumperbot_ws/install/bumperbot_utils/lib/python3.12/site-packages'
[1.068s] Level 1:colcon.colcon_core.shell:create_environment_hook('bumperbot_utils', 'pythonpath')
[1.068s] INFO:colcon.colcon_core.shell:Creating environment hook '/home/vboxuser/bumperbot_ws/install/bumperbot_utils/share/bumperbot_utils/hook/pythonpath.ps1'
[1.069s] INFO:colcon.colcon_core.shell:Creating environment descriptor '/home/vboxuser/bumperbot_ws/install/bumperbot_utils/share/bumperbot_utils/hook/pythonpath.dsv'
[1.070s] INFO:colcon.colcon_core.shell:Creating environment hook '/home/vboxuser/bumperbot_ws/install/bumperbot_utils/share/bumperbot_utils/hook/pythonpath.sh'
[1.071s] Level 1:colcon.colcon_core.environment:checking '/home/vboxuser/bumperbot_ws/install/bumperbot_utils/bin'
[1.071s] INFO:colcon.colcon_core.shell:Creating package script '/home/vboxuser/bumperbot_ws/install/bumperbot_utils/share/bumperbot_utils/package.ps1'
[1.071s] INFO:colcon.colcon_core.shell:Creating package descriptor '/home/vboxuser/bumperbot_ws/install/bumperbot_utils/share/bumperbot_utils/package.dsv'
[1.072s] INFO:colcon.colcon_core.shell:Creating package script '/home/vboxuser/bumperbot_ws/install/bumperbot_utils/share/bumperbot_utils/package.sh'
[1.086s] INFO:colcon.colcon_core.shell:Creating package script '/home/vboxuser/bumperbot_ws/install/bumperbot_utils/share/bumperbot_utils/package.bash'
[1.086s] INFO:colcon.colcon_core.shell:Creating package script '/home/vboxuser/bumperbot_ws/install/bumperbot_utils/share/bumperbot_utils/package.zsh'
[1.087s] Level 1:colcon.colcon_core.environment:create_file_with_runtime_dependencies(/home/vboxuser/bumperbot_ws/install/bumperbot_utils/share/colcon-core/packages/bumperbot_utils)
[1.088s] Level 1:colcon.colcon_core.environment:create_environment_scripts_only(bumperbot_mapping)
[1.088s] Level 1:colcon.colcon_core.environment:checking '/home/vboxuser/bumperbot_ws/install/bumperbot_mapping' for CMake module files
[1.089s] Level 1:colcon.colcon_core.environment:checking '/home/vboxuser/bumperbot_ws/install/bumperbot_mapping' for CMake config files
[1.090s] Level 1:colcon.colcon_core.shell:create_environment_hook('bumperbot_mapping', 'cmake_prefix_path')
[1.090s] INFO:colcon.colcon_core.shell:Creating environment hook '/home/vboxuser/bumperbot_ws/install/bumperbot_mapping/share/bumperbot_mapping/hook/cmake_prefix_path.ps1'
[1.090s] DEBUG:colcon.colcon_core.event_handler.log_command:Invoked command in '/home/vboxuser/bumperbot_ws/build/bumperbot_mapping' returned '0': CMAKE_PREFIX_PATH=${CMAKE_PREFIX_PATH}:/opt/ros/jazzy DEBUGINFOD_URLS=https://debuginfod.ubuntu.com /usr/bin/cmake --install /home/vboxuser/bumperbot_ws/build/bumperbot_mapping
[1.091s] INFO:colcon.colcon_core.shell:Creating environment descriptor '/home/vboxuser/bumperbot_ws/install/bumperbot_mapping/share/bumperbot_mapping/hook/cmake_prefix_path.dsv'
[1.091s] INFO:colcon.colcon_core.shell:Creating environment hook '/home/vboxuser/bumperbot_ws/install/bumperbot_mapping/share/bumperbot_mapping/hook/cmake_prefix_path.sh'
[1.092s] Level 1:colcon.colcon_core.environment:checking '/home/vboxuser/bumperbot_ws/install/bumperbot_mapping/lib'
[1.092s] Level 1:colcon.colcon_core.environment:checking '/home/vboxuser/bumperbot_ws/install/bumperbot_mapping/bin'
[1.092s] Level 1:colcon.colcon_core.environment:checking '/home/vboxuser/bumperbot_ws/install/bumperbot_mapping/lib/pkgconfig/bumperbot_mapping.pc'
[1.092s] Level 1:colcon.colcon_core.environment:checking '/home/vboxuser/bumperbot_ws/install/bumperbot_mapping/lib/python3.12/site-packages'
[1.092s] Level 1:colcon.colcon_core.shell:create_environment_hook('bumperbot_mapping', 'pythonpath')
[1.092s] INFO:colcon.colcon_core.shell:Creating environment hook '/home/vboxuser/bumperbot_ws/install/bumperbot_mapping/share/bumperbot_mapping/hook/pythonpath.ps1'
[1.093s] INFO:colcon.colcon_core.shell:Creating environment descriptor '/home/vboxuser/bumperbot_ws/install/bumperbot_mapping/share/bumperbot_mapping/hook/pythonpath.dsv'
[1.093s] INFO:colcon.colcon_core.shell:Creating environment hook '/home/vboxuser/bumperbot_ws/install/bumperbot_mapping/share/bumperbot_mapping/hook/pythonpath.sh'
[1.094s] Level 1:colcon.colcon_core.environment:checking '/home/vboxuser/bumperbot_ws/install/bumperbot_mapping/bin'
[1.094s] INFO:colcon.colcon_core.shell:Creating package script '/home/vboxuser/bumperbot_ws/install/bumperbot_mapping/share/bumperbot_mapping/package.ps1'
[1.095s] INFO:colcon.colcon_core.shell:Creating package descriptor '/home/vboxuser/bumperbot_ws/install/bumperbot_mapping/share/bumperbot_mapping/package.dsv'
[1.096s] INFO:colcon.colcon_core.shell:Creating package script '/home/vboxuser/bumperbot_ws/install/bumperbot_mapping/share/bumperbot_mapping/package.sh'
[1.096s] INFO:colcon.colcon_core.shell:Creating package script '/home/vboxuser/bumperbot_ws/install/bumperbot_mapping/share/bumperbot_mapping/package.bash'
[1.097s] INFO:colcon.colcon_core.shell:Creating package script '/home/vboxuser/bumperbot_ws/install/bumperbot_mapping/share/bumperbot_mapping/package.zsh'
[1.098s] Level 1:colcon.colcon_core.environment:create_file_with_runtime_dependencies(/home/vboxuser/bumperbot_ws/install/bumperbot_mapping/share/colcon-core/packages/bumperbot_mapping)
[1.098s] Level 1:colcon.colcon_core.environment:create_environment_scripts_only(bumperbot_mapping)
[1.099s] Level 1:colcon.colcon_core.environment:checking '/home/vboxuser/bumperbot_ws/install/bumperbot_mapping' for CMake module files
[1.099s] Level 1:colcon.colcon_core.environment:checking '/home/vboxuser/bumperbot_ws/install/bumperbot_mapping' for CMake config files
[1.099s] Level 1:colcon.colcon_core.shell:create_environment_hook('bumperbot_mapping', 'cmake_prefix_path')
[1.099s] INFO:colcon.colcon_core.shell:Creating environment hook '/home/vboxuser/bumperbot_ws/install/bumperbot_mapping/share/bumperbot_mapping/hook/cmake_prefix_path.ps1'
[1.099s] INFO:colcon.colcon_core.shell:Creating environment descriptor '/home/vboxuser/bumperbot_ws/install/bumperbot_mapping/share/bumperbot_mapping/hook/cmake_prefix_path.dsv'
[1.100s] INFO:colcon.colcon_core.shell:Creating environment hook '/home/vboxuser/bumperbot_ws/install/bumperbot_mapping/share/bumperbot_mapping/hook/cmake_prefix_path.sh'
[1.101s] Level 1:colcon.colcon_core.environment:checking '/home/vboxuser/bumperbot_ws/install/bumperbot_mapping/lib'
[1.101s] Level 1:colcon.colcon_core.environment:checking '/home/vboxuser/bumperbot_ws/install/bumperbot_mapping/bin'
[1.101s] Level 1:colcon.colcon_core.environment:checking '/home/vboxuser/bumperbot_ws/install/bumperbot_mapping/lib/pkgconfig/bumperbot_mapping.pc'
[1.101s] Level 1:colcon.colcon_core.environment:checking '/home/vboxuser/bumperbot_ws/install/bumperbot_mapping/lib/python3.12/site-packages'
[1.101s] Level 1:colcon.colcon_core.shell:create_environment_hook('bumperbot_mapping', 'pythonpath')
[1.101s] INFO:colcon.colcon_core.shell:Creating environment hook '/home/vboxuser/bumperbot_ws/install/bumperbot_mapping/share/bumperbot_mapping/hook/pythonpath.ps1'
[1.102s] INFO:colcon.colcon_core.shell:Creating environment descriptor '/home/vboxuser/bumperbot_ws/install/bumperbot_mapping/share/bumperbot_mapping/hook/pythonpath.dsv'
[1.103s] INFO:colcon.colcon_core.shell:Creating environment hook '/home/vboxuser/bumperbot_ws/install/bumperbot_mapping/share/bumperbot_mapping/hook/pythonpath.sh'
[1.103s] Level 1:colcon.colcon_core.environment:checking '/home/vboxuser/bumperbot_ws/install/bumperbot_mapping/bin'
[1.104s] INFO:colcon.colcon_core.shell:Creating package script '/home/vboxuser/bumperbot_ws/install/bumperbot_mapping/share/bumperbot_mapping/package.ps1'
[1.104s] INFO:colcon.colcon_core.shell:Creating package descriptor '/home/vboxuser/bumperbot_ws/install/bumperbot_mapping/share/bumperbot_mapping/package.dsv'
[1.105s] INFO:colcon.colcon_core.shell:Creating package script '/home/vboxuser/bumperbot_ws/install/bumperbot_mapping/share/bumperbot_mapping/package.sh'
[1.105s] INFO:colcon.colcon_core.shell:Creating package script '/home/vboxuser/bumperbot_ws/install/bumperbot_mapping/share/bumperbot_mapping/package.bash'
[1.106s] INFO:colcon.colcon_core.shell:Creating package script '/home/vboxuser/bumperbot_ws/install/bumperbot_mapping/share/bumperbot_mapping/package.zsh'
[1.106s] Level 1:colcon.colcon_core.environment:create_file_with_runtime_dependencies(/home/vboxuser/bumperbot_ws/install/bumperbot_mapping/share/colcon-core/packages/bumperbot_mapping)
[1.107s] Level 1:colcon.colcon_core.environment:create_environment_scripts_only(bumperbot_controller)
[1.107s] Level 1:colcon.colcon_core.environment:checking '/home/vboxuser/bumperbot_ws/install/bumperbot_controller' for CMake module files
[1.108s] Level 1:colcon.colcon_core.environment:checking '/home/vboxuser/bumperbot_ws/install/bumperbot_controller' for CMake config files
[1.108s] Level 1:colcon.colcon_core.shell:create_environment_hook('bumperbot_controller', 'cmake_prefix_path')
[1.108s] INFO:colcon.colcon_core.shell:Creating environment hook '/home/vboxuser/bumperbot_ws/install/bumperbot_controller/share/bumperbot_controller/hook/cmake_prefix_path.ps1'
[1.109s] INFO:colcon.colcon_core.shell:Creating environment descriptor '/home/vboxuser/bumperbot_ws/install/bumperbot_controller/share/bumperbot_controller/hook/cmake_prefix_path.dsv'
[1.110s] INFO:colcon.colcon_core.shell:Creating environment hook '/home/vboxuser/bumperbot_ws/install/bumperbot_controller/share/bumperbot_controller/hook/cmake_prefix_path.sh'
[1.111s] DEBUG:colcon.colcon_core.event_handler.log_command:Invoked command in '/home/vboxuser/bumperbot_ws/build/bumperbot_controller' returned '0': CMAKE_PREFIX_PATH=${CMAKE_PREFIX_PATH}:/opt/ros/jazzy DEBUGINFOD_URLS=https://debuginfod.ubuntu.com /usr/bin/cmake --install /home/vboxuser/bumperbot_ws/build/bumperbot_controller
[1.112s] Level 1:colcon.colcon_core.environment:checking '/home/vboxuser/bumperbot_ws/install/bumperbot_controller/lib'
[1.112s] Level 1:colcon.colcon_core.environment:checking '/home/vboxuser/bumperbot_ws/install/bumperbot_controller/bin'
[1.112s] Level 1:colcon.colcon_core.environment:checking '/home/vboxuser/bumperbot_ws/install/bumperbot_controller/lib/pkgconfig/bumperbot_controller.pc'
[1.112s] Level 1:colcon.colcon_core.environment:checking '/home/vboxuser/bumperbot_ws/install/bumperbot_controller/lib/python3.12/site-packages'
[1.112s] Level 1:colcon.colcon_core.shell:create_environment_hook('bumperbot_controller', 'pythonpath')
[1.112s] INFO:colcon.colcon_core.shell:Creating environment hook '/home/vboxuser/bumperbot_ws/install/bumperbot_controller/share/bumperbot_controller/hook/pythonpath.ps1'
[1.113s] INFO:colcon.colcon_core.shell:Creating environment descriptor '/home/vboxuser/bumperbot_ws/install/bumperbot_controller/share/bumperbot_controller/hook/pythonpath.dsv'
[1.113s] INFO:colcon.colcon_core.shell:Creating environment hook '/home/vboxuser/bumperbot_ws/install/bumperbot_controller/share/bumperbot_controller/hook/pythonpath.sh'
[1.114s] Level 1:colcon.colcon_core.environment:checking '/home/vboxuser/bumperbot_ws/install/bumperbot_controller/bin'
[1.114s] INFO:colcon.colcon_core.shell:Creating package script '/home/vboxuser/bumperbot_ws/install/bumperbot_controller/share/bumperbot_controller/package.ps1'
[1.115s] INFO:colcon.colcon_core.shell:Creating package descriptor '/home/vboxuser/bumperbot_ws/install/bumperbot_controller/share/bumperbot_controller/package.dsv'
[1.115s] INFO:colcon.colcon_core.shell:Creating package script '/home/vboxuser/bumperbot_ws/install/bumperbot_controller/share/bumperbot_controller/package.sh'
[1.116s] INFO:colcon.colcon_core.shell:Creating package script '/home/vboxuser/bumperbot_ws/install/bumperbot_controller/share/bumperbot_controller/package.bash'
[1.117s] INFO:colcon.colcon_core.shell:Creating package script '/home/vboxuser/bumperbot_ws/install/bumperbot_controller/share/bumperbot_controller/package.zsh'
[1.118s] Level 1:colcon.colcon_core.environment:create_file_with_runtime_dependencies(/home/vboxuser/bumperbot_ws/install/bumperbot_controller/share/colcon-core/packages/bumperbot_controller)
[1.118s] Level 1:colcon.colcon_core.environment:create_environment_scripts_only(bumperbot_controller)
[1.118s] Level 1:colcon.colcon_core.environment:checking '/home/vboxuser/bumperbot_ws/install/bumperbot_controller' for CMake module files
[1.119s] Level 1:colcon.colcon_core.environment:checking '/home/vboxuser/bumperbot_ws/install/bumperbot_controller' for CMake config files
[1.119s] Level 1:colcon.colcon_core.shell:create_environment_hook('bumperbot_controller', 'cmake_prefix_path')
[1.119s] INFO:colcon.colcon_core.shell:Creating environment hook '/home/vboxuser/bumperbot_ws/install/bumperbot_controller/share/bumperbot_controller/hook/cmake_prefix_path.ps1'
[1.120s] INFO:colcon.colcon_core.shell:Creating environment descriptor '/home/vboxuser/bumperbot_ws/install/bumperbot_controller/share/bumperbot_controller/hook/cmake_prefix_path.dsv'
[1.120s] INFO:colcon.colcon_core.shell:Creating environment hook '/home/vboxuser/bumperbot_ws/install/bumperbot_controller/share/bumperbot_controller/hook/cmake_prefix_path.sh'
[1.121s] Level 1:colcon.colcon_core.environment:checking '/home/vboxuser/bumperbot_ws/install/bumperbot_controller/lib'
[1.121s] Level 1:colcon.colcon_core.environment:checking '/home/vboxuser/bumperbot_ws/install/bumperbot_controller/bin'
[1.121s] Level 1:colcon.colcon_core.environment:checking '/home/vboxuser/bumperbot_ws/install/bumperbot_controller/lib/pkgconfig/bumperbot_controller.pc'
[1.121s] Level 1:colcon.colcon_core.environment:checking '/home/vboxuser/bumperbot_ws/install/bumperbot_controller/lib/python3.12/site-packages'
[1.121s] Level 1:colcon.colcon_core.shell:create_environment_hook('bumperbot_controller', 'pythonpath')
[1.121s] INFO:colcon.colcon_core.shell:Creating environment hook '/home/vboxuser/bumperbot_ws/install/bumperbot_controller/share/bumperbot_controller/hook/pythonpath.ps1'
[1.122s] INFO:colcon.colcon_core.shell:Creating environment descriptor '/home/vboxuser/bumperbot_ws/install/bumperbot_controller/share/bumperbot_controller/hook/pythonpath.dsv'
[1.122s] INFO:colcon.colcon_core.shell:Creating environment hook '/home/vboxuser/bumperbot_ws/install/bumperbot_controller/share/bumperbot_controller/hook/pythonpath.sh'
[1.123s] Level 1:colcon.colcon_core.environment:checking '/home/vboxuser/bumperbot_ws/install/bumperbot_controller/bin'
[1.124s] INFO:colcon.colcon_core.shell:Creating package script '/home/vboxuser/bumperbot_ws/install/bumperbot_controller/share/bumperbot_controller/package.ps1'
[1.124s] INFO:colcon.colcon_core.shell:Creating package descriptor '/home/vboxuser/bumperbot_ws/install/bumperbot_controller/share/bumperbot_controller/package.dsv'
[1.125s] INFO:colcon.colcon_core.shell:Creating package script '/home/vboxuser/bumperbot_ws/install/bumperbot_controller/share/bumperbot_controller/package.sh'
[1.125s] INFO:colcon.colcon_core.shell:Creating package script '/home/vboxuser/bumperbot_ws/install/bumperbot_controller/share/bumperbot_controller/package.bash'
[1.126s] INFO:colcon.colcon_core.shell:Creating package script '/home/vboxuser/bumperbot_ws/install/bumperbot_controller/share/bumperbot_controller/package.zsh'
[1.126s] Level 1:colcon.colcon_core.environment:create_file_with_runtime_dependencies(/home/vboxuser/bumperbot_ws/install/bumperbot_controller/share/colcon-core/packages/bumperbot_controller)
[1.127s] INFO:colcon.colcon_ros.task.ament_cmake.build:Building ROS package in '/home/vboxuser/bumperbot_ws/src/bumperbot_bringup' with build type 'ament_cmake'
[1.127s] INFO:colcon.colcon_cmake.task.cmake.build:Building CMake package in '/home/vboxuser/bumperbot_ws/src/bumperbot_bringup'
[1.127s] INFO:colcon.colcon_core.shell:Skip shell extension 'powershell' for command environment: Not usable outside of PowerShell
[1.128s] DEBUG:colcon.colcon_core.shell:Skip shell extension 'dsv' for command environment
[1.132s] Level 1:colcon.colcon_core.environment:create_environment_scripts_only(bumperbot_msgs)
[1.132s] Level 1:colcon.colcon_core.environment:checking '/home/vboxuser/bumperbot_ws/install/bumperbot_msgs' for CMake module files
[1.133s] DEBUG:colcon.colcon_core.event_handler.log_command:Invoked command in '/home/vboxuser/bumperbot_ws/build/bumperbot_msgs' returned '0': CMAKE_PREFIX_PATH=${CMAKE_PREFIX_PATH}:/opt/ros/jazzy DEBUGINFOD_URLS=https://debuginfod.ubuntu.com /usr/bin/cmake --install /home/vboxuser/bumperbot_ws/build/bumperbot_msgs
[1.133s] Level 1:colcon.colcon_core.environment:checking '/home/vboxuser/bumperbot_ws/install/bumperbot_msgs' for CMake config files
[1.133s] Level 1:colcon.colcon_core.shell:create_environment_hook('bumperbot_msgs', 'cmake_prefix_path')
[1.134s] INFO:colcon.colcon_core.shell:Creating environment hook '/home/vboxuser/bumperbot_ws/install/bumperbot_msgs/share/bumperbot_msgs/hook/cmake_prefix_path.ps1'
[1.134s] INFO:colcon.colcon_core.shell:Creating environment descriptor '/home/vboxuser/bumperbot_ws/install/bumperbot_msgs/share/bumperbot_msgs/hook/cmake_prefix_path.dsv'
[1.135s] INFO:colcon.colcon_core.shell:Creating environment hook '/home/vboxuser/bumperbot_ws/install/bumperbot_msgs/share/bumperbot_msgs/hook/cmake_prefix_path.sh'
[1.136s] Level 1:colcon.colcon_core.environment:checking '/home/vboxuser/bumperbot_ws/install/bumperbot_msgs/lib'
[1.136s] Level 1:colcon.colcon_core.shell:create_environment_hook('bumperbot_msgs', 'ld_library_path_lib')
[1.136s] INFO:colcon.colcon_core.shell:Creating environment hook '/home/vboxuser/bumperbot_ws/install/bumperbot_msgs/share/bumperbot_msgs/hook/ld_library_path_lib.ps1'
[1.137s] INFO:colcon.colcon_core.shell:Creating environment descriptor '/home/vboxuser/bumperbot_ws/install/bumperbot_msgs/share/bumperbot_msgs/hook/ld_library_path_lib.dsv'
[1.137s] INFO:colcon.colcon_core.shell:Creating environment hook '/home/vboxuser/bumperbot_ws/install/bumperbot_msgs/share/bumperbot_msgs/hook/ld_library_path_lib.sh'
[1.138s] Level 1:colcon.colcon_core.environment:checking '/home/vboxuser/bumperbot_ws/install/bumperbot_msgs/bin'
[1.138s] Level 1:colcon.colcon_core.environment:checking '/home/vboxuser/bumperbot_ws/install/bumperbot_msgs/lib/pkgconfig/bumperbot_msgs.pc'
[1.138s] Level 1:colcon.colcon_core.environment:checking '/home/vboxuser/bumperbot_ws/install/bumperbot_msgs/lib/python3.12/site-packages'
[1.139s] Level 1:colcon.colcon_core.shell:create_environment_hook('bumperbot_msgs', 'pythonpath')
[1.139s] INFO:colcon.colcon_core.shell:Creating environment hook '/home/vboxuser/bumperbot_ws/install/bumperbot_msgs/share/bumperbot_msgs/hook/pythonpath.ps1'
[1.139s] INFO:colcon.colcon_core.shell:Creating environment descriptor '/home/vboxuser/bumperbot_ws/install/bumperbot_msgs/share/bumperbot_msgs/hook/pythonpath.dsv'
[1.140s] INFO:colcon.colcon_core.shell:Creating environment hook '/home/vboxuser/bumperbot_ws/install/bumperbot_msgs/share/bumperbot_msgs/hook/pythonpath.sh'
[1.141s] Level 1:colcon.colcon_core.environment:checking '/home/vboxuser/bumperbot_ws/install/bumperbot_msgs/bin'
[1.141s] INFO:colcon.colcon_core.shell:Creating package script '/home/vboxuser/bumperbot_ws/install/bumperbot_msgs/share/bumperbot_msgs/package.ps1'
[1.142s] INFO:colcon.colcon_core.shell:Creating package descriptor '/home/vboxuser/bumperbot_ws/install/bumperbot_msgs/share/bumperbot_msgs/package.dsv'
[1.142s] INFO:colcon.colcon_core.shell:Creating package script '/home/vboxuser/bumperbot_ws/install/bumperbot_msgs/share/bumperbot_msgs/package.sh'
[1.143s] INFO:colcon.colcon_core.shell:Creating package script '/home/vboxuser/bumperbot_ws/install/bumperbot_msgs/share/bumperbot_msgs/package.bash'
[1.144s] INFO:colcon.colcon_core.shell:Creating package script '/home/vboxuser/bumperbot_ws/install/bumperbot_msgs/share/bumperbot_msgs/package.zsh'
[1.145s] Level 1:colcon.colcon_core.environment:create_file_with_runtime_dependencies(/home/vboxuser/bumperbot_ws/install/bumperbot_msgs/share/colcon-core/packages/bumperbot_msgs)
[1.146s] Level 1:colcon.colcon_core.environment:create_environment_scripts_only(bumperbot_msgs)
[1.146s] Level 1:colcon.colcon_core.environment:checking '/home/vboxuser/bumperbot_ws/install/bumperbot_msgs' for CMake module files
[1.146s] Level 1:colcon.colcon_core.environment:checking '/home/vboxuser/bumperbot_ws/install/bumperbot_msgs' for CMake config files
[1.147s] Level 1:colcon.colcon_core.shell:create_environment_hook('bumperbot_msgs', 'cmake_prefix_path')
[1.147s] INFO:colcon.colcon_core.shell:Creating environment hook '/home/vboxuser/bumperbot_ws/install/bumperbot_msgs/share/bumperbot_msgs/hook/cmake_prefix_path.ps1'
[1.147s] INFO:colcon.colcon_core.shell:Creating environment descriptor '/home/vboxuser/bumperbot_ws/install/bumperbot_msgs/share/bumperbot_msgs/hook/cmake_prefix_path.dsv'
[1.148s] INFO:colcon.colcon_core.shell:Creating environment hook '/home/vboxuser/bumperbot_ws/install/bumperbot_msgs/share/bumperbot_msgs/hook/cmake_prefix_path.sh'
[1.149s] Level 1:colcon.colcon_core.environment:checking '/home/vboxuser/bumperbot_ws/install/bumperbot_msgs/lib'
[1.149s] Level 1:colcon.colcon_core.shell:create_environment_hook('bumperbot_msgs', 'ld_library_path_lib')
[1.149s] INFO:colcon.colcon_core.shell:Creating environment hook '/home/vboxuser/bumperbot_ws/install/bumperbot_msgs/share/bumperbot_msgs/hook/ld_library_path_lib.ps1'
[1.152s] INFO:colcon.colcon_core.shell:Creating environment descriptor '/home/vboxuser/bumperbot_ws/install/bumperbot_msgs/share/bumperbot_msgs/hook/ld_library_path_lib.dsv'
[1.152s] INFO:colcon.colcon_core.shell:Creating environment hook '/home/vboxuser/bumperbot_ws/install/bumperbot_msgs/share/bumperbot_msgs/hook/ld_library_path_lib.sh'
[1.153s] Level 1:colcon.colcon_core.environment:checking '/home/vboxuser/bumperbot_ws/install/bumperbot_msgs/bin'
[1.153s] Level 1:colcon.colcon_core.environment:checking '/home/vboxuser/bumperbot_ws/install/bumperbot_msgs/lib/pkgconfig/bumperbot_msgs.pc'
[1.153s] Level 1:colcon.colcon_core.environment:checking '/home/vboxuser/bumperbot_ws/install/bumperbot_msgs/lib/python3.12/site-packages'
[1.153s] Level 1:colcon.colcon_core.shell:create_environment_hook('bumperbot_msgs', 'pythonpath')
[1.153s] INFO:colcon.colcon_core.shell:Creating environment hook '/home/vboxuser/bumperbot_ws/install/bumperbot_msgs/share/bumperbot_msgs/hook/pythonpath.ps1'
[1.154s] INFO:colcon.colcon_core.shell:Creating environment descriptor '/home/vboxuser/bumperbot_ws/install/bumperbot_msgs/share/bumperbot_msgs/hook/pythonpath.dsv'
[1.154s] INFO:colcon.colcon_core.shell:Creating environment hook '/home/vboxuser/bumperbot_ws/install/bumperbot_msgs/share/bumperbot_msgs/hook/pythonpath.sh'
[1.155s] Level 1:colcon.colcon_core.environment:checking '/home/vboxuser/bumperbot_ws/install/bumperbot_msgs/bin'
[1.155s] INFO:colcon.colcon_core.shell:Creating package script '/home/vboxuser/bumperbot_ws/install/bumperbot_msgs/share/bumperbot_msgs/package.ps1'
[1.156s] INFO:colcon.colcon_core.shell:Creating package descriptor '/home/vboxuser/bumperbot_ws/install/bumperbot_msgs/share/bumperbot_msgs/package.dsv'
[1.157s] INFO:colcon.colcon_core.shell:Creating package script '/home/vboxuser/bumperbot_ws/install/bumperbot_msgs/share/bumperbot_msgs/package.sh'
[1.157s] INFO:colcon.colcon_core.shell:Creating package script '/home/vboxuser/bumperbot_ws/install/bumperbot_msgs/share/bumperbot_msgs/package.bash'
[1.158s] INFO:colcon.colcon_core.shell:Creating package script '/home/vboxuser/bumperbot_ws/install/bumperbot_msgs/share/bumperbot_msgs/package.zsh'
[1.158s] Level 1:colcon.colcon_core.environment:create_file_with_runtime_dependencies(/home/vboxuser/bumperbot_ws/install/bumperbot_msgs/share/colcon-core/packages/bumperbot_msgs)
[1.160s] INFO:colcon.colcon_ros.task.ament_cmake.build:Building ROS package in '/home/vboxuser/bumperbot_ws/src/bumperbot_cpp_examples' with build type 'ament_cmake'
[1.160s] INFO:colcon.colcon_cmake.task.cmake.build:Building CMake package in '/home/vboxuser/bumperbot_ws/src/bumperbot_cpp_examples'
[1.160s] INFO:colcon.colcon_core.shell:Skip shell extension 'powershell' for command environment: Not usable outside of PowerShell
[1.160s] DEBUG:colcon.colcon_core.shell:Skip shell extension 'dsv' for command environment
[1.165s] INFO:colcon.colcon_ros.task.ament_python.build:Building ROS package in '/home/vboxuser/bumperbot_ws/src/bumperbot_py_examples' with build type 'ament_python'
[1.165s] Level 1:colcon.colcon_core.shell:create_environment_hook('bumperbot_py_examples', 'ament_prefix_path')
[1.165s] INFO:colcon.colcon_core.shell:Creating environment hook '/home/vboxuser/bumperbot_ws/install/bumperbot_py_examples/share/bumperbot_py_examples/hook/ament_prefix_path.ps1'
[1.166s] INFO:colcon.colcon_core.shell:Creating environment descriptor '/home/vboxuser/bumperbot_ws/install/bumperbot_py_examples/share/bumperbot_py_examples/hook/ament_prefix_path.dsv'
[1.167s] INFO:colcon.colcon_core.shell:Creating environment hook '/home/vboxuser/bumperbot_ws/install/bumperbot_py_examples/share/bumperbot_py_examples/hook/ament_prefix_path.sh'
[1.168s] INFO:colcon.colcon_core.shell:Skip shell extension 'powershell' for command environment: Not usable outside of PowerShell
[1.168s] DEBUG:colcon.colcon_core.shell:Skip shell extension 'dsv' for command environment
[1.176s] DEBUG:colcon.colcon_core.event_handler.log_command:Invoking command in '/home/vboxuser/bumperbot_ws/build/bumperbot_bringup': AMENT_PREFIX_PATH=/home/vboxuser/bumperbot_ws/install/bumperbot_mapping:/home/vboxuser/bumperbot_ws/install/bumperbot_localization:/home/vboxuser/bumperbot_ws/install/bumperbot_firmware:/home/vboxuser/bumperbot_ws/install/bumperbot_description:/home/vboxuser/bumperbot_ws/install/bumperbot_controller:${AMENT_PREFIX_PATH} CMAKE_PREFIX_PATH=/home/vboxuser/bumperbot_ws/install/bumperbot_mapping:/home/vboxuser/bumperbot_ws/install/bumperbot_localization:/home/vboxuser/bumperbot_ws/install/bumperbot_firmware:/home/vboxuser/bumperbot_ws/install/bumperbot_description:/home/vboxuser/bumperbot_ws/install/bumperbot_controller:/opt/ros/jazzy/opt/gz_sim_vendor:/opt/ros/jazzy/opt/gz_sensors_vendor:/opt/ros/jazzy/opt/gz_physics_vendor:/opt/ros/jazzy/opt/sdformat_vendor:/opt/ros/jazzy/opt/gz_gui_vendor:/opt/ros/jazzy/opt/gz_transport_vendor:/opt/ros/jazzy/opt/gz_rendering_vendor:/opt/ros/jazzy/opt/gz_plugin_vendor:/opt/ros/jazzy/opt/gz_fuel_tools_vendor:/opt/ros/jazzy/opt/gz_msgs_vendor:/opt/ros/jazzy/opt/gz_common_vendor:/opt/ros/jazzy/opt/gz_math_vendor:/opt/ros/jazzy/opt/gz_utils_vendor:/opt/ros/jazzy/opt/gz_tools_vendor:/opt/ros/jazzy/opt/gz_ogre_next_vendor:/opt/ros/jazzy/opt/gz_dartsim_vendor:/opt/ros/jazzy/opt/gz_cmake_vendor:/opt/ros/jazzy DEBUGINFOD_URLS=https://debuginfod.ubuntu.com LD_LIBRARY_PATH=/home/vboxuser/bumperbot_ws/install/bumperbot_firmware/lib:${LD_LIBRARY_PATH} PATH=/home/vboxuser/bumperbot_ws/install/bumperbot_localization/bin:${PATH} PYTHONPATH=/home/vboxuser/bumperbot_ws/install/bumperbot_mapping/lib/python3.12/site-packages:/home/vboxuser/bumperbot_ws/install/bumperbot_localization/lib/python3.12/site-packages:/home/vboxuser/bumperbot_ws/install/bumperbot_firmware/lib/python3.12/site-packages:/home/vboxuser/bumperbot_ws/install/bumperbot_controller/lib/python3.12/site-packages:${PYTHONPATH} /usr/bin/cmake --build /home/vboxuser/bumperbot_ws/build/bumperbot_bringup -- -j7 -l7
[1.191s] DEBUG:colcon.colcon_core.event_handler.log_command:Invoking command in '/home/vboxuser/bumperbot_ws/build/bumperbot_cpp_examples': AMENT_PREFIX_PATH=/home/vboxuser/bumperbot_ws/install/bumperbot_msgs:${AMENT_PREFIX_PATH} CMAKE_PREFIX_PATH=/home/vboxuser/bumperbot_ws/install/bumperbot_msgs:/opt/ros/jazzy/opt/gz_sim_vendor:/opt/ros/jazzy/opt/gz_sensors_vendor:/opt/ros/jazzy/opt/gz_physics_vendor:/opt/ros/jazzy/opt/sdformat_vendor:/opt/ros/jazzy/opt/gz_gui_vendor:/opt/ros/jazzy/opt/gz_transport_vendor:/opt/ros/jazzy/opt/gz_rendering_vendor:/opt/ros/jazzy/opt/gz_plugin_vendor:/opt/ros/jazzy/opt/gz_fuel_tools_vendor:/opt/ros/jazzy/opt/gz_msgs_vendor:/opt/ros/jazzy/opt/gz_common_vendor:/opt/ros/jazzy/opt/gz_math_vendor:/opt/ros/jazzy/opt/gz_utils_vendor:/opt/ros/jazzy/opt/gz_tools_vendor:/opt/ros/jazzy/opt/gz_ogre_next_vendor:/opt/ros/jazzy/opt/gz_dartsim_vendor:/opt/ros/jazzy/opt/gz_cmake_vendor:/opt/ros/jazzy DEBUGINFOD_URLS=https://debuginfod.ubuntu.com LD_LIBRARY_PATH=/home/vboxuser/bumperbot_ws/install/bumperbot_msgs/lib:${LD_LIBRARY_PATH} PYTHONPATH=/home/vboxuser/bumperbot_ws/install/bumperbot_msgs/lib/python3.12/site-packages:${PYTHONPATH} /usr/bin/cmake --build /home/vboxuser/bumperbot_ws/build/bumperbot_cpp_examples -- -j7 -l7
[1.555s] INFO:colcon.colcon_core.task.python.build:Building Python package in '/home/vboxuser/bumperbot_ws/src/bumperbot_py_examples'
[1.555s] INFO:colcon.colcon_core.shell:Skip shell extension 'powershell' for command environment: Not usable outside of PowerShell
[1.556s] DEBUG:colcon.colcon_core.shell:Skip shell extension 'dsv' for command environment
[1.561s] Level 1:colcon.colcon_core.environment:create_environment_scripts_only(bumperbot_cpp_examples)
[1.561s] Level 1:colcon.colcon_core.environment:checking '/home/vboxuser/bumperbot_ws/install/bumperbot_cpp_examples' for CMake module files
[1.561s] Level 1:colcon.colcon_core.environment:checking '/home/vboxuser/bumperbot_ws/install/bumperbot_cpp_examples' for CMake config files
[1.562s] DEBUG:colcon.colcon_core.event_handler.log_command:Invoked command in '/home/vboxuser/bumperbot_ws/build/bumperbot_cpp_examples' returned '2': AMENT_PREFIX_PATH=/home/vboxuser/bumperbot_ws/install/bumperbot_msgs:${AMENT_PREFIX_PATH} CMAKE_PREFIX_PATH=/home/vboxuser/bumperbot_ws/install/bumperbot_msgs:/opt/ros/jazzy/opt/gz_sim_vendor:/opt/ros/jazzy/opt/gz_sensors_vendor:/opt/ros/jazzy/opt/gz_physics_vendor:/opt/ros/jazzy/opt/sdformat_vendor:/opt/ros/jazzy/opt/gz_gui_vendor:/opt/ros/jazzy/opt/gz_transport_vendor:/opt/ros/jazzy/opt/gz_rendering_vendor:/opt/ros/jazzy/opt/gz_plugin_vendor:/opt/ros/jazzy/opt/gz_fuel_tools_vendor:/opt/ros/jazzy/opt/gz_msgs_vendor:/opt/ros/jazzy/opt/gz_common_vendor:/opt/ros/jazzy/opt/gz_math_vendor:/opt/ros/jazzy/opt/gz_utils_vendor:/opt/ros/jazzy/opt/gz_tools_vendor:/opt/ros/jazzy/opt/gz_ogre_next_vendor:/opt/ros/jazzy/opt/gz_dartsim_vendor:/opt/ros/jazzy/opt/gz_cmake_vendor:/opt/ros/jazzy DEBUGINFOD_URLS=https://debuginfod.ubuntu.com LD_LIBRARY_PATH=/home/vboxuser/bumperbot_ws/install/bumperbot_msgs/lib:${LD_LIBRARY_PATH} PYTHONPATH=/home/vboxuser/bumperbot_ws/install/bumperbot_msgs/lib/python3.12/site-packages:${PYTHONPATH} /usr/bin/cmake --build /home/vboxuser/bumperbot_ws/build/bumperbot_cpp_examples -- -j7 -l7
[1.562s] Level 1:colcon.colcon_core.shell:create_environment_hook('bumperbot_cpp_examples', 'cmake_prefix_path')
[1.562s] INFO:colcon.colcon_core.shell:Creating environment hook '/home/vboxuser/bumperbot_ws/install/bumperbot_cpp_examples/share/bumperbot_cpp_examples/hook/cmake_prefix_path.ps1'
[1.563s] INFO:colcon.colcon_core.shell:Creating environment descriptor '/home/vboxuser/bumperbot_ws/install/bumperbot_cpp_examples/share/bumperbot_cpp_examples/hook/cmake_prefix_path.dsv'
[1.563s] INFO:colcon.colcon_core.shell:Creating environment hook '/home/vboxuser/bumperbot_ws/install/bumperbot_cpp_examples/share/bumperbot_cpp_examples/hook/cmake_prefix_path.sh'
[1.564s] Level 1:colcon.colcon_core.environment:checking '/home/vboxuser/bumperbot_ws/install/bumperbot_cpp_examples/lib'
[1.564s] Level 1:colcon.colcon_core.shell:create_environment_hook('bumperbot_cpp_examples', 'ld_library_path_lib')
[1.564s] INFO:colcon.colcon_core.shell:Creating environment hook '/home/vboxuser/bumperbot_ws/install/bumperbot_cpp_examples/share/bumperbot_cpp_examples/hook/ld_library_path_lib.ps1'
[1.565s] INFO:colcon.colcon_core.shell:Creating environment descriptor '/home/vboxuser/bumperbot_ws/install/bumperbot_cpp_examples/share/bumperbot_cpp_examples/hook/ld_library_path_lib.dsv'
[1.565s] INFO:colcon.colcon_core.shell:Creating environment hook '/home/vboxuser/bumperbot_ws/install/bumperbot_cpp_examples/share/bumperbot_cpp_examples/hook/ld_library_path_lib.sh'
[1.566s] Level 1:colcon.colcon_core.environment:checking '/home/vboxuser/bumperbot_ws/install/bumperbot_cpp_examples/bin'
[1.566s] Level 1:colcon.colcon_core.environment:checking '/home/vboxuser/bumperbot_ws/install/bumperbot_cpp_examples/lib/pkgconfig/bumperbot_cpp_examples.pc'
[1.566s] Level 1:colcon.colcon_core.environment:checking '/home/vboxuser/bumperbot_ws/install/bumperbot_cpp_examples/lib/python3.12/site-packages'
[1.566s] Level 1:colcon.colcon_core.environment:checking '/home/vboxuser/bumperbot_ws/install/bumperbot_cpp_examples/bin'
[1.566s] INFO:colcon.colcon_core.shell:Creating package script '/home/vboxuser/bumperbot_ws/install/bumperbot_cpp_examples/share/bumperbot_cpp_examples/package.ps1'
[1.567s] INFO:colcon.colcon_core.shell:Creating package descriptor '/home/vboxuser/bumperbot_ws/install/bumperbot_cpp_examples/share/bumperbot_cpp_examples/package.dsv'
[1.567s] INFO:colcon.colcon_core.shell:Creating package script '/home/vboxuser/bumperbot_ws/install/bumperbot_cpp_examples/share/bumperbot_cpp_examples/package.sh'
[1.568s] INFO:colcon.colcon_core.shell:Creating package script '/home/vboxuser/bumperbot_ws/install/bumperbot_cpp_examples/share/bumperbot_cpp_examples/package.bash'
[1.569s] INFO:colcon.colcon_core.shell:Creating package script '/home/vboxuser/bumperbot_ws/install/bumperbot_cpp_examples/share/bumperbot_cpp_examples/package.zsh'
[1.569s] Level 1:colcon.colcon_core.environment:create_file_with_runtime_dependencies(/home/vboxuser/bumperbot_ws/install/bumperbot_cpp_examples/share/colcon-core/packages/bumperbot_cpp_examples)
[1.581s] DEBUG:colcon.colcon_parallel_executor.executor.parallel:closing loop
[1.581s] DEBUG:colcon.colcon_parallel_executor.executor.parallel:loop closed
[1.581s] DEBUG:colcon.colcon_parallel_executor.executor.parallel:run_until_complete finished with '2'
[1.582s] DEBUG:colcon.colcon_core.event_reactor:joining thread
[1.593s] INFO:colcon.colcon_core.plugin_system:Skipping extension 'colcon_notification.desktop_notification.terminal_notifier': Not used on non-Darwin systems
[1.593s] INFO:colcon.colcon_core.plugin_system:Skipping extension 'colcon_notification.desktop_notification.win32': Not used on non-Windows systems
[1.593s] INFO:colcon.colcon_notification.desktop_notification:Sending desktop notification using 'notify2'
[1.610s] DEBUG:colcon.colcon_core.event_reactor:joined thread
[1.610s] INFO:colcon.colcon_core.shell:Creating prefix script '/home/vboxuser/bumperbot_ws/install/local_setup.ps1'
[1.611s] INFO:colcon.colcon_core.shell:Creating prefix util module '/home/vboxuser/bumperbot_ws/install/_local_setup_util_ps1.py'
[1.612s] INFO:colcon.colcon_core.shell:Creating prefix chain script '/home/vboxuser/bumperbot_ws/install/setup.ps1'
[1.614s] INFO:colcon.colcon_core.shell:Creating prefix script '/home/vboxuser/bumperbot_ws/install/local_setup.sh'
[1.615s] INFO:colcon.colcon_core.shell:Creating prefix util module '/home/vboxuser/bumperbot_ws/install/_local_setup_util_sh.py'
[1.617s] INFO:colcon.colcon_core.shell:Creating prefix chain script '/home/vboxuser/bumperbot_ws/install/setup.sh'
[1.618s] INFO:colcon.colcon_core.shell:Creating prefix script '/home/vboxuser/bumperbot_ws/install/local_setup.bash'
[1.619s] INFO:colcon.colcon_core.shell:Creating prefix chain script '/home/vboxuser/bumperbot_ws/install/setup.bash'
[1.621s] INFO:colcon.colcon_core.shell:Creating prefix script '/home/vboxuser/bumperbot_ws/install/local_setup.zsh'
[1.621s] INFO:colcon.colcon_core.shell:Creating prefix chain script '/home/vboxuser/bumperbot_ws/install/setup.zsh'
