[0.150s] DEBUG:colcon:Command line arguments: ['/usr/bin/colcon', 'build']
[0.150s] DEBUG:colcon:Parsed command line arguments: Namespace(log_base=None, log_level=None, verb_name='build', build_base='build', install_base='install', merge_install=False, symlink_install=False, test_result_base=None, continue_on_error=False, executor='parallel', parallel_workers=6, event_handlers=None, ignore_user_meta=False, metas=['./colcon.meta'], base_paths=['.'], packages_ignore=None, packages_ignore_regex=None, paths=None, packages_up_to=None, packages_up_to_regex=None, packages_above=None, packages_above_and_dependencies=None, packages_above_depth=None, packages_select_by_dep=None, packages_skip_by_dep=None, packages_skip_up_to=None, packages_select_build_failed=False, packages_skip_build_finished=False, packages_select_test_failures=False, packages_skip_test_passed=False, packages_select=None, packages_skip=None, packages_select_regex=None, packages_skip_regex=None, packages_start=None, packages_end=None, allow_overriding=[], cmake_args=None, cmake_target=None, cmake_target_skip_unavailable=False, cmake_clean_cache=False, cmake_clean_first=False, cmake_force_configure=False, ament_cmake_args=None, catkin_cmake_args=None, catkin_skip_building_tests=False, mixin_files=None, mixin=None, verb_parser=<colcon_mixin.mixin.mixin_argument.MixinArgumentDecorator object at 0x7dbfbba90d70>, verb_extension=<colcon_core.verb.build.BuildVerb object at 0x7dbfbba464b0>, main=<bound method BuildVerb.main of <colcon_core.verb.build.BuildVerb object at 0x7dbfbba464b0>>, mixin_verb=('build',))
[0.231s] Level 1:colcon.colcon_core.package_discovery:discover_packages(colcon_meta) check parameters
[0.231s] Level 1:colcon.colcon_core.package_discovery:discover_packages(recursive) check parameters
[0.231s] Level 1:colcon.colcon_core.package_discovery:discover_packages(ignore) check parameters
[0.231s] Level 1:colcon.colcon_core.package_discovery:discover_packages(path) check parameters
[0.231s] Level 1:colcon.colcon_core.package_discovery:discover_packages(colcon_meta) discover
[0.231s] Level 1:colcon.colcon_core.package_discovery:discover_packages(recursive) discover
[0.231s] INFO:colcon.colcon_core.package_discovery:Crawling recursively for packages in '/home/vboxuser/bumperbot_ws'
[0.231s] Level 1:colcon.colcon_core.package_identification:_identify(.) by extensions ['ignore', 'ignore_ament_install']
[0.231s] Level 1:colcon.colcon_core.package_identification:_identify(.) by extension 'ignore'
[0.231s] Level 1:colcon.colcon_core.package_identification:_identify(.) by extension 'ignore_ament_install'
[0.231s] Level 1:colcon.colcon_core.package_identification:_identify(.) by extensions ['colcon_pkg']
[0.232s] Level 1:colcon.colcon_core.package_identification:_identify(.) by extension 'colcon_pkg'
[0.232s] Level 1:colcon.colcon_core.package_identification:_identify(.) by extensions ['colcon_meta']
[0.232s] Level 1:colcon.colcon_core.package_identification:_identify(.) by extension 'colcon_meta'
[0.232s] Level 1:colcon.colcon_core.package_identification:_identify(.) by extensions ['ros']
[0.232s] Level 1:colcon.colcon_core.package_identification:_identify(.) by extension 'ros'
[0.258s] Level 1:colcon.colcon_core.package_identification:_identify(.) by extensions ['cmake', 'python']
[0.258s] Level 1:colcon.colcon_core.package_identification:_identify(.) by extension 'cmake'
[0.258s] Level 1:colcon.colcon_core.package_identification:_identify(.) by extension 'python'
[0.258s] Level 1:colcon.colcon_core.package_identification:_identify(.) by extensions ['python_setup_py']
[0.258s] Level 1:colcon.colcon_core.package_identification:_identify(.) by extension 'python_setup_py'
[0.258s] Level 1:colcon.colcon_core.package_identification:_identify(build) by extensions ['ignore', 'ignore_ament_install']
[0.258s] Level 1:colcon.colcon_core.package_identification:_identify(build) by extension 'ignore'
[0.258s] Level 1:colcon.colcon_core.package_identification:_identify(build) ignored
[0.258s] Level 1:colcon.colcon_core.package_identification:_identify(install) by extensions ['ignore', 'ignore_ament_install']
[0.258s] Level 1:colcon.colcon_core.package_identification:_identify(install) by extension 'ignore'
[0.258s] Level 1:colcon.colcon_core.package_identification:_identify(install) ignored
[0.258s] Level 1:colcon.colcon_core.package_identification:_identify(log) by extensions ['ignore', 'ignore_ament_install']
[0.258s] Level 1:colcon.colcon_core.package_identification:_identify(log) by extension 'ignore'
[0.258s] Level 1:colcon.colcon_core.package_identification:_identify(log) ignored
[0.258s] Level 1:colcon.colcon_core.package_identification:_identify(src) by extensions ['ignore', 'ignore_ament_install']
[0.258s] Level 1:colcon.colcon_core.package_identification:_identify(src) by extension 'ignore'
[0.258s] Level 1:colcon.colcon_core.package_identification:_identify(src) by extension 'ignore_ament_install'
[0.258s] Level 1:colcon.colcon_core.package_identification:_identify(src) by extensions ['colcon_pkg']
[0.258s] Level 1:colcon.colcon_core.package_identification:_identify(src) by extension 'colcon_pkg'
[0.258s] Level 1:colcon.colcon_core.package_identification:_identify(src) by extensions ['colcon_meta']
[0.258s] Level 1:colcon.colcon_core.package_identification:_identify(src) by extension 'colcon_meta'
[0.258s] Level 1:colcon.colcon_core.package_identification:_identify(src) by extensions ['ros']
[0.258s] Level 1:colcon.colcon_core.package_identification:_identify(src) by extension 'ros'
[0.259s] Level 1:colcon.colcon_core.package_identification:_identify(src) by extensions ['cmake', 'python']
[0.259s] Level 1:colcon.colcon_core.package_identification:_identify(src) by extension 'cmake'
[0.259s] Level 1:colcon.colcon_core.package_identification:_identify(src) by extension 'python'
[0.259s] Level 1:colcon.colcon_core.package_identification:_identify(src) by extensions ['python_setup_py']
[0.259s] Level 1:colcon.colcon_core.package_identification:_identify(src) by extension 'python_setup_py'
[0.259s] Level 1:colcon.colcon_core.package_identification:_identify(src/Self-Driving-and-ROS-2-Learn-by-Doing-Plan-Navigation) by extensions ['ignore', 'ignore_ament_install']
[0.259s] Level 1:colcon.colcon_core.package_identification:_identify(src/Self-Driving-and-ROS-2-Learn-by-Doing-Plan-Navigation) by extension 'ignore'
[0.259s] Level 1:colcon.colcon_core.package_identification:_identify(src/Self-Driving-and-ROS-2-Learn-by-Doing-Plan-Navigation) by extension 'ignore_ament_install'
[0.259s] Level 1:colcon.colcon_core.package_identification:_identify(src/Self-Driving-and-ROS-2-Learn-by-Doing-Plan-Navigation) by extensions ['colcon_pkg']
[0.259s] Level 1:colcon.colcon_core.package_identification:_identify(src/Self-Driving-and-ROS-2-Learn-by-Doing-Plan-Navigation) by extension 'colcon_pkg'
[0.259s] Level 1:colcon.colcon_core.package_identification:_identify(src/Self-Driving-and-ROS-2-Learn-by-Doing-Plan-Navigation) by extensions ['colcon_meta']
[0.259s] Level 1:colcon.colcon_core.package_identification:_identify(src/Self-Driving-and-ROS-2-Learn-by-Doing-Plan-Navigation) by extension 'colcon_meta'
[0.259s] Level 1:colcon.colcon_core.package_identification:_identify(src/Self-Driving-and-ROS-2-Learn-by-Doing-Plan-Navigation) by extensions ['ros']
[0.259s] Level 1:colcon.colcon_core.package_identification:_identify(src/Self-Driving-and-ROS-2-Learn-by-Doing-Plan-Navigation) by extension 'ros'
[0.259s] Level 1:colcon.colcon_core.package_identification:_identify(src/Self-Driving-and-ROS-2-Learn-by-Doing-Plan-Navigation) by extensions ['cmake', 'python']
[0.259s] Level 1:colcon.colcon_core.package_identification:_identify(src/Self-Driving-and-ROS-2-Learn-by-Doing-Plan-Navigation) by extension 'cmake'
[0.259s] Level 1:colcon.colcon_core.package_identification:_identify(src/Self-Driving-and-ROS-2-Learn-by-Doing-Plan-Navigation) by extension 'python'
[0.259s] Level 1:colcon.colcon_core.package_identification:_identify(src/Self-Driving-and-ROS-2-Learn-by-Doing-Plan-Navigation) by extensions ['python_setup_py']
[0.259s] Level 1:colcon.colcon_core.package_identification:_identify(src/Self-Driving-and-ROS-2-Learn-by-Doing-Plan-Navigation) by extension 'python_setup_py'
[0.260s] Level 1:colcon.colcon_core.package_identification:_identify(src/Self-Driving-and-ROS-2-Learn-by-Doing-Plan-Navigation/Section2_Setup) by extensions ['ignore', 'ignore_ament_install']
[0.260s] Level 1:colcon.colcon_core.package_identification:_identify(src/Self-Driving-and-ROS-2-Learn-by-Doing-Plan-Navigation/Section2_Setup) by extension 'ignore'
[0.261s] Level 1:colcon.colcon_core.package_identification:_identify(src/Self-Driving-and-ROS-2-Learn-by-Doing-Plan-Navigation/Section2_Setup) by extension 'ignore_ament_install'
[0.261s] Level 1:colcon.colcon_core.package_identification:_identify(src/Self-Driving-and-ROS-2-Learn-by-Doing-Plan-Navigation/Section2_Setup) by extensions ['colcon_pkg']
[0.261s] Level 1:colcon.colcon_core.package_identification:_identify(src/Self-Driving-and-ROS-2-Learn-by-Doing-Plan-Navigation/Section2_Setup) by extension 'colcon_pkg'
[0.261s] Level 1:colcon.colcon_core.package_identification:_identify(src/Self-Driving-and-ROS-2-Learn-by-Doing-Plan-Navigation/Section2_Setup) by extensions ['colcon_meta']
[0.261s] Level 1:colcon.colcon_core.package_identification:_identify(src/Self-Driving-and-ROS-2-Learn-by-Doing-Plan-Navigation/Section2_Setup) by extension 'colcon_meta'
[0.261s] Level 1:colcon.colcon_core.package_identification:_identify(src/Self-Driving-and-ROS-2-Learn-by-Doing-Plan-Navigation/Section2_Setup) by extensions ['ros']
[0.261s] Level 1:colcon.colcon_core.package_identification:_identify(src/Self-Driving-and-ROS-2-Learn-by-Doing-Plan-Navigation/Section2_Setup) by extension 'ros'
[0.261s] Level 1:colcon.colcon_core.package_identification:_identify(src/Self-Driving-and-ROS-2-Learn-by-Doing-Plan-Navigation/Section2_Setup) by extensions ['cmake', 'python']
[0.261s] Level 1:colcon.colcon_core.package_identification:_identify(src/Self-Driving-and-ROS-2-Learn-by-Doing-Plan-Navigation/Section2_Setup) by extension 'cmake'
[0.261s] Level 1:colcon.colcon_core.package_identification:_identify(src/Self-Driving-and-ROS-2-Learn-by-Doing-Plan-Navigation/Section2_Setup) by extension 'python'
[0.261s] Level 1:colcon.colcon_core.package_identification:_identify(src/Self-Driving-and-ROS-2-Learn-by-Doing-Plan-Navigation/Section2_Setup) by extensions ['python_setup_py']
[0.261s] Level 1:colcon.colcon_core.package_identification:_identify(src/Self-Driving-and-ROS-2-Learn-by-Doing-Plan-Navigation/Section2_Setup) by extension 'python_setup_py'
[0.261s] Level 1:colcon.colcon_core.package_identification:_identify(src/Self-Driving-and-ROS-2-Learn-by-Doing-Plan-Navigation/Section2_Setup/bumperbot_ws) by extensions ['ignore', 'ignore_ament_install']
[0.261s] Level 1:colcon.colcon_core.package_identification:_identify(src/Self-Driving-and-ROS-2-Learn-by-Doing-Plan-Navigation/Section2_Setup/bumperbot_ws) by extension 'ignore'
[0.261s] Level 1:colcon.colcon_core.package_identification:_identify(src/Self-Driving-and-ROS-2-Learn-by-Doing-Plan-Navigation/Section2_Setup/bumperbot_ws) by extension 'ignore_ament_install'
[0.261s] Level 1:colcon.colcon_core.package_identification:_identify(src/Self-Driving-and-ROS-2-Learn-by-Doing-Plan-Navigation/Section2_Setup/bumperbot_ws) by extensions ['colcon_pkg']
[0.261s] Level 1:colcon.colcon_core.package_identification:_identify(src/Self-Driving-and-ROS-2-Learn-by-Doing-Plan-Navigation/Section2_Setup/bumperbot_ws) by extension 'colcon_pkg'
[0.261s] Level 1:colcon.colcon_core.package_identification:_identify(src/Self-Driving-and-ROS-2-Learn-by-Doing-Plan-Navigation/Section2_Setup/bumperbot_ws) by extensions ['colcon_meta']
[0.261s] Level 1:colcon.colcon_core.package_identification:_identify(src/Self-Driving-and-ROS-2-Learn-by-Doing-Plan-Navigation/Section2_Setup/bumperbot_ws) by extension 'colcon_meta'
[0.261s] Level 1:colcon.colcon_core.package_identification:_identify(src/Self-Driving-and-ROS-2-Learn-by-Doing-Plan-Navigation/Section2_Setup/bumperbot_ws) by extensions ['ros']
[0.261s] Level 1:colcon.colcon_core.package_identification:_identify(src/Self-Driving-and-ROS-2-Learn-by-Doing-Plan-Navigation/Section2_Setup/bumperbot_ws) by extension 'ros'
[0.261s] Level 1:colcon.colcon_core.package_identification:_identify(src/Self-Driving-and-ROS-2-Learn-by-Doing-Plan-Navigation/Section2_Setup/bumperbot_ws) by extensions ['cmake', 'python']
[0.261s] Level 1:colcon.colcon_core.package_identification:_identify(src/Self-Driving-and-ROS-2-Learn-by-Doing-Plan-Navigation/Section2_Setup/bumperbot_ws) by extension 'cmake'
[0.261s] Level 1:colcon.colcon_core.package_identification:_identify(src/Self-Driving-and-ROS-2-Learn-by-Doing-Plan-Navigation/Section2_Setup/bumperbot_ws) by extension 'python'
[0.261s] Level 1:colcon.colcon_core.package_identification:_identify(src/Self-Driving-and-ROS-2-Learn-by-Doing-Plan-Navigation/Section2_Setup/bumperbot_ws) by extensions ['python_setup_py']
[0.261s] Level 1:colcon.colcon_core.package_identification:_identify(src/Self-Driving-and-ROS-2-Learn-by-Doing-Plan-Navigation/Section2_Setup/bumperbot_ws) by extension 'python_setup_py'
[0.261s] Level 1:colcon.colcon_core.package_identification:_identify(src/Self-Driving-and-ROS-2-Learn-by-Doing-Plan-Navigation/Section2_Setup/bumperbot_ws/src) by extensions ['ignore', 'ignore_ament_install']
[0.261s] Level 1:colcon.colcon_core.package_identification:_identify(src/Self-Driving-and-ROS-2-Learn-by-Doing-Plan-Navigation/Section2_Setup/bumperbot_ws/src) by extension 'ignore'
[0.261s] Level 1:colcon.colcon_core.package_identification:_identify(src/Self-Driving-and-ROS-2-Learn-by-Doing-Plan-Navigation/Section2_Setup/bumperbot_ws/src) by extension 'ignore_ament_install'
[0.261s] Level 1:colcon.colcon_core.package_identification:_identify(src/Self-Driving-and-ROS-2-Learn-by-Doing-Plan-Navigation/Section2_Setup/bumperbot_ws/src) by extensions ['colcon_pkg']
[0.262s] Level 1:colcon.colcon_core.package_identification:_identify(src/Self-Driving-and-ROS-2-Learn-by-Doing-Plan-Navigation/Section2_Setup/bumperbot_ws/src) by extension 'colcon_pkg'
[0.262s] Level 1:colcon.colcon_core.package_identification:_identify(src/Self-Driving-and-ROS-2-Learn-by-Doing-Plan-Navigation/Section2_Setup/bumperbot_ws/src) by extensions ['colcon_meta']
[0.262s] Level 1:colcon.colcon_core.package_identification:_identify(src/Self-Driving-and-ROS-2-Learn-by-Doing-Plan-Navigation/Section2_Setup/bumperbot_ws/src) by extension 'colcon_meta'
[0.262s] Level 1:colcon.colcon_core.package_identification:_identify(src/Self-Driving-and-ROS-2-Learn-by-Doing-Plan-Navigation/Section2_Setup/bumperbot_ws/src) by extensions ['ros']
[0.262s] Level 1:colcon.colcon_core.package_identification:_identify(src/Self-Driving-and-ROS-2-Learn-by-Doing-Plan-Navigation/Section2_Setup/bumperbot_ws/src) by extension 'ros'
[0.262s] Level 1:colcon.colcon_core.package_identification:_identify(src/Self-Driving-and-ROS-2-Learn-by-Doing-Plan-Navigation/Section2_Setup/bumperbot_ws/src) by extensions ['cmake', 'python']
[0.262s] Level 1:colcon.colcon_core.package_identification:_identify(src/Self-Driving-and-ROS-2-Learn-by-Doing-Plan-Navigation/Section2_Setup/bumperbot_ws/src) by extension 'cmake'
[0.262s] Level 1:colcon.colcon_core.package_identification:_identify(src/Self-Driving-and-ROS-2-Learn-by-Doing-Plan-Navigation/Section2_Setup/bumperbot_ws/src) by extension 'python'
[0.262s] Level 1:colcon.colcon_core.package_identification:_identify(src/Self-Driving-and-ROS-2-Learn-by-Doing-Plan-Navigation/Section2_Setup/bumperbot_ws/src) by extensions ['python_setup_py']
[0.262s] Level 1:colcon.colcon_core.package_identification:_identify(src/Self-Driving-and-ROS-2-Learn-by-Doing-Plan-Navigation/Section2_Setup/bumperbot_ws/src) by extension 'python_setup_py'
[0.262s] Level 1:colcon.colcon_core.package_identification:_identify(src/Self-Driving-and-ROS-2-Learn-by-Doing-Plan-Navigation/Section2_Setup/bumperbot_ws/src/bumperbot_bringup) by extensions ['ignore', 'ignore_ament_install']
[0.262s] Level 1:colcon.colcon_core.package_identification:_identify(src/Self-Driving-and-ROS-2-Learn-by-Doing-Plan-Navigation/Section2_Setup/bumperbot_ws/src/bumperbot_bringup) by extension 'ignore'
[0.262s] Level 1:colcon.colcon_core.package_identification:_identify(src/Self-Driving-and-ROS-2-Learn-by-Doing-Plan-Navigation/Section2_Setup/bumperbot_ws/src/bumperbot_bringup) by extension 'ignore_ament_install'
[0.262s] Level 1:colcon.colcon_core.package_identification:_identify(src/Self-Driving-and-ROS-2-Learn-by-Doing-Plan-Navigation/Section2_Setup/bumperbot_ws/src/bumperbot_bringup) by extensions ['colcon_pkg']
[0.262s] Level 1:colcon.colcon_core.package_identification:_identify(src/Self-Driving-and-ROS-2-Learn-by-Doing-Plan-Navigation/Section2_Setup/bumperbot_ws/src/bumperbot_bringup) by extension 'colcon_pkg'
[0.262s] Level 1:colcon.colcon_core.package_identification:_identify(src/Self-Driving-and-ROS-2-Learn-by-Doing-Plan-Navigation/Section2_Setup/bumperbot_ws/src/bumperbot_bringup) by extensions ['colcon_meta']
[0.262s] Level 1:colcon.colcon_core.package_identification:_identify(src/Self-Driving-and-ROS-2-Learn-by-Doing-Plan-Navigation/Section2_Setup/bumperbot_ws/src/bumperbot_bringup) by extension 'colcon_meta'
[0.262s] Level 1:colcon.colcon_core.package_identification:_identify(src/Self-Driving-and-ROS-2-Learn-by-Doing-Plan-Navigation/Section2_Setup/bumperbot_ws/src/bumperbot_bringup) by extensions ['ros']
[0.262s] Level 1:colcon.colcon_core.package_identification:_identify(src/Self-Driving-and-ROS-2-Learn-by-Doing-Plan-Navigation/Section2_Setup/bumperbot_ws/src/bumperbot_bringup) by extension 'ros'
[0.265s] DEBUG:colcon.colcon_core.package_identification:Package 'src/Self-Driving-and-ROS-2-Learn-by-Doing-Plan-Navigation/Section2_Setup/bumperbot_ws/src/bumperbot_bringup' with type 'ros.ament_cmake' and name 'bumperbot_bringup'
[0.265s] Level 1:colcon.colcon_core.package_identification:_identify(src/Self-Driving-and-ROS-2-Learn-by-Doing-Plan-Navigation/Section2_Setup/bumperbot_ws/src/bumperbot_controller) by extensions ['ignore', 'ignore_ament_install']
[0.265s] Level 1:colcon.colcon_core.package_identification:_identify(src/Self-Driving-and-ROS-2-Learn-by-Doing-Plan-Navigation/Section2_Setup/bumperbot_ws/src/bumperbot_controller) by extension 'ignore'
[0.266s] Level 1:colcon.colcon_core.package_identification:_identify(src/Self-Driving-and-ROS-2-Learn-by-Doing-Plan-Navigation/Section2_Setup/bumperbot_ws/src/bumperbot_controller) by extension 'ignore_ament_install'
[0.266s] Level 1:colcon.colcon_core.package_identification:_identify(src/Self-Driving-and-ROS-2-Learn-by-Doing-Plan-Navigation/Section2_Setup/bumperbot_ws/src/bumperbot_controller) by extensions ['colcon_pkg']
[0.266s] Level 1:colcon.colcon_core.package_identification:_identify(src/Self-Driving-and-ROS-2-Learn-by-Doing-Plan-Navigation/Section2_Setup/bumperbot_ws/src/bumperbot_controller) by extension 'colcon_pkg'
[0.266s] Level 1:colcon.colcon_core.package_identification:_identify(src/Self-Driving-and-ROS-2-Learn-by-Doing-Plan-Navigation/Section2_Setup/bumperbot_ws/src/bumperbot_controller) by extensions ['colcon_meta']
[0.266s] Level 1:colcon.colcon_core.package_identification:_identify(src/Self-Driving-and-ROS-2-Learn-by-Doing-Plan-Navigation/Section2_Setup/bumperbot_ws/src/bumperbot_controller) by extension 'colcon_meta'
[0.266s] Level 1:colcon.colcon_core.package_identification:_identify(src/Self-Driving-and-ROS-2-Learn-by-Doing-Plan-Navigation/Section2_Setup/bumperbot_ws/src/bumperbot_controller) by extensions ['ros']
[0.266s] Level 1:colcon.colcon_core.package_identification:_identify(src/Self-Driving-and-ROS-2-Learn-by-Doing-Plan-Navigation/Section2_Setup/bumperbot_ws/src/bumperbot_controller) by extension 'ros'
[0.267s] DEBUG:colcon.colcon_core.package_identification:Package 'src/Self-Driving-and-ROS-2-Learn-by-Doing-Plan-Navigation/Section2_Setup/bumperbot_ws/src/bumperbot_controller' with type 'ros.ament_cmake' and name 'bumperbot_controller'
[0.267s] Level 1:colcon.colcon_core.package_identification:_identify(src/Self-Driving-and-ROS-2-Learn-by-Doing-Plan-Navigation/Section2_Setup/bumperbot_ws/src/bumperbot_cpp_examples) by extensions ['ignore', 'ignore_ament_install']
[0.267s] Level 1:colcon.colcon_core.package_identification:_identify(src/Self-Driving-and-ROS-2-Learn-by-Doing-Plan-Navigation/Section2_Setup/bumperbot_ws/src/bumperbot_cpp_examples) by extension 'ignore'
[0.267s] Level 1:colcon.colcon_core.package_identification:_identify(src/Self-Driving-and-ROS-2-Learn-by-Doing-Plan-Navigation/Section2_Setup/bumperbot_ws/src/bumperbot_cpp_examples) by extension 'ignore_ament_install'
[0.267s] Level 1:colcon.colcon_core.package_identification:_identify(src/Self-Driving-and-ROS-2-Learn-by-Doing-Plan-Navigation/Section2_Setup/bumperbot_ws/src/bumperbot_cpp_examples) by extensions ['colcon_pkg']
[0.267s] Level 1:colcon.colcon_core.package_identification:_identify(src/Self-Driving-and-ROS-2-Learn-by-Doing-Plan-Navigation/Section2_Setup/bumperbot_ws/src/bumperbot_cpp_examples) by extension 'colcon_pkg'
[0.267s] Level 1:colcon.colcon_core.package_identification:_identify(src/Self-Driving-and-ROS-2-Learn-by-Doing-Plan-Navigation/Section2_Setup/bumperbot_ws/src/bumperbot_cpp_examples) by extensions ['colcon_meta']
[0.267s] Level 1:colcon.colcon_core.package_identification:_identify(src/Self-Driving-and-ROS-2-Learn-by-Doing-Plan-Navigation/Section2_Setup/bumperbot_ws/src/bumperbot_cpp_examples) by extension 'colcon_meta'
[0.267s] Level 1:colcon.colcon_core.package_identification:_identify(src/Self-Driving-and-ROS-2-Learn-by-Doing-Plan-Navigation/Section2_Setup/bumperbot_ws/src/bumperbot_cpp_examples) by extensions ['ros']
[0.267s] Level 1:colcon.colcon_core.package_identification:_identify(src/Self-Driving-and-ROS-2-Learn-by-Doing-Plan-Navigation/Section2_Setup/bumperbot_ws/src/bumperbot_cpp_examples) by extension 'ros'
[0.268s] DEBUG:colcon.colcon_core.package_identification:Package 'src/Self-Driving-and-ROS-2-Learn-by-Doing-Plan-Navigation/Section2_Setup/bumperbot_ws/src/bumperbot_cpp_examples' with type 'ros.ament_cmake' and name 'bumperbot_cpp_examples'
[0.268s] Level 1:colcon.colcon_core.package_identification:_identify(src/Self-Driving-and-ROS-2-Learn-by-Doing-Plan-Navigation/Section2_Setup/bumperbot_ws/src/bumperbot_description) by extensions ['ignore', 'ignore_ament_install']
[0.268s] Level 1:colcon.colcon_core.package_identification:_identify(src/Self-Driving-and-ROS-2-Learn-by-Doing-Plan-Navigation/Section2_Setup/bumperbot_ws/src/bumperbot_description) by extension 'ignore'
[0.269s] Level 1:colcon.colcon_core.package_identification:_identify(src/Self-Driving-and-ROS-2-Learn-by-Doing-Plan-Navigation/Section2_Setup/bumperbot_ws/src/bumperbot_description) by extension 'ignore_ament_install'
[0.269s] Level 1:colcon.colcon_core.package_identification:_identify(src/Self-Driving-and-ROS-2-Learn-by-Doing-Plan-Navigation/Section2_Setup/bumperbot_ws/src/bumperbot_description) by extensions ['colcon_pkg']
[0.269s] Level 1:colcon.colcon_core.package_identification:_identify(src/Self-Driving-and-ROS-2-Learn-by-Doing-Plan-Navigation/Section2_Setup/bumperbot_ws/src/bumperbot_description) by extension 'colcon_pkg'
[0.269s] Level 1:colcon.colcon_core.package_identification:_identify(src/Self-Driving-and-ROS-2-Learn-by-Doing-Plan-Navigation/Section2_Setup/bumperbot_ws/src/bumperbot_description) by extensions ['colcon_meta']
[0.269s] Level 1:colcon.colcon_core.package_identification:_identify(src/Self-Driving-and-ROS-2-Learn-by-Doing-Plan-Navigation/Section2_Setup/bumperbot_ws/src/bumperbot_description) by extension 'colcon_meta'
[0.269s] Level 1:colcon.colcon_core.package_identification:_identify(src/Self-Driving-and-ROS-2-Learn-by-Doing-Plan-Navigation/Section2_Setup/bumperbot_ws/src/bumperbot_description) by extensions ['ros']
[0.269s] Level 1:colcon.colcon_core.package_identification:_identify(src/Self-Driving-and-ROS-2-Learn-by-Doing-Plan-Navigation/Section2_Setup/bumperbot_ws/src/bumperbot_description) by extension 'ros'
[0.272s] DEBUG:colcon.colcon_core.package_identification:Package 'src/Self-Driving-and-ROS-2-Learn-by-Doing-Plan-Navigation/Section2_Setup/bumperbot_ws/src/bumperbot_description' with type 'ros.ament_cmake' and name 'bumperbot_description'
[0.272s] Level 1:colcon.colcon_core.package_identification:_identify(src/Self-Driving-and-ROS-2-Learn-by-Doing-Plan-Navigation/Section2_Setup/bumperbot_ws/src/bumperbot_firmware) by extensions ['ignore', 'ignore_ament_install']
[0.272s] Level 1:colcon.colcon_core.package_identification:_identify(src/Self-Driving-and-ROS-2-Learn-by-Doing-Plan-Navigation/Section2_Setup/bumperbot_ws/src/bumperbot_firmware) by extension 'ignore'
[0.272s] Level 1:colcon.colcon_core.package_identification:_identify(src/Self-Driving-and-ROS-2-Learn-by-Doing-Plan-Navigation/Section2_Setup/bumperbot_ws/src/bumperbot_firmware) by extension 'ignore_ament_install'
[0.272s] Level 1:colcon.colcon_core.package_identification:_identify(src/Self-Driving-and-ROS-2-Learn-by-Doing-Plan-Navigation/Section2_Setup/bumperbot_ws/src/bumperbot_firmware) by extensions ['colcon_pkg']
[0.272s] Level 1:colcon.colcon_core.package_identification:_identify(src/Self-Driving-and-ROS-2-Learn-by-Doing-Plan-Navigation/Section2_Setup/bumperbot_ws/src/bumperbot_firmware) by extension 'colcon_pkg'
[0.272s] Level 1:colcon.colcon_core.package_identification:_identify(src/Self-Driving-and-ROS-2-Learn-by-Doing-Plan-Navigation/Section2_Setup/bumperbot_ws/src/bumperbot_firmware) by extensions ['colcon_meta']
[0.272s] Level 1:colcon.colcon_core.package_identification:_identify(src/Self-Driving-and-ROS-2-Learn-by-Doing-Plan-Navigation/Section2_Setup/bumperbot_ws/src/bumperbot_firmware) by extension 'colcon_meta'
[0.272s] Level 1:colcon.colcon_core.package_identification:_identify(src/Self-Driving-and-ROS-2-Learn-by-Doing-Plan-Navigation/Section2_Setup/bumperbot_ws/src/bumperbot_firmware) by extensions ['ros']
[0.272s] Level 1:colcon.colcon_core.package_identification:_identify(src/Self-Driving-and-ROS-2-Learn-by-Doing-Plan-Navigation/Section2_Setup/bumperbot_ws/src/bumperbot_firmware) by extension 'ros'
[0.273s] DEBUG:colcon.colcon_core.package_identification:Package 'src/Self-Driving-and-ROS-2-Learn-by-Doing-Plan-Navigation/Section2_Setup/bumperbot_ws/src/bumperbot_firmware' with type 'ros.ament_cmake' and name 'bumperbot_firmware'
[0.273s] Level 1:colcon.colcon_core.package_identification:_identify(src/Self-Driving-and-ROS-2-Learn-by-Doing-Plan-Navigation/Section2_Setup/bumperbot_ws/src/bumperbot_localization) by extensions ['ignore', 'ignore_ament_install']
[0.273s] Level 1:colcon.colcon_core.package_identification:_identify(src/Self-Driving-and-ROS-2-Learn-by-Doing-Plan-Navigation/Section2_Setup/bumperbot_ws/src/bumperbot_localization) by extension 'ignore'
[0.273s] Level 1:colcon.colcon_core.package_identification:_identify(src/Self-Driving-and-ROS-2-Learn-by-Doing-Plan-Navigation/Section2_Setup/bumperbot_ws/src/bumperbot_localization) by extension 'ignore_ament_install'
[0.273s] Level 1:colcon.colcon_core.package_identification:_identify(src/Self-Driving-and-ROS-2-Learn-by-Doing-Plan-Navigation/Section2_Setup/bumperbot_ws/src/bumperbot_localization) by extensions ['colcon_pkg']
[0.273s] Level 1:colcon.colcon_core.package_identification:_identify(src/Self-Driving-and-ROS-2-Learn-by-Doing-Plan-Navigation/Section2_Setup/bumperbot_ws/src/bumperbot_localization) by extension 'colcon_pkg'
[0.273s] Level 1:colcon.colcon_core.package_identification:_identify(src/Self-Driving-and-ROS-2-Learn-by-Doing-Plan-Navigation/Section2_Setup/bumperbot_ws/src/bumperbot_localization) by extensions ['colcon_meta']
[0.273s] Level 1:colcon.colcon_core.package_identification:_identify(src/Self-Driving-and-ROS-2-Learn-by-Doing-Plan-Navigation/Section2_Setup/bumperbot_ws/src/bumperbot_localization) by extension 'colcon_meta'
[0.273s] Level 1:colcon.colcon_core.package_identification:_identify(src/Self-Driving-and-ROS-2-Learn-by-Doing-Plan-Navigation/Section2_Setup/bumperbot_ws/src/bumperbot_localization) by extensions ['ros']
[0.273s] Level 1:colcon.colcon_core.package_identification:_identify(src/Self-Driving-and-ROS-2-Learn-by-Doing-Plan-Navigation/Section2_Setup/bumperbot_ws/src/bumperbot_localization) by extension 'ros'
[0.274s] DEBUG:colcon.colcon_core.package_identification:Package 'src/Self-Driving-and-ROS-2-Learn-by-Doing-Plan-Navigation/Section2_Setup/bumperbot_ws/src/bumperbot_localization' with type 'ros.ament_cmake' and name 'bumperbot_localization'
[0.274s] Level 1:colcon.colcon_core.package_identification:_identify(src/Self-Driving-and-ROS-2-Learn-by-Doing-Plan-Navigation/Section2_Setup/bumperbot_ws/src/bumperbot_mapping) by extensions ['ignore', 'ignore_ament_install']
[0.275s] Level 1:colcon.colcon_core.package_identification:_identify(src/Self-Driving-and-ROS-2-Learn-by-Doing-Plan-Navigation/Section2_Setup/bumperbot_ws/src/bumperbot_mapping) by extension 'ignore'
[0.275s] Level 1:colcon.colcon_core.package_identification:_identify(src/Self-Driving-and-ROS-2-Learn-by-Doing-Plan-Navigation/Section2_Setup/bumperbot_ws/src/bumperbot_mapping) by extension 'ignore_ament_install'
[0.275s] Level 1:colcon.colcon_core.package_identification:_identify(src/Self-Driving-and-ROS-2-Learn-by-Doing-Plan-Navigation/Section2_Setup/bumperbot_ws/src/bumperbot_mapping) by extensions ['colcon_pkg']
[0.275s] Level 1:colcon.colcon_core.package_identification:_identify(src/Self-Driving-and-ROS-2-Learn-by-Doing-Plan-Navigation/Section2_Setup/bumperbot_ws/src/bumperbot_mapping) by extension 'colcon_pkg'
[0.275s] Level 1:colcon.colcon_core.package_identification:_identify(src/Self-Driving-and-ROS-2-Learn-by-Doing-Plan-Navigation/Section2_Setup/bumperbot_ws/src/bumperbot_mapping) by extensions ['colcon_meta']
[0.275s] Level 1:colcon.colcon_core.package_identification:_identify(src/Self-Driving-and-ROS-2-Learn-by-Doing-Plan-Navigation/Section2_Setup/bumperbot_ws/src/bumperbot_mapping) by extension 'colcon_meta'
[0.275s] Level 1:colcon.colcon_core.package_identification:_identify(src/Self-Driving-and-ROS-2-Learn-by-Doing-Plan-Navigation/Section2_Setup/bumperbot_ws/src/bumperbot_mapping) by extensions ['ros']
[0.275s] Level 1:colcon.colcon_core.package_identification:_identify(src/Self-Driving-and-ROS-2-Learn-by-Doing-Plan-Navigation/Section2_Setup/bumperbot_ws/src/bumperbot_mapping) by extension 'ros'
[0.276s] DEBUG:colcon.colcon_core.package_identification:Package 'src/Self-Driving-and-ROS-2-Learn-by-Doing-Plan-Navigation/Section2_Setup/bumperbot_ws/src/bumperbot_mapping' with type 'ros.ament_cmake' and name 'bumperbot_mapping'
[0.276s] Level 1:colcon.colcon_core.package_identification:_identify(src/Self-Driving-and-ROS-2-Learn-by-Doing-Plan-Navigation/Section2_Setup/bumperbot_ws/src/bumperbot_msgs) by extensions ['ignore', 'ignore_ament_install']
[0.276s] Level 1:colcon.colcon_core.package_identification:_identify(src/Self-Driving-and-ROS-2-Learn-by-Doing-Plan-Navigation/Section2_Setup/bumperbot_ws/src/bumperbot_msgs) by extension 'ignore'
[0.276s] Level 1:colcon.colcon_core.package_identification:_identify(src/Self-Driving-and-ROS-2-Learn-by-Doing-Plan-Navigation/Section2_Setup/bumperbot_ws/src/bumperbot_msgs) by extension 'ignore_ament_install'
[0.276s] Level 1:colcon.colcon_core.package_identification:_identify(src/Self-Driving-and-ROS-2-Learn-by-Doing-Plan-Navigation/Section2_Setup/bumperbot_ws/src/bumperbot_msgs) by extensions ['colcon_pkg']
[0.276s] Level 1:colcon.colcon_core.package_identification:_identify(src/Self-Driving-and-ROS-2-Learn-by-Doing-Plan-Navigation/Section2_Setup/bumperbot_ws/src/bumperbot_msgs) by extension 'colcon_pkg'
[0.276s] Level 1:colcon.colcon_core.package_identification:_identify(src/Self-Driving-and-ROS-2-Learn-by-Doing-Plan-Navigation/Section2_Setup/bumperbot_ws/src/bumperbot_msgs) by extensions ['colcon_meta']
[0.276s] Level 1:colcon.colcon_core.package_identification:_identify(src/Self-Driving-and-ROS-2-Learn-by-Doing-Plan-Navigation/Section2_Setup/bumperbot_ws/src/bumperbot_msgs) by extension 'colcon_meta'
[0.276s] Level 1:colcon.colcon_core.package_identification:_identify(src/Self-Driving-and-ROS-2-Learn-by-Doing-Plan-Navigation/Section2_Setup/bumperbot_ws/src/bumperbot_msgs) by extensions ['ros']
[0.276s] Level 1:colcon.colcon_core.package_identification:_identify(src/Self-Driving-and-ROS-2-Learn-by-Doing-Plan-Navigation/Section2_Setup/bumperbot_ws/src/bumperbot_msgs) by extension 'ros'
[0.278s] DEBUG:colcon.colcon_core.package_identification:Package 'src/Self-Driving-and-ROS-2-Learn-by-Doing-Plan-Navigation/Section2_Setup/bumperbot_ws/src/bumperbot_msgs' with type 'ros.ament_cmake' and name 'bumperbot_msgs'
[0.278s] Level 1:colcon.colcon_core.package_identification:_identify(src/Self-Driving-and-ROS-2-Learn-by-Doing-Plan-Navigation/Section2_Setup/bumperbot_ws/src/bumperbot_py_examples) by extensions ['ignore', 'ignore_ament_install']
[0.278s] Level 1:colcon.colcon_core.package_identification:_identify(src/Self-Driving-and-ROS-2-Learn-by-Doing-Plan-Navigation/Section2_Setup/bumperbot_ws/src/bumperbot_py_examples) by extension 'ignore'
[0.278s] Level 1:colcon.colcon_core.package_identification:_identify(src/Self-Driving-and-ROS-2-Learn-by-Doing-Plan-Navigation/Section2_Setup/bumperbot_ws/src/bumperbot_py_examples) by extension 'ignore_ament_install'
[0.278s] Level 1:colcon.colcon_core.package_identification:_identify(src/Self-Driving-and-ROS-2-Learn-by-Doing-Plan-Navigation/Section2_Setup/bumperbot_ws/src/bumperbot_py_examples) by extensions ['colcon_pkg']
[0.278s] Level 1:colcon.colcon_core.package_identification:_identify(src/Self-Driving-and-ROS-2-Learn-by-Doing-Plan-Navigation/Section2_Setup/bumperbot_ws/src/bumperbot_py_examples) by extension 'colcon_pkg'
[0.278s] Level 1:colcon.colcon_core.package_identification:_identify(src/Self-Driving-and-ROS-2-Learn-by-Doing-Plan-Navigation/Section2_Setup/bumperbot_ws/src/bumperbot_py_examples) by extensions ['colcon_meta']
[0.278s] Level 1:colcon.colcon_core.package_identification:_identify(src/Self-Driving-and-ROS-2-Learn-by-Doing-Plan-Navigation/Section2_Setup/bumperbot_ws/src/bumperbot_py_examples) by extension 'colcon_meta'
[0.278s] Level 1:colcon.colcon_core.package_identification:_identify(src/Self-Driving-and-ROS-2-Learn-by-Doing-Plan-Navigation/Section2_Setup/bumperbot_ws/src/bumperbot_py_examples) by extensions ['ros']
[0.278s] Level 1:colcon.colcon_core.package_identification:_identify(src/Self-Driving-and-ROS-2-Learn-by-Doing-Plan-Navigation/Section2_Setup/bumperbot_ws/src/bumperbot_py_examples) by extension 'ros'
[0.279s] DEBUG:colcon.colcon_core.package_identification:Package 'src/Self-Driving-and-ROS-2-Learn-by-Doing-Plan-Navigation/Section2_Setup/bumperbot_ws/src/bumperbot_py_examples' with type 'ros.ament_python' and name 'bumperbot_py_examples'
[0.279s] Level 1:colcon.colcon_core.package_identification:_identify(src/Self-Driving-and-ROS-2-Learn-by-Doing-Plan-Navigation/Section2_Setup/bumperbot_ws/src/bumperbot_utils) by extensions ['ignore', 'ignore_ament_install']
[0.279s] Level 1:colcon.colcon_core.package_identification:_identify(src/Self-Driving-and-ROS-2-Learn-by-Doing-Plan-Navigation/Section2_Setup/bumperbot_ws/src/bumperbot_utils) by extension 'ignore'
[0.279s] Level 1:colcon.colcon_core.package_identification:_identify(src/Self-Driving-and-ROS-2-Learn-by-Doing-Plan-Navigation/Section2_Setup/bumperbot_ws/src/bumperbot_utils) by extension 'ignore_ament_install'
[0.279s] Level 1:colcon.colcon_core.package_identification:_identify(src/Self-Driving-and-ROS-2-Learn-by-Doing-Plan-Navigation/Section2_Setup/bumperbot_ws/src/bumperbot_utils) by extensions ['colcon_pkg']
[0.279s] Level 1:colcon.colcon_core.package_identification:_identify(src/Self-Driving-and-ROS-2-Learn-by-Doing-Plan-Navigation/Section2_Setup/bumperbot_ws/src/bumperbot_utils) by extension 'colcon_pkg'
[0.279s] Level 1:colcon.colcon_core.package_identification:_identify(src/Self-Driving-and-ROS-2-Learn-by-Doing-Plan-Navigation/Section2_Setup/bumperbot_ws/src/bumperbot_utils) by extensions ['colcon_meta']
[0.280s] Level 1:colcon.colcon_core.package_identification:_identify(src/Self-Driving-and-ROS-2-Learn-by-Doing-Plan-Navigation/Section2_Setup/bumperbot_ws/src/bumperbot_utils) by extension 'colcon_meta'
[0.280s] Level 1:colcon.colcon_core.package_identification:_identify(src/Self-Driving-and-ROS-2-Learn-by-Doing-Plan-Navigation/Section2_Setup/bumperbot_ws/src/bumperbot_utils) by extensions ['ros']
[0.280s] Level 1:colcon.colcon_core.package_identification:_identify(src/Self-Driving-and-ROS-2-Learn-by-Doing-Plan-Navigation/Section2_Setup/bumperbot_ws/src/bumperbot_utils) by extension 'ros'
[0.280s] DEBUG:colcon.colcon_core.package_identification:Package 'src/Self-Driving-and-ROS-2-Learn-by-Doing-Plan-Navigation/Section2_Setup/bumperbot_ws/src/bumperbot_utils' with type 'ros.ament_cmake' and name 'bumperbot_utils'
[0.281s] Level 1:colcon.colcon_core.package_identification:_identify(src/Self-Driving-and-ROS-2-Learn-by-Doing-Plan-Navigation/Section3_Introduction_to_ROS_2) by extensions ['ignore', 'ignore_ament_install']
[0.281s] Level 1:colcon.colcon_core.package_identification:_identify(src/Self-Driving-and-ROS-2-Learn-by-Doing-Plan-Navigation/Section3_Introduction_to_ROS_2) by extension 'ignore'
[0.281s] Level 1:colcon.colcon_core.package_identification:_identify(src/Self-Driving-and-ROS-2-Learn-by-Doing-Plan-Navigation/Section3_Introduction_to_ROS_2) by extension 'ignore_ament_install'
[0.281s] Level 1:colcon.colcon_core.package_identification:_identify(src/Self-Driving-and-ROS-2-Learn-by-Doing-Plan-Navigation/Section3_Introduction_to_ROS_2) by extensions ['colcon_pkg']
[0.281s] Level 1:colcon.colcon_core.package_identification:_identify(src/Self-Driving-and-ROS-2-Learn-by-Doing-Plan-Navigation/Section3_Introduction_to_ROS_2) by extension 'colcon_pkg'
[0.281s] Level 1:colcon.colcon_core.package_identification:_identify(src/Self-Driving-and-ROS-2-Learn-by-Doing-Plan-Navigation/Section3_Introduction_to_ROS_2) by extensions ['colcon_meta']
[0.281s] Level 1:colcon.colcon_core.package_identification:_identify(src/Self-Driving-and-ROS-2-Learn-by-Doing-Plan-Navigation/Section3_Introduction_to_ROS_2) by extension 'colcon_meta'
[0.281s] Level 1:colcon.colcon_core.package_identification:_identify(src/Self-Driving-and-ROS-2-Learn-by-Doing-Plan-Navigation/Section3_Introduction_to_ROS_2) by extensions ['ros']
[0.281s] Level 1:colcon.colcon_core.package_identification:_identify(src/Self-Driving-and-ROS-2-Learn-by-Doing-Plan-Navigation/Section3_Introduction_to_ROS_2) by extension 'ros'
[0.281s] Level 1:colcon.colcon_core.package_identification:_identify(src/Self-Driving-and-ROS-2-Learn-by-Doing-Plan-Navigation/Section3_Introduction_to_ROS_2) by extensions ['cmake', 'python']
[0.281s] Level 1:colcon.colcon_core.package_identification:_identify(src/Self-Driving-and-ROS-2-Learn-by-Doing-Plan-Navigation/Section3_Introduction_to_ROS_2) by extension 'cmake'
[0.281s] Level 1:colcon.colcon_core.package_identification:_identify(src/Self-Driving-and-ROS-2-Learn-by-Doing-Plan-Navigation/Section3_Introduction_to_ROS_2) by extension 'python'
[0.281s] Level 1:colcon.colcon_core.package_identification:_identify(src/Self-Driving-and-ROS-2-Learn-by-Doing-Plan-Navigation/Section3_Introduction_to_ROS_2) by extensions ['python_setup_py']
[0.281s] Level 1:colcon.colcon_core.package_identification:_identify(src/Self-Driving-and-ROS-2-Learn-by-Doing-Plan-Navigation/Section3_Introduction_to_ROS_2) by extension 'python_setup_py'
[0.281s] Level 1:colcon.colcon_core.package_identification:_identify(src/Self-Driving-and-ROS-2-Learn-by-Doing-Plan-Navigation/Section3_Introduction_to_ROS_2/bumperbot_ws) by extensions ['ignore', 'ignore_ament_install']
[0.281s] Level 1:colcon.colcon_core.package_identification:_identify(src/Self-Driving-and-ROS-2-Learn-by-Doing-Plan-Navigation/Section3_Introduction_to_ROS_2/bumperbot_ws) by extension 'ignore'
[0.281s] Level 1:colcon.colcon_core.package_identification:_identify(src/Self-Driving-and-ROS-2-Learn-by-Doing-Plan-Navigation/Section3_Introduction_to_ROS_2/bumperbot_ws) by extension 'ignore_ament_install'
[0.281s] Level 1:colcon.colcon_core.package_identification:_identify(src/Self-Driving-and-ROS-2-Learn-by-Doing-Plan-Navigation/Section3_Introduction_to_ROS_2/bumperbot_ws) by extensions ['colcon_pkg']
[0.281s] Level 1:colcon.colcon_core.package_identification:_identify(src/Self-Driving-and-ROS-2-Learn-by-Doing-Plan-Navigation/Section3_Introduction_to_ROS_2/bumperbot_ws) by extension 'colcon_pkg'
[0.281s] Level 1:colcon.colcon_core.package_identification:_identify(src/Self-Driving-and-ROS-2-Learn-by-Doing-Plan-Navigation/Section3_Introduction_to_ROS_2/bumperbot_ws) by extensions ['colcon_meta']
[0.281s] Level 1:colcon.colcon_core.package_identification:_identify(src/Self-Driving-and-ROS-2-Learn-by-Doing-Plan-Navigation/Section3_Introduction_to_ROS_2/bumperbot_ws) by extension 'colcon_meta'
[0.281s] Level 1:colcon.colcon_core.package_identification:_identify(src/Self-Driving-and-ROS-2-Learn-by-Doing-Plan-Navigation/Section3_Introduction_to_ROS_2/bumperbot_ws) by extensions ['ros']
[0.281s] Level 1:colcon.colcon_core.package_identification:_identify(src/Self-Driving-and-ROS-2-Learn-by-Doing-Plan-Navigation/Section3_Introduction_to_ROS_2/bumperbot_ws) by extension 'ros'
[0.282s] Level 1:colcon.colcon_core.package_identification:_identify(src/Self-Driving-and-ROS-2-Learn-by-Doing-Plan-Navigation/Section3_Introduction_to_ROS_2/bumperbot_ws) by extensions ['cmake', 'python']
[0.282s] Level 1:colcon.colcon_core.package_identification:_identify(src/Self-Driving-and-ROS-2-Learn-by-Doing-Plan-Navigation/Section3_Introduction_to_ROS_2/bumperbot_ws) by extension 'cmake'
[0.282s] Level 1:colcon.colcon_core.package_identification:_identify(src/Self-Driving-and-ROS-2-Learn-by-Doing-Plan-Navigation/Section3_Introduction_to_ROS_2/bumperbot_ws) by extension 'python'
[0.282s] Level 1:colcon.colcon_core.package_identification:_identify(src/Self-Driving-and-ROS-2-Learn-by-Doing-Plan-Navigation/Section3_Introduction_to_ROS_2/bumperbot_ws) by extensions ['python_setup_py']
[0.282s] Level 1:colcon.colcon_core.package_identification:_identify(src/Self-Driving-and-ROS-2-Learn-by-Doing-Plan-Navigation/Section3_Introduction_to_ROS_2/bumperbot_ws) by extension 'python_setup_py'
[0.282s] Level 1:colcon.colcon_core.package_identification:_identify(src/Self-Driving-and-ROS-2-Learn-by-Doing-Plan-Navigation/Section3_Introduction_to_ROS_2/bumperbot_ws/src) by extensions ['ignore', 'ignore_ament_install']
[0.282s] Level 1:colcon.colcon_core.package_identification:_identify(src/Self-Driving-and-ROS-2-Learn-by-Doing-Plan-Navigation/Section3_Introduction_to_ROS_2/bumperbot_ws/src) by extension 'ignore'
[0.282s] Level 1:colcon.colcon_core.package_identification:_identify(src/Self-Driving-and-ROS-2-Learn-by-Doing-Plan-Navigation/Section3_Introduction_to_ROS_2/bumperbot_ws/src) by extension 'ignore_ament_install'
[0.282s] Level 1:colcon.colcon_core.package_identification:_identify(src/Self-Driving-and-ROS-2-Learn-by-Doing-Plan-Navigation/Section3_Introduction_to_ROS_2/bumperbot_ws/src) by extensions ['colcon_pkg']
[0.282s] Level 1:colcon.colcon_core.package_identification:_identify(src/Self-Driving-and-ROS-2-Learn-by-Doing-Plan-Navigation/Section3_Introduction_to_ROS_2/bumperbot_ws/src) by extension 'colcon_pkg'
[0.282s] Level 1:colcon.colcon_core.package_identification:_identify(src/Self-Driving-and-ROS-2-Learn-by-Doing-Plan-Navigation/Section3_Introduction_to_ROS_2/bumperbot_ws/src) by extensions ['colcon_meta']
[0.282s] Level 1:colcon.colcon_core.package_identification:_identify(src/Self-Driving-and-ROS-2-Learn-by-Doing-Plan-Navigation/Section3_Introduction_to_ROS_2/bumperbot_ws/src) by extension 'colcon_meta'
[0.282s] Level 1:colcon.colcon_core.package_identification:_identify(src/Self-Driving-and-ROS-2-Learn-by-Doing-Plan-Navigation/Section3_Introduction_to_ROS_2/bumperbot_ws/src) by extensions ['ros']
[0.282s] Level 1:colcon.colcon_core.package_identification:_identify(src/Self-Driving-and-ROS-2-Learn-by-Doing-Plan-Navigation/Section3_Introduction_to_ROS_2/bumperbot_ws/src) by extension 'ros'
[0.282s] Level 1:colcon.colcon_core.package_identification:_identify(src/Self-Driving-and-ROS-2-Learn-by-Doing-Plan-Navigation/Section3_Introduction_to_ROS_2/bumperbot_ws/src) by extensions ['cmake', 'python']
[0.282s] Level 1:colcon.colcon_core.package_identification:_identify(src/Self-Driving-and-ROS-2-Learn-by-Doing-Plan-Navigation/Section3_Introduction_to_ROS_2/bumperbot_ws/src) by extension 'cmake'
[0.282s] Level 1:colcon.colcon_core.package_identification:_identify(src/Self-Driving-and-ROS-2-Learn-by-Doing-Plan-Navigation/Section3_Introduction_to_ROS_2/bumperbot_ws/src) by extension 'python'
[0.282s] Level 1:colcon.colcon_core.package_identification:_identify(src/Self-Driving-and-ROS-2-Learn-by-Doing-Plan-Navigation/Section3_Introduction_to_ROS_2/bumperbot_ws/src) by extensions ['python_setup_py']
[0.282s] Level 1:colcon.colcon_core.package_identification:_identify(src/Self-Driving-and-ROS-2-Learn-by-Doing-Plan-Navigation/Section3_Introduction_to_ROS_2/bumperbot_ws/src) by extension 'python_setup_py'
[0.282s] Level 1:colcon.colcon_core.package_identification:_identify(src/Self-Driving-and-ROS-2-Learn-by-Doing-Plan-Navigation/Section3_Introduction_to_ROS_2/bumperbot_ws/src/bumperbot_bringup) by extensions ['ignore', 'ignore_ament_install']
[0.283s] Level 1:colcon.colcon_core.package_identification:_identify(src/Self-Driving-and-ROS-2-Learn-by-Doing-Plan-Navigation/Section3_Introduction_to_ROS_2/bumperbot_ws/src/bumperbot_bringup) by extension 'ignore'
[0.283s] Level 1:colcon.colcon_core.package_identification:_identify(src/Self-Driving-and-ROS-2-Learn-by-Doing-Plan-Navigation/Section3_Introduction_to_ROS_2/bumperbot_ws/src/bumperbot_bringup) by extension 'ignore_ament_install'
[0.283s] Level 1:colcon.colcon_core.package_identification:_identify(src/Self-Driving-and-ROS-2-Learn-by-Doing-Plan-Navigation/Section3_Introduction_to_ROS_2/bumperbot_ws/src/bumperbot_bringup) by extensions ['colcon_pkg']
[0.283s] Level 1:colcon.colcon_core.package_identification:_identify(src/Self-Driving-and-ROS-2-Learn-by-Doing-Plan-Navigation/Section3_Introduction_to_ROS_2/bumperbot_ws/src/bumperbot_bringup) by extension 'colcon_pkg'
[0.283s] Level 1:colcon.colcon_core.package_identification:_identify(src/Self-Driving-and-ROS-2-Learn-by-Doing-Plan-Navigation/Section3_Introduction_to_ROS_2/bumperbot_ws/src/bumperbot_bringup) by extensions ['colcon_meta']
[0.283s] Level 1:colcon.colcon_core.package_identification:_identify(src/Self-Driving-and-ROS-2-Learn-by-Doing-Plan-Navigation/Section3_Introduction_to_ROS_2/bumperbot_ws/src/bumperbot_bringup) by extension 'colcon_meta'
[0.283s] Level 1:colcon.colcon_core.package_identification:_identify(src/Self-Driving-and-ROS-2-Learn-by-Doing-Plan-Navigation/Section3_Introduction_to_ROS_2/bumperbot_ws/src/bumperbot_bringup) by extensions ['ros']
[0.283s] Level 1:colcon.colcon_core.package_identification:_identify(src/Self-Driving-and-ROS-2-Learn-by-Doing-Plan-Navigation/Section3_Introduction_to_ROS_2/bumperbot_ws/src/bumperbot_bringup) by extension 'ros'
[0.283s] DEBUG:colcon.colcon_core.package_identification:Package 'src/Self-Driving-and-ROS-2-Learn-by-Doing-Plan-Navigation/Section3_Introduction_to_ROS_2/bumperbot_ws/src/bumperbot_bringup' with type 'ros.ament_cmake' and name 'bumperbot_bringup'
[0.284s] Level 1:colcon.colcon_core.package_identification:_identify(src/Self-Driving-and-ROS-2-Learn-by-Doing-Plan-Navigation/Section3_Introduction_to_ROS_2/bumperbot_ws/src/bumperbot_controller) by extensions ['ignore', 'ignore_ament_install']
[0.284s] Level 1:colcon.colcon_core.package_identification:_identify(src/Self-Driving-and-ROS-2-Learn-by-Doing-Plan-Navigation/Section3_Introduction_to_ROS_2/bumperbot_ws/src/bumperbot_controller) by extension 'ignore'
[0.284s] Level 1:colcon.colcon_core.package_identification:_identify(src/Self-Driving-and-ROS-2-Learn-by-Doing-Plan-Navigation/Section3_Introduction_to_ROS_2/bumperbot_ws/src/bumperbot_controller) by extension 'ignore_ament_install'
[0.284s] Level 1:colcon.colcon_core.package_identification:_identify(src/Self-Driving-and-ROS-2-Learn-by-Doing-Plan-Navigation/Section3_Introduction_to_ROS_2/bumperbot_ws/src/bumperbot_controller) by extensions ['colcon_pkg']
[0.284s] Level 1:colcon.colcon_core.package_identification:_identify(src/Self-Driving-and-ROS-2-Learn-by-Doing-Plan-Navigation/Section3_Introduction_to_ROS_2/bumperbot_ws/src/bumperbot_controller) by extension 'colcon_pkg'
[0.284s] Level 1:colcon.colcon_core.package_identification:_identify(src/Self-Driving-and-ROS-2-Learn-by-Doing-Plan-Navigation/Section3_Introduction_to_ROS_2/bumperbot_ws/src/bumperbot_controller) by extensions ['colcon_meta']
[0.284s] Level 1:colcon.colcon_core.package_identification:_identify(src/Self-Driving-and-ROS-2-Learn-by-Doing-Plan-Navigation/Section3_Introduction_to_ROS_2/bumperbot_ws/src/bumperbot_controller) by extension 'colcon_meta'
[0.284s] Level 1:colcon.colcon_core.package_identification:_identify(src/Self-Driving-and-ROS-2-Learn-by-Doing-Plan-Navigation/Section3_Introduction_to_ROS_2/bumperbot_ws/src/bumperbot_controller) by extensions ['ros']
[0.284s] Level 1:colcon.colcon_core.package_identification:_identify(src/Self-Driving-and-ROS-2-Learn-by-Doing-Plan-Navigation/Section3_Introduction_to_ROS_2/bumperbot_ws/src/bumperbot_controller) by extension 'ros'
[0.285s] DEBUG:colcon.colcon_core.package_identification:Package 'src/Self-Driving-and-ROS-2-Learn-by-Doing-Plan-Navigation/Section3_Introduction_to_ROS_2/bumperbot_ws/src/bumperbot_controller' with type 'ros.ament_cmake' and name 'bumperbot_controller'
[0.285s] Level 1:colcon.colcon_core.package_identification:_identify(src/Self-Driving-and-ROS-2-Learn-by-Doing-Plan-Navigation/Section3_Introduction_to_ROS_2/bumperbot_ws/src/bumperbot_cpp_examples) by extensions ['ignore', 'ignore_ament_install']
[0.285s] Level 1:colcon.colcon_core.package_identification:_identify(src/Self-Driving-and-ROS-2-Learn-by-Doing-Plan-Navigation/Section3_Introduction_to_ROS_2/bumperbot_ws/src/bumperbot_cpp_examples) by extension 'ignore'
[0.285s] Level 1:colcon.colcon_core.package_identification:_identify(src/Self-Driving-and-ROS-2-Learn-by-Doing-Plan-Navigation/Section3_Introduction_to_ROS_2/bumperbot_ws/src/bumperbot_cpp_examples) by extension 'ignore_ament_install'
[0.285s] Level 1:colcon.colcon_core.package_identification:_identify(src/Self-Driving-and-ROS-2-Learn-by-Doing-Plan-Navigation/Section3_Introduction_to_ROS_2/bumperbot_ws/src/bumperbot_cpp_examples) by extensions ['colcon_pkg']
[0.285s] Level 1:colcon.colcon_core.package_identification:_identify(src/Self-Driving-and-ROS-2-Learn-by-Doing-Plan-Navigation/Section3_Introduction_to_ROS_2/bumperbot_ws/src/bumperbot_cpp_examples) by extension 'colcon_pkg'
[0.285s] Level 1:colcon.colcon_core.package_identification:_identify(src/Self-Driving-and-ROS-2-Learn-by-Doing-Plan-Navigation/Section3_Introduction_to_ROS_2/bumperbot_ws/src/bumperbot_cpp_examples) by extensions ['colcon_meta']
[0.285s] Level 1:colcon.colcon_core.package_identification:_identify(src/Self-Driving-and-ROS-2-Learn-by-Doing-Plan-Navigation/Section3_Introduction_to_ROS_2/bumperbot_ws/src/bumperbot_cpp_examples) by extension 'colcon_meta'
[0.285s] Level 1:colcon.colcon_core.package_identification:_identify(src/Self-Driving-and-ROS-2-Learn-by-Doing-Plan-Navigation/Section3_Introduction_to_ROS_2/bumperbot_ws/src/bumperbot_cpp_examples) by extensions ['ros']
[0.285s] Level 1:colcon.colcon_core.package_identification:_identify(src/Self-Driving-and-ROS-2-Learn-by-Doing-Plan-Navigation/Section3_Introduction_to_ROS_2/bumperbot_ws/src/bumperbot_cpp_examples) by extension 'ros'
[0.287s] DEBUG:colcon.colcon_core.package_identification:Package 'src/Self-Driving-and-ROS-2-Learn-by-Doing-Plan-Navigation/Section3_Introduction_to_ROS_2/bumperbot_ws/src/bumperbot_cpp_examples' with type 'ros.ament_cmake' and name 'bumperbot_cpp_examples'
[0.287s] Level 1:colcon.colcon_core.package_identification:_identify(src/Self-Driving-and-ROS-2-Learn-by-Doing-Plan-Navigation/Section3_Introduction_to_ROS_2/bumperbot_ws/src/bumperbot_description) by extensions ['ignore', 'ignore_ament_install']
[0.287s] Level 1:colcon.colcon_core.package_identification:_identify(src/Self-Driving-and-ROS-2-Learn-by-Doing-Plan-Navigation/Section3_Introduction_to_ROS_2/bumperbot_ws/src/bumperbot_description) by extension 'ignore'
[0.287s] Level 1:colcon.colcon_core.package_identification:_identify(src/Self-Driving-and-ROS-2-Learn-by-Doing-Plan-Navigation/Section3_Introduction_to_ROS_2/bumperbot_ws/src/bumperbot_description) by extension 'ignore_ament_install'
[0.287s] Level 1:colcon.colcon_core.package_identification:_identify(src/Self-Driving-and-ROS-2-Learn-by-Doing-Plan-Navigation/Section3_Introduction_to_ROS_2/bumperbot_ws/src/bumperbot_description) by extensions ['colcon_pkg']
[0.287s] Level 1:colcon.colcon_core.package_identification:_identify(src/Self-Driving-and-ROS-2-Learn-by-Doing-Plan-Navigation/Section3_Introduction_to_ROS_2/bumperbot_ws/src/bumperbot_description) by extension 'colcon_pkg'
[0.287s] Level 1:colcon.colcon_core.package_identification:_identify(src/Self-Driving-and-ROS-2-Learn-by-Doing-Plan-Navigation/Section3_Introduction_to_ROS_2/bumperbot_ws/src/bumperbot_description) by extensions ['colcon_meta']
[0.287s] Level 1:colcon.colcon_core.package_identification:_identify(src/Self-Driving-and-ROS-2-Learn-by-Doing-Plan-Navigation/Section3_Introduction_to_ROS_2/bumperbot_ws/src/bumperbot_description) by extension 'colcon_meta'
[0.287s] Level 1:colcon.colcon_core.package_identification:_identify(src/Self-Driving-and-ROS-2-Learn-by-Doing-Plan-Navigation/Section3_Introduction_to_ROS_2/bumperbot_ws/src/bumperbot_description) by extensions ['ros']
[0.287s] Level 1:colcon.colcon_core.package_identification:_identify(src/Self-Driving-and-ROS-2-Learn-by-Doing-Plan-Navigation/Section3_Introduction_to_ROS_2/bumperbot_ws/src/bumperbot_description) by extension 'ros'
[0.288s] DEBUG:colcon.colcon_core.package_identification:Package 'src/Self-Driving-and-ROS-2-Learn-by-Doing-Plan-Navigation/Section3_Introduction_to_ROS_2/bumperbot_ws/src/bumperbot_description' with type 'ros.ament_cmake' and name 'bumperbot_description'
[0.289s] Level 1:colcon.colcon_core.package_identification:_identify(src/Self-Driving-and-ROS-2-Learn-by-Doing-Plan-Navigation/Section3_Introduction_to_ROS_2/bumperbot_ws/src/bumperbot_firmware) by extensions ['ignore', 'ignore_ament_install']
[0.289s] Level 1:colcon.colcon_core.package_identification:_identify(src/Self-Driving-and-ROS-2-Learn-by-Doing-Plan-Navigation/Section3_Introduction_to_ROS_2/bumperbot_ws/src/bumperbot_firmware) by extension 'ignore'
[0.289s] Level 1:colcon.colcon_core.package_identification:_identify(src/Self-Driving-and-ROS-2-Learn-by-Doing-Plan-Navigation/Section3_Introduction_to_ROS_2/bumperbot_ws/src/bumperbot_firmware) by extension 'ignore_ament_install'
[0.289s] Level 1:colcon.colcon_core.package_identification:_identify(src/Self-Driving-and-ROS-2-Learn-by-Doing-Plan-Navigation/Section3_Introduction_to_ROS_2/bumperbot_ws/src/bumperbot_firmware) by extensions ['colcon_pkg']
[0.289s] Level 1:colcon.colcon_core.package_identification:_identify(src/Self-Driving-and-ROS-2-Learn-by-Doing-Plan-Navigation/Section3_Introduction_to_ROS_2/bumperbot_ws/src/bumperbot_firmware) by extension 'colcon_pkg'
[0.289s] Level 1:colcon.colcon_core.package_identification:_identify(src/Self-Driving-and-ROS-2-Learn-by-Doing-Plan-Navigation/Section3_Introduction_to_ROS_2/bumperbot_ws/src/bumperbot_firmware) by extensions ['colcon_meta']
[0.289s] Level 1:colcon.colcon_core.package_identification:_identify(src/Self-Driving-and-ROS-2-Learn-by-Doing-Plan-Navigation/Section3_Introduction_to_ROS_2/bumperbot_ws/src/bumperbot_firmware) by extension 'colcon_meta'
[0.289s] Level 1:colcon.colcon_core.package_identification:_identify(src/Self-Driving-and-ROS-2-Learn-by-Doing-Plan-Navigation/Section3_Introduction_to_ROS_2/bumperbot_ws/src/bumperbot_firmware) by extensions ['ros']
[0.289s] Level 1:colcon.colcon_core.package_identification:_identify(src/Self-Driving-and-ROS-2-Learn-by-Doing-Plan-Navigation/Section3_Introduction_to_ROS_2/bumperbot_ws/src/bumperbot_firmware) by extension 'ros'
[0.290s] DEBUG:colcon.colcon_core.package_identification:Package 'src/Self-Driving-and-ROS-2-Learn-by-Doing-Plan-Navigation/Section3_Introduction_to_ROS_2/bumperbot_ws/src/bumperbot_firmware' with type 'ros.ament_cmake' and name 'bumperbot_firmware'
[0.290s] Level 1:colcon.colcon_core.package_identification:_identify(src/Self-Driving-and-ROS-2-Learn-by-Doing-Plan-Navigation/Section3_Introduction_to_ROS_2/bumperbot_ws/src/bumperbot_localization) by extensions ['ignore', 'ignore_ament_install']
[0.290s] Level 1:colcon.colcon_core.package_identification:_identify(src/Self-Driving-and-ROS-2-Learn-by-Doing-Plan-Navigation/Section3_Introduction_to_ROS_2/bumperbot_ws/src/bumperbot_localization) by extension 'ignore'
[0.290s] Level 1:colcon.colcon_core.package_identification:_identify(src/Self-Driving-and-ROS-2-Learn-by-Doing-Plan-Navigation/Section3_Introduction_to_ROS_2/bumperbot_ws/src/bumperbot_localization) by extension 'ignore_ament_install'
[0.290s] Level 1:colcon.colcon_core.package_identification:_identify(src/Self-Driving-and-ROS-2-Learn-by-Doing-Plan-Navigation/Section3_Introduction_to_ROS_2/bumperbot_ws/src/bumperbot_localization) by extensions ['colcon_pkg']
[0.290s] Level 1:colcon.colcon_core.package_identification:_identify(src/Self-Driving-and-ROS-2-Learn-by-Doing-Plan-Navigation/Section3_Introduction_to_ROS_2/bumperbot_ws/src/bumperbot_localization) by extension 'colcon_pkg'
[0.290s] Level 1:colcon.colcon_core.package_identification:_identify(src/Self-Driving-and-ROS-2-Learn-by-Doing-Plan-Navigation/Section3_Introduction_to_ROS_2/bumperbot_ws/src/bumperbot_localization) by extensions ['colcon_meta']
[0.290s] Level 1:colcon.colcon_core.package_identification:_identify(src/Self-Driving-and-ROS-2-Learn-by-Doing-Plan-Navigation/Section3_Introduction_to_ROS_2/bumperbot_ws/src/bumperbot_localization) by extension 'colcon_meta'
[0.290s] Level 1:colcon.colcon_core.package_identification:_identify(src/Self-Driving-and-ROS-2-Learn-by-Doing-Plan-Navigation/Section3_Introduction_to_ROS_2/bumperbot_ws/src/bumperbot_localization) by extensions ['ros']
[0.290s] Level 1:colcon.colcon_core.package_identification:_identify(src/Self-Driving-and-ROS-2-Learn-by-Doing-Plan-Navigation/Section3_Introduction_to_ROS_2/bumperbot_ws/src/bumperbot_localization) by extension 'ros'
[0.291s] DEBUG:colcon.colcon_core.package_identification:Package 'src/Self-Driving-and-ROS-2-Learn-by-Doing-Plan-Navigation/Section3_Introduction_to_ROS_2/bumperbot_ws/src/bumperbot_localization' with type 'ros.ament_cmake' and name 'bumperbot_localization'
[0.291s] Level 1:colcon.colcon_core.package_identification:_identify(src/Self-Driving-and-ROS-2-Learn-by-Doing-Plan-Navigation/Section3_Introduction_to_ROS_2/bumperbot_ws/src/bumperbot_mapping) by extensions ['ignore', 'ignore_ament_install']
[0.291s] Level 1:colcon.colcon_core.package_identification:_identify(src/Self-Driving-and-ROS-2-Learn-by-Doing-Plan-Navigation/Section3_Introduction_to_ROS_2/bumperbot_ws/src/bumperbot_mapping) by extension 'ignore'
[0.291s] Level 1:colcon.colcon_core.package_identification:_identify(src/Self-Driving-and-ROS-2-Learn-by-Doing-Plan-Navigation/Section3_Introduction_to_ROS_2/bumperbot_ws/src/bumperbot_mapping) by extension 'ignore_ament_install'
[0.291s] Level 1:colcon.colcon_core.package_identification:_identify(src/Self-Driving-and-ROS-2-Learn-by-Doing-Plan-Navigation/Section3_Introduction_to_ROS_2/bumperbot_ws/src/bumperbot_mapping) by extensions ['colcon_pkg']
[0.291s] Level 1:colcon.colcon_core.package_identification:_identify(src/Self-Driving-and-ROS-2-Learn-by-Doing-Plan-Navigation/Section3_Introduction_to_ROS_2/bumperbot_ws/src/bumperbot_mapping) by extension 'colcon_pkg'
[0.292s] Level 1:colcon.colcon_core.package_identification:_identify(src/Self-Driving-and-ROS-2-Learn-by-Doing-Plan-Navigation/Section3_Introduction_to_ROS_2/bumperbot_ws/src/bumperbot_mapping) by extensions ['colcon_meta']
[0.292s] Level 1:colcon.colcon_core.package_identification:_identify(src/Self-Driving-and-ROS-2-Learn-by-Doing-Plan-Navigation/Section3_Introduction_to_ROS_2/bumperbot_ws/src/bumperbot_mapping) by extension 'colcon_meta'
[0.292s] Level 1:colcon.colcon_core.package_identification:_identify(src/Self-Driving-and-ROS-2-Learn-by-Doing-Plan-Navigation/Section3_Introduction_to_ROS_2/bumperbot_ws/src/bumperbot_mapping) by extensions ['ros']
[0.292s] Level 1:colcon.colcon_core.package_identification:_identify(src/Self-Driving-and-ROS-2-Learn-by-Doing-Plan-Navigation/Section3_Introduction_to_ROS_2/bumperbot_ws/src/bumperbot_mapping) by extension 'ros'
[0.292s] DEBUG:colcon.colcon_core.package_identification:Package 'src/Self-Driving-and-ROS-2-Learn-by-Doing-Plan-Navigation/Section3_Introduction_to_ROS_2/bumperbot_ws/src/bumperbot_mapping' with type 'ros.ament_cmake' and name 'bumperbot_mapping'
[0.293s] Level 1:colcon.colcon_core.package_identification:_identify(src/Self-Driving-and-ROS-2-Learn-by-Doing-Plan-Navigation/Section3_Introduction_to_ROS_2/bumperbot_ws/src/bumperbot_msgs) by extensions ['ignore', 'ignore_ament_install']
[0.293s] Level 1:colcon.colcon_core.package_identification:_identify(src/Self-Driving-and-ROS-2-Learn-by-Doing-Plan-Navigation/Section3_Introduction_to_ROS_2/bumperbot_ws/src/bumperbot_msgs) by extension 'ignore'
[0.293s] Level 1:colcon.colcon_core.package_identification:_identify(src/Self-Driving-and-ROS-2-Learn-by-Doing-Plan-Navigation/Section3_Introduction_to_ROS_2/bumperbot_ws/src/bumperbot_msgs) by extension 'ignore_ament_install'
[0.293s] Level 1:colcon.colcon_core.package_identification:_identify(src/Self-Driving-and-ROS-2-Learn-by-Doing-Plan-Navigation/Section3_Introduction_to_ROS_2/bumperbot_ws/src/bumperbot_msgs) by extensions ['colcon_pkg']
[0.293s] Level 1:colcon.colcon_core.package_identification:_identify(src/Self-Driving-and-ROS-2-Learn-by-Doing-Plan-Navigation/Section3_Introduction_to_ROS_2/bumperbot_ws/src/bumperbot_msgs) by extension 'colcon_pkg'
[0.293s] Level 1:colcon.colcon_core.package_identification:_identify(src/Self-Driving-and-ROS-2-Learn-by-Doing-Plan-Navigation/Section3_Introduction_to_ROS_2/bumperbot_ws/src/bumperbot_msgs) by extensions ['colcon_meta']
[0.293s] Level 1:colcon.colcon_core.package_identification:_identify(src/Self-Driving-and-ROS-2-Learn-by-Doing-Plan-Navigation/Section3_Introduction_to_ROS_2/bumperbot_ws/src/bumperbot_msgs) by extension 'colcon_meta'
[0.293s] Level 1:colcon.colcon_core.package_identification:_identify(src/Self-Driving-and-ROS-2-Learn-by-Doing-Plan-Navigation/Section3_Introduction_to_ROS_2/bumperbot_ws/src/bumperbot_msgs) by extensions ['ros']
[0.293s] Level 1:colcon.colcon_core.package_identification:_identify(src/Self-Driving-and-ROS-2-Learn-by-Doing-Plan-Navigation/Section3_Introduction_to_ROS_2/bumperbot_ws/src/bumperbot_msgs) by extension 'ros'
[0.294s] DEBUG:colcon.colcon_core.package_identification:Package 'src/Self-Driving-and-ROS-2-Learn-by-Doing-Plan-Navigation/Section3_Introduction_to_ROS_2/bumperbot_ws/src/bumperbot_msgs' with type 'ros.ament_cmake' and name 'bumperbot_msgs'
[0.294s] Level 1:colcon.colcon_core.package_identification:_identify(src/Self-Driving-and-ROS-2-Learn-by-Doing-Plan-Navigation/Section3_Introduction_to_ROS_2/bumperbot_ws/src/bumperbot_py_examples) by extensions ['ignore', 'ignore_ament_install']
[0.294s] Level 1:colcon.colcon_core.package_identification:_identify(src/Self-Driving-and-ROS-2-Learn-by-Doing-Plan-Navigation/Section3_Introduction_to_ROS_2/bumperbot_ws/src/bumperbot_py_examples) by extension 'ignore'
[0.294s] Level 1:colcon.colcon_core.package_identification:_identify(src/Self-Driving-and-ROS-2-Learn-by-Doing-Plan-Navigation/Section3_Introduction_to_ROS_2/bumperbot_ws/src/bumperbot_py_examples) by extension 'ignore_ament_install'
[0.294s] Level 1:colcon.colcon_core.package_identification:_identify(src/Self-Driving-and-ROS-2-Learn-by-Doing-Plan-Navigation/Section3_Introduction_to_ROS_2/bumperbot_ws/src/bumperbot_py_examples) by extensions ['colcon_pkg']
[0.294s] Level 1:colcon.colcon_core.package_identification:_identify(src/Self-Driving-and-ROS-2-Learn-by-Doing-Plan-Navigation/Section3_Introduction_to_ROS_2/bumperbot_ws/src/bumperbot_py_examples) by extension 'colcon_pkg'
[0.294s] Level 1:colcon.colcon_core.package_identification:_identify(src/Self-Driving-and-ROS-2-Learn-by-Doing-Plan-Navigation/Section3_Introduction_to_ROS_2/bumperbot_ws/src/bumperbot_py_examples) by extensions ['colcon_meta']
[0.294s] Level 1:colcon.colcon_core.package_identification:_identify(src/Self-Driving-and-ROS-2-Learn-by-Doing-Plan-Navigation/Section3_Introduction_to_ROS_2/bumperbot_ws/src/bumperbot_py_examples) by extension 'colcon_meta'
[0.294s] Level 1:colcon.colcon_core.package_identification:_identify(src/Self-Driving-and-ROS-2-Learn-by-Doing-Plan-Navigation/Section3_Introduction_to_ROS_2/bumperbot_ws/src/bumperbot_py_examples) by extensions ['ros']
[0.294s] Level 1:colcon.colcon_core.package_identification:_identify(src/Self-Driving-and-ROS-2-Learn-by-Doing-Plan-Navigation/Section3_Introduction_to_ROS_2/bumperbot_ws/src/bumperbot_py_examples) by extension 'ros'
[0.295s] DEBUG:colcon.colcon_core.package_identification:Package 'src/Self-Driving-and-ROS-2-Learn-by-Doing-Plan-Navigation/Section3_Introduction_to_ROS_2/bumperbot_ws/src/bumperbot_py_examples' with type 'ros.ament_python' and name 'bumperbot_py_examples'
[0.295s] Level 1:colcon.colcon_core.package_identification:_identify(src/Self-Driving-and-ROS-2-Learn-by-Doing-Plan-Navigation/Section3_Introduction_to_ROS_2/bumperbot_ws/src/bumperbot_utils) by extensions ['ignore', 'ignore_ament_install']
[0.295s] Level 1:colcon.colcon_core.package_identification:_identify(src/Self-Driving-and-ROS-2-Learn-by-Doing-Plan-Navigation/Section3_Introduction_to_ROS_2/bumperbot_ws/src/bumperbot_utils) by extension 'ignore'
[0.295s] Level 1:colcon.colcon_core.package_identification:_identify(src/Self-Driving-and-ROS-2-Learn-by-Doing-Plan-Navigation/Section3_Introduction_to_ROS_2/bumperbot_ws/src/bumperbot_utils) by extension 'ignore_ament_install'
[0.295s] Level 1:colcon.colcon_core.package_identification:_identify(src/Self-Driving-and-ROS-2-Learn-by-Doing-Plan-Navigation/Section3_Introduction_to_ROS_2/bumperbot_ws/src/bumperbot_utils) by extensions ['colcon_pkg']
[0.295s] Level 1:colcon.colcon_core.package_identification:_identify(src/Self-Driving-and-ROS-2-Learn-by-Doing-Plan-Navigation/Section3_Introduction_to_ROS_2/bumperbot_ws/src/bumperbot_utils) by extension 'colcon_pkg'
[0.295s] Level 1:colcon.colcon_core.package_identification:_identify(src/Self-Driving-and-ROS-2-Learn-by-Doing-Plan-Navigation/Section3_Introduction_to_ROS_2/bumperbot_ws/src/bumperbot_utils) by extensions ['colcon_meta']
[0.295s] Level 1:colcon.colcon_core.package_identification:_identify(src/Self-Driving-and-ROS-2-Learn-by-Doing-Plan-Navigation/Section3_Introduction_to_ROS_2/bumperbot_ws/src/bumperbot_utils) by extension 'colcon_meta'
[0.295s] Level 1:colcon.colcon_core.package_identification:_identify(src/Self-Driving-and-ROS-2-Learn-by-Doing-Plan-Navigation/Section3_Introduction_to_ROS_2/bumperbot_ws/src/bumperbot_utils) by extensions ['ros']
[0.295s] Level 1:colcon.colcon_core.package_identification:_identify(src/Self-Driving-and-ROS-2-Learn-by-Doing-Plan-Navigation/Section3_Introduction_to_ROS_2/bumperbot_ws/src/bumperbot_utils) by extension 'ros'
[0.296s] DEBUG:colcon.colcon_core.package_identification:Package 'src/Self-Driving-and-ROS-2-Learn-by-Doing-Plan-Navigation/Section3_Introduction_to_ROS_2/bumperbot_ws/src/bumperbot_utils' with type 'ros.ament_cmake' and name 'bumperbot_utils'
[0.297s] Level 1:colcon.colcon_core.package_identification:_identify(src/Self-Driving-and-ROS-2-Learn-by-Doing-Plan-Navigation/Section4_Path_Planning) by extensions ['ignore', 'ignore_ament_install']
[0.297s] Level 1:colcon.colcon_core.package_identification:_identify(src/Self-Driving-and-ROS-2-Learn-by-Doing-Plan-Navigation/Section4_Path_Planning) by extension 'ignore'
[0.297s] Level 1:colcon.colcon_core.package_identification:_identify(src/Self-Driving-and-ROS-2-Learn-by-Doing-Plan-Navigation/Section4_Path_Planning) by extension 'ignore_ament_install'
[0.297s] Level 1:colcon.colcon_core.package_identification:_identify(src/Self-Driving-and-ROS-2-Learn-by-Doing-Plan-Navigation/Section4_Path_Planning) by extensions ['colcon_pkg']
[0.297s] Level 1:colcon.colcon_core.package_identification:_identify(src/Self-Driving-and-ROS-2-Learn-by-Doing-Plan-Navigation/Section4_Path_Planning) by extension 'colcon_pkg'
[0.297s] Level 1:colcon.colcon_core.package_identification:_identify(src/Self-Driving-and-ROS-2-Learn-by-Doing-Plan-Navigation/Section4_Path_Planning) by extensions ['colcon_meta']
[0.297s] Level 1:colcon.colcon_core.package_identification:_identify(src/Self-Driving-and-ROS-2-Learn-by-Doing-Plan-Navigation/Section4_Path_Planning) by extension 'colcon_meta'
[0.297s] Level 1:colcon.colcon_core.package_identification:_identify(src/Self-Driving-and-ROS-2-Learn-by-Doing-Plan-Navigation/Section4_Path_Planning) by extensions ['ros']
[0.297s] Level 1:colcon.colcon_core.package_identification:_identify(src/Self-Driving-and-ROS-2-Learn-by-Doing-Plan-Navigation/Section4_Path_Planning) by extension 'ros'
[0.297s] Level 1:colcon.colcon_core.package_identification:_identify(src/Self-Driving-and-ROS-2-Learn-by-Doing-Plan-Navigation/Section4_Path_Planning) by extensions ['cmake', 'python']
[0.297s] Level 1:colcon.colcon_core.package_identification:_identify(src/Self-Driving-and-ROS-2-Learn-by-Doing-Plan-Navigation/Section4_Path_Planning) by extension 'cmake'
[0.297s] Level 1:colcon.colcon_core.package_identification:_identify(src/Self-Driving-and-ROS-2-Learn-by-Doing-Plan-Navigation/Section4_Path_Planning) by extension 'python'
[0.297s] Level 1:colcon.colcon_core.package_identification:_identify(src/Self-Driving-and-ROS-2-Learn-by-Doing-Plan-Navigation/Section4_Path_Planning) by extensions ['python_setup_py']
[0.297s] Level 1:colcon.colcon_core.package_identification:_identify(src/Self-Driving-and-ROS-2-Learn-by-Doing-Plan-Navigation/Section4_Path_Planning) by extension 'python_setup_py'
[0.297s] Level 1:colcon.colcon_core.package_identification:_identify(src/Self-Driving-and-ROS-2-Learn-by-Doing-Plan-Navigation/Section4_Path_Planning/bumperbot_ws) by extensions ['ignore', 'ignore_ament_install']
[0.297s] Level 1:colcon.colcon_core.package_identification:_identify(src/Self-Driving-and-ROS-2-Learn-by-Doing-Plan-Navigation/Section4_Path_Planning/bumperbot_ws) by extension 'ignore'
[0.297s] Level 1:colcon.colcon_core.package_identification:_identify(src/Self-Driving-and-ROS-2-Learn-by-Doing-Plan-Navigation/Section4_Path_Planning/bumperbot_ws) by extension 'ignore_ament_install'
[0.297s] Level 1:colcon.colcon_core.package_identification:_identify(src/Self-Driving-and-ROS-2-Learn-by-Doing-Plan-Navigation/Section4_Path_Planning/bumperbot_ws) by extensions ['colcon_pkg']
[0.297s] Level 1:colcon.colcon_core.package_identification:_identify(src/Self-Driving-and-ROS-2-Learn-by-Doing-Plan-Navigation/Section4_Path_Planning/bumperbot_ws) by extension 'colcon_pkg'
[0.297s] Level 1:colcon.colcon_core.package_identification:_identify(src/Self-Driving-and-ROS-2-Learn-by-Doing-Plan-Navigation/Section4_Path_Planning/bumperbot_ws) by extensions ['colcon_meta']
[0.297s] Level 1:colcon.colcon_core.package_identification:_identify(src/Self-Driving-and-ROS-2-Learn-by-Doing-Plan-Navigation/Section4_Path_Planning/bumperbot_ws) by extension 'colcon_meta'
[0.297s] Level 1:colcon.colcon_core.package_identification:_identify(src/Self-Driving-and-ROS-2-Learn-by-Doing-Plan-Navigation/Section4_Path_Planning/bumperbot_ws) by extensions ['ros']
[0.297s] Level 1:colcon.colcon_core.package_identification:_identify(src/Self-Driving-and-ROS-2-Learn-by-Doing-Plan-Navigation/Section4_Path_Planning/bumperbot_ws) by extension 'ros'
[0.297s] Level 1:colcon.colcon_core.package_identification:_identify(src/Self-Driving-and-ROS-2-Learn-by-Doing-Plan-Navigation/Section4_Path_Planning/bumperbot_ws) by extensions ['cmake', 'python']
[0.297s] Level 1:colcon.colcon_core.package_identification:_identify(src/Self-Driving-and-ROS-2-Learn-by-Doing-Plan-Navigation/Section4_Path_Planning/bumperbot_ws) by extension 'cmake'
[0.297s] Level 1:colcon.colcon_core.package_identification:_identify(src/Self-Driving-and-ROS-2-Learn-by-Doing-Plan-Navigation/Section4_Path_Planning/bumperbot_ws) by extension 'python'
[0.297s] Level 1:colcon.colcon_core.package_identification:_identify(src/Self-Driving-and-ROS-2-Learn-by-Doing-Plan-Navigation/Section4_Path_Planning/bumperbot_ws) by extensions ['python_setup_py']
[0.297s] Level 1:colcon.colcon_core.package_identification:_identify(src/Self-Driving-and-ROS-2-Learn-by-Doing-Plan-Navigation/Section4_Path_Planning/bumperbot_ws) by extension 'python_setup_py'
[0.297s] Level 1:colcon.colcon_core.package_identification:_identify(src/Self-Driving-and-ROS-2-Learn-by-Doing-Plan-Navigation/Section4_Path_Planning/bumperbot_ws/src) by extensions ['ignore', 'ignore_ament_install']
[0.297s] Level 1:colcon.colcon_core.package_identification:_identify(src/Self-Driving-and-ROS-2-Learn-by-Doing-Plan-Navigation/Section4_Path_Planning/bumperbot_ws/src) by extension 'ignore'
[0.297s] Level 1:colcon.colcon_core.package_identification:_identify(src/Self-Driving-and-ROS-2-Learn-by-Doing-Plan-Navigation/Section4_Path_Planning/bumperbot_ws/src) by extension 'ignore_ament_install'
[0.297s] Level 1:colcon.colcon_core.package_identification:_identify(src/Self-Driving-and-ROS-2-Learn-by-Doing-Plan-Navigation/Section4_Path_Planning/bumperbot_ws/src) by extensions ['colcon_pkg']
[0.297s] Level 1:colcon.colcon_core.package_identification:_identify(src/Self-Driving-and-ROS-2-Learn-by-Doing-Plan-Navigation/Section4_Path_Planning/bumperbot_ws/src) by extension 'colcon_pkg'
[0.297s] Level 1:colcon.colcon_core.package_identification:_identify(src/Self-Driving-and-ROS-2-Learn-by-Doing-Plan-Navigation/Section4_Path_Planning/bumperbot_ws/src) by extensions ['colcon_meta']
[0.297s] Level 1:colcon.colcon_core.package_identification:_identify(src/Self-Driving-and-ROS-2-Learn-by-Doing-Plan-Navigation/Section4_Path_Planning/bumperbot_ws/src) by extension 'colcon_meta'
[0.297s] Level 1:colcon.colcon_core.package_identification:_identify(src/Self-Driving-and-ROS-2-Learn-by-Doing-Plan-Navigation/Section4_Path_Planning/bumperbot_ws/src) by extensions ['ros']
[0.298s] Level 1:colcon.colcon_core.package_identification:_identify(src/Self-Driving-and-ROS-2-Learn-by-Doing-Plan-Navigation/Section4_Path_Planning/bumperbot_ws/src) by extension 'ros'
[0.298s] Level 1:colcon.colcon_core.package_identification:_identify(src/Self-Driving-and-ROS-2-Learn-by-Doing-Plan-Navigation/Section4_Path_Planning/bumperbot_ws/src) by extensions ['cmake', 'python']
[0.298s] Level 1:colcon.colcon_core.package_identification:_identify(src/Self-Driving-and-ROS-2-Learn-by-Doing-Plan-Navigation/Section4_Path_Planning/bumperbot_ws/src) by extension 'cmake'
[0.298s] Level 1:colcon.colcon_core.package_identification:_identify(src/Self-Driving-and-ROS-2-Learn-by-Doing-Plan-Navigation/Section4_Path_Planning/bumperbot_ws/src) by extension 'python'
[0.298s] Level 1:colcon.colcon_core.package_identification:_identify(src/Self-Driving-and-ROS-2-Learn-by-Doing-Plan-Navigation/Section4_Path_Planning/bumperbot_ws/src) by extensions ['python_setup_py']
[0.298s] Level 1:colcon.colcon_core.package_identification:_identify(src/Self-Driving-and-ROS-2-Learn-by-Doing-Plan-Navigation/Section4_Path_Planning/bumperbot_ws/src) by extension 'python_setup_py'
[0.298s] Level 1:colcon.colcon_core.package_identification:_identify(src/Self-Driving-and-ROS-2-Learn-by-Doing-Plan-Navigation/Section4_Path_Planning/bumperbot_ws/src/bumperbot_bringup) by extensions ['ignore', 'ignore_ament_install']
[0.298s] Level 1:colcon.colcon_core.package_identification:_identify(src/Self-Driving-and-ROS-2-Learn-by-Doing-Plan-Navigation/Section4_Path_Planning/bumperbot_ws/src/bumperbot_bringup) by extension 'ignore'
[0.298s] Level 1:colcon.colcon_core.package_identification:_identify(src/Self-Driving-and-ROS-2-Learn-by-Doing-Plan-Navigation/Section4_Path_Planning/bumperbot_ws/src/bumperbot_bringup) by extension 'ignore_ament_install'
[0.298s] Level 1:colcon.colcon_core.package_identification:_identify(src/Self-Driving-and-ROS-2-Learn-by-Doing-Plan-Navigation/Section4_Path_Planning/bumperbot_ws/src/bumperbot_bringup) by extensions ['colcon_pkg']
[0.298s] Level 1:colcon.colcon_core.package_identification:_identify(src/Self-Driving-and-ROS-2-Learn-by-Doing-Plan-Navigation/Section4_Path_Planning/bumperbot_ws/src/bumperbot_bringup) by extension 'colcon_pkg'
[0.298s] Level 1:colcon.colcon_core.package_identification:_identify(src/Self-Driving-and-ROS-2-Learn-by-Doing-Plan-Navigation/Section4_Path_Planning/bumperbot_ws/src/bumperbot_bringup) by extensions ['colcon_meta']
[0.298s] Level 1:colcon.colcon_core.package_identification:_identify(src/Self-Driving-and-ROS-2-Learn-by-Doing-Plan-Navigation/Section4_Path_Planning/bumperbot_ws/src/bumperbot_bringup) by extension 'colcon_meta'
[0.298s] Level 1:colcon.colcon_core.package_identification:_identify(src/Self-Driving-and-ROS-2-Learn-by-Doing-Plan-Navigation/Section4_Path_Planning/bumperbot_ws/src/bumperbot_bringup) by extensions ['ros']
[0.298s] Level 1:colcon.colcon_core.package_identification:_identify(src/Self-Driving-and-ROS-2-Learn-by-Doing-Plan-Navigation/Section4_Path_Planning/bumperbot_ws/src/bumperbot_bringup) by extension 'ros'
[0.299s] DEBUG:colcon.colcon_core.package_identification:Package 'src/Self-Driving-and-ROS-2-Learn-by-Doing-Plan-Navigation/Section4_Path_Planning/bumperbot_ws/src/bumperbot_bringup' with type 'ros.ament_cmake' and name 'bumperbot_bringup'
[0.299s] Level 1:colcon.colcon_core.package_identification:_identify(src/Self-Driving-and-ROS-2-Learn-by-Doing-Plan-Navigation/Section4_Path_Planning/bumperbot_ws/src/bumperbot_controller) by extensions ['ignore', 'ignore_ament_install']
[0.299s] Level 1:colcon.colcon_core.package_identification:_identify(src/Self-Driving-and-ROS-2-Learn-by-Doing-Plan-Navigation/Section4_Path_Planning/bumperbot_ws/src/bumperbot_controller) by extension 'ignore'
[0.299s] Level 1:colcon.colcon_core.package_identification:_identify(src/Self-Driving-and-ROS-2-Learn-by-Doing-Plan-Navigation/Section4_Path_Planning/bumperbot_ws/src/bumperbot_controller) by extension 'ignore_ament_install'
[0.299s] Level 1:colcon.colcon_core.package_identification:_identify(src/Self-Driving-and-ROS-2-Learn-by-Doing-Plan-Navigation/Section4_Path_Planning/bumperbot_ws/src/bumperbot_controller) by extensions ['colcon_pkg']
[0.299s] Level 1:colcon.colcon_core.package_identification:_identify(src/Self-Driving-and-ROS-2-Learn-by-Doing-Plan-Navigation/Section4_Path_Planning/bumperbot_ws/src/bumperbot_controller) by extension 'colcon_pkg'
[0.299s] Level 1:colcon.colcon_core.package_identification:_identify(src/Self-Driving-and-ROS-2-Learn-by-Doing-Plan-Navigation/Section4_Path_Planning/bumperbot_ws/src/bumperbot_controller) by extensions ['colcon_meta']
[0.299s] Level 1:colcon.colcon_core.package_identification:_identify(src/Self-Driving-and-ROS-2-Learn-by-Doing-Plan-Navigation/Section4_Path_Planning/bumperbot_ws/src/bumperbot_controller) by extension 'colcon_meta'
[0.299s] Level 1:colcon.colcon_core.package_identification:_identify(src/Self-Driving-and-ROS-2-Learn-by-Doing-Plan-Navigation/Section4_Path_Planning/bumperbot_ws/src/bumperbot_controller) by extensions ['ros']
[0.299s] Level 1:colcon.colcon_core.package_identification:_identify(src/Self-Driving-and-ROS-2-Learn-by-Doing-Plan-Navigation/Section4_Path_Planning/bumperbot_ws/src/bumperbot_controller) by extension 'ros'
[0.301s] DEBUG:colcon.colcon_core.package_identification:Package 'src/Self-Driving-and-ROS-2-Learn-by-Doing-Plan-Navigation/Section4_Path_Planning/bumperbot_ws/src/bumperbot_controller' with type 'ros.ament_cmake' and name 'bumperbot_controller'
[0.301s] Level 1:colcon.colcon_core.package_identification:_identify(src/Self-Driving-and-ROS-2-Learn-by-Doing-Plan-Navigation/Section4_Path_Planning/bumperbot_ws/src/bumperbot_cpp_examples) by extensions ['ignore', 'ignore_ament_install']
[0.301s] Level 1:colcon.colcon_core.package_identification:_identify(src/Self-Driving-and-ROS-2-Learn-by-Doing-Plan-Navigation/Section4_Path_Planning/bumperbot_ws/src/bumperbot_cpp_examples) by extension 'ignore'
[0.301s] Level 1:colcon.colcon_core.package_identification:_identify(src/Self-Driving-and-ROS-2-Learn-by-Doing-Plan-Navigation/Section4_Path_Planning/bumperbot_ws/src/bumperbot_cpp_examples) by extension 'ignore_ament_install'
[0.301s] Level 1:colcon.colcon_core.package_identification:_identify(src/Self-Driving-and-ROS-2-Learn-by-Doing-Plan-Navigation/Section4_Path_Planning/bumperbot_ws/src/bumperbot_cpp_examples) by extensions ['colcon_pkg']
[0.301s] Level 1:colcon.colcon_core.package_identification:_identify(src/Self-Driving-and-ROS-2-Learn-by-Doing-Plan-Navigation/Section4_Path_Planning/bumperbot_ws/src/bumperbot_cpp_examples) by extension 'colcon_pkg'
[0.301s] Level 1:colcon.colcon_core.package_identification:_identify(src/Self-Driving-and-ROS-2-Learn-by-Doing-Plan-Navigation/Section4_Path_Planning/bumperbot_ws/src/bumperbot_cpp_examples) by extensions ['colcon_meta']
[0.301s] Level 1:colcon.colcon_core.package_identification:_identify(src/Self-Driving-and-ROS-2-Learn-by-Doing-Plan-Navigation/Section4_Path_Planning/bumperbot_ws/src/bumperbot_cpp_examples) by extension 'colcon_meta'
[0.301s] Level 1:colcon.colcon_core.package_identification:_identify(src/Self-Driving-and-ROS-2-Learn-by-Doing-Plan-Navigation/Section4_Path_Planning/bumperbot_ws/src/bumperbot_cpp_examples) by extensions ['ros']
[0.301s] Level 1:colcon.colcon_core.package_identification:_identify(src/Self-Driving-and-ROS-2-Learn-by-Doing-Plan-Navigation/Section4_Path_Planning/bumperbot_ws/src/bumperbot_cpp_examples) by extension 'ros'
[0.302s] DEBUG:colcon.colcon_core.package_identification:Package 'src/Self-Driving-and-ROS-2-Learn-by-Doing-Plan-Navigation/Section4_Path_Planning/bumperbot_ws/src/bumperbot_cpp_examples' with type 'ros.ament_cmake' and name 'bumperbot_cpp_examples'
[0.303s] Level 1:colcon.colcon_core.package_identification:_identify(src/Self-Driving-and-ROS-2-Learn-by-Doing-Plan-Navigation/Section4_Path_Planning/bumperbot_ws/src/bumperbot_description) by extensions ['ignore', 'ignore_ament_install']
[0.303s] Level 1:colcon.colcon_core.package_identification:_identify(src/Self-Driving-and-ROS-2-Learn-by-Doing-Plan-Navigation/Section4_Path_Planning/bumperbot_ws/src/bumperbot_description) by extension 'ignore'
[0.303s] Level 1:colcon.colcon_core.package_identification:_identify(src/Self-Driving-and-ROS-2-Learn-by-Doing-Plan-Navigation/Section4_Path_Planning/bumperbot_ws/src/bumperbot_description) by extension 'ignore_ament_install'
[0.303s] Level 1:colcon.colcon_core.package_identification:_identify(src/Self-Driving-and-ROS-2-Learn-by-Doing-Plan-Navigation/Section4_Path_Planning/bumperbot_ws/src/bumperbot_description) by extensions ['colcon_pkg']
[0.303s] Level 1:colcon.colcon_core.package_identification:_identify(src/Self-Driving-and-ROS-2-Learn-by-Doing-Plan-Navigation/Section4_Path_Planning/bumperbot_ws/src/bumperbot_description) by extension 'colcon_pkg'
[0.303s] Level 1:colcon.colcon_core.package_identification:_identify(src/Self-Driving-and-ROS-2-Learn-by-Doing-Plan-Navigation/Section4_Path_Planning/bumperbot_ws/src/bumperbot_description) by extensions ['colcon_meta']
[0.303s] Level 1:colcon.colcon_core.package_identification:_identify(src/Self-Driving-and-ROS-2-Learn-by-Doing-Plan-Navigation/Section4_Path_Planning/bumperbot_ws/src/bumperbot_description) by extension 'colcon_meta'
[0.303s] Level 1:colcon.colcon_core.package_identification:_identify(src/Self-Driving-and-ROS-2-Learn-by-Doing-Plan-Navigation/Section4_Path_Planning/bumperbot_ws/src/bumperbot_description) by extensions ['ros']
[0.303s] Level 1:colcon.colcon_core.package_identification:_identify(src/Self-Driving-and-ROS-2-Learn-by-Doing-Plan-Navigation/Section4_Path_Planning/bumperbot_ws/src/bumperbot_description) by extension 'ros'
[0.304s] DEBUG:colcon.colcon_core.package_identification:Package 'src/Self-Driving-and-ROS-2-Learn-by-Doing-Plan-Navigation/Section4_Path_Planning/bumperbot_ws/src/bumperbot_description' with type 'ros.ament_cmake' and name 'bumperbot_description'
[0.304s] Level 1:colcon.colcon_core.package_identification:_identify(src/Self-Driving-and-ROS-2-Learn-by-Doing-Plan-Navigation/Section4_Path_Planning/bumperbot_ws/src/bumperbot_firmware) by extensions ['ignore', 'ignore_ament_install']
[0.304s] Level 1:colcon.colcon_core.package_identification:_identify(src/Self-Driving-and-ROS-2-Learn-by-Doing-Plan-Navigation/Section4_Path_Planning/bumperbot_ws/src/bumperbot_firmware) by extension 'ignore'
[0.304s] Level 1:colcon.colcon_core.package_identification:_identify(src/Self-Driving-and-ROS-2-Learn-by-Doing-Plan-Navigation/Section4_Path_Planning/bumperbot_ws/src/bumperbot_firmware) by extension 'ignore_ament_install'
[0.305s] Level 1:colcon.colcon_core.package_identification:_identify(src/Self-Driving-and-ROS-2-Learn-by-Doing-Plan-Navigation/Section4_Path_Planning/bumperbot_ws/src/bumperbot_firmware) by extensions ['colcon_pkg']
[0.305s] Level 1:colcon.colcon_core.package_identification:_identify(src/Self-Driving-and-ROS-2-Learn-by-Doing-Plan-Navigation/Section4_Path_Planning/bumperbot_ws/src/bumperbot_firmware) by extension 'colcon_pkg'
[0.305s] Level 1:colcon.colcon_core.package_identification:_identify(src/Self-Driving-and-ROS-2-Learn-by-Doing-Plan-Navigation/Section4_Path_Planning/bumperbot_ws/src/bumperbot_firmware) by extensions ['colcon_meta']
[0.305s] Level 1:colcon.colcon_core.package_identification:_identify(src/Self-Driving-and-ROS-2-Learn-by-Doing-Plan-Navigation/Section4_Path_Planning/bumperbot_ws/src/bumperbot_firmware) by extension 'colcon_meta'
[0.305s] Level 1:colcon.colcon_core.package_identification:_identify(src/Self-Driving-and-ROS-2-Learn-by-Doing-Plan-Navigation/Section4_Path_Planning/bumperbot_ws/src/bumperbot_firmware) by extensions ['ros']
[0.305s] Level 1:colcon.colcon_core.package_identification:_identify(src/Self-Driving-and-ROS-2-Learn-by-Doing-Plan-Navigation/Section4_Path_Planning/bumperbot_ws/src/bumperbot_firmware) by extension 'ros'
[0.306s] DEBUG:colcon.colcon_core.package_identification:Package 'src/Self-Driving-and-ROS-2-Learn-by-Doing-Plan-Navigation/Section4_Path_Planning/bumperbot_ws/src/bumperbot_firmware' with type 'ros.ament_cmake' and name 'bumperbot_firmware'
[0.306s] Level 1:colcon.colcon_core.package_identification:_identify(src/Self-Driving-and-ROS-2-Learn-by-Doing-Plan-Navigation/Section4_Path_Planning/bumperbot_ws/src/bumperbot_localization) by extensions ['ignore', 'ignore_ament_install']
[0.306s] Level 1:colcon.colcon_core.package_identification:_identify(src/Self-Driving-and-ROS-2-Learn-by-Doing-Plan-Navigation/Section4_Path_Planning/bumperbot_ws/src/bumperbot_localization) by extension 'ignore'
[0.306s] Level 1:colcon.colcon_core.package_identification:_identify(src/Self-Driving-and-ROS-2-Learn-by-Doing-Plan-Navigation/Section4_Path_Planning/bumperbot_ws/src/bumperbot_localization) by extension 'ignore_ament_install'
[0.306s] Level 1:colcon.colcon_core.package_identification:_identify(src/Self-Driving-and-ROS-2-Learn-by-Doing-Plan-Navigation/Section4_Path_Planning/bumperbot_ws/src/bumperbot_localization) by extensions ['colcon_pkg']
[0.306s] Level 1:colcon.colcon_core.package_identification:_identify(src/Self-Driving-and-ROS-2-Learn-by-Doing-Plan-Navigation/Section4_Path_Planning/bumperbot_ws/src/bumperbot_localization) by extension 'colcon_pkg'
[0.306s] Level 1:colcon.colcon_core.package_identification:_identify(src/Self-Driving-and-ROS-2-Learn-by-Doing-Plan-Navigation/Section4_Path_Planning/bumperbot_ws/src/bumperbot_localization) by extensions ['colcon_meta']
[0.306s] Level 1:colcon.colcon_core.package_identification:_identify(src/Self-Driving-and-ROS-2-Learn-by-Doing-Plan-Navigation/Section4_Path_Planning/bumperbot_ws/src/bumperbot_localization) by extension 'colcon_meta'
[0.306s] Level 1:colcon.colcon_core.package_identification:_identify(src/Self-Driving-and-ROS-2-Learn-by-Doing-Plan-Navigation/Section4_Path_Planning/bumperbot_ws/src/bumperbot_localization) by extensions ['ros']
[0.306s] Level 1:colcon.colcon_core.package_identification:_identify(src/Self-Driving-and-ROS-2-Learn-by-Doing-Plan-Navigation/Section4_Path_Planning/bumperbot_ws/src/bumperbot_localization) by extension 'ros'
[0.307s] DEBUG:colcon.colcon_core.package_identification:Package 'src/Self-Driving-and-ROS-2-Learn-by-Doing-Plan-Navigation/Section4_Path_Planning/bumperbot_ws/src/bumperbot_localization' with type 'ros.ament_cmake' and name 'bumperbot_localization'
[0.308s] Level 1:colcon.colcon_core.package_identification:_identify(src/Self-Driving-and-ROS-2-Learn-by-Doing-Plan-Navigation/Section4_Path_Planning/bumperbot_ws/src/bumperbot_mapping) by extensions ['ignore', 'ignore_ament_install']
[0.308s] Level 1:colcon.colcon_core.package_identification:_identify(src/Self-Driving-and-ROS-2-Learn-by-Doing-Plan-Navigation/Section4_Path_Planning/bumperbot_ws/src/bumperbot_mapping) by extension 'ignore'
[0.308s] Level 1:colcon.colcon_core.package_identification:_identify(src/Self-Driving-and-ROS-2-Learn-by-Doing-Plan-Navigation/Section4_Path_Planning/bumperbot_ws/src/bumperbot_mapping) by extension 'ignore_ament_install'
[0.308s] Level 1:colcon.colcon_core.package_identification:_identify(src/Self-Driving-and-ROS-2-Learn-by-Doing-Plan-Navigation/Section4_Path_Planning/bumperbot_ws/src/bumperbot_mapping) by extensions ['colcon_pkg']
[0.308s] Level 1:colcon.colcon_core.package_identification:_identify(src/Self-Driving-and-ROS-2-Learn-by-Doing-Plan-Navigation/Section4_Path_Planning/bumperbot_ws/src/bumperbot_mapping) by extension 'colcon_pkg'
[0.308s] Level 1:colcon.colcon_core.package_identification:_identify(src/Self-Driving-and-ROS-2-Learn-by-Doing-Plan-Navigation/Section4_Path_Planning/bumperbot_ws/src/bumperbot_mapping) by extensions ['colcon_meta']
[0.308s] Level 1:colcon.colcon_core.package_identification:_identify(src/Self-Driving-and-ROS-2-Learn-by-Doing-Plan-Navigation/Section4_Path_Planning/bumperbot_ws/src/bumperbot_mapping) by extension 'colcon_meta'
[0.308s] Level 1:colcon.colcon_core.package_identification:_identify(src/Self-Driving-and-ROS-2-Learn-by-Doing-Plan-Navigation/Section4_Path_Planning/bumperbot_ws/src/bumperbot_mapping) by extensions ['ros']
[0.308s] Level 1:colcon.colcon_core.package_identification:_identify(src/Self-Driving-and-ROS-2-Learn-by-Doing-Plan-Navigation/Section4_Path_Planning/bumperbot_ws/src/bumperbot_mapping) by extension 'ros'
[0.309s] DEBUG:colcon.colcon_core.package_identification:Package 'src/Self-Driving-and-ROS-2-Learn-by-Doing-Plan-Navigation/Section4_Path_Planning/bumperbot_ws/src/bumperbot_mapping' with type 'ros.ament_cmake' and name 'bumperbot_mapping'
[0.309s] Level 1:colcon.colcon_core.package_identification:_identify(src/Self-Driving-and-ROS-2-Learn-by-Doing-Plan-Navigation/Section4_Path_Planning/bumperbot_ws/src/bumperbot_msgs) by extensions ['ignore', 'ignore_ament_install']
[0.310s] Level 1:colcon.colcon_core.package_identification:_identify(src/Self-Driving-and-ROS-2-Learn-by-Doing-Plan-Navigation/Section4_Path_Planning/bumperbot_ws/src/bumperbot_msgs) by extension 'ignore'
[0.310s] Level 1:colcon.colcon_core.package_identification:_identify(src/Self-Driving-and-ROS-2-Learn-by-Doing-Plan-Navigation/Section4_Path_Planning/bumperbot_ws/src/bumperbot_msgs) by extension 'ignore_ament_install'
[0.310s] Level 1:colcon.colcon_core.package_identification:_identify(src/Self-Driving-and-ROS-2-Learn-by-Doing-Plan-Navigation/Section4_Path_Planning/bumperbot_ws/src/bumperbot_msgs) by extensions ['colcon_pkg']
[0.310s] Level 1:colcon.colcon_core.package_identification:_identify(src/Self-Driving-and-ROS-2-Learn-by-Doing-Plan-Navigation/Section4_Path_Planning/bumperbot_ws/src/bumperbot_msgs) by extension 'colcon_pkg'
[0.310s] Level 1:colcon.colcon_core.package_identification:_identify(src/Self-Driving-and-ROS-2-Learn-by-Doing-Plan-Navigation/Section4_Path_Planning/bumperbot_ws/src/bumperbot_msgs) by extensions ['colcon_meta']
[0.310s] Level 1:colcon.colcon_core.package_identification:_identify(src/Self-Driving-and-ROS-2-Learn-by-Doing-Plan-Navigation/Section4_Path_Planning/bumperbot_ws/src/bumperbot_msgs) by extension 'colcon_meta'
[0.310s] Level 1:colcon.colcon_core.package_identification:_identify(src/Self-Driving-and-ROS-2-Learn-by-Doing-Plan-Navigation/Section4_Path_Planning/bumperbot_ws/src/bumperbot_msgs) by extensions ['ros']
[0.310s] Level 1:colcon.colcon_core.package_identification:_identify(src/Self-Driving-and-ROS-2-Learn-by-Doing-Plan-Navigation/Section4_Path_Planning/bumperbot_ws/src/bumperbot_msgs) by extension 'ros'
[0.311s] DEBUG:colcon.colcon_core.package_identification:Package 'src/Self-Driving-and-ROS-2-Learn-by-Doing-Plan-Navigation/Section4_Path_Planning/bumperbot_ws/src/bumperbot_msgs' with type 'ros.ament_cmake' and name 'bumperbot_msgs'
[0.311s] Level 1:colcon.colcon_core.package_identification:_identify(src/Self-Driving-and-ROS-2-Learn-by-Doing-Plan-Navigation/Section4_Path_Planning/bumperbot_ws/src/bumperbot_planning) by extensions ['ignore', 'ignore_ament_install']
[0.311s] Level 1:colcon.colcon_core.package_identification:_identify(src/Self-Driving-and-ROS-2-Learn-by-Doing-Plan-Navigation/Section4_Path_Planning/bumperbot_ws/src/bumperbot_planning) by extension 'ignore'
[0.311s] Level 1:colcon.colcon_core.package_identification:_identify(src/Self-Driving-and-ROS-2-Learn-by-Doing-Plan-Navigation/Section4_Path_Planning/bumperbot_ws/src/bumperbot_planning) by extension 'ignore_ament_install'
[0.311s] Level 1:colcon.colcon_core.package_identification:_identify(src/Self-Driving-and-ROS-2-Learn-by-Doing-Plan-Navigation/Section4_Path_Planning/bumperbot_ws/src/bumperbot_planning) by extensions ['colcon_pkg']
[0.311s] Level 1:colcon.colcon_core.package_identification:_identify(src/Self-Driving-and-ROS-2-Learn-by-Doing-Plan-Navigation/Section4_Path_Planning/bumperbot_ws/src/bumperbot_planning) by extension 'colcon_pkg'
[0.311s] Level 1:colcon.colcon_core.package_identification:_identify(src/Self-Driving-and-ROS-2-Learn-by-Doing-Plan-Navigation/Section4_Path_Planning/bumperbot_ws/src/bumperbot_planning) by extensions ['colcon_meta']
[0.311s] Level 1:colcon.colcon_core.package_identification:_identify(src/Self-Driving-and-ROS-2-Learn-by-Doing-Plan-Navigation/Section4_Path_Planning/bumperbot_ws/src/bumperbot_planning) by extension 'colcon_meta'
[0.311s] Level 1:colcon.colcon_core.package_identification:_identify(src/Self-Driving-and-ROS-2-Learn-by-Doing-Plan-Navigation/Section4_Path_Planning/bumperbot_ws/src/bumperbot_planning) by extensions ['ros']
[0.311s] Level 1:colcon.colcon_core.package_identification:_identify(src/Self-Driving-and-ROS-2-Learn-by-Doing-Plan-Navigation/Section4_Path_Planning/bumperbot_ws/src/bumperbot_planning) by extension 'ros'
[0.312s] DEBUG:colcon.colcon_core.package_identification:Package 'src/Self-Driving-and-ROS-2-Learn-by-Doing-Plan-Navigation/Section4_Path_Planning/bumperbot_ws/src/bumperbot_planning' with type 'ros.ament_cmake' and name 'bumperbot_planning'
[0.312s] Level 1:colcon.colcon_core.package_identification:_identify(src/Self-Driving-and-ROS-2-Learn-by-Doing-Plan-Navigation/Section4_Path_Planning/bumperbot_ws/src/bumperbot_py_examples) by extensions ['ignore', 'ignore_ament_install']
[0.312s] Level 1:colcon.colcon_core.package_identification:_identify(src/Self-Driving-and-ROS-2-Learn-by-Doing-Plan-Navigation/Section4_Path_Planning/bumperbot_ws/src/bumperbot_py_examples) by extension 'ignore'
[0.312s] Level 1:colcon.colcon_core.package_identification:_identify(src/Self-Driving-and-ROS-2-Learn-by-Doing-Plan-Navigation/Section4_Path_Planning/bumperbot_ws/src/bumperbot_py_examples) by extension 'ignore_ament_install'
[0.312s] Level 1:colcon.colcon_core.package_identification:_identify(src/Self-Driving-and-ROS-2-Learn-by-Doing-Plan-Navigation/Section4_Path_Planning/bumperbot_ws/src/bumperbot_py_examples) by extensions ['colcon_pkg']
[0.312s] Level 1:colcon.colcon_core.package_identification:_identify(src/Self-Driving-and-ROS-2-Learn-by-Doing-Plan-Navigation/Section4_Path_Planning/bumperbot_ws/src/bumperbot_py_examples) by extension 'colcon_pkg'
[0.312s] Level 1:colcon.colcon_core.package_identification:_identify(src/Self-Driving-and-ROS-2-Learn-by-Doing-Plan-Navigation/Section4_Path_Planning/bumperbot_ws/src/bumperbot_py_examples) by extensions ['colcon_meta']
[0.312s] Level 1:colcon.colcon_core.package_identification:_identify(src/Self-Driving-and-ROS-2-Learn-by-Doing-Plan-Navigation/Section4_Path_Planning/bumperbot_ws/src/bumperbot_py_examples) by extension 'colcon_meta'
[0.312s] Level 1:colcon.colcon_core.package_identification:_identify(src/Self-Driving-and-ROS-2-Learn-by-Doing-Plan-Navigation/Section4_Path_Planning/bumperbot_ws/src/bumperbot_py_examples) by extensions ['ros']
[0.312s] Level 1:colcon.colcon_core.package_identification:_identify(src/Self-Driving-and-ROS-2-Learn-by-Doing-Plan-Navigation/Section4_Path_Planning/bumperbot_ws/src/bumperbot_py_examples) by extension 'ros'
[0.313s] DEBUG:colcon.colcon_core.package_identification:Package 'src/Self-Driving-and-ROS-2-Learn-by-Doing-Plan-Navigation/Section4_Path_Planning/bumperbot_ws/src/bumperbot_py_examples' with type 'ros.ament_python' and name 'bumperbot_py_examples'
[0.313s] Level 1:colcon.colcon_core.package_identification:_identify(src/Self-Driving-and-ROS-2-Learn-by-Doing-Plan-Navigation/Section4_Path_Planning/bumperbot_ws/src/bumperbot_utils) by extensions ['ignore', 'ignore_ament_install']
[0.313s] Level 1:colcon.colcon_core.package_identification:_identify(src/Self-Driving-and-ROS-2-Learn-by-Doing-Plan-Navigation/Section4_Path_Planning/bumperbot_ws/src/bumperbot_utils) by extension 'ignore'
[0.314s] Level 1:colcon.colcon_core.package_identification:_identify(src/Self-Driving-and-ROS-2-Learn-by-Doing-Plan-Navigation/Section4_Path_Planning/bumperbot_ws/src/bumperbot_utils) by extension 'ignore_ament_install'
[0.314s] Level 1:colcon.colcon_core.package_identification:_identify(src/Self-Driving-and-ROS-2-Learn-by-Doing-Plan-Navigation/Section4_Path_Planning/bumperbot_ws/src/bumperbot_utils) by extensions ['colcon_pkg']
[0.314s] Level 1:colcon.colcon_core.package_identification:_identify(src/Self-Driving-and-ROS-2-Learn-by-Doing-Plan-Navigation/Section4_Path_Planning/bumperbot_ws/src/bumperbot_utils) by extension 'colcon_pkg'
[0.314s] Level 1:colcon.colcon_core.package_identification:_identify(src/Self-Driving-and-ROS-2-Learn-by-Doing-Plan-Navigation/Section4_Path_Planning/bumperbot_ws/src/bumperbot_utils) by extensions ['colcon_meta']
[0.314s] Level 1:colcon.colcon_core.package_identification:_identify(src/Self-Driving-and-ROS-2-Learn-by-Doing-Plan-Navigation/Section4_Path_Planning/bumperbot_ws/src/bumperbot_utils) by extension 'colcon_meta'
[0.314s] Level 1:colcon.colcon_core.package_identification:_identify(src/Self-Driving-and-ROS-2-Learn-by-Doing-Plan-Navigation/Section4_Path_Planning/bumperbot_ws/src/bumperbot_utils) by extensions ['ros']
[0.314s] Level 1:colcon.colcon_core.package_identification:_identify(src/Self-Driving-and-ROS-2-Learn-by-Doing-Plan-Navigation/Section4_Path_Planning/bumperbot_ws/src/bumperbot_utils) by extension 'ros'
[0.315s] DEBUG:colcon.colcon_core.package_identification:Package 'src/Self-Driving-and-ROS-2-Learn-by-Doing-Plan-Navigation/Section4_Path_Planning/bumperbot_ws/src/bumperbot_utils' with type 'ros.ament_cmake' and name 'bumperbot_utils'
[0.315s] Level 1:colcon.colcon_core.package_identification:_identify(src/Self-Driving-and-ROS-2-Learn-by-Doing-Plan-Navigation/Section5_Motion_Planning) by extensions ['ignore', 'ignore_ament_install']
[0.315s] Level 1:colcon.colcon_core.package_identification:_identify(src/Self-Driving-and-ROS-2-Learn-by-Doing-Plan-Navigation/Section5_Motion_Planning) by extension 'ignore'
[0.315s] Level 1:colcon.colcon_core.package_identification:_identify(src/Self-Driving-and-ROS-2-Learn-by-Doing-Plan-Navigation/Section5_Motion_Planning) by extension 'ignore_ament_install'
[0.315s] Level 1:colcon.colcon_core.package_identification:_identify(src/Self-Driving-and-ROS-2-Learn-by-Doing-Plan-Navigation/Section5_Motion_Planning) by extensions ['colcon_pkg']
[0.315s] Level 1:colcon.colcon_core.package_identification:_identify(src/Self-Driving-and-ROS-2-Learn-by-Doing-Plan-Navigation/Section5_Motion_Planning) by extension 'colcon_pkg'
[0.315s] Level 1:colcon.colcon_core.package_identification:_identify(src/Self-Driving-and-ROS-2-Learn-by-Doing-Plan-Navigation/Section5_Motion_Planning) by extensions ['colcon_meta']
[0.315s] Level 1:colcon.colcon_core.package_identification:_identify(src/Self-Driving-and-ROS-2-Learn-by-Doing-Plan-Navigation/Section5_Motion_Planning) by extension 'colcon_meta'
[0.315s] Level 1:colcon.colcon_core.package_identification:_identify(src/Self-Driving-and-ROS-2-Learn-by-Doing-Plan-Navigation/Section5_Motion_Planning) by extensions ['ros']
[0.315s] Level 1:colcon.colcon_core.package_identification:_identify(src/Self-Driving-and-ROS-2-Learn-by-Doing-Plan-Navigation/Section5_Motion_Planning) by extension 'ros'
[0.315s] Level 1:colcon.colcon_core.package_identification:_identify(src/Self-Driving-and-ROS-2-Learn-by-Doing-Plan-Navigation/Section5_Motion_Planning) by extensions ['cmake', 'python']
[0.315s] Level 1:colcon.colcon_core.package_identification:_identify(src/Self-Driving-and-ROS-2-Learn-by-Doing-Plan-Navigation/Section5_Motion_Planning) by extension 'cmake'
[0.315s] Level 1:colcon.colcon_core.package_identification:_identify(src/Self-Driving-and-ROS-2-Learn-by-Doing-Plan-Navigation/Section5_Motion_Planning) by extension 'python'
[0.315s] Level 1:colcon.colcon_core.package_identification:_identify(src/Self-Driving-and-ROS-2-Learn-by-Doing-Plan-Navigation/Section5_Motion_Planning) by extensions ['python_setup_py']
[0.315s] Level 1:colcon.colcon_core.package_identification:_identify(src/Self-Driving-and-ROS-2-Learn-by-Doing-Plan-Navigation/Section5_Motion_Planning) by extension 'python_setup_py'
[0.315s] Level 1:colcon.colcon_core.package_identification:_identify(src/Self-Driving-and-ROS-2-Learn-by-Doing-Plan-Navigation/Section5_Motion_Planning/bumperbot_ws) by extensions ['ignore', 'ignore_ament_install']
[0.315s] Level 1:colcon.colcon_core.package_identification:_identify(src/Self-Driving-and-ROS-2-Learn-by-Doing-Plan-Navigation/Section5_Motion_Planning/bumperbot_ws) by extension 'ignore'
[0.315s] Level 1:colcon.colcon_core.package_identification:_identify(src/Self-Driving-and-ROS-2-Learn-by-Doing-Plan-Navigation/Section5_Motion_Planning/bumperbot_ws) by extension 'ignore_ament_install'
[0.315s] Level 1:colcon.colcon_core.package_identification:_identify(src/Self-Driving-and-ROS-2-Learn-by-Doing-Plan-Navigation/Section5_Motion_Planning/bumperbot_ws) by extensions ['colcon_pkg']
[0.315s] Level 1:colcon.colcon_core.package_identification:_identify(src/Self-Driving-and-ROS-2-Learn-by-Doing-Plan-Navigation/Section5_Motion_Planning/bumperbot_ws) by extension 'colcon_pkg'
[0.315s] Level 1:colcon.colcon_core.package_identification:_identify(src/Self-Driving-and-ROS-2-Learn-by-Doing-Plan-Navigation/Section5_Motion_Planning/bumperbot_ws) by extensions ['colcon_meta']
[0.315s] Level 1:colcon.colcon_core.package_identification:_identify(src/Self-Driving-and-ROS-2-Learn-by-Doing-Plan-Navigation/Section5_Motion_Planning/bumperbot_ws) by extension 'colcon_meta'
[0.315s] Level 1:colcon.colcon_core.package_identification:_identify(src/Self-Driving-and-ROS-2-Learn-by-Doing-Plan-Navigation/Section5_Motion_Planning/bumperbot_ws) by extensions ['ros']
[0.315s] Level 1:colcon.colcon_core.package_identification:_identify(src/Self-Driving-and-ROS-2-Learn-by-Doing-Plan-Navigation/Section5_Motion_Planning/bumperbot_ws) by extension 'ros'
[0.316s] Level 1:colcon.colcon_core.package_identification:_identify(src/Self-Driving-and-ROS-2-Learn-by-Doing-Plan-Navigation/Section5_Motion_Planning/bumperbot_ws) by extensions ['cmake', 'python']
[0.316s] Level 1:colcon.colcon_core.package_identification:_identify(src/Self-Driving-and-ROS-2-Learn-by-Doing-Plan-Navigation/Section5_Motion_Planning/bumperbot_ws) by extension 'cmake'
[0.316s] Level 1:colcon.colcon_core.package_identification:_identify(src/Self-Driving-and-ROS-2-Learn-by-Doing-Plan-Navigation/Section5_Motion_Planning/bumperbot_ws) by extension 'python'
[0.316s] Level 1:colcon.colcon_core.package_identification:_identify(src/Self-Driving-and-ROS-2-Learn-by-Doing-Plan-Navigation/Section5_Motion_Planning/bumperbot_ws) by extensions ['python_setup_py']
[0.316s] Level 1:colcon.colcon_core.package_identification:_identify(src/Self-Driving-and-ROS-2-Learn-by-Doing-Plan-Navigation/Section5_Motion_Planning/bumperbot_ws) by extension 'python_setup_py'
[0.316s] Level 1:colcon.colcon_core.package_identification:_identify(src/Self-Driving-and-ROS-2-Learn-by-Doing-Plan-Navigation/Section5_Motion_Planning/bumperbot_ws/src) by extensions ['ignore', 'ignore_ament_install']
[0.316s] Level 1:colcon.colcon_core.package_identification:_identify(src/Self-Driving-and-ROS-2-Learn-by-Doing-Plan-Navigation/Section5_Motion_Planning/bumperbot_ws/src) by extension 'ignore'
[0.316s] Level 1:colcon.colcon_core.package_identification:_identify(src/Self-Driving-and-ROS-2-Learn-by-Doing-Plan-Navigation/Section5_Motion_Planning/bumperbot_ws/src) by extension 'ignore_ament_install'
[0.316s] Level 1:colcon.colcon_core.package_identification:_identify(src/Self-Driving-and-ROS-2-Learn-by-Doing-Plan-Navigation/Section5_Motion_Planning/bumperbot_ws/src) by extensions ['colcon_pkg']
[0.316s] Level 1:colcon.colcon_core.package_identification:_identify(src/Self-Driving-and-ROS-2-Learn-by-Doing-Plan-Navigation/Section5_Motion_Planning/bumperbot_ws/src) by extension 'colcon_pkg'
[0.316s] Level 1:colcon.colcon_core.package_identification:_identify(src/Self-Driving-and-ROS-2-Learn-by-Doing-Plan-Navigation/Section5_Motion_Planning/bumperbot_ws/src) by extensions ['colcon_meta']
[0.316s] Level 1:colcon.colcon_core.package_identification:_identify(src/Self-Driving-and-ROS-2-Learn-by-Doing-Plan-Navigation/Section5_Motion_Planning/bumperbot_ws/src) by extension 'colcon_meta'
[0.316s] Level 1:colcon.colcon_core.package_identification:_identify(src/Self-Driving-and-ROS-2-Learn-by-Doing-Plan-Navigation/Section5_Motion_Planning/bumperbot_ws/src) by extensions ['ros']
[0.316s] Level 1:colcon.colcon_core.package_identification:_identify(src/Self-Driving-and-ROS-2-Learn-by-Doing-Plan-Navigation/Section5_Motion_Planning/bumperbot_ws/src) by extension 'ros'
[0.316s] Level 1:colcon.colcon_core.package_identification:_identify(src/Self-Driving-and-ROS-2-Learn-by-Doing-Plan-Navigation/Section5_Motion_Planning/bumperbot_ws/src) by extensions ['cmake', 'python']
[0.316s] Level 1:colcon.colcon_core.package_identification:_identify(src/Self-Driving-and-ROS-2-Learn-by-Doing-Plan-Navigation/Section5_Motion_Planning/bumperbot_ws/src) by extension 'cmake'
[0.316s] Level 1:colcon.colcon_core.package_identification:_identify(src/Self-Driving-and-ROS-2-Learn-by-Doing-Plan-Navigation/Section5_Motion_Planning/bumperbot_ws/src) by extension 'python'
[0.316s] Level 1:colcon.colcon_core.package_identification:_identify(src/Self-Driving-and-ROS-2-Learn-by-Doing-Plan-Navigation/Section5_Motion_Planning/bumperbot_ws/src) by extensions ['python_setup_py']
[0.316s] Level 1:colcon.colcon_core.package_identification:_identify(src/Self-Driving-and-ROS-2-Learn-by-Doing-Plan-Navigation/Section5_Motion_Planning/bumperbot_ws/src) by extension 'python_setup_py'
[0.316s] Level 1:colcon.colcon_core.package_identification:_identify(src/Self-Driving-and-ROS-2-Learn-by-Doing-Plan-Navigation/Section5_Motion_Planning/bumperbot_ws/src/bumperbot_bringup) by extensions ['ignore', 'ignore_ament_install']
[0.316s] Level 1:colcon.colcon_core.package_identification:_identify(src/Self-Driving-and-ROS-2-Learn-by-Doing-Plan-Navigation/Section5_Motion_Planning/bumperbot_ws/src/bumperbot_bringup) by extension 'ignore'
[0.316s] Level 1:colcon.colcon_core.package_identification:_identify(src/Self-Driving-and-ROS-2-Learn-by-Doing-Plan-Navigation/Section5_Motion_Planning/bumperbot_ws/src/bumperbot_bringup) by extension 'ignore_ament_install'
[0.316s] Level 1:colcon.colcon_core.package_identification:_identify(src/Self-Driving-and-ROS-2-Learn-by-Doing-Plan-Navigation/Section5_Motion_Planning/bumperbot_ws/src/bumperbot_bringup) by extensions ['colcon_pkg']
[0.316s] Level 1:colcon.colcon_core.package_identification:_identify(src/Self-Driving-and-ROS-2-Learn-by-Doing-Plan-Navigation/Section5_Motion_Planning/bumperbot_ws/src/bumperbot_bringup) by extension 'colcon_pkg'
[0.316s] Level 1:colcon.colcon_core.package_identification:_identify(src/Self-Driving-and-ROS-2-Learn-by-Doing-Plan-Navigation/Section5_Motion_Planning/bumperbot_ws/src/bumperbot_bringup) by extensions ['colcon_meta']
[0.316s] Level 1:colcon.colcon_core.package_identification:_identify(src/Self-Driving-and-ROS-2-Learn-by-Doing-Plan-Navigation/Section5_Motion_Planning/bumperbot_ws/src/bumperbot_bringup) by extension 'colcon_meta'
[0.316s] Level 1:colcon.colcon_core.package_identification:_identify(src/Self-Driving-and-ROS-2-Learn-by-Doing-Plan-Navigation/Section5_Motion_Planning/bumperbot_ws/src/bumperbot_bringup) by extensions ['ros']
[0.316s] Level 1:colcon.colcon_core.package_identification:_identify(src/Self-Driving-and-ROS-2-Learn-by-Doing-Plan-Navigation/Section5_Motion_Planning/bumperbot_ws/src/bumperbot_bringup) by extension 'ros'
[0.317s] DEBUG:colcon.colcon_core.package_identification:Package 'src/Self-Driving-and-ROS-2-Learn-by-Doing-Plan-Navigation/Section5_Motion_Planning/bumperbot_ws/src/bumperbot_bringup' with type 'ros.ament_cmake' and name 'bumperbot_bringup'
[0.317s] Level 1:colcon.colcon_core.package_identification:_identify(src/Self-Driving-and-ROS-2-Learn-by-Doing-Plan-Navigation/Section5_Motion_Planning/bumperbot_ws/src/bumperbot_controller) by extensions ['ignore', 'ignore_ament_install']
[0.318s] Level 1:colcon.colcon_core.package_identification:_identify(src/Self-Driving-and-ROS-2-Learn-by-Doing-Plan-Navigation/Section5_Motion_Planning/bumperbot_ws/src/bumperbot_controller) by extension 'ignore'
[0.318s] Level 1:colcon.colcon_core.package_identification:_identify(src/Self-Driving-and-ROS-2-Learn-by-Doing-Plan-Navigation/Section5_Motion_Planning/bumperbot_ws/src/bumperbot_controller) by extension 'ignore_ament_install'
[0.318s] Level 1:colcon.colcon_core.package_identification:_identify(src/Self-Driving-and-ROS-2-Learn-by-Doing-Plan-Navigation/Section5_Motion_Planning/bumperbot_ws/src/bumperbot_controller) by extensions ['colcon_pkg']
[0.318s] Level 1:colcon.colcon_core.package_identification:_identify(src/Self-Driving-and-ROS-2-Learn-by-Doing-Plan-Navigation/Section5_Motion_Planning/bumperbot_ws/src/bumperbot_controller) by extension 'colcon_pkg'
[0.318s] Level 1:colcon.colcon_core.package_identification:_identify(src/Self-Driving-and-ROS-2-Learn-by-Doing-Plan-Navigation/Section5_Motion_Planning/bumperbot_ws/src/bumperbot_controller) by extensions ['colcon_meta']
[0.318s] Level 1:colcon.colcon_core.package_identification:_identify(src/Self-Driving-and-ROS-2-Learn-by-Doing-Plan-Navigation/Section5_Motion_Planning/bumperbot_ws/src/bumperbot_controller) by extension 'colcon_meta'
[0.318s] Level 1:colcon.colcon_core.package_identification:_identify(src/Self-Driving-and-ROS-2-Learn-by-Doing-Plan-Navigation/Section5_Motion_Planning/bumperbot_ws/src/bumperbot_controller) by extensions ['ros']
[0.318s] Level 1:colcon.colcon_core.package_identification:_identify(src/Self-Driving-and-ROS-2-Learn-by-Doing-Plan-Navigation/Section5_Motion_Planning/bumperbot_ws/src/bumperbot_controller) by extension 'ros'
[0.319s] DEBUG:colcon.colcon_core.package_identification:Package 'src/Self-Driving-and-ROS-2-Learn-by-Doing-Plan-Navigation/Section5_Motion_Planning/bumperbot_ws/src/bumperbot_controller' with type 'ros.ament_cmake' and name 'bumperbot_controller'
[0.319s] Level 1:colcon.colcon_core.package_identification:_identify(src/Self-Driving-and-ROS-2-Learn-by-Doing-Plan-Navigation/Section5_Motion_Planning/bumperbot_ws/src/bumperbot_cpp_examples) by extensions ['ignore', 'ignore_ament_install']
[0.319s] Level 1:colcon.colcon_core.package_identification:_identify(src/Self-Driving-and-ROS-2-Learn-by-Doing-Plan-Navigation/Section5_Motion_Planning/bumperbot_ws/src/bumperbot_cpp_examples) by extension 'ignore'
[0.319s] Level 1:colcon.colcon_core.package_identification:_identify(src/Self-Driving-and-ROS-2-Learn-by-Doing-Plan-Navigation/Section5_Motion_Planning/bumperbot_ws/src/bumperbot_cpp_examples) by extension 'ignore_ament_install'
[0.319s] Level 1:colcon.colcon_core.package_identification:_identify(src/Self-Driving-and-ROS-2-Learn-by-Doing-Plan-Navigation/Section5_Motion_Planning/bumperbot_ws/src/bumperbot_cpp_examples) by extensions ['colcon_pkg']
[0.319s] Level 1:colcon.colcon_core.package_identification:_identify(src/Self-Driving-and-ROS-2-Learn-by-Doing-Plan-Navigation/Section5_Motion_Planning/bumperbot_ws/src/bumperbot_cpp_examples) by extension 'colcon_pkg'
[0.320s] Level 1:colcon.colcon_core.package_identification:_identify(src/Self-Driving-and-ROS-2-Learn-by-Doing-Plan-Navigation/Section5_Motion_Planning/bumperbot_ws/src/bumperbot_cpp_examples) by extensions ['colcon_meta']
[0.320s] Level 1:colcon.colcon_core.package_identification:_identify(src/Self-Driving-and-ROS-2-Learn-by-Doing-Plan-Navigation/Section5_Motion_Planning/bumperbot_ws/src/bumperbot_cpp_examples) by extension 'colcon_meta'
[0.320s] Level 1:colcon.colcon_core.package_identification:_identify(src/Self-Driving-and-ROS-2-Learn-by-Doing-Plan-Navigation/Section5_Motion_Planning/bumperbot_ws/src/bumperbot_cpp_examples) by extensions ['ros']
[0.320s] Level 1:colcon.colcon_core.package_identification:_identify(src/Self-Driving-and-ROS-2-Learn-by-Doing-Plan-Navigation/Section5_Motion_Planning/bumperbot_ws/src/bumperbot_cpp_examples) by extension 'ros'
[0.321s] DEBUG:colcon.colcon_core.package_identification:Package 'src/Self-Driving-and-ROS-2-Learn-by-Doing-Plan-Navigation/Section5_Motion_Planning/bumperbot_ws/src/bumperbot_cpp_examples' with type 'ros.ament_cmake' and name 'bumperbot_cpp_examples'
[0.321s] Level 1:colcon.colcon_core.package_identification:_identify(src/Self-Driving-and-ROS-2-Learn-by-Doing-Plan-Navigation/Section5_Motion_Planning/bumperbot_ws/src/bumperbot_description) by extensions ['ignore', 'ignore_ament_install']
[0.321s] Level 1:colcon.colcon_core.package_identification:_identify(src/Self-Driving-and-ROS-2-Learn-by-Doing-Plan-Navigation/Section5_Motion_Planning/bumperbot_ws/src/bumperbot_description) by extension 'ignore'
[0.322s] Level 1:colcon.colcon_core.package_identification:_identify(src/Self-Driving-and-ROS-2-Learn-by-Doing-Plan-Navigation/Section5_Motion_Planning/bumperbot_ws/src/bumperbot_description) by extension 'ignore_ament_install'
[0.322s] Level 1:colcon.colcon_core.package_identification:_identify(src/Self-Driving-and-ROS-2-Learn-by-Doing-Plan-Navigation/Section5_Motion_Planning/bumperbot_ws/src/bumperbot_description) by extensions ['colcon_pkg']
[0.322s] Level 1:colcon.colcon_core.package_identification:_identify(src/Self-Driving-and-ROS-2-Learn-by-Doing-Plan-Navigation/Section5_Motion_Planning/bumperbot_ws/src/bumperbot_description) by extension 'colcon_pkg'
[0.322s] Level 1:colcon.colcon_core.package_identification:_identify(src/Self-Driving-and-ROS-2-Learn-by-Doing-Plan-Navigation/Section5_Motion_Planning/bumperbot_ws/src/bumperbot_description) by extensions ['colcon_meta']
[0.322s] Level 1:colcon.colcon_core.package_identification:_identify(src/Self-Driving-and-ROS-2-Learn-by-Doing-Plan-Navigation/Section5_Motion_Planning/bumperbot_ws/src/bumperbot_description) by extension 'colcon_meta'
[0.322s] Level 1:colcon.colcon_core.package_identification:_identify(src/Self-Driving-and-ROS-2-Learn-by-Doing-Plan-Navigation/Section5_Motion_Planning/bumperbot_ws/src/bumperbot_description) by extensions ['ros']
[0.322s] Level 1:colcon.colcon_core.package_identification:_identify(src/Self-Driving-and-ROS-2-Learn-by-Doing-Plan-Navigation/Section5_Motion_Planning/bumperbot_ws/src/bumperbot_description) by extension 'ros'
[0.324s] DEBUG:colcon.colcon_core.package_identification:Package 'src/Self-Driving-and-ROS-2-Learn-by-Doing-Plan-Navigation/Section5_Motion_Planning/bumperbot_ws/src/bumperbot_description' with type 'ros.ament_cmake' and name 'bumperbot_description'
[0.324s] Level 1:colcon.colcon_core.package_identification:_identify(src/Self-Driving-and-ROS-2-Learn-by-Doing-Plan-Navigation/Section5_Motion_Planning/bumperbot_ws/src/bumperbot_firmware) by extensions ['ignore', 'ignore_ament_install']
[0.324s] Level 1:colcon.colcon_core.package_identification:_identify(src/Self-Driving-and-ROS-2-Learn-by-Doing-Plan-Navigation/Section5_Motion_Planning/bumperbot_ws/src/bumperbot_firmware) by extension 'ignore'
[0.324s] Level 1:colcon.colcon_core.package_identification:_identify(src/Self-Driving-and-ROS-2-Learn-by-Doing-Plan-Navigation/Section5_Motion_Planning/bumperbot_ws/src/bumperbot_firmware) by extension 'ignore_ament_install'
[0.324s] Level 1:colcon.colcon_core.package_identification:_identify(src/Self-Driving-and-ROS-2-Learn-by-Doing-Plan-Navigation/Section5_Motion_Planning/bumperbot_ws/src/bumperbot_firmware) by extensions ['colcon_pkg']
[0.324s] Level 1:colcon.colcon_core.package_identification:_identify(src/Self-Driving-and-ROS-2-Learn-by-Doing-Plan-Navigation/Section5_Motion_Planning/bumperbot_ws/src/bumperbot_firmware) by extension 'colcon_pkg'
[0.324s] Level 1:colcon.colcon_core.package_identification:_identify(src/Self-Driving-and-ROS-2-Learn-by-Doing-Plan-Navigation/Section5_Motion_Planning/bumperbot_ws/src/bumperbot_firmware) by extensions ['colcon_meta']
[0.324s] Level 1:colcon.colcon_core.package_identification:_identify(src/Self-Driving-and-ROS-2-Learn-by-Doing-Plan-Navigation/Section5_Motion_Planning/bumperbot_ws/src/bumperbot_firmware) by extension 'colcon_meta'
[0.324s] Level 1:colcon.colcon_core.package_identification:_identify(src/Self-Driving-and-ROS-2-Learn-by-Doing-Plan-Navigation/Section5_Motion_Planning/bumperbot_ws/src/bumperbot_firmware) by extensions ['ros']
[0.324s] Level 1:colcon.colcon_core.package_identification:_identify(src/Self-Driving-and-ROS-2-Learn-by-Doing-Plan-Navigation/Section5_Motion_Planning/bumperbot_ws/src/bumperbot_firmware) by extension 'ros'
[0.325s] DEBUG:colcon.colcon_core.package_identification:Package 'src/Self-Driving-and-ROS-2-Learn-by-Doing-Plan-Navigation/Section5_Motion_Planning/bumperbot_ws/src/bumperbot_firmware' with type 'ros.ament_cmake' and name 'bumperbot_firmware'
[0.325s] Level 1:colcon.colcon_core.package_identification:_identify(src/Self-Driving-and-ROS-2-Learn-by-Doing-Plan-Navigation/Section5_Motion_Planning/bumperbot_ws/src/bumperbot_localization) by extensions ['ignore', 'ignore_ament_install']
[0.325s] Level 1:colcon.colcon_core.package_identification:_identify(src/Self-Driving-and-ROS-2-Learn-by-Doing-Plan-Navigation/Section5_Motion_Planning/bumperbot_ws/src/bumperbot_localization) by extension 'ignore'
[0.325s] Level 1:colcon.colcon_core.package_identification:_identify(src/Self-Driving-and-ROS-2-Learn-by-Doing-Plan-Navigation/Section5_Motion_Planning/bumperbot_ws/src/bumperbot_localization) by extension 'ignore_ament_install'
[0.326s] Level 1:colcon.colcon_core.package_identification:_identify(src/Self-Driving-and-ROS-2-Learn-by-Doing-Plan-Navigation/Section5_Motion_Planning/bumperbot_ws/src/bumperbot_localization) by extensions ['colcon_pkg']
[0.326s] Level 1:colcon.colcon_core.package_identification:_identify(src/Self-Driving-and-ROS-2-Learn-by-Doing-Plan-Navigation/Section5_Motion_Planning/bumperbot_ws/src/bumperbot_localization) by extension 'colcon_pkg'
[0.326s] Level 1:colcon.colcon_core.package_identification:_identify(src/Self-Driving-and-ROS-2-Learn-by-Doing-Plan-Navigation/Section5_Motion_Planning/bumperbot_ws/src/bumperbot_localization) by extensions ['colcon_meta']
[0.326s] Level 1:colcon.colcon_core.package_identification:_identify(src/Self-Driving-and-ROS-2-Learn-by-Doing-Plan-Navigation/Section5_Motion_Planning/bumperbot_ws/src/bumperbot_localization) by extension 'colcon_meta'
[0.326s] Level 1:colcon.colcon_core.package_identification:_identify(src/Self-Driving-and-ROS-2-Learn-by-Doing-Plan-Navigation/Section5_Motion_Planning/bumperbot_ws/src/bumperbot_localization) by extensions ['ros']
[0.326s] Level 1:colcon.colcon_core.package_identification:_identify(src/Self-Driving-and-ROS-2-Learn-by-Doing-Plan-Navigation/Section5_Motion_Planning/bumperbot_ws/src/bumperbot_localization) by extension 'ros'
[0.326s] DEBUG:colcon.colcon_core.package_identification:Package 'src/Self-Driving-and-ROS-2-Learn-by-Doing-Plan-Navigation/Section5_Motion_Planning/bumperbot_ws/src/bumperbot_localization' with type 'ros.ament_cmake' and name 'bumperbot_localization'
[0.327s] Level 1:colcon.colcon_core.package_identification:_identify(src/Self-Driving-and-ROS-2-Learn-by-Doing-Plan-Navigation/Section5_Motion_Planning/bumperbot_ws/src/bumperbot_mapping) by extensions ['ignore', 'ignore_ament_install']
[0.327s] Level 1:colcon.colcon_core.package_identification:_identify(src/Self-Driving-and-ROS-2-Learn-by-Doing-Plan-Navigation/Section5_Motion_Planning/bumperbot_ws/src/bumperbot_mapping) by extension 'ignore'
[0.327s] Level 1:colcon.colcon_core.package_identification:_identify(src/Self-Driving-and-ROS-2-Learn-by-Doing-Plan-Navigation/Section5_Motion_Planning/bumperbot_ws/src/bumperbot_mapping) by extension 'ignore_ament_install'
[0.327s] Level 1:colcon.colcon_core.package_identification:_identify(src/Self-Driving-and-ROS-2-Learn-by-Doing-Plan-Navigation/Section5_Motion_Planning/bumperbot_ws/src/bumperbot_mapping) by extensions ['colcon_pkg']
[0.327s] Level 1:colcon.colcon_core.package_identification:_identify(src/Self-Driving-and-ROS-2-Learn-by-Doing-Plan-Navigation/Section5_Motion_Planning/bumperbot_ws/src/bumperbot_mapping) by extension 'colcon_pkg'
[0.327s] Level 1:colcon.colcon_core.package_identification:_identify(src/Self-Driving-and-ROS-2-Learn-by-Doing-Plan-Navigation/Section5_Motion_Planning/bumperbot_ws/src/bumperbot_mapping) by extensions ['colcon_meta']
[0.327s] Level 1:colcon.colcon_core.package_identification:_identify(src/Self-Driving-and-ROS-2-Learn-by-Doing-Plan-Navigation/Section5_Motion_Planning/bumperbot_ws/src/bumperbot_mapping) by extension 'colcon_meta'
[0.327s] Level 1:colcon.colcon_core.package_identification:_identify(src/Self-Driving-and-ROS-2-Learn-by-Doing-Plan-Navigation/Section5_Motion_Planning/bumperbot_ws/src/bumperbot_mapping) by extensions ['ros']
[0.327s] Level 1:colcon.colcon_core.package_identification:_identify(src/Self-Driving-and-ROS-2-Learn-by-Doing-Plan-Navigation/Section5_Motion_Planning/bumperbot_ws/src/bumperbot_mapping) by extension 'ros'
[0.328s] DEBUG:colcon.colcon_core.package_identification:Package 'src/Self-Driving-and-ROS-2-Learn-by-Doing-Plan-Navigation/Section5_Motion_Planning/bumperbot_ws/src/bumperbot_mapping' with type 'ros.ament_cmake' and name 'bumperbot_mapping'
[0.328s] Level 1:colcon.colcon_core.package_identification:_identify(src/Self-Driving-and-ROS-2-Learn-by-Doing-Plan-Navigation/Section5_Motion_Planning/bumperbot_ws/src/bumperbot_motion) by extensions ['ignore', 'ignore_ament_install']
[0.328s] Level 1:colcon.colcon_core.package_identification:_identify(src/Self-Driving-and-ROS-2-Learn-by-Doing-Plan-Navigation/Section5_Motion_Planning/bumperbot_ws/src/bumperbot_motion) by extension 'ignore'
[0.328s] Level 1:colcon.colcon_core.package_identification:_identify(src/Self-Driving-and-ROS-2-Learn-by-Doing-Plan-Navigation/Section5_Motion_Planning/bumperbot_ws/src/bumperbot_motion) by extension 'ignore_ament_install'
[0.328s] Level 1:colcon.colcon_core.package_identification:_identify(src/Self-Driving-and-ROS-2-Learn-by-Doing-Plan-Navigation/Section5_Motion_Planning/bumperbot_ws/src/bumperbot_motion) by extensions ['colcon_pkg']
[0.328s] Level 1:colcon.colcon_core.package_identification:_identify(src/Self-Driving-and-ROS-2-Learn-by-Doing-Plan-Navigation/Section5_Motion_Planning/bumperbot_ws/src/bumperbot_motion) by extension 'colcon_pkg'
[0.328s] Level 1:colcon.colcon_core.package_identification:_identify(src/Self-Driving-and-ROS-2-Learn-by-Doing-Plan-Navigation/Section5_Motion_Planning/bumperbot_ws/src/bumperbot_motion) by extensions ['colcon_meta']
[0.328s] Level 1:colcon.colcon_core.package_identification:_identify(src/Self-Driving-and-ROS-2-Learn-by-Doing-Plan-Navigation/Section5_Motion_Planning/bumperbot_ws/src/bumperbot_motion) by extension 'colcon_meta'
[0.328s] Level 1:colcon.colcon_core.package_identification:_identify(src/Self-Driving-and-ROS-2-Learn-by-Doing-Plan-Navigation/Section5_Motion_Planning/bumperbot_ws/src/bumperbot_motion) by extensions ['ros']
[0.328s] Level 1:colcon.colcon_core.package_identification:_identify(src/Self-Driving-and-ROS-2-Learn-by-Doing-Plan-Navigation/Section5_Motion_Planning/bumperbot_ws/src/bumperbot_motion) by extension 'ros'
[0.329s] DEBUG:colcon.colcon_core.package_identification:Package 'src/Self-Driving-and-ROS-2-Learn-by-Doing-Plan-Navigation/Section5_Motion_Planning/bumperbot_ws/src/bumperbot_motion' with type 'ros.ament_cmake' and name 'bumperbot_motion'
[0.329s] Level 1:colcon.colcon_core.package_identification:_identify(src/Self-Driving-and-ROS-2-Learn-by-Doing-Plan-Navigation/Section5_Motion_Planning/bumperbot_ws/src/bumperbot_msgs) by extensions ['ignore', 'ignore_ament_install']
[0.329s] Level 1:colcon.colcon_core.package_identification:_identify(src/Self-Driving-and-ROS-2-Learn-by-Doing-Plan-Navigation/Section5_Motion_Planning/bumperbot_ws/src/bumperbot_msgs) by extension 'ignore'
[0.329s] Level 1:colcon.colcon_core.package_identification:_identify(src/Self-Driving-and-ROS-2-Learn-by-Doing-Plan-Navigation/Section5_Motion_Planning/bumperbot_ws/src/bumperbot_msgs) by extension 'ignore_ament_install'
[0.329s] Level 1:colcon.colcon_core.package_identification:_identify(src/Self-Driving-and-ROS-2-Learn-by-Doing-Plan-Navigation/Section5_Motion_Planning/bumperbot_ws/src/bumperbot_msgs) by extensions ['colcon_pkg']
[0.330s] Level 1:colcon.colcon_core.package_identification:_identify(src/Self-Driving-and-ROS-2-Learn-by-Doing-Plan-Navigation/Section5_Motion_Planning/bumperbot_ws/src/bumperbot_msgs) by extension 'colcon_pkg'
[0.330s] Level 1:colcon.colcon_core.package_identification:_identify(src/Self-Driving-and-ROS-2-Learn-by-Doing-Plan-Navigation/Section5_Motion_Planning/bumperbot_ws/src/bumperbot_msgs) by extensions ['colcon_meta']
[0.330s] Level 1:colcon.colcon_core.package_identification:_identify(src/Self-Driving-and-ROS-2-Learn-by-Doing-Plan-Navigation/Section5_Motion_Planning/bumperbot_ws/src/bumperbot_msgs) by extension 'colcon_meta'
[0.330s] Level 1:colcon.colcon_core.package_identification:_identify(src/Self-Driving-and-ROS-2-Learn-by-Doing-Plan-Navigation/Section5_Motion_Planning/bumperbot_ws/src/bumperbot_msgs) by extensions ['ros']
[0.330s] Level 1:colcon.colcon_core.package_identification:_identify(src/Self-Driving-and-ROS-2-Learn-by-Doing-Plan-Navigation/Section5_Motion_Planning/bumperbot_ws/src/bumperbot_msgs) by extension 'ros'
[0.330s] DEBUG:colcon.colcon_core.package_identification:Package 'src/Self-Driving-and-ROS-2-Learn-by-Doing-Plan-Navigation/Section5_Motion_Planning/bumperbot_ws/src/bumperbot_msgs' with type 'ros.ament_cmake' and name 'bumperbot_msgs'
[0.331s] Level 1:colcon.colcon_core.package_identification:_identify(src/Self-Driving-and-ROS-2-Learn-by-Doing-Plan-Navigation/Section5_Motion_Planning/bumperbot_ws/src/bumperbot_planning) by extensions ['ignore', 'ignore_ament_install']
[0.331s] Level 1:colcon.colcon_core.package_identification:_identify(src/Self-Driving-and-ROS-2-Learn-by-Doing-Plan-Navigation/Section5_Motion_Planning/bumperbot_ws/src/bumperbot_planning) by extension 'ignore'
[0.331s] Level 1:colcon.colcon_core.package_identification:_identify(src/Self-Driving-and-ROS-2-Learn-by-Doing-Plan-Navigation/Section5_Motion_Planning/bumperbot_ws/src/bumperbot_planning) by extension 'ignore_ament_install'
[0.331s] Level 1:colcon.colcon_core.package_identification:_identify(src/Self-Driving-and-ROS-2-Learn-by-Doing-Plan-Navigation/Section5_Motion_Planning/bumperbot_ws/src/bumperbot_planning) by extensions ['colcon_pkg']
[0.331s] Level 1:colcon.colcon_core.package_identification:_identify(src/Self-Driving-and-ROS-2-Learn-by-Doing-Plan-Navigation/Section5_Motion_Planning/bumperbot_ws/src/bumperbot_planning) by extension 'colcon_pkg'
[0.331s] Level 1:colcon.colcon_core.package_identification:_identify(src/Self-Driving-and-ROS-2-Learn-by-Doing-Plan-Navigation/Section5_Motion_Planning/bumperbot_ws/src/bumperbot_planning) by extensions ['colcon_meta']
[0.331s] Level 1:colcon.colcon_core.package_identification:_identify(src/Self-Driving-and-ROS-2-Learn-by-Doing-Plan-Navigation/Section5_Motion_Planning/bumperbot_ws/src/bumperbot_planning) by extension 'colcon_meta'
[0.331s] Level 1:colcon.colcon_core.package_identification:_identify(src/Self-Driving-and-ROS-2-Learn-by-Doing-Plan-Navigation/Section5_Motion_Planning/bumperbot_ws/src/bumperbot_planning) by extensions ['ros']
[0.331s] Level 1:colcon.colcon_core.package_identification:_identify(src/Self-Driving-and-ROS-2-Learn-by-Doing-Plan-Navigation/Section5_Motion_Planning/bumperbot_ws/src/bumperbot_planning) by extension 'ros'
[0.332s] DEBUG:colcon.colcon_core.package_identification:Package 'src/Self-Driving-and-ROS-2-Learn-by-Doing-Plan-Navigation/Section5_Motion_Planning/bumperbot_ws/src/bumperbot_planning' with type 'ros.ament_cmake' and name 'bumperbot_planning'
[0.332s] Level 1:colcon.colcon_core.package_identification:_identify(src/Self-Driving-and-ROS-2-Learn-by-Doing-Plan-Navigation/Section5_Motion_Planning/bumperbot_ws/src/bumperbot_py_examples) by extensions ['ignore', 'ignore_ament_install']
[0.332s] Level 1:colcon.colcon_core.package_identification:_identify(src/Self-Driving-and-ROS-2-Learn-by-Doing-Plan-Navigation/Section5_Motion_Planning/bumperbot_ws/src/bumperbot_py_examples) by extension 'ignore'
[0.332s] Level 1:colcon.colcon_core.package_identification:_identify(src/Self-Driving-and-ROS-2-Learn-by-Doing-Plan-Navigation/Section5_Motion_Planning/bumperbot_ws/src/bumperbot_py_examples) by extension 'ignore_ament_install'
[0.332s] Level 1:colcon.colcon_core.package_identification:_identify(src/Self-Driving-and-ROS-2-Learn-by-Doing-Plan-Navigation/Section5_Motion_Planning/bumperbot_ws/src/bumperbot_py_examples) by extensions ['colcon_pkg']
[0.332s] Level 1:colcon.colcon_core.package_identification:_identify(src/Self-Driving-and-ROS-2-Learn-by-Doing-Plan-Navigation/Section5_Motion_Planning/bumperbot_ws/src/bumperbot_py_examples) by extension 'colcon_pkg'
[0.332s] Level 1:colcon.colcon_core.package_identification:_identify(src/Self-Driving-and-ROS-2-Learn-by-Doing-Plan-Navigation/Section5_Motion_Planning/bumperbot_ws/src/bumperbot_py_examples) by extensions ['colcon_meta']
[0.332s] Level 1:colcon.colcon_core.package_identification:_identify(src/Self-Driving-and-ROS-2-Learn-by-Doing-Plan-Navigation/Section5_Motion_Planning/bumperbot_ws/src/bumperbot_py_examples) by extension 'colcon_meta'
[0.332s] Level 1:colcon.colcon_core.package_identification:_identify(src/Self-Driving-and-ROS-2-Learn-by-Doing-Plan-Navigation/Section5_Motion_Planning/bumperbot_ws/src/bumperbot_py_examples) by extensions ['ros']
[0.332s] Level 1:colcon.colcon_core.package_identification:_identify(src/Self-Driving-and-ROS-2-Learn-by-Doing-Plan-Navigation/Section5_Motion_Planning/bumperbot_ws/src/bumperbot_py_examples) by extension 'ros'
[0.333s] DEBUG:colcon.colcon_core.package_identification:Package 'src/Self-Driving-and-ROS-2-Learn-by-Doing-Plan-Navigation/Section5_Motion_Planning/bumperbot_ws/src/bumperbot_py_examples' with type 'ros.ament_python' and name 'bumperbot_py_examples'
[0.333s] Level 1:colcon.colcon_core.package_identification:_identify(src/Self-Driving-and-ROS-2-Learn-by-Doing-Plan-Navigation/Section5_Motion_Planning/bumperbot_ws/src/bumperbot_utils) by extensions ['ignore', 'ignore_ament_install']
[0.333s] Level 1:colcon.colcon_core.package_identification:_identify(src/Self-Driving-and-ROS-2-Learn-by-Doing-Plan-Navigation/Section5_Motion_Planning/bumperbot_ws/src/bumperbot_utils) by extension 'ignore'
[0.333s] Level 1:colcon.colcon_core.package_identification:_identify(src/Self-Driving-and-ROS-2-Learn-by-Doing-Plan-Navigation/Section5_Motion_Planning/bumperbot_ws/src/bumperbot_utils) by extension 'ignore_ament_install'
[0.333s] Level 1:colcon.colcon_core.package_identification:_identify(src/Self-Driving-and-ROS-2-Learn-by-Doing-Plan-Navigation/Section5_Motion_Planning/bumperbot_ws/src/bumperbot_utils) by extensions ['colcon_pkg']
[0.333s] Level 1:colcon.colcon_core.package_identification:_identify(src/Self-Driving-and-ROS-2-Learn-by-Doing-Plan-Navigation/Section5_Motion_Planning/bumperbot_ws/src/bumperbot_utils) by extension 'colcon_pkg'
[0.333s] Level 1:colcon.colcon_core.package_identification:_identify(src/Self-Driving-and-ROS-2-Learn-by-Doing-Plan-Navigation/Section5_Motion_Planning/bumperbot_ws/src/bumperbot_utils) by extensions ['colcon_meta']
[0.333s] Level 1:colcon.colcon_core.package_identification:_identify(src/Self-Driving-and-ROS-2-Learn-by-Doing-Plan-Navigation/Section5_Motion_Planning/bumperbot_ws/src/bumperbot_utils) by extension 'colcon_meta'
[0.333s] Level 1:colcon.colcon_core.package_identification:_identify(src/Self-Driving-and-ROS-2-Learn-by-Doing-Plan-Navigation/Section5_Motion_Planning/bumperbot_ws/src/bumperbot_utils) by extensions ['ros']
[0.333s] Level 1:colcon.colcon_core.package_identification:_identify(src/Self-Driving-and-ROS-2-Learn-by-Doing-Plan-Navigation/Section5_Motion_Planning/bumperbot_ws/src/bumperbot_utils) by extension 'ros'
[0.334s] DEBUG:colcon.colcon_core.package_identification:Package 'src/Self-Driving-and-ROS-2-Learn-by-Doing-Plan-Navigation/Section5_Motion_Planning/bumperbot_ws/src/bumperbot_utils' with type 'ros.ament_cmake' and name 'bumperbot_utils'
[0.334s] Level 1:colcon.colcon_core.package_identification:_identify(src/Self-Driving-and-ROS-2-Learn-by-Doing-Plan-Navigation/Section6_Obstacle_Avoidance) by extensions ['ignore', 'ignore_ament_install']
[0.335s] Level 1:colcon.colcon_core.package_identification:_identify(src/Self-Driving-and-ROS-2-Learn-by-Doing-Plan-Navigation/Section6_Obstacle_Avoidance) by extension 'ignore'
[0.335s] Level 1:colcon.colcon_core.package_identification:_identify(src/Self-Driving-and-ROS-2-Learn-by-Doing-Plan-Navigation/Section6_Obstacle_Avoidance) by extension 'ignore_ament_install'
[0.335s] Level 1:colcon.colcon_core.package_identification:_identify(src/Self-Driving-and-ROS-2-Learn-by-Doing-Plan-Navigation/Section6_Obstacle_Avoidance) by extensions ['colcon_pkg']
[0.335s] Level 1:colcon.colcon_core.package_identification:_identify(src/Self-Driving-and-ROS-2-Learn-by-Doing-Plan-Navigation/Section6_Obstacle_Avoidance) by extension 'colcon_pkg'
[0.335s] Level 1:colcon.colcon_core.package_identification:_identify(src/Self-Driving-and-ROS-2-Learn-by-Doing-Plan-Navigation/Section6_Obstacle_Avoidance) by extensions ['colcon_meta']
[0.335s] Level 1:colcon.colcon_core.package_identification:_identify(src/Self-Driving-and-ROS-2-Learn-by-Doing-Plan-Navigation/Section6_Obstacle_Avoidance) by extension 'colcon_meta'
[0.335s] Level 1:colcon.colcon_core.package_identification:_identify(src/Self-Driving-and-ROS-2-Learn-by-Doing-Plan-Navigation/Section6_Obstacle_Avoidance) by extensions ['ros']
[0.335s] Level 1:colcon.colcon_core.package_identification:_identify(src/Self-Driving-and-ROS-2-Learn-by-Doing-Plan-Navigation/Section6_Obstacle_Avoidance) by extension 'ros'
[0.335s] Level 1:colcon.colcon_core.package_identification:_identify(src/Self-Driving-and-ROS-2-Learn-by-Doing-Plan-Navigation/Section6_Obstacle_Avoidance) by extensions ['cmake', 'python']
[0.335s] Level 1:colcon.colcon_core.package_identification:_identify(src/Self-Driving-and-ROS-2-Learn-by-Doing-Plan-Navigation/Section6_Obstacle_Avoidance) by extension 'cmake'
[0.335s] Level 1:colcon.colcon_core.package_identification:_identify(src/Self-Driving-and-ROS-2-Learn-by-Doing-Plan-Navigation/Section6_Obstacle_Avoidance) by extension 'python'
[0.335s] Level 1:colcon.colcon_core.package_identification:_identify(src/Self-Driving-and-ROS-2-Learn-by-Doing-Plan-Navigation/Section6_Obstacle_Avoidance) by extensions ['python_setup_py']
[0.335s] Level 1:colcon.colcon_core.package_identification:_identify(src/Self-Driving-and-ROS-2-Learn-by-Doing-Plan-Navigation/Section6_Obstacle_Avoidance) by extension 'python_setup_py'
[0.335s] Level 1:colcon.colcon_core.package_identification:_identify(src/Self-Driving-and-ROS-2-Learn-by-Doing-Plan-Navigation/Section6_Obstacle_Avoidance/bumperbot_ws) by extensions ['ignore', 'ignore_ament_install']
[0.335s] Level 1:colcon.colcon_core.package_identification:_identify(src/Self-Driving-and-ROS-2-Learn-by-Doing-Plan-Navigation/Section6_Obstacle_Avoidance/bumperbot_ws) by extension 'ignore'
[0.335s] Level 1:colcon.colcon_core.package_identification:_identify(src/Self-Driving-and-ROS-2-Learn-by-Doing-Plan-Navigation/Section6_Obstacle_Avoidance/bumperbot_ws) by extension 'ignore_ament_install'
[0.335s] Level 1:colcon.colcon_core.package_identification:_identify(src/Self-Driving-and-ROS-2-Learn-by-Doing-Plan-Navigation/Section6_Obstacle_Avoidance/bumperbot_ws) by extensions ['colcon_pkg']
[0.335s] Level 1:colcon.colcon_core.package_identification:_identify(src/Self-Driving-and-ROS-2-Learn-by-Doing-Plan-Navigation/Section6_Obstacle_Avoidance/bumperbot_ws) by extension 'colcon_pkg'
[0.335s] Level 1:colcon.colcon_core.package_identification:_identify(src/Self-Driving-and-ROS-2-Learn-by-Doing-Plan-Navigation/Section6_Obstacle_Avoidance/bumperbot_ws) by extensions ['colcon_meta']
[0.335s] Level 1:colcon.colcon_core.package_identification:_identify(src/Self-Driving-and-ROS-2-Learn-by-Doing-Plan-Navigation/Section6_Obstacle_Avoidance/bumperbot_ws) by extension 'colcon_meta'
[0.335s] Level 1:colcon.colcon_core.package_identification:_identify(src/Self-Driving-and-ROS-2-Learn-by-Doing-Plan-Navigation/Section6_Obstacle_Avoidance/bumperbot_ws) by extensions ['ros']
[0.335s] Level 1:colcon.colcon_core.package_identification:_identify(src/Self-Driving-and-ROS-2-Learn-by-Doing-Plan-Navigation/Section6_Obstacle_Avoidance/bumperbot_ws) by extension 'ros'
[0.335s] Level 1:colcon.colcon_core.package_identification:_identify(src/Self-Driving-and-ROS-2-Learn-by-Doing-Plan-Navigation/Section6_Obstacle_Avoidance/bumperbot_ws) by extensions ['cmake', 'python']
[0.335s] Level 1:colcon.colcon_core.package_identification:_identify(src/Self-Driving-and-ROS-2-Learn-by-Doing-Plan-Navigation/Section6_Obstacle_Avoidance/bumperbot_ws) by extension 'cmake'
[0.335s] Level 1:colcon.colcon_core.package_identification:_identify(src/Self-Driving-and-ROS-2-Learn-by-Doing-Plan-Navigation/Section6_Obstacle_Avoidance/bumperbot_ws) by extension 'python'
[0.335s] Level 1:colcon.colcon_core.package_identification:_identify(src/Self-Driving-and-ROS-2-Learn-by-Doing-Plan-Navigation/Section6_Obstacle_Avoidance/bumperbot_ws) by extensions ['python_setup_py']
[0.335s] Level 1:colcon.colcon_core.package_identification:_identify(src/Self-Driving-and-ROS-2-Learn-by-Doing-Plan-Navigation/Section6_Obstacle_Avoidance/bumperbot_ws) by extension 'python_setup_py'
[0.335s] Level 1:colcon.colcon_core.package_identification:_identify(src/Self-Driving-and-ROS-2-Learn-by-Doing-Plan-Navigation/Section6_Obstacle_Avoidance/bumperbot_ws/src) by extensions ['ignore', 'ignore_ament_install']
[0.335s] Level 1:colcon.colcon_core.package_identification:_identify(src/Self-Driving-and-ROS-2-Learn-by-Doing-Plan-Navigation/Section6_Obstacle_Avoidance/bumperbot_ws/src) by extension 'ignore'
[0.335s] Level 1:colcon.colcon_core.package_identification:_identify(src/Self-Driving-and-ROS-2-Learn-by-Doing-Plan-Navigation/Section6_Obstacle_Avoidance/bumperbot_ws/src) by extension 'ignore_ament_install'
[0.335s] Level 1:colcon.colcon_core.package_identification:_identify(src/Self-Driving-and-ROS-2-Learn-by-Doing-Plan-Navigation/Section6_Obstacle_Avoidance/bumperbot_ws/src) by extensions ['colcon_pkg']
[0.335s] Level 1:colcon.colcon_core.package_identification:_identify(src/Self-Driving-and-ROS-2-Learn-by-Doing-Plan-Navigation/Section6_Obstacle_Avoidance/bumperbot_ws/src) by extension 'colcon_pkg'
[0.335s] Level 1:colcon.colcon_core.package_identification:_identify(src/Self-Driving-and-ROS-2-Learn-by-Doing-Plan-Navigation/Section6_Obstacle_Avoidance/bumperbot_ws/src) by extensions ['colcon_meta']
[0.335s] Level 1:colcon.colcon_core.package_identification:_identify(src/Self-Driving-and-ROS-2-Learn-by-Doing-Plan-Navigation/Section6_Obstacle_Avoidance/bumperbot_ws/src) by extension 'colcon_meta'
[0.335s] Level 1:colcon.colcon_core.package_identification:_identify(src/Self-Driving-and-ROS-2-Learn-by-Doing-Plan-Navigation/Section6_Obstacle_Avoidance/bumperbot_ws/src) by extensions ['ros']
[0.335s] Level 1:colcon.colcon_core.package_identification:_identify(src/Self-Driving-and-ROS-2-Learn-by-Doing-Plan-Navigation/Section6_Obstacle_Avoidance/bumperbot_ws/src) by extension 'ros'
[0.336s] Level 1:colcon.colcon_core.package_identification:_identify(src/Self-Driving-and-ROS-2-Learn-by-Doing-Plan-Navigation/Section6_Obstacle_Avoidance/bumperbot_ws/src) by extensions ['cmake', 'python']
[0.336s] Level 1:colcon.colcon_core.package_identification:_identify(src/Self-Driving-and-ROS-2-Learn-by-Doing-Plan-Navigation/Section6_Obstacle_Avoidance/bumperbot_ws/src) by extension 'cmake'
[0.336s] Level 1:colcon.colcon_core.package_identification:_identify(src/Self-Driving-and-ROS-2-Learn-by-Doing-Plan-Navigation/Section6_Obstacle_Avoidance/bumperbot_ws/src) by extension 'python'
[0.336s] Level 1:colcon.colcon_core.package_identification:_identify(src/Self-Driving-and-ROS-2-Learn-by-Doing-Plan-Navigation/Section6_Obstacle_Avoidance/bumperbot_ws/src) by extensions ['python_setup_py']
[0.336s] Level 1:colcon.colcon_core.package_identification:_identify(src/Self-Driving-and-ROS-2-Learn-by-Doing-Plan-Navigation/Section6_Obstacle_Avoidance/bumperbot_ws/src) by extension 'python_setup_py'
[0.336s] Level 1:colcon.colcon_core.package_identification:_identify(src/Self-Driving-and-ROS-2-Learn-by-Doing-Plan-Navigation/Section6_Obstacle_Avoidance/bumperbot_ws/src/bumperbot_bringup) by extensions ['ignore', 'ignore_ament_install']
[0.336s] Level 1:colcon.colcon_core.package_identification:_identify(src/Self-Driving-and-ROS-2-Learn-by-Doing-Plan-Navigation/Section6_Obstacle_Avoidance/bumperbot_ws/src/bumperbot_bringup) by extension 'ignore'
[0.336s] Level 1:colcon.colcon_core.package_identification:_identify(src/Self-Driving-and-ROS-2-Learn-by-Doing-Plan-Navigation/Section6_Obstacle_Avoidance/bumperbot_ws/src/bumperbot_bringup) by extension 'ignore_ament_install'
[0.336s] Level 1:colcon.colcon_core.package_identification:_identify(src/Self-Driving-and-ROS-2-Learn-by-Doing-Plan-Navigation/Section6_Obstacle_Avoidance/bumperbot_ws/src/bumperbot_bringup) by extensions ['colcon_pkg']
[0.336s] Level 1:colcon.colcon_core.package_identification:_identify(src/Self-Driving-and-ROS-2-Learn-by-Doing-Plan-Navigation/Section6_Obstacle_Avoidance/bumperbot_ws/src/bumperbot_bringup) by extension 'colcon_pkg'
[0.336s] Level 1:colcon.colcon_core.package_identification:_identify(src/Self-Driving-and-ROS-2-Learn-by-Doing-Plan-Navigation/Section6_Obstacle_Avoidance/bumperbot_ws/src/bumperbot_bringup) by extensions ['colcon_meta']
[0.336s] Level 1:colcon.colcon_core.package_identification:_identify(src/Self-Driving-and-ROS-2-Learn-by-Doing-Plan-Navigation/Section6_Obstacle_Avoidance/bumperbot_ws/src/bumperbot_bringup) by extension 'colcon_meta'
[0.336s] Level 1:colcon.colcon_core.package_identification:_identify(src/Self-Driving-and-ROS-2-Learn-by-Doing-Plan-Navigation/Section6_Obstacle_Avoidance/bumperbot_ws/src/bumperbot_bringup) by extensions ['ros']
[0.336s] Level 1:colcon.colcon_core.package_identification:_identify(src/Self-Driving-and-ROS-2-Learn-by-Doing-Plan-Navigation/Section6_Obstacle_Avoidance/bumperbot_ws/src/bumperbot_bringup) by extension 'ros'
[0.337s] DEBUG:colcon.colcon_core.package_identification:Package 'src/Self-Driving-and-ROS-2-Learn-by-Doing-Plan-Navigation/Section6_Obstacle_Avoidance/bumperbot_ws/src/bumperbot_bringup' with type 'ros.ament_cmake' and name 'bumperbot_bringup'
[0.337s] Level 1:colcon.colcon_core.package_identification:_identify(src/Self-Driving-and-ROS-2-Learn-by-Doing-Plan-Navigation/Section6_Obstacle_Avoidance/bumperbot_ws/src/bumperbot_controller) by extensions ['ignore', 'ignore_ament_install']
[0.337s] Level 1:colcon.colcon_core.package_identification:_identify(src/Self-Driving-and-ROS-2-Learn-by-Doing-Plan-Navigation/Section6_Obstacle_Avoidance/bumperbot_ws/src/bumperbot_controller) by extension 'ignore'
[0.337s] Level 1:colcon.colcon_core.package_identification:_identify(src/Self-Driving-and-ROS-2-Learn-by-Doing-Plan-Navigation/Section6_Obstacle_Avoidance/bumperbot_ws/src/bumperbot_controller) by extension 'ignore_ament_install'
[0.337s] Level 1:colcon.colcon_core.package_identification:_identify(src/Self-Driving-and-ROS-2-Learn-by-Doing-Plan-Navigation/Section6_Obstacle_Avoidance/bumperbot_ws/src/bumperbot_controller) by extensions ['colcon_pkg']
[0.337s] Level 1:colcon.colcon_core.package_identification:_identify(src/Self-Driving-and-ROS-2-Learn-by-Doing-Plan-Navigation/Section6_Obstacle_Avoidance/bumperbot_ws/src/bumperbot_controller) by extension 'colcon_pkg'
[0.337s] Level 1:colcon.colcon_core.package_identification:_identify(src/Self-Driving-and-ROS-2-Learn-by-Doing-Plan-Navigation/Section6_Obstacle_Avoidance/bumperbot_ws/src/bumperbot_controller) by extensions ['colcon_meta']
[0.337s] Level 1:colcon.colcon_core.package_identification:_identify(src/Self-Driving-and-ROS-2-Learn-by-Doing-Plan-Navigation/Section6_Obstacle_Avoidance/bumperbot_ws/src/bumperbot_controller) by extension 'colcon_meta'
[0.337s] Level 1:colcon.colcon_core.package_identification:_identify(src/Self-Driving-and-ROS-2-Learn-by-Doing-Plan-Navigation/Section6_Obstacle_Avoidance/bumperbot_ws/src/bumperbot_controller) by extensions ['ros']
[0.337s] Level 1:colcon.colcon_core.package_identification:_identify(src/Self-Driving-and-ROS-2-Learn-by-Doing-Plan-Navigation/Section6_Obstacle_Avoidance/bumperbot_ws/src/bumperbot_controller) by extension 'ros'
[0.339s] DEBUG:colcon.colcon_core.package_identification:Package 'src/Self-Driving-and-ROS-2-Learn-by-Doing-Plan-Navigation/Section6_Obstacle_Avoidance/bumperbot_ws/src/bumperbot_controller' with type 'ros.ament_cmake' and name 'bumperbot_controller'
[0.339s] Level 1:colcon.colcon_core.package_identification:_identify(src/Self-Driving-and-ROS-2-Learn-by-Doing-Plan-Navigation/Section6_Obstacle_Avoidance/bumperbot_ws/src/bumperbot_cpp_examples) by extensions ['ignore', 'ignore_ament_install']
[0.340s] Level 1:colcon.colcon_core.package_identification:_identify(src/Self-Driving-and-ROS-2-Learn-by-Doing-Plan-Navigation/Section6_Obstacle_Avoidance/bumperbot_ws/src/bumperbot_cpp_examples) by extension 'ignore'
[0.340s] Level 1:colcon.colcon_core.package_identification:_identify(src/Self-Driving-and-ROS-2-Learn-by-Doing-Plan-Navigation/Section6_Obstacle_Avoidance/bumperbot_ws/src/bumperbot_cpp_examples) by extension 'ignore_ament_install'
[0.340s] Level 1:colcon.colcon_core.package_identification:_identify(src/Self-Driving-and-ROS-2-Learn-by-Doing-Plan-Navigation/Section6_Obstacle_Avoidance/bumperbot_ws/src/bumperbot_cpp_examples) by extensions ['colcon_pkg']
[0.340s] Level 1:colcon.colcon_core.package_identification:_identify(src/Self-Driving-and-ROS-2-Learn-by-Doing-Plan-Navigation/Section6_Obstacle_Avoidance/bumperbot_ws/src/bumperbot_cpp_examples) by extension 'colcon_pkg'
[0.340s] Level 1:colcon.colcon_core.package_identification:_identify(src/Self-Driving-and-ROS-2-Learn-by-Doing-Plan-Navigation/Section6_Obstacle_Avoidance/bumperbot_ws/src/bumperbot_cpp_examples) by extensions ['colcon_meta']
[0.340s] Level 1:colcon.colcon_core.package_identification:_identify(src/Self-Driving-and-ROS-2-Learn-by-Doing-Plan-Navigation/Section6_Obstacle_Avoidance/bumperbot_ws/src/bumperbot_cpp_examples) by extension 'colcon_meta'
[0.340s] Level 1:colcon.colcon_core.package_identification:_identify(src/Self-Driving-and-ROS-2-Learn-by-Doing-Plan-Navigation/Section6_Obstacle_Avoidance/bumperbot_ws/src/bumperbot_cpp_examples) by extensions ['ros']
[0.340s] Level 1:colcon.colcon_core.package_identification:_identify(src/Self-Driving-and-ROS-2-Learn-by-Doing-Plan-Navigation/Section6_Obstacle_Avoidance/bumperbot_ws/src/bumperbot_cpp_examples) by extension 'ros'
[0.341s] DEBUG:colcon.colcon_core.package_identification:Package 'src/Self-Driving-and-ROS-2-Learn-by-Doing-Plan-Navigation/Section6_Obstacle_Avoidance/bumperbot_ws/src/bumperbot_cpp_examples' with type 'ros.ament_cmake' and name 'bumperbot_cpp_examples'
[0.341s] Level 1:colcon.colcon_core.package_identification:_identify(src/Self-Driving-and-ROS-2-Learn-by-Doing-Plan-Navigation/Section6_Obstacle_Avoidance/bumperbot_ws/src/bumperbot_description) by extensions ['ignore', 'ignore_ament_install']
[0.341s] Level 1:colcon.colcon_core.package_identification:_identify(src/Self-Driving-and-ROS-2-Learn-by-Doing-Plan-Navigation/Section6_Obstacle_Avoidance/bumperbot_ws/src/bumperbot_description) by extension 'ignore'
[0.341s] Level 1:colcon.colcon_core.package_identification:_identify(src/Self-Driving-and-ROS-2-Learn-by-Doing-Plan-Navigation/Section6_Obstacle_Avoidance/bumperbot_ws/src/bumperbot_description) by extension 'ignore_ament_install'
[0.341s] Level 1:colcon.colcon_core.package_identification:_identify(src/Self-Driving-and-ROS-2-Learn-by-Doing-Plan-Navigation/Section6_Obstacle_Avoidance/bumperbot_ws/src/bumperbot_description) by extensions ['colcon_pkg']
[0.341s] Level 1:colcon.colcon_core.package_identification:_identify(src/Self-Driving-and-ROS-2-Learn-by-Doing-Plan-Navigation/Section6_Obstacle_Avoidance/bumperbot_ws/src/bumperbot_description) by extension 'colcon_pkg'
[0.341s] Level 1:colcon.colcon_core.package_identification:_identify(src/Self-Driving-and-ROS-2-Learn-by-Doing-Plan-Navigation/Section6_Obstacle_Avoidance/bumperbot_ws/src/bumperbot_description) by extensions ['colcon_meta']
[0.341s] Level 1:colcon.colcon_core.package_identification:_identify(src/Self-Driving-and-ROS-2-Learn-by-Doing-Plan-Navigation/Section6_Obstacle_Avoidance/bumperbot_ws/src/bumperbot_description) by extension 'colcon_meta'
[0.341s] Level 1:colcon.colcon_core.package_identification:_identify(src/Self-Driving-and-ROS-2-Learn-by-Doing-Plan-Navigation/Section6_Obstacle_Avoidance/bumperbot_ws/src/bumperbot_description) by extensions ['ros']
[0.341s] Level 1:colcon.colcon_core.package_identification:_identify(src/Self-Driving-and-ROS-2-Learn-by-Doing-Plan-Navigation/Section6_Obstacle_Avoidance/bumperbot_ws/src/bumperbot_description) by extension 'ros'
[0.343s] DEBUG:colcon.colcon_core.package_identification:Package 'src/Self-Driving-and-ROS-2-Learn-by-Doing-Plan-Navigation/Section6_Obstacle_Avoidance/bumperbot_ws/src/bumperbot_description' with type 'ros.ament_cmake' and name 'bumperbot_description'
[0.343s] Level 1:colcon.colcon_core.package_identification:_identify(src/Self-Driving-and-ROS-2-Learn-by-Doing-Plan-Navigation/Section6_Obstacle_Avoidance/bumperbot_ws/src/bumperbot_firmware) by extensions ['ignore', 'ignore_ament_install']
[0.343s] Level 1:colcon.colcon_core.package_identification:_identify(src/Self-Driving-and-ROS-2-Learn-by-Doing-Plan-Navigation/Section6_Obstacle_Avoidance/bumperbot_ws/src/bumperbot_firmware) by extension 'ignore'
[0.343s] Level 1:colcon.colcon_core.package_identification:_identify(src/Self-Driving-and-ROS-2-Learn-by-Doing-Plan-Navigation/Section6_Obstacle_Avoidance/bumperbot_ws/src/bumperbot_firmware) by extension 'ignore_ament_install'
[0.343s] Level 1:colcon.colcon_core.package_identification:_identify(src/Self-Driving-and-ROS-2-Learn-by-Doing-Plan-Navigation/Section6_Obstacle_Avoidance/bumperbot_ws/src/bumperbot_firmware) by extensions ['colcon_pkg']
[0.343s] Level 1:colcon.colcon_core.package_identification:_identify(src/Self-Driving-and-ROS-2-Learn-by-Doing-Plan-Navigation/Section6_Obstacle_Avoidance/bumperbot_ws/src/bumperbot_firmware) by extension 'colcon_pkg'
[0.343s] Level 1:colcon.colcon_core.package_identification:_identify(src/Self-Driving-and-ROS-2-Learn-by-Doing-Plan-Navigation/Section6_Obstacle_Avoidance/bumperbot_ws/src/bumperbot_firmware) by extensions ['colcon_meta']
[0.343s] Level 1:colcon.colcon_core.package_identification:_identify(src/Self-Driving-and-ROS-2-Learn-by-Doing-Plan-Navigation/Section6_Obstacle_Avoidance/bumperbot_ws/src/bumperbot_firmware) by extension 'colcon_meta'
[0.343s] Level 1:colcon.colcon_core.package_identification:_identify(src/Self-Driving-and-ROS-2-Learn-by-Doing-Plan-Navigation/Section6_Obstacle_Avoidance/bumperbot_ws/src/bumperbot_firmware) by extensions ['ros']
[0.343s] Level 1:colcon.colcon_core.package_identification:_identify(src/Self-Driving-and-ROS-2-Learn-by-Doing-Plan-Navigation/Section6_Obstacle_Avoidance/bumperbot_ws/src/bumperbot_firmware) by extension 'ros'
[0.344s] DEBUG:colcon.colcon_core.package_identification:Package 'src/Self-Driving-and-ROS-2-Learn-by-Doing-Plan-Navigation/Section6_Obstacle_Avoidance/bumperbot_ws/src/bumperbot_firmware' with type 'ros.ament_cmake' and name 'bumperbot_firmware'
[0.345s] Level 1:colcon.colcon_core.package_identification:_identify(src/Self-Driving-and-ROS-2-Learn-by-Doing-Plan-Navigation/Section6_Obstacle_Avoidance/bumperbot_ws/src/bumperbot_localization) by extensions ['ignore', 'ignore_ament_install']
[0.345s] Level 1:colcon.colcon_core.package_identification:_identify(src/Self-Driving-and-ROS-2-Learn-by-Doing-Plan-Navigation/Section6_Obstacle_Avoidance/bumperbot_ws/src/bumperbot_localization) by extension 'ignore'
[0.345s] Level 1:colcon.colcon_core.package_identification:_identify(src/Self-Driving-and-ROS-2-Learn-by-Doing-Plan-Navigation/Section6_Obstacle_Avoidance/bumperbot_ws/src/bumperbot_localization) by extension 'ignore_ament_install'
[0.345s] Level 1:colcon.colcon_core.package_identification:_identify(src/Self-Driving-and-ROS-2-Learn-by-Doing-Plan-Navigation/Section6_Obstacle_Avoidance/bumperbot_ws/src/bumperbot_localization) by extensions ['colcon_pkg']
[0.345s] Level 1:colcon.colcon_core.package_identification:_identify(src/Self-Driving-and-ROS-2-Learn-by-Doing-Plan-Navigation/Section6_Obstacle_Avoidance/bumperbot_ws/src/bumperbot_localization) by extension 'colcon_pkg'
[0.345s] Level 1:colcon.colcon_core.package_identification:_identify(src/Self-Driving-and-ROS-2-Learn-by-Doing-Plan-Navigation/Section6_Obstacle_Avoidance/bumperbot_ws/src/bumperbot_localization) by extensions ['colcon_meta']
[0.345s] Level 1:colcon.colcon_core.package_identification:_identify(src/Self-Driving-and-ROS-2-Learn-by-Doing-Plan-Navigation/Section6_Obstacle_Avoidance/bumperbot_ws/src/bumperbot_localization) by extension 'colcon_meta'
[0.345s] Level 1:colcon.colcon_core.package_identification:_identify(src/Self-Driving-and-ROS-2-Learn-by-Doing-Plan-Navigation/Section6_Obstacle_Avoidance/bumperbot_ws/src/bumperbot_localization) by extensions ['ros']
[0.345s] Level 1:colcon.colcon_core.package_identification:_identify(src/Self-Driving-and-ROS-2-Learn-by-Doing-Plan-Navigation/Section6_Obstacle_Avoidance/bumperbot_ws/src/bumperbot_localization) by extension 'ros'
[0.346s] DEBUG:colcon.colcon_core.package_identification:Package 'src/Self-Driving-and-ROS-2-Learn-by-Doing-Plan-Navigation/Section6_Obstacle_Avoidance/bumperbot_ws/src/bumperbot_localization' with type 'ros.ament_cmake' and name 'bumperbot_localization'
[0.346s] Level 1:colcon.colcon_core.package_identification:_identify(src/Self-Driving-and-ROS-2-Learn-by-Doing-Plan-Navigation/Section6_Obstacle_Avoidance/bumperbot_ws/src/bumperbot_mapping) by extensions ['ignore', 'ignore_ament_install']
[0.346s] Level 1:colcon.colcon_core.package_identification:_identify(src/Self-Driving-and-ROS-2-Learn-by-Doing-Plan-Navigation/Section6_Obstacle_Avoidance/bumperbot_ws/src/bumperbot_mapping) by extension 'ignore'
[0.346s] Level 1:colcon.colcon_core.package_identification:_identify(src/Self-Driving-and-ROS-2-Learn-by-Doing-Plan-Navigation/Section6_Obstacle_Avoidance/bumperbot_ws/src/bumperbot_mapping) by extension 'ignore_ament_install'
[0.346s] Level 1:colcon.colcon_core.package_identification:_identify(src/Self-Driving-and-ROS-2-Learn-by-Doing-Plan-Navigation/Section6_Obstacle_Avoidance/bumperbot_ws/src/bumperbot_mapping) by extensions ['colcon_pkg']
[0.346s] Level 1:colcon.colcon_core.package_identification:_identify(src/Self-Driving-and-ROS-2-Learn-by-Doing-Plan-Navigation/Section6_Obstacle_Avoidance/bumperbot_ws/src/bumperbot_mapping) by extension 'colcon_pkg'
[0.346s] Level 1:colcon.colcon_core.package_identification:_identify(src/Self-Driving-and-ROS-2-Learn-by-Doing-Plan-Navigation/Section6_Obstacle_Avoidance/bumperbot_ws/src/bumperbot_mapping) by extensions ['colcon_meta']
[0.346s] Level 1:colcon.colcon_core.package_identification:_identify(src/Self-Driving-and-ROS-2-Learn-by-Doing-Plan-Navigation/Section6_Obstacle_Avoidance/bumperbot_ws/src/bumperbot_mapping) by extension 'colcon_meta'
[0.346s] Level 1:colcon.colcon_core.package_identification:_identify(src/Self-Driving-and-ROS-2-Learn-by-Doing-Plan-Navigation/Section6_Obstacle_Avoidance/bumperbot_ws/src/bumperbot_mapping) by extensions ['ros']
[0.346s] Level 1:colcon.colcon_core.package_identification:_identify(src/Self-Driving-and-ROS-2-Learn-by-Doing-Plan-Navigation/Section6_Obstacle_Avoidance/bumperbot_ws/src/bumperbot_mapping) by extension 'ros'
[0.347s] DEBUG:colcon.colcon_core.package_identification:Package 'src/Self-Driving-and-ROS-2-Learn-by-Doing-Plan-Navigation/Section6_Obstacle_Avoidance/bumperbot_ws/src/bumperbot_mapping' with type 'ros.ament_cmake' and name 'bumperbot_mapping'
[0.348s] Level 1:colcon.colcon_core.package_identification:_identify(src/Self-Driving-and-ROS-2-Learn-by-Doing-Plan-Navigation/Section6_Obstacle_Avoidance/bumperbot_ws/src/bumperbot_motion) by extensions ['ignore', 'ignore_ament_install']
[0.348s] Level 1:colcon.colcon_core.package_identification:_identify(src/Self-Driving-and-ROS-2-Learn-by-Doing-Plan-Navigation/Section6_Obstacle_Avoidance/bumperbot_ws/src/bumperbot_motion) by extension 'ignore'
[0.348s] Level 1:colcon.colcon_core.package_identification:_identify(src/Self-Driving-and-ROS-2-Learn-by-Doing-Plan-Navigation/Section6_Obstacle_Avoidance/bumperbot_ws/src/bumperbot_motion) by extension 'ignore_ament_install'
[0.348s] Level 1:colcon.colcon_core.package_identification:_identify(src/Self-Driving-and-ROS-2-Learn-by-Doing-Plan-Navigation/Section6_Obstacle_Avoidance/bumperbot_ws/src/bumperbot_motion) by extensions ['colcon_pkg']
[0.348s] Level 1:colcon.colcon_core.package_identification:_identify(src/Self-Driving-and-ROS-2-Learn-by-Doing-Plan-Navigation/Section6_Obstacle_Avoidance/bumperbot_ws/src/bumperbot_motion) by extension 'colcon_pkg'
[0.348s] Level 1:colcon.colcon_core.package_identification:_identify(src/Self-Driving-and-ROS-2-Learn-by-Doing-Plan-Navigation/Section6_Obstacle_Avoidance/bumperbot_ws/src/bumperbot_motion) by extensions ['colcon_meta']
[0.348s] Level 1:colcon.colcon_core.package_identification:_identify(src/Self-Driving-and-ROS-2-Learn-by-Doing-Plan-Navigation/Section6_Obstacle_Avoidance/bumperbot_ws/src/bumperbot_motion) by extension 'colcon_meta'
[0.348s] Level 1:colcon.colcon_core.package_identification:_identify(src/Self-Driving-and-ROS-2-Learn-by-Doing-Plan-Navigation/Section6_Obstacle_Avoidance/bumperbot_ws/src/bumperbot_motion) by extensions ['ros']
[0.348s] Level 1:colcon.colcon_core.package_identification:_identify(src/Self-Driving-and-ROS-2-Learn-by-Doing-Plan-Navigation/Section6_Obstacle_Avoidance/bumperbot_ws/src/bumperbot_motion) by extension 'ros'
[0.349s] DEBUG:colcon.colcon_core.package_identification:Package 'src/Self-Driving-and-ROS-2-Learn-by-Doing-Plan-Navigation/Section6_Obstacle_Avoidance/bumperbot_ws/src/bumperbot_motion' with type 'ros.ament_cmake' and name 'bumperbot_motion'
[0.349s] Level 1:colcon.colcon_core.package_identification:_identify(src/Self-Driving-and-ROS-2-Learn-by-Doing-Plan-Navigation/Section6_Obstacle_Avoidance/bumperbot_ws/src/bumperbot_msgs) by extensions ['ignore', 'ignore_ament_install']
[0.349s] Level 1:colcon.colcon_core.package_identification:_identify(src/Self-Driving-and-ROS-2-Learn-by-Doing-Plan-Navigation/Section6_Obstacle_Avoidance/bumperbot_ws/src/bumperbot_msgs) by extension 'ignore'
[0.349s] Level 1:colcon.colcon_core.package_identification:_identify(src/Self-Driving-and-ROS-2-Learn-by-Doing-Plan-Navigation/Section6_Obstacle_Avoidance/bumperbot_ws/src/bumperbot_msgs) by extension 'ignore_ament_install'
[0.349s] Level 1:colcon.colcon_core.package_identification:_identify(src/Self-Driving-and-ROS-2-Learn-by-Doing-Plan-Navigation/Section6_Obstacle_Avoidance/bumperbot_ws/src/bumperbot_msgs) by extensions ['colcon_pkg']
[0.349s] Level 1:colcon.colcon_core.package_identification:_identify(src/Self-Driving-and-ROS-2-Learn-by-Doing-Plan-Navigation/Section6_Obstacle_Avoidance/bumperbot_ws/src/bumperbot_msgs) by extension 'colcon_pkg'
[0.349s] Level 1:colcon.colcon_core.package_identification:_identify(src/Self-Driving-and-ROS-2-Learn-by-Doing-Plan-Navigation/Section6_Obstacle_Avoidance/bumperbot_ws/src/bumperbot_msgs) by extensions ['colcon_meta']
[0.349s] Level 1:colcon.colcon_core.package_identification:_identify(src/Self-Driving-and-ROS-2-Learn-by-Doing-Plan-Navigation/Section6_Obstacle_Avoidance/bumperbot_ws/src/bumperbot_msgs) by extension 'colcon_meta'
[0.349s] Level 1:colcon.colcon_core.package_identification:_identify(src/Self-Driving-and-ROS-2-Learn-by-Doing-Plan-Navigation/Section6_Obstacle_Avoidance/bumperbot_ws/src/bumperbot_msgs) by extensions ['ros']
[0.349s] Level 1:colcon.colcon_core.package_identification:_identify(src/Self-Driving-and-ROS-2-Learn-by-Doing-Plan-Navigation/Section6_Obstacle_Avoidance/bumperbot_ws/src/bumperbot_msgs) by extension 'ros'
[0.350s] DEBUG:colcon.colcon_core.package_identification:Package 'src/Self-Driving-and-ROS-2-Learn-by-Doing-Plan-Navigation/Section6_Obstacle_Avoidance/bumperbot_ws/src/bumperbot_msgs' with type 'ros.ament_cmake' and name 'bumperbot_msgs'
[0.350s] Level 1:colcon.colcon_core.package_identification:_identify(src/Self-Driving-and-ROS-2-Learn-by-Doing-Plan-Navigation/Section6_Obstacle_Avoidance/bumperbot_ws/src/bumperbot_navigation) by extensions ['ignore', 'ignore_ament_install']
[0.350s] Level 1:colcon.colcon_core.package_identification:_identify(src/Self-Driving-and-ROS-2-Learn-by-Doing-Plan-Navigation/Section6_Obstacle_Avoidance/bumperbot_ws/src/bumperbot_navigation) by extension 'ignore'
[0.350s] Level 1:colcon.colcon_core.package_identification:_identify(src/Self-Driving-and-ROS-2-Learn-by-Doing-Plan-Navigation/Section6_Obstacle_Avoidance/bumperbot_ws/src/bumperbot_navigation) by extension 'ignore_ament_install'
[0.350s] Level 1:colcon.colcon_core.package_identification:_identify(src/Self-Driving-and-ROS-2-Learn-by-Doing-Plan-Navigation/Section6_Obstacle_Avoidance/bumperbot_ws/src/bumperbot_navigation) by extensions ['colcon_pkg']
[0.350s] Level 1:colcon.colcon_core.package_identification:_identify(src/Self-Driving-and-ROS-2-Learn-by-Doing-Plan-Navigation/Section6_Obstacle_Avoidance/bumperbot_ws/src/bumperbot_navigation) by extension 'colcon_pkg'
[0.350s] Level 1:colcon.colcon_core.package_identification:_identify(src/Self-Driving-and-ROS-2-Learn-by-Doing-Plan-Navigation/Section6_Obstacle_Avoidance/bumperbot_ws/src/bumperbot_navigation) by extensions ['colcon_meta']
[0.350s] Level 1:colcon.colcon_core.package_identification:_identify(src/Self-Driving-and-ROS-2-Learn-by-Doing-Plan-Navigation/Section6_Obstacle_Avoidance/bumperbot_ws/src/bumperbot_navigation) by extension 'colcon_meta'
[0.350s] Level 1:colcon.colcon_core.package_identification:_identify(src/Self-Driving-and-ROS-2-Learn-by-Doing-Plan-Navigation/Section6_Obstacle_Avoidance/bumperbot_ws/src/bumperbot_navigation) by extensions ['ros']
[0.350s] Level 1:colcon.colcon_core.package_identification:_identify(src/Self-Driving-and-ROS-2-Learn-by-Doing-Plan-Navigation/Section6_Obstacle_Avoidance/bumperbot_ws/src/bumperbot_navigation) by extension 'ros'
[0.351s] DEBUG:colcon.colcon_core.package_identification:Package 'src/Self-Driving-and-ROS-2-Learn-by-Doing-Plan-Navigation/Section6_Obstacle_Avoidance/bumperbot_ws/src/bumperbot_navigation' with type 'ros.ament_cmake' and name 'bumperbot_navigation'
[0.351s] Level 1:colcon.colcon_core.package_identification:_identify(src/Self-Driving-and-ROS-2-Learn-by-Doing-Plan-Navigation/Section6_Obstacle_Avoidance/bumperbot_ws/src/bumperbot_planning) by extensions ['ignore', 'ignore_ament_install']
[0.351s] Level 1:colcon.colcon_core.package_identification:_identify(src/Self-Driving-and-ROS-2-Learn-by-Doing-Plan-Navigation/Section6_Obstacle_Avoidance/bumperbot_ws/src/bumperbot_planning) by extension 'ignore'
[0.351s] Level 1:colcon.colcon_core.package_identification:_identify(src/Self-Driving-and-ROS-2-Learn-by-Doing-Plan-Navigation/Section6_Obstacle_Avoidance/bumperbot_ws/src/bumperbot_planning) by extension 'ignore_ament_install'
[0.351s] Level 1:colcon.colcon_core.package_identification:_identify(src/Self-Driving-and-ROS-2-Learn-by-Doing-Plan-Navigation/Section6_Obstacle_Avoidance/bumperbot_ws/src/bumperbot_planning) by extensions ['colcon_pkg']
[0.351s] Level 1:colcon.colcon_core.package_identification:_identify(src/Self-Driving-and-ROS-2-Learn-by-Doing-Plan-Navigation/Section6_Obstacle_Avoidance/bumperbot_ws/src/bumperbot_planning) by extension 'colcon_pkg'
[0.351s] Level 1:colcon.colcon_core.package_identification:_identify(src/Self-Driving-and-ROS-2-Learn-by-Doing-Plan-Navigation/Section6_Obstacle_Avoidance/bumperbot_ws/src/bumperbot_planning) by extensions ['colcon_meta']
[0.351s] Level 1:colcon.colcon_core.package_identification:_identify(src/Self-Driving-and-ROS-2-Learn-by-Doing-Plan-Navigation/Section6_Obstacle_Avoidance/bumperbot_ws/src/bumperbot_planning) by extension 'colcon_meta'
[0.351s] Level 1:colcon.colcon_core.package_identification:_identify(src/Self-Driving-and-ROS-2-Learn-by-Doing-Plan-Navigation/Section6_Obstacle_Avoidance/bumperbot_ws/src/bumperbot_planning) by extensions ['ros']
[0.351s] Level 1:colcon.colcon_core.package_identification:_identify(src/Self-Driving-and-ROS-2-Learn-by-Doing-Plan-Navigation/Section6_Obstacle_Avoidance/bumperbot_ws/src/bumperbot_planning) by extension 'ros'
[0.352s] DEBUG:colcon.colcon_core.package_identification:Package 'src/Self-Driving-and-ROS-2-Learn-by-Doing-Plan-Navigation/Section6_Obstacle_Avoidance/bumperbot_ws/src/bumperbot_planning' with type 'ros.ament_cmake' and name 'bumperbot_planning'
[0.352s] Level 1:colcon.colcon_core.package_identification:_identify(src/Self-Driving-and-ROS-2-Learn-by-Doing-Plan-Navigation/Section6_Obstacle_Avoidance/bumperbot_ws/src/bumperbot_py_examples) by extensions ['ignore', 'ignore_ament_install']
[0.352s] Level 1:colcon.colcon_core.package_identification:_identify(src/Self-Driving-and-ROS-2-Learn-by-Doing-Plan-Navigation/Section6_Obstacle_Avoidance/bumperbot_ws/src/bumperbot_py_examples) by extension 'ignore'
[0.352s] Level 1:colcon.colcon_core.package_identification:_identify(src/Self-Driving-and-ROS-2-Learn-by-Doing-Plan-Navigation/Section6_Obstacle_Avoidance/bumperbot_ws/src/bumperbot_py_examples) by extension 'ignore_ament_install'
[0.352s] Level 1:colcon.colcon_core.package_identification:_identify(src/Self-Driving-and-ROS-2-Learn-by-Doing-Plan-Navigation/Section6_Obstacle_Avoidance/bumperbot_ws/src/bumperbot_py_examples) by extensions ['colcon_pkg']
[0.352s] Level 1:colcon.colcon_core.package_identification:_identify(src/Self-Driving-and-ROS-2-Learn-by-Doing-Plan-Navigation/Section6_Obstacle_Avoidance/bumperbot_ws/src/bumperbot_py_examples) by extension 'colcon_pkg'
[0.352s] Level 1:colcon.colcon_core.package_identification:_identify(src/Self-Driving-and-ROS-2-Learn-by-Doing-Plan-Navigation/Section6_Obstacle_Avoidance/bumperbot_ws/src/bumperbot_py_examples) by extensions ['colcon_meta']
[0.352s] Level 1:colcon.colcon_core.package_identification:_identify(src/Self-Driving-and-ROS-2-Learn-by-Doing-Plan-Navigation/Section6_Obstacle_Avoidance/bumperbot_ws/src/bumperbot_py_examples) by extension 'colcon_meta'
[0.352s] Level 1:colcon.colcon_core.package_identification:_identify(src/Self-Driving-and-ROS-2-Learn-by-Doing-Plan-Navigation/Section6_Obstacle_Avoidance/bumperbot_ws/src/bumperbot_py_examples) by extensions ['ros']
[0.352s] Level 1:colcon.colcon_core.package_identification:_identify(src/Self-Driving-and-ROS-2-Learn-by-Doing-Plan-Navigation/Section6_Obstacle_Avoidance/bumperbot_ws/src/bumperbot_py_examples) by extension 'ros'
[0.353s] DEBUG:colcon.colcon_core.package_identification:Package 'src/Self-Driving-and-ROS-2-Learn-by-Doing-Plan-Navigation/Section6_Obstacle_Avoidance/bumperbot_ws/src/bumperbot_py_examples' with type 'ros.ament_python' and name 'bumperbot_py_examples'
[0.353s] Level 1:colcon.colcon_core.package_identification:_identify(src/Self-Driving-and-ROS-2-Learn-by-Doing-Plan-Navigation/Section6_Obstacle_Avoidance/bumperbot_ws/src/bumperbot_utils) by extensions ['ignore', 'ignore_ament_install']
[0.354s] Level 1:colcon.colcon_core.package_identification:_identify(src/Self-Driving-and-ROS-2-Learn-by-Doing-Plan-Navigation/Section6_Obstacle_Avoidance/bumperbot_ws/src/bumperbot_utils) by extension 'ignore'
[0.354s] Level 1:colcon.colcon_core.package_identification:_identify(src/Self-Driving-and-ROS-2-Learn-by-Doing-Plan-Navigation/Section6_Obstacle_Avoidance/bumperbot_ws/src/bumperbot_utils) by extension 'ignore_ament_install'
[0.354s] Level 1:colcon.colcon_core.package_identification:_identify(src/Self-Driving-and-ROS-2-Learn-by-Doing-Plan-Navigation/Section6_Obstacle_Avoidance/bumperbot_ws/src/bumperbot_utils) by extensions ['colcon_pkg']
[0.354s] Level 1:colcon.colcon_core.package_identification:_identify(src/Self-Driving-and-ROS-2-Learn-by-Doing-Plan-Navigation/Section6_Obstacle_Avoidance/bumperbot_ws/src/bumperbot_utils) by extension 'colcon_pkg'
[0.354s] Level 1:colcon.colcon_core.package_identification:_identify(src/Self-Driving-and-ROS-2-Learn-by-Doing-Plan-Navigation/Section6_Obstacle_Avoidance/bumperbot_ws/src/bumperbot_utils) by extensions ['colcon_meta']
[0.354s] Level 1:colcon.colcon_core.package_identification:_identify(src/Self-Driving-and-ROS-2-Learn-by-Doing-Plan-Navigation/Section6_Obstacle_Avoidance/bumperbot_ws/src/bumperbot_utils) by extension 'colcon_meta'
[0.354s] Level 1:colcon.colcon_core.package_identification:_identify(src/Self-Driving-and-ROS-2-Learn-by-Doing-Plan-Navigation/Section6_Obstacle_Avoidance/bumperbot_ws/src/bumperbot_utils) by extensions ['ros']
[0.354s] Level 1:colcon.colcon_core.package_identification:_identify(src/Self-Driving-and-ROS-2-Learn-by-Doing-Plan-Navigation/Section6_Obstacle_Avoidance/bumperbot_ws/src/bumperbot_utils) by extension 'ros'
[0.355s] DEBUG:colcon.colcon_core.package_identification:Package 'src/Self-Driving-and-ROS-2-Learn-by-Doing-Plan-Navigation/Section6_Obstacle_Avoidance/bumperbot_ws/src/bumperbot_utils' with type 'ros.ament_cmake' and name 'bumperbot_utils'
[0.355s] Level 1:colcon.colcon_core.package_identification:_identify(src/Self-Driving-and-ROS-2-Learn-by-Doing-Plan-Navigation/Section7_Navigation) by extensions ['ignore', 'ignore_ament_install']
[0.355s] Level 1:colcon.colcon_core.package_identification:_identify(src/Self-Driving-and-ROS-2-Learn-by-Doing-Plan-Navigation/Section7_Navigation) by extension 'ignore'
[0.355s] Level 1:colcon.colcon_core.package_identification:_identify(src/Self-Driving-and-ROS-2-Learn-by-Doing-Plan-Navigation/Section7_Navigation) by extension 'ignore_ament_install'
[0.355s] Level 1:colcon.colcon_core.package_identification:_identify(src/Self-Driving-and-ROS-2-Learn-by-Doing-Plan-Navigation/Section7_Navigation) by extensions ['colcon_pkg']
[0.355s] Level 1:colcon.colcon_core.package_identification:_identify(src/Self-Driving-and-ROS-2-Learn-by-Doing-Plan-Navigation/Section7_Navigation) by extension 'colcon_pkg'
[0.355s] Level 1:colcon.colcon_core.package_identification:_identify(src/Self-Driving-and-ROS-2-Learn-by-Doing-Plan-Navigation/Section7_Navigation) by extensions ['colcon_meta']
[0.355s] Level 1:colcon.colcon_core.package_identification:_identify(src/Self-Driving-and-ROS-2-Learn-by-Doing-Plan-Navigation/Section7_Navigation) by extension 'colcon_meta'
[0.355s] Level 1:colcon.colcon_core.package_identification:_identify(src/Self-Driving-and-ROS-2-Learn-by-Doing-Plan-Navigation/Section7_Navigation) by extensions ['ros']
[0.355s] Level 1:colcon.colcon_core.package_identification:_identify(src/Self-Driving-and-ROS-2-Learn-by-Doing-Plan-Navigation/Section7_Navigation) by extension 'ros'
[0.355s] Level 1:colcon.colcon_core.package_identification:_identify(src/Self-Driving-and-ROS-2-Learn-by-Doing-Plan-Navigation/Section7_Navigation) by extensions ['cmake', 'python']
[0.355s] Level 1:colcon.colcon_core.package_identification:_identify(src/Self-Driving-and-ROS-2-Learn-by-Doing-Plan-Navigation/Section7_Navigation) by extension 'cmake'
[0.355s] Level 1:colcon.colcon_core.package_identification:_identify(src/Self-Driving-and-ROS-2-Learn-by-Doing-Plan-Navigation/Section7_Navigation) by extension 'python'
[0.355s] Level 1:colcon.colcon_core.package_identification:_identify(src/Self-Driving-and-ROS-2-Learn-by-Doing-Plan-Navigation/Section7_Navigation) by extensions ['python_setup_py']
[0.355s] Level 1:colcon.colcon_core.package_identification:_identify(src/Self-Driving-and-ROS-2-Learn-by-Doing-Plan-Navigation/Section7_Navigation) by extension 'python_setup_py'
[0.355s] Level 1:colcon.colcon_core.package_identification:_identify(src/Self-Driving-and-ROS-2-Learn-by-Doing-Plan-Navigation/Section7_Navigation/bumperbot_ws) by extensions ['ignore', 'ignore_ament_install']
[0.355s] Level 1:colcon.colcon_core.package_identification:_identify(src/Self-Driving-and-ROS-2-Learn-by-Doing-Plan-Navigation/Section7_Navigation/bumperbot_ws) by extension 'ignore'
[0.355s] Level 1:colcon.colcon_core.package_identification:_identify(src/Self-Driving-and-ROS-2-Learn-by-Doing-Plan-Navigation/Section7_Navigation/bumperbot_ws) by extension 'ignore_ament_install'
[0.356s] Level 1:colcon.colcon_core.package_identification:_identify(src/Self-Driving-and-ROS-2-Learn-by-Doing-Plan-Navigation/Section7_Navigation/bumperbot_ws) by extensions ['colcon_pkg']
[0.356s] Level 1:colcon.colcon_core.package_identification:_identify(src/Self-Driving-and-ROS-2-Learn-by-Doing-Plan-Navigation/Section7_Navigation/bumperbot_ws) by extension 'colcon_pkg'
[0.356s] Level 1:colcon.colcon_core.package_identification:_identify(src/Self-Driving-and-ROS-2-Learn-by-Doing-Plan-Navigation/Section7_Navigation/bumperbot_ws) by extensions ['colcon_meta']
[0.356s] Level 1:colcon.colcon_core.package_identification:_identify(src/Self-Driving-and-ROS-2-Learn-by-Doing-Plan-Navigation/Section7_Navigation/bumperbot_ws) by extension 'colcon_meta'
[0.356s] Level 1:colcon.colcon_core.package_identification:_identify(src/Self-Driving-and-ROS-2-Learn-by-Doing-Plan-Navigation/Section7_Navigation/bumperbot_ws) by extensions ['ros']
[0.356s] Level 1:colcon.colcon_core.package_identification:_identify(src/Self-Driving-and-ROS-2-Learn-by-Doing-Plan-Navigation/Section7_Navigation/bumperbot_ws) by extension 'ros'
[0.356s] Level 1:colcon.colcon_core.package_identification:_identify(src/Self-Driving-and-ROS-2-Learn-by-Doing-Plan-Navigation/Section7_Navigation/bumperbot_ws) by extensions ['cmake', 'python']
[0.356s] Level 1:colcon.colcon_core.package_identification:_identify(src/Self-Driving-and-ROS-2-Learn-by-Doing-Plan-Navigation/Section7_Navigation/bumperbot_ws) by extension 'cmake'
[0.356s] Level 1:colcon.colcon_core.package_identification:_identify(src/Self-Driving-and-ROS-2-Learn-by-Doing-Plan-Navigation/Section7_Navigation/bumperbot_ws) by extension 'python'
[0.356s] Level 1:colcon.colcon_core.package_identification:_identify(src/Self-Driving-and-ROS-2-Learn-by-Doing-Plan-Navigation/Section7_Navigation/bumperbot_ws) by extensions ['python_setup_py']
[0.356s] Level 1:colcon.colcon_core.package_identification:_identify(src/Self-Driving-and-ROS-2-Learn-by-Doing-Plan-Navigation/Section7_Navigation/bumperbot_ws) by extension 'python_setup_py'
[0.356s] Level 1:colcon.colcon_core.package_identification:_identify(src/Self-Driving-and-ROS-2-Learn-by-Doing-Plan-Navigation/Section7_Navigation/bumperbot_ws/src) by extensions ['ignore', 'ignore_ament_install']
[0.356s] Level 1:colcon.colcon_core.package_identification:_identify(src/Self-Driving-and-ROS-2-Learn-by-Doing-Plan-Navigation/Section7_Navigation/bumperbot_ws/src) by extension 'ignore'
[0.356s] Level 1:colcon.colcon_core.package_identification:_identify(src/Self-Driving-and-ROS-2-Learn-by-Doing-Plan-Navigation/Section7_Navigation/bumperbot_ws/src) by extension 'ignore_ament_install'
[0.356s] Level 1:colcon.colcon_core.package_identification:_identify(src/Self-Driving-and-ROS-2-Learn-by-Doing-Plan-Navigation/Section7_Navigation/bumperbot_ws/src) by extensions ['colcon_pkg']
[0.356s] Level 1:colcon.colcon_core.package_identification:_identify(src/Self-Driving-and-ROS-2-Learn-by-Doing-Plan-Navigation/Section7_Navigation/bumperbot_ws/src) by extension 'colcon_pkg'
[0.356s] Level 1:colcon.colcon_core.package_identification:_identify(src/Self-Driving-and-ROS-2-Learn-by-Doing-Plan-Navigation/Section7_Navigation/bumperbot_ws/src) by extensions ['colcon_meta']
[0.356s] Level 1:colcon.colcon_core.package_identification:_identify(src/Self-Driving-and-ROS-2-Learn-by-Doing-Plan-Navigation/Section7_Navigation/bumperbot_ws/src) by extension 'colcon_meta'
[0.356s] Level 1:colcon.colcon_core.package_identification:_identify(src/Self-Driving-and-ROS-2-Learn-by-Doing-Plan-Navigation/Section7_Navigation/bumperbot_ws/src) by extensions ['ros']
[0.356s] Level 1:colcon.colcon_core.package_identification:_identify(src/Self-Driving-and-ROS-2-Learn-by-Doing-Plan-Navigation/Section7_Navigation/bumperbot_ws/src) by extension 'ros'
[0.356s] Level 1:colcon.colcon_core.package_identification:_identify(src/Self-Driving-and-ROS-2-Learn-by-Doing-Plan-Navigation/Section7_Navigation/bumperbot_ws/src) by extensions ['cmake', 'python']
[0.356s] Level 1:colcon.colcon_core.package_identification:_identify(src/Self-Driving-and-ROS-2-Learn-by-Doing-Plan-Navigation/Section7_Navigation/bumperbot_ws/src) by extension 'cmake'
[0.356s] Level 1:colcon.colcon_core.package_identification:_identify(src/Self-Driving-and-ROS-2-Learn-by-Doing-Plan-Navigation/Section7_Navigation/bumperbot_ws/src) by extension 'python'
[0.356s] Level 1:colcon.colcon_core.package_identification:_identify(src/Self-Driving-and-ROS-2-Learn-by-Doing-Plan-Navigation/Section7_Navigation/bumperbot_ws/src) by extensions ['python_setup_py']
[0.356s] Level 1:colcon.colcon_core.package_identification:_identify(src/Self-Driving-and-ROS-2-Learn-by-Doing-Plan-Navigation/Section7_Navigation/bumperbot_ws/src) by extension 'python_setup_py'
[0.356s] Level 1:colcon.colcon_core.package_identification:_identify(src/Self-Driving-and-ROS-2-Learn-by-Doing-Plan-Navigation/Section7_Navigation/bumperbot_ws/src/bumperbot_bringup) by extensions ['ignore', 'ignore_ament_install']
[0.356s] Level 1:colcon.colcon_core.package_identification:_identify(src/Self-Driving-and-ROS-2-Learn-by-Doing-Plan-Navigation/Section7_Navigation/bumperbot_ws/src/bumperbot_bringup) by extension 'ignore'
[0.356s] Level 1:colcon.colcon_core.package_identification:_identify(src/Self-Driving-and-ROS-2-Learn-by-Doing-Plan-Navigation/Section7_Navigation/bumperbot_ws/src/bumperbot_bringup) by extension 'ignore_ament_install'
[0.356s] Level 1:colcon.colcon_core.package_identification:_identify(src/Self-Driving-and-ROS-2-Learn-by-Doing-Plan-Navigation/Section7_Navigation/bumperbot_ws/src/bumperbot_bringup) by extensions ['colcon_pkg']
[0.356s] Level 1:colcon.colcon_core.package_identification:_identify(src/Self-Driving-and-ROS-2-Learn-by-Doing-Plan-Navigation/Section7_Navigation/bumperbot_ws/src/bumperbot_bringup) by extension 'colcon_pkg'
[0.356s] Level 1:colcon.colcon_core.package_identification:_identify(src/Self-Driving-and-ROS-2-Learn-by-Doing-Plan-Navigation/Section7_Navigation/bumperbot_ws/src/bumperbot_bringup) by extensions ['colcon_meta']
[0.356s] Level 1:colcon.colcon_core.package_identification:_identify(src/Self-Driving-and-ROS-2-Learn-by-Doing-Plan-Navigation/Section7_Navigation/bumperbot_ws/src/bumperbot_bringup) by extension 'colcon_meta'
[0.356s] Level 1:colcon.colcon_core.package_identification:_identify(src/Self-Driving-and-ROS-2-Learn-by-Doing-Plan-Navigation/Section7_Navigation/bumperbot_ws/src/bumperbot_bringup) by extensions ['ros']
[0.356s] Level 1:colcon.colcon_core.package_identification:_identify(src/Self-Driving-and-ROS-2-Learn-by-Doing-Plan-Navigation/Section7_Navigation/bumperbot_ws/src/bumperbot_bringup) by extension 'ros'
[0.357s] DEBUG:colcon.colcon_core.package_identification:Package 'src/Self-Driving-and-ROS-2-Learn-by-Doing-Plan-Navigation/Section7_Navigation/bumperbot_ws/src/bumperbot_bringup' with type 'ros.ament_cmake' and name 'bumperbot_bringup'
[0.357s] Level 1:colcon.colcon_core.package_identification:_identify(src/Self-Driving-and-ROS-2-Learn-by-Doing-Plan-Navigation/Section7_Navigation/bumperbot_ws/src/bumperbot_controller) by extensions ['ignore', 'ignore_ament_install']
[0.357s] Level 1:colcon.colcon_core.package_identification:_identify(src/Self-Driving-and-ROS-2-Learn-by-Doing-Plan-Navigation/Section7_Navigation/bumperbot_ws/src/bumperbot_controller) by extension 'ignore'
[0.357s] Level 1:colcon.colcon_core.package_identification:_identify(src/Self-Driving-and-ROS-2-Learn-by-Doing-Plan-Navigation/Section7_Navigation/bumperbot_ws/src/bumperbot_controller) by extension 'ignore_ament_install'
[0.358s] Level 1:colcon.colcon_core.package_identification:_identify(src/Self-Driving-and-ROS-2-Learn-by-Doing-Plan-Navigation/Section7_Navigation/bumperbot_ws/src/bumperbot_controller) by extensions ['colcon_pkg']
[0.358s] Level 1:colcon.colcon_core.package_identification:_identify(src/Self-Driving-and-ROS-2-Learn-by-Doing-Plan-Navigation/Section7_Navigation/bumperbot_ws/src/bumperbot_controller) by extension 'colcon_pkg'
[0.358s] Level 1:colcon.colcon_core.package_identification:_identify(src/Self-Driving-and-ROS-2-Learn-by-Doing-Plan-Navigation/Section7_Navigation/bumperbot_ws/src/bumperbot_controller) by extensions ['colcon_meta']
[0.358s] Level 1:colcon.colcon_core.package_identification:_identify(src/Self-Driving-and-ROS-2-Learn-by-Doing-Plan-Navigation/Section7_Navigation/bumperbot_ws/src/bumperbot_controller) by extension 'colcon_meta'
[0.358s] Level 1:colcon.colcon_core.package_identification:_identify(src/Self-Driving-and-ROS-2-Learn-by-Doing-Plan-Navigation/Section7_Navigation/bumperbot_ws/src/bumperbot_controller) by extensions ['ros']
[0.358s] Level 1:colcon.colcon_core.package_identification:_identify(src/Self-Driving-and-ROS-2-Learn-by-Doing-Plan-Navigation/Section7_Navigation/bumperbot_ws/src/bumperbot_controller) by extension 'ros'
[0.359s] DEBUG:colcon.colcon_core.package_identification:Package 'src/Self-Driving-and-ROS-2-Learn-by-Doing-Plan-Navigation/Section7_Navigation/bumperbot_ws/src/bumperbot_controller' with type 'ros.ament_cmake' and name 'bumperbot_controller'
[0.359s] Level 1:colcon.colcon_core.package_identification:_identify(src/Self-Driving-and-ROS-2-Learn-by-Doing-Plan-Navigation/Section7_Navigation/bumperbot_ws/src/bumperbot_cpp_examples) by extensions ['ignore', 'ignore_ament_install']
[0.359s] Level 1:colcon.colcon_core.package_identification:_identify(src/Self-Driving-and-ROS-2-Learn-by-Doing-Plan-Navigation/Section7_Navigation/bumperbot_ws/src/bumperbot_cpp_examples) by extension 'ignore'
[0.359s] Level 1:colcon.colcon_core.package_identification:_identify(src/Self-Driving-and-ROS-2-Learn-by-Doing-Plan-Navigation/Section7_Navigation/bumperbot_ws/src/bumperbot_cpp_examples) by extension 'ignore_ament_install'
[0.359s] Level 1:colcon.colcon_core.package_identification:_identify(src/Self-Driving-and-ROS-2-Learn-by-Doing-Plan-Navigation/Section7_Navigation/bumperbot_ws/src/bumperbot_cpp_examples) by extensions ['colcon_pkg']
[0.359s] Level 1:colcon.colcon_core.package_identification:_identify(src/Self-Driving-and-ROS-2-Learn-by-Doing-Plan-Navigation/Section7_Navigation/bumperbot_ws/src/bumperbot_cpp_examples) by extension 'colcon_pkg'
[0.359s] Level 1:colcon.colcon_core.package_identification:_identify(src/Self-Driving-and-ROS-2-Learn-by-Doing-Plan-Navigation/Section7_Navigation/bumperbot_ws/src/bumperbot_cpp_examples) by extensions ['colcon_meta']
[0.359s] Level 1:colcon.colcon_core.package_identification:_identify(src/Self-Driving-and-ROS-2-Learn-by-Doing-Plan-Navigation/Section7_Navigation/bumperbot_ws/src/bumperbot_cpp_examples) by extension 'colcon_meta'
[0.359s] Level 1:colcon.colcon_core.package_identification:_identify(src/Self-Driving-and-ROS-2-Learn-by-Doing-Plan-Navigation/Section7_Navigation/bumperbot_ws/src/bumperbot_cpp_examples) by extensions ['ros']
[0.359s] Level 1:colcon.colcon_core.package_identification:_identify(src/Self-Driving-and-ROS-2-Learn-by-Doing-Plan-Navigation/Section7_Navigation/bumperbot_ws/src/bumperbot_cpp_examples) by extension 'ros'
[0.360s] DEBUG:colcon.colcon_core.package_identification:Package 'src/Self-Driving-and-ROS-2-Learn-by-Doing-Plan-Navigation/Section7_Navigation/bumperbot_ws/src/bumperbot_cpp_examples' with type 'ros.ament_cmake' and name 'bumperbot_cpp_examples'
[0.360s] Level 1:colcon.colcon_core.package_identification:_identify(src/Self-Driving-and-ROS-2-Learn-by-Doing-Plan-Navigation/Section7_Navigation/bumperbot_ws/src/bumperbot_description) by extensions ['ignore', 'ignore_ament_install']
[0.361s] Level 1:colcon.colcon_core.package_identification:_identify(src/Self-Driving-and-ROS-2-Learn-by-Doing-Plan-Navigation/Section7_Navigation/bumperbot_ws/src/bumperbot_description) by extension 'ignore'
[0.361s] Level 1:colcon.colcon_core.package_identification:_identify(src/Self-Driving-and-ROS-2-Learn-by-Doing-Plan-Navigation/Section7_Navigation/bumperbot_ws/src/bumperbot_description) by extension 'ignore_ament_install'
[0.361s] Level 1:colcon.colcon_core.package_identification:_identify(src/Self-Driving-and-ROS-2-Learn-by-Doing-Plan-Navigation/Section7_Navigation/bumperbot_ws/src/bumperbot_description) by extensions ['colcon_pkg']
[0.361s] Level 1:colcon.colcon_core.package_identification:_identify(src/Self-Driving-and-ROS-2-Learn-by-Doing-Plan-Navigation/Section7_Navigation/bumperbot_ws/src/bumperbot_description) by extension 'colcon_pkg'
[0.361s] Level 1:colcon.colcon_core.package_identification:_identify(src/Self-Driving-and-ROS-2-Learn-by-Doing-Plan-Navigation/Section7_Navigation/bumperbot_ws/src/bumperbot_description) by extensions ['colcon_meta']
[0.361s] Level 1:colcon.colcon_core.package_identification:_identify(src/Self-Driving-and-ROS-2-Learn-by-Doing-Plan-Navigation/Section7_Navigation/bumperbot_ws/src/bumperbot_description) by extension 'colcon_meta'
[0.361s] Level 1:colcon.colcon_core.package_identification:_identify(src/Self-Driving-and-ROS-2-Learn-by-Doing-Plan-Navigation/Section7_Navigation/bumperbot_ws/src/bumperbot_description) by extensions ['ros']
[0.361s] Level 1:colcon.colcon_core.package_identification:_identify(src/Self-Driving-and-ROS-2-Learn-by-Doing-Plan-Navigation/Section7_Navigation/bumperbot_ws/src/bumperbot_description) by extension 'ros'
[0.362s] DEBUG:colcon.colcon_core.package_identification:Package 'src/Self-Driving-and-ROS-2-Learn-by-Doing-Plan-Navigation/Section7_Navigation/bumperbot_ws/src/bumperbot_description' with type 'ros.ament_cmake' and name 'bumperbot_description'
[0.363s] Level 1:colcon.colcon_core.package_identification:_identify(src/Self-Driving-and-ROS-2-Learn-by-Doing-Plan-Navigation/Section7_Navigation/bumperbot_ws/src/bumperbot_firmware) by extensions ['ignore', 'ignore_ament_install']
[0.363s] Level 1:colcon.colcon_core.package_identification:_identify(src/Self-Driving-and-ROS-2-Learn-by-Doing-Plan-Navigation/Section7_Navigation/bumperbot_ws/src/bumperbot_firmware) by extension 'ignore'
[0.363s] Level 1:colcon.colcon_core.package_identification:_identify(src/Self-Driving-and-ROS-2-Learn-by-Doing-Plan-Navigation/Section7_Navigation/bumperbot_ws/src/bumperbot_firmware) by extension 'ignore_ament_install'
[0.363s] Level 1:colcon.colcon_core.package_identification:_identify(src/Self-Driving-and-ROS-2-Learn-by-Doing-Plan-Navigation/Section7_Navigation/bumperbot_ws/src/bumperbot_firmware) by extensions ['colcon_pkg']
[0.363s] Level 1:colcon.colcon_core.package_identification:_identify(src/Self-Driving-and-ROS-2-Learn-by-Doing-Plan-Navigation/Section7_Navigation/bumperbot_ws/src/bumperbot_firmware) by extension 'colcon_pkg'
[0.363s] Level 1:colcon.colcon_core.package_identification:_identify(src/Self-Driving-and-ROS-2-Learn-by-Doing-Plan-Navigation/Section7_Navigation/bumperbot_ws/src/bumperbot_firmware) by extensions ['colcon_meta']
[0.363s] Level 1:colcon.colcon_core.package_identification:_identify(src/Self-Driving-and-ROS-2-Learn-by-Doing-Plan-Navigation/Section7_Navigation/bumperbot_ws/src/bumperbot_firmware) by extension 'colcon_meta'
[0.363s] Level 1:colcon.colcon_core.package_identification:_identify(src/Self-Driving-and-ROS-2-Learn-by-Doing-Plan-Navigation/Section7_Navigation/bumperbot_ws/src/bumperbot_firmware) by extensions ['ros']
[0.363s] Level 1:colcon.colcon_core.package_identification:_identify(src/Self-Driving-and-ROS-2-Learn-by-Doing-Plan-Navigation/Section7_Navigation/bumperbot_ws/src/bumperbot_firmware) by extension 'ros'
[0.364s] DEBUG:colcon.colcon_core.package_identification:Package 'src/Self-Driving-and-ROS-2-Learn-by-Doing-Plan-Navigation/Section7_Navigation/bumperbot_ws/src/bumperbot_firmware' with type 'ros.ament_cmake' and name 'bumperbot_firmware'
[0.364s] Level 1:colcon.colcon_core.package_identification:_identify(src/Self-Driving-and-ROS-2-Learn-by-Doing-Plan-Navigation/Section7_Navigation/bumperbot_ws/src/bumperbot_localization) by extensions ['ignore', 'ignore_ament_install']
[0.364s] Level 1:colcon.colcon_core.package_identification:_identify(src/Self-Driving-and-ROS-2-Learn-by-Doing-Plan-Navigation/Section7_Navigation/bumperbot_ws/src/bumperbot_localization) by extension 'ignore'
[0.364s] Level 1:colcon.colcon_core.package_identification:_identify(src/Self-Driving-and-ROS-2-Learn-by-Doing-Plan-Navigation/Section7_Navigation/bumperbot_ws/src/bumperbot_localization) by extension 'ignore_ament_install'
[0.364s] Level 1:colcon.colcon_core.package_identification:_identify(src/Self-Driving-and-ROS-2-Learn-by-Doing-Plan-Navigation/Section7_Navigation/bumperbot_ws/src/bumperbot_localization) by extensions ['colcon_pkg']
[0.364s] Level 1:colcon.colcon_core.package_identification:_identify(src/Self-Driving-and-ROS-2-Learn-by-Doing-Plan-Navigation/Section7_Navigation/bumperbot_ws/src/bumperbot_localization) by extension 'colcon_pkg'
[0.364s] Level 1:colcon.colcon_core.package_identification:_identify(src/Self-Driving-and-ROS-2-Learn-by-Doing-Plan-Navigation/Section7_Navigation/bumperbot_ws/src/bumperbot_localization) by extensions ['colcon_meta']
[0.364s] Level 1:colcon.colcon_core.package_identification:_identify(src/Self-Driving-and-ROS-2-Learn-by-Doing-Plan-Navigation/Section7_Navigation/bumperbot_ws/src/bumperbot_localization) by extension 'colcon_meta'
[0.365s] Level 1:colcon.colcon_core.package_identification:_identify(src/Self-Driving-and-ROS-2-Learn-by-Doing-Plan-Navigation/Section7_Navigation/bumperbot_ws/src/bumperbot_localization) by extensions ['ros']
[0.365s] Level 1:colcon.colcon_core.package_identification:_identify(src/Self-Driving-and-ROS-2-Learn-by-Doing-Plan-Navigation/Section7_Navigation/bumperbot_ws/src/bumperbot_localization) by extension 'ros'
[0.366s] DEBUG:colcon.colcon_core.package_identification:Package 'src/Self-Driving-and-ROS-2-Learn-by-Doing-Plan-Navigation/Section7_Navigation/bumperbot_ws/src/bumperbot_localization' with type 'ros.ament_cmake' and name 'bumperbot_localization'
[0.366s] Level 1:colcon.colcon_core.package_identification:_identify(src/Self-Driving-and-ROS-2-Learn-by-Doing-Plan-Navigation/Section7_Navigation/bumperbot_ws/src/bumperbot_mapping) by extensions ['ignore', 'ignore_ament_install']
[0.366s] Level 1:colcon.colcon_core.package_identification:_identify(src/Self-Driving-and-ROS-2-Learn-by-Doing-Plan-Navigation/Section7_Navigation/bumperbot_ws/src/bumperbot_mapping) by extension 'ignore'
[0.366s] Level 1:colcon.colcon_core.package_identification:_identify(src/Self-Driving-and-ROS-2-Learn-by-Doing-Plan-Navigation/Section7_Navigation/bumperbot_ws/src/bumperbot_mapping) by extension 'ignore_ament_install'
[0.366s] Level 1:colcon.colcon_core.package_identification:_identify(src/Self-Driving-and-ROS-2-Learn-by-Doing-Plan-Navigation/Section7_Navigation/bumperbot_ws/src/bumperbot_mapping) by extensions ['colcon_pkg']
[0.366s] Level 1:colcon.colcon_core.package_identification:_identify(src/Self-Driving-and-ROS-2-Learn-by-Doing-Plan-Navigation/Section7_Navigation/bumperbot_ws/src/bumperbot_mapping) by extension 'colcon_pkg'
[0.366s] Level 1:colcon.colcon_core.package_identification:_identify(src/Self-Driving-and-ROS-2-Learn-by-Doing-Plan-Navigation/Section7_Navigation/bumperbot_ws/src/bumperbot_mapping) by extensions ['colcon_meta']
[0.366s] Level 1:colcon.colcon_core.package_identification:_identify(src/Self-Driving-and-ROS-2-Learn-by-Doing-Plan-Navigation/Section7_Navigation/bumperbot_ws/src/bumperbot_mapping) by extension 'colcon_meta'
[0.366s] Level 1:colcon.colcon_core.package_identification:_identify(src/Self-Driving-and-ROS-2-Learn-by-Doing-Plan-Navigation/Section7_Navigation/bumperbot_ws/src/bumperbot_mapping) by extensions ['ros']
[0.366s] Level 1:colcon.colcon_core.package_identification:_identify(src/Self-Driving-and-ROS-2-Learn-by-Doing-Plan-Navigation/Section7_Navigation/bumperbot_ws/src/bumperbot_mapping) by extension 'ros'
[0.367s] DEBUG:colcon.colcon_core.package_identification:Package 'src/Self-Driving-and-ROS-2-Learn-by-Doing-Plan-Navigation/Section7_Navigation/bumperbot_ws/src/bumperbot_mapping' with type 'ros.ament_cmake' and name 'bumperbot_mapping'
[0.367s] Level 1:colcon.colcon_core.package_identification:_identify(src/Self-Driving-and-ROS-2-Learn-by-Doing-Plan-Navigation/Section7_Navigation/bumperbot_ws/src/bumperbot_motion) by extensions ['ignore', 'ignore_ament_install']
[0.368s] Level 1:colcon.colcon_core.package_identification:_identify(src/Self-Driving-and-ROS-2-Learn-by-Doing-Plan-Navigation/Section7_Navigation/bumperbot_ws/src/bumperbot_motion) by extension 'ignore'
[0.368s] Level 1:colcon.colcon_core.package_identification:_identify(src/Self-Driving-and-ROS-2-Learn-by-Doing-Plan-Navigation/Section7_Navigation/bumperbot_ws/src/bumperbot_motion) by extension 'ignore_ament_install'
[0.368s] Level 1:colcon.colcon_core.package_identification:_identify(src/Self-Driving-and-ROS-2-Learn-by-Doing-Plan-Navigation/Section7_Navigation/bumperbot_ws/src/bumperbot_motion) by extensions ['colcon_pkg']
[0.368s] Level 1:colcon.colcon_core.package_identification:_identify(src/Self-Driving-and-ROS-2-Learn-by-Doing-Plan-Navigation/Section7_Navigation/bumperbot_ws/src/bumperbot_motion) by extension 'colcon_pkg'
[0.368s] Level 1:colcon.colcon_core.package_identification:_identify(src/Self-Driving-and-ROS-2-Learn-by-Doing-Plan-Navigation/Section7_Navigation/bumperbot_ws/src/bumperbot_motion) by extensions ['colcon_meta']
[0.368s] Level 1:colcon.colcon_core.package_identification:_identify(src/Self-Driving-and-ROS-2-Learn-by-Doing-Plan-Navigation/Section7_Navigation/bumperbot_ws/src/bumperbot_motion) by extension 'colcon_meta'
[0.368s] Level 1:colcon.colcon_core.package_identification:_identify(src/Self-Driving-and-ROS-2-Learn-by-Doing-Plan-Navigation/Section7_Navigation/bumperbot_ws/src/bumperbot_motion) by extensions ['ros']
[0.368s] Level 1:colcon.colcon_core.package_identification:_identify(src/Self-Driving-and-ROS-2-Learn-by-Doing-Plan-Navigation/Section7_Navigation/bumperbot_ws/src/bumperbot_motion) by extension 'ros'
[0.369s] DEBUG:colcon.colcon_core.package_identification:Package 'src/Self-Driving-and-ROS-2-Learn-by-Doing-Plan-Navigation/Section7_Navigation/bumperbot_ws/src/bumperbot_motion' with type 'ros.ament_cmake' and name 'bumperbot_motion'
[0.369s] Level 1:colcon.colcon_core.package_identification:_identify(src/Self-Driving-and-ROS-2-Learn-by-Doing-Plan-Navigation/Section7_Navigation/bumperbot_ws/src/bumperbot_msgs) by extensions ['ignore', 'ignore_ament_install']
[0.369s] Level 1:colcon.colcon_core.package_identification:_identify(src/Self-Driving-and-ROS-2-Learn-by-Doing-Plan-Navigation/Section7_Navigation/bumperbot_ws/src/bumperbot_msgs) by extension 'ignore'
[0.369s] Level 1:colcon.colcon_core.package_identification:_identify(src/Self-Driving-and-ROS-2-Learn-by-Doing-Plan-Navigation/Section7_Navigation/bumperbot_ws/src/bumperbot_msgs) by extension 'ignore_ament_install'
[0.369s] Level 1:colcon.colcon_core.package_identification:_identify(src/Self-Driving-and-ROS-2-Learn-by-Doing-Plan-Navigation/Section7_Navigation/bumperbot_ws/src/bumperbot_msgs) by extensions ['colcon_pkg']
[0.369s] Level 1:colcon.colcon_core.package_identification:_identify(src/Self-Driving-and-ROS-2-Learn-by-Doing-Plan-Navigation/Section7_Navigation/bumperbot_ws/src/bumperbot_msgs) by extension 'colcon_pkg'
[0.369s] Level 1:colcon.colcon_core.package_identification:_identify(src/Self-Driving-and-ROS-2-Learn-by-Doing-Plan-Navigation/Section7_Navigation/bumperbot_ws/src/bumperbot_msgs) by extensions ['colcon_meta']
[0.369s] Level 1:colcon.colcon_core.package_identification:_identify(src/Self-Driving-and-ROS-2-Learn-by-Doing-Plan-Navigation/Section7_Navigation/bumperbot_ws/src/bumperbot_msgs) by extension 'colcon_meta'
[0.369s] Level 1:colcon.colcon_core.package_identification:_identify(src/Self-Driving-and-ROS-2-Learn-by-Doing-Plan-Navigation/Section7_Navigation/bumperbot_ws/src/bumperbot_msgs) by extensions ['ros']
[0.369s] Level 1:colcon.colcon_core.package_identification:_identify(src/Self-Driving-and-ROS-2-Learn-by-Doing-Plan-Navigation/Section7_Navigation/bumperbot_ws/src/bumperbot_msgs) by extension 'ros'
[0.370s] DEBUG:colcon.colcon_core.package_identification:Package 'src/Self-Driving-and-ROS-2-Learn-by-Doing-Plan-Navigation/Section7_Navigation/bumperbot_ws/src/bumperbot_msgs' with type 'ros.ament_cmake' and name 'bumperbot_msgs'
[0.371s] Level 1:colcon.colcon_core.package_identification:_identify(src/Self-Driving-and-ROS-2-Learn-by-Doing-Plan-Navigation/Section7_Navigation/bumperbot_ws/src/bumperbot_navigation) by extensions ['ignore', 'ignore_ament_install']
[0.371s] Level 1:colcon.colcon_core.package_identification:_identify(src/Self-Driving-and-ROS-2-Learn-by-Doing-Plan-Navigation/Section7_Navigation/bumperbot_ws/src/bumperbot_navigation) by extension 'ignore'
[0.371s] Level 1:colcon.colcon_core.package_identification:_identify(src/Self-Driving-and-ROS-2-Learn-by-Doing-Plan-Navigation/Section7_Navigation/bumperbot_ws/src/bumperbot_navigation) by extension 'ignore_ament_install'
[0.371s] Level 1:colcon.colcon_core.package_identification:_identify(src/Self-Driving-and-ROS-2-Learn-by-Doing-Plan-Navigation/Section7_Navigation/bumperbot_ws/src/bumperbot_navigation) by extensions ['colcon_pkg']
[0.371s] Level 1:colcon.colcon_core.package_identification:_identify(src/Self-Driving-and-ROS-2-Learn-by-Doing-Plan-Navigation/Section7_Navigation/bumperbot_ws/src/bumperbot_navigation) by extension 'colcon_pkg'
[0.371s] Level 1:colcon.colcon_core.package_identification:_identify(src/Self-Driving-and-ROS-2-Learn-by-Doing-Plan-Navigation/Section7_Navigation/bumperbot_ws/src/bumperbot_navigation) by extensions ['colcon_meta']
[0.371s] Level 1:colcon.colcon_core.package_identification:_identify(src/Self-Driving-and-ROS-2-Learn-by-Doing-Plan-Navigation/Section7_Navigation/bumperbot_ws/src/bumperbot_navigation) by extension 'colcon_meta'
[0.371s] Level 1:colcon.colcon_core.package_identification:_identify(src/Self-Driving-and-ROS-2-Learn-by-Doing-Plan-Navigation/Section7_Navigation/bumperbot_ws/src/bumperbot_navigation) by extensions ['ros']
[0.371s] Level 1:colcon.colcon_core.package_identification:_identify(src/Self-Driving-and-ROS-2-Learn-by-Doing-Plan-Navigation/Section7_Navigation/bumperbot_ws/src/bumperbot_navigation) by extension 'ros'
[0.372s] DEBUG:colcon.colcon_core.package_identification:Package 'src/Self-Driving-and-ROS-2-Learn-by-Doing-Plan-Navigation/Section7_Navigation/bumperbot_ws/src/bumperbot_navigation' with type 'ros.ament_cmake' and name 'bumperbot_navigation'
[0.372s] Level 1:colcon.colcon_core.package_identification:_identify(src/Self-Driving-and-ROS-2-Learn-by-Doing-Plan-Navigation/Section7_Navigation/bumperbot_ws/src/bumperbot_planning) by extensions ['ignore', 'ignore_ament_install']
[0.372s] Level 1:colcon.colcon_core.package_identification:_identify(src/Self-Driving-and-ROS-2-Learn-by-Doing-Plan-Navigation/Section7_Navigation/bumperbot_ws/src/bumperbot_planning) by extension 'ignore'
[0.372s] Level 1:colcon.colcon_core.package_identification:_identify(src/Self-Driving-and-ROS-2-Learn-by-Doing-Plan-Navigation/Section7_Navigation/bumperbot_ws/src/bumperbot_planning) by extension 'ignore_ament_install'
[0.372s] Level 1:colcon.colcon_core.package_identification:_identify(src/Self-Driving-and-ROS-2-Learn-by-Doing-Plan-Navigation/Section7_Navigation/bumperbot_ws/src/bumperbot_planning) by extensions ['colcon_pkg']
[0.372s] Level 1:colcon.colcon_core.package_identification:_identify(src/Self-Driving-and-ROS-2-Learn-by-Doing-Plan-Navigation/Section7_Navigation/bumperbot_ws/src/bumperbot_planning) by extension 'colcon_pkg'
[0.372s] Level 1:colcon.colcon_core.package_identification:_identify(src/Self-Driving-and-ROS-2-Learn-by-Doing-Plan-Navigation/Section7_Navigation/bumperbot_ws/src/bumperbot_planning) by extensions ['colcon_meta']
[0.372s] Level 1:colcon.colcon_core.package_identification:_identify(src/Self-Driving-and-ROS-2-Learn-by-Doing-Plan-Navigation/Section7_Navigation/bumperbot_ws/src/bumperbot_planning) by extension 'colcon_meta'
[0.372s] Level 1:colcon.colcon_core.package_identification:_identify(src/Self-Driving-and-ROS-2-Learn-by-Doing-Plan-Navigation/Section7_Navigation/bumperbot_ws/src/bumperbot_planning) by extensions ['ros']
[0.372s] Level 1:colcon.colcon_core.package_identification:_identify(src/Self-Driving-and-ROS-2-Learn-by-Doing-Plan-Navigation/Section7_Navigation/bumperbot_ws/src/bumperbot_planning) by extension 'ros'
[0.373s] DEBUG:colcon.colcon_core.package_identification:Package 'src/Self-Driving-and-ROS-2-Learn-by-Doing-Plan-Navigation/Section7_Navigation/bumperbot_ws/src/bumperbot_planning' with type 'ros.ament_cmake' and name 'bumperbot_planning'
[0.373s] Level 1:colcon.colcon_core.package_identification:_identify(src/Self-Driving-and-ROS-2-Learn-by-Doing-Plan-Navigation/Section7_Navigation/bumperbot_ws/src/bumperbot_py_examples) by extensions ['ignore', 'ignore_ament_install']
[0.373s] Level 1:colcon.colcon_core.package_identification:_identify(src/Self-Driving-and-ROS-2-Learn-by-Doing-Plan-Navigation/Section7_Navigation/bumperbot_ws/src/bumperbot_py_examples) by extension 'ignore'
[0.373s] Level 1:colcon.colcon_core.package_identification:_identify(src/Self-Driving-and-ROS-2-Learn-by-Doing-Plan-Navigation/Section7_Navigation/bumperbot_ws/src/bumperbot_py_examples) by extension 'ignore_ament_install'
[0.373s] Level 1:colcon.colcon_core.package_identification:_identify(src/Self-Driving-and-ROS-2-Learn-by-Doing-Plan-Navigation/Section7_Navigation/bumperbot_ws/src/bumperbot_py_examples) by extensions ['colcon_pkg']
[0.373s] Level 1:colcon.colcon_core.package_identification:_identify(src/Self-Driving-and-ROS-2-Learn-by-Doing-Plan-Navigation/Section7_Navigation/bumperbot_ws/src/bumperbot_py_examples) by extension 'colcon_pkg'
[0.373s] Level 1:colcon.colcon_core.package_identification:_identify(src/Self-Driving-and-ROS-2-Learn-by-Doing-Plan-Navigation/Section7_Navigation/bumperbot_ws/src/bumperbot_py_examples) by extensions ['colcon_meta']
[0.373s] Level 1:colcon.colcon_core.package_identification:_identify(src/Self-Driving-and-ROS-2-Learn-by-Doing-Plan-Navigation/Section7_Navigation/bumperbot_ws/src/bumperbot_py_examples) by extension 'colcon_meta'
[0.373s] Level 1:colcon.colcon_core.package_identification:_identify(src/Self-Driving-and-ROS-2-Learn-by-Doing-Plan-Navigation/Section7_Navigation/bumperbot_ws/src/bumperbot_py_examples) by extensions ['ros']
[0.373s] Level 1:colcon.colcon_core.package_identification:_identify(src/Self-Driving-and-ROS-2-Learn-by-Doing-Plan-Navigation/Section7_Navigation/bumperbot_ws/src/bumperbot_py_examples) by extension 'ros'
[0.374s] DEBUG:colcon.colcon_core.package_identification:Package 'src/Self-Driving-and-ROS-2-Learn-by-Doing-Plan-Navigation/Section7_Navigation/bumperbot_ws/src/bumperbot_py_examples' with type 'ros.ament_python' and name 'bumperbot_py_examples'
[0.375s] Level 1:colcon.colcon_core.package_identification:_identify(src/Self-Driving-and-ROS-2-Learn-by-Doing-Plan-Navigation/Section7_Navigation/bumperbot_ws/src/bumperbot_utils) by extensions ['ignore', 'ignore_ament_install']
[0.375s] Level 1:colcon.colcon_core.package_identification:_identify(src/Self-Driving-and-ROS-2-Learn-by-Doing-Plan-Navigation/Section7_Navigation/bumperbot_ws/src/bumperbot_utils) by extension 'ignore'
[0.375s] Level 1:colcon.colcon_core.package_identification:_identify(src/Self-Driving-and-ROS-2-Learn-by-Doing-Plan-Navigation/Section7_Navigation/bumperbot_ws/src/bumperbot_utils) by extension 'ignore_ament_install'
[0.375s] Level 1:colcon.colcon_core.package_identification:_identify(src/Self-Driving-and-ROS-2-Learn-by-Doing-Plan-Navigation/Section7_Navigation/bumperbot_ws/src/bumperbot_utils) by extensions ['colcon_pkg']
[0.375s] Level 1:colcon.colcon_core.package_identification:_identify(src/Self-Driving-and-ROS-2-Learn-by-Doing-Plan-Navigation/Section7_Navigation/bumperbot_ws/src/bumperbot_utils) by extension 'colcon_pkg'
[0.375s] Level 1:colcon.colcon_core.package_identification:_identify(src/Self-Driving-and-ROS-2-Learn-by-Doing-Plan-Navigation/Section7_Navigation/bumperbot_ws/src/bumperbot_utils) by extensions ['colcon_meta']
[0.375s] Level 1:colcon.colcon_core.package_identification:_identify(src/Self-Driving-and-ROS-2-Learn-by-Doing-Plan-Navigation/Section7_Navigation/bumperbot_ws/src/bumperbot_utils) by extension 'colcon_meta'
[0.375s] Level 1:colcon.colcon_core.package_identification:_identify(src/Self-Driving-and-ROS-2-Learn-by-Doing-Plan-Navigation/Section7_Navigation/bumperbot_ws/src/bumperbot_utils) by extensions ['ros']
[0.375s] Level 1:colcon.colcon_core.package_identification:_identify(src/Self-Driving-and-ROS-2-Learn-by-Doing-Plan-Navigation/Section7_Navigation/bumperbot_ws/src/bumperbot_utils) by extension 'ros'
[0.376s] DEBUG:colcon.colcon_core.package_identification:Package 'src/Self-Driving-and-ROS-2-Learn-by-Doing-Plan-Navigation/Section7_Navigation/bumperbot_ws/src/bumperbot_utils' with type 'ros.ament_cmake' and name 'bumperbot_utils'
[0.376s] Level 1:colcon.colcon_core.package_identification:_identify(src/Self-Driving-and-ROS-2-Learn-by-Doing-Plan-Navigation/Section8_Decision_Making) by extensions ['ignore', 'ignore_ament_install']
[0.376s] Level 1:colcon.colcon_core.package_identification:_identify(src/Self-Driving-and-ROS-2-Learn-by-Doing-Plan-Navigation/Section8_Decision_Making) by extension 'ignore'
[0.376s] Level 1:colcon.colcon_core.package_identification:_identify(src/Self-Driving-and-ROS-2-Learn-by-Doing-Plan-Navigation/Section8_Decision_Making) by extension 'ignore_ament_install'
[0.376s] Level 1:colcon.colcon_core.package_identification:_identify(src/Self-Driving-and-ROS-2-Learn-by-Doing-Plan-Navigation/Section8_Decision_Making) by extensions ['colcon_pkg']
[0.376s] Level 1:colcon.colcon_core.package_identification:_identify(src/Self-Driving-and-ROS-2-Learn-by-Doing-Plan-Navigation/Section8_Decision_Making) by extension 'colcon_pkg'
[0.376s] Level 1:colcon.colcon_core.package_identification:_identify(src/Self-Driving-and-ROS-2-Learn-by-Doing-Plan-Navigation/Section8_Decision_Making) by extensions ['colcon_meta']
[0.376s] Level 1:colcon.colcon_core.package_identification:_identify(src/Self-Driving-and-ROS-2-Learn-by-Doing-Plan-Navigation/Section8_Decision_Making) by extension 'colcon_meta'
[0.376s] Level 1:colcon.colcon_core.package_identification:_identify(src/Self-Driving-and-ROS-2-Learn-by-Doing-Plan-Navigation/Section8_Decision_Making) by extensions ['ros']
[0.376s] Level 1:colcon.colcon_core.package_identification:_identify(src/Self-Driving-and-ROS-2-Learn-by-Doing-Plan-Navigation/Section8_Decision_Making) by extension 'ros'
[0.376s] Level 1:colcon.colcon_core.package_identification:_identify(src/Self-Driving-and-ROS-2-Learn-by-Doing-Plan-Navigation/Section8_Decision_Making) by extensions ['cmake', 'python']
[0.376s] Level 1:colcon.colcon_core.package_identification:_identify(src/Self-Driving-and-ROS-2-Learn-by-Doing-Plan-Navigation/Section8_Decision_Making) by extension 'cmake'
[0.377s] Level 1:colcon.colcon_core.package_identification:_identify(src/Self-Driving-and-ROS-2-Learn-by-Doing-Plan-Navigation/Section8_Decision_Making) by extension 'python'
[0.377s] Level 1:colcon.colcon_core.package_identification:_identify(src/Self-Driving-and-ROS-2-Learn-by-Doing-Plan-Navigation/Section8_Decision_Making) by extensions ['python_setup_py']
[0.377s] Level 1:colcon.colcon_core.package_identification:_identify(src/Self-Driving-and-ROS-2-Learn-by-Doing-Plan-Navigation/Section8_Decision_Making) by extension 'python_setup_py'
[0.377s] Level 1:colcon.colcon_core.package_identification:_identify(src/Self-Driving-and-ROS-2-Learn-by-Doing-Plan-Navigation/Section8_Decision_Making/bumperbot_ws) by extensions ['ignore', 'ignore_ament_install']
[0.377s] Level 1:colcon.colcon_core.package_identification:_identify(src/Self-Driving-and-ROS-2-Learn-by-Doing-Plan-Navigation/Section8_Decision_Making/bumperbot_ws) by extension 'ignore'
[0.377s] Level 1:colcon.colcon_core.package_identification:_identify(src/Self-Driving-and-ROS-2-Learn-by-Doing-Plan-Navigation/Section8_Decision_Making/bumperbot_ws) by extension 'ignore_ament_install'
[0.377s] Level 1:colcon.colcon_core.package_identification:_identify(src/Self-Driving-and-ROS-2-Learn-by-Doing-Plan-Navigation/Section8_Decision_Making/bumperbot_ws) by extensions ['colcon_pkg']
[0.377s] Level 1:colcon.colcon_core.package_identification:_identify(src/Self-Driving-and-ROS-2-Learn-by-Doing-Plan-Navigation/Section8_Decision_Making/bumperbot_ws) by extension 'colcon_pkg'
[0.377s] Level 1:colcon.colcon_core.package_identification:_identify(src/Self-Driving-and-ROS-2-Learn-by-Doing-Plan-Navigation/Section8_Decision_Making/bumperbot_ws) by extensions ['colcon_meta']
[0.377s] Level 1:colcon.colcon_core.package_identification:_identify(src/Self-Driving-and-ROS-2-Learn-by-Doing-Plan-Navigation/Section8_Decision_Making/bumperbot_ws) by extension 'colcon_meta'
[0.377s] Level 1:colcon.colcon_core.package_identification:_identify(src/Self-Driving-and-ROS-2-Learn-by-Doing-Plan-Navigation/Section8_Decision_Making/bumperbot_ws) by extensions ['ros']
[0.377s] Level 1:colcon.colcon_core.package_identification:_identify(src/Self-Driving-and-ROS-2-Learn-by-Doing-Plan-Navigation/Section8_Decision_Making/bumperbot_ws) by extension 'ros'
[0.377s] Level 1:colcon.colcon_core.package_identification:_identify(src/Self-Driving-and-ROS-2-Learn-by-Doing-Plan-Navigation/Section8_Decision_Making/bumperbot_ws) by extensions ['cmake', 'python']
[0.377s] Level 1:colcon.colcon_core.package_identification:_identify(src/Self-Driving-and-ROS-2-Learn-by-Doing-Plan-Navigation/Section8_Decision_Making/bumperbot_ws) by extension 'cmake'
[0.377s] Level 1:colcon.colcon_core.package_identification:_identify(src/Self-Driving-and-ROS-2-Learn-by-Doing-Plan-Navigation/Section8_Decision_Making/bumperbot_ws) by extension 'python'
[0.377s] Level 1:colcon.colcon_core.package_identification:_identify(src/Self-Driving-and-ROS-2-Learn-by-Doing-Plan-Navigation/Section8_Decision_Making/bumperbot_ws) by extensions ['python_setup_py']
[0.377s] Level 1:colcon.colcon_core.package_identification:_identify(src/Self-Driving-and-ROS-2-Learn-by-Doing-Plan-Navigation/Section8_Decision_Making/bumperbot_ws) by extension 'python_setup_py'
[0.377s] Level 1:colcon.colcon_core.package_identification:_identify(src/Self-Driving-and-ROS-2-Learn-by-Doing-Plan-Navigation/Section8_Decision_Making/bumperbot_ws/src) by extensions ['ignore', 'ignore_ament_install']
[0.377s] Level 1:colcon.colcon_core.package_identification:_identify(src/Self-Driving-and-ROS-2-Learn-by-Doing-Plan-Navigation/Section8_Decision_Making/bumperbot_ws/src) by extension 'ignore'
[0.377s] Level 1:colcon.colcon_core.package_identification:_identify(src/Self-Driving-and-ROS-2-Learn-by-Doing-Plan-Navigation/Section8_Decision_Making/bumperbot_ws/src) by extension 'ignore_ament_install'
[0.377s] Level 1:colcon.colcon_core.package_identification:_identify(src/Self-Driving-and-ROS-2-Learn-by-Doing-Plan-Navigation/Section8_Decision_Making/bumperbot_ws/src) by extensions ['colcon_pkg']
[0.377s] Level 1:colcon.colcon_core.package_identification:_identify(src/Self-Driving-and-ROS-2-Learn-by-Doing-Plan-Navigation/Section8_Decision_Making/bumperbot_ws/src) by extension 'colcon_pkg'
[0.377s] Level 1:colcon.colcon_core.package_identification:_identify(src/Self-Driving-and-ROS-2-Learn-by-Doing-Plan-Navigation/Section8_Decision_Making/bumperbot_ws/src) by extensions ['colcon_meta']
[0.377s] Level 1:colcon.colcon_core.package_identification:_identify(src/Self-Driving-and-ROS-2-Learn-by-Doing-Plan-Navigation/Section8_Decision_Making/bumperbot_ws/src) by extension 'colcon_meta'
[0.377s] Level 1:colcon.colcon_core.package_identification:_identify(src/Self-Driving-and-ROS-2-Learn-by-Doing-Plan-Navigation/Section8_Decision_Making/bumperbot_ws/src) by extensions ['ros']
[0.377s] Level 1:colcon.colcon_core.package_identification:_identify(src/Self-Driving-and-ROS-2-Learn-by-Doing-Plan-Navigation/Section8_Decision_Making/bumperbot_ws/src) by extension 'ros'
[0.377s] Level 1:colcon.colcon_core.package_identification:_identify(src/Self-Driving-and-ROS-2-Learn-by-Doing-Plan-Navigation/Section8_Decision_Making/bumperbot_ws/src) by extensions ['cmake', 'python']
[0.377s] Level 1:colcon.colcon_core.package_identification:_identify(src/Self-Driving-and-ROS-2-Learn-by-Doing-Plan-Navigation/Section8_Decision_Making/bumperbot_ws/src) by extension 'cmake'
[0.377s] Level 1:colcon.colcon_core.package_identification:_identify(src/Self-Driving-and-ROS-2-Learn-by-Doing-Plan-Navigation/Section8_Decision_Making/bumperbot_ws/src) by extension 'python'
[0.377s] Level 1:colcon.colcon_core.package_identification:_identify(src/Self-Driving-and-ROS-2-Learn-by-Doing-Plan-Navigation/Section8_Decision_Making/bumperbot_ws/src) by extensions ['python_setup_py']
[0.377s] Level 1:colcon.colcon_core.package_identification:_identify(src/Self-Driving-and-ROS-2-Learn-by-Doing-Plan-Navigation/Section8_Decision_Making/bumperbot_ws/src) by extension 'python_setup_py'
[0.377s] Level 1:colcon.colcon_core.package_identification:_identify(src/Self-Driving-and-ROS-2-Learn-by-Doing-Plan-Navigation/Section8_Decision_Making/bumperbot_ws/src/bumperbot_bringup) by extensions ['ignore', 'ignore_ament_install']
[0.377s] Level 1:colcon.colcon_core.package_identification:_identify(src/Self-Driving-and-ROS-2-Learn-by-Doing-Plan-Navigation/Section8_Decision_Making/bumperbot_ws/src/bumperbot_bringup) by extension 'ignore'
[0.377s] Level 1:colcon.colcon_core.package_identification:_identify(src/Self-Driving-and-ROS-2-Learn-by-Doing-Plan-Navigation/Section8_Decision_Making/bumperbot_ws/src/bumperbot_bringup) by extension 'ignore_ament_install'
[0.378s] Level 1:colcon.colcon_core.package_identification:_identify(src/Self-Driving-and-ROS-2-Learn-by-Doing-Plan-Navigation/Section8_Decision_Making/bumperbot_ws/src/bumperbot_bringup) by extensions ['colcon_pkg']
[0.378s] Level 1:colcon.colcon_core.package_identification:_identify(src/Self-Driving-and-ROS-2-Learn-by-Doing-Plan-Navigation/Section8_Decision_Making/bumperbot_ws/src/bumperbot_bringup) by extension 'colcon_pkg'
[0.378s] Level 1:colcon.colcon_core.package_identification:_identify(src/Self-Driving-and-ROS-2-Learn-by-Doing-Plan-Navigation/Section8_Decision_Making/bumperbot_ws/src/bumperbot_bringup) by extensions ['colcon_meta']
[0.378s] Level 1:colcon.colcon_core.package_identification:_identify(src/Self-Driving-and-ROS-2-Learn-by-Doing-Plan-Navigation/Section8_Decision_Making/bumperbot_ws/src/bumperbot_bringup) by extension 'colcon_meta'
[0.378s] Level 1:colcon.colcon_core.package_identification:_identify(src/Self-Driving-and-ROS-2-Learn-by-Doing-Plan-Navigation/Section8_Decision_Making/bumperbot_ws/src/bumperbot_bringup) by extensions ['ros']
[0.378s] Level 1:colcon.colcon_core.package_identification:_identify(src/Self-Driving-and-ROS-2-Learn-by-Doing-Plan-Navigation/Section8_Decision_Making/bumperbot_ws/src/bumperbot_bringup) by extension 'ros'
[0.378s] DEBUG:colcon.colcon_core.package_identification:Package 'src/Self-Driving-and-ROS-2-Learn-by-Doing-Plan-Navigation/Section8_Decision_Making/bumperbot_ws/src/bumperbot_bringup' with type 'ros.ament_cmake' and name 'bumperbot_bringup'
[0.379s] Level 1:colcon.colcon_core.package_identification:_identify(src/Self-Driving-and-ROS-2-Learn-by-Doing-Plan-Navigation/Section8_Decision_Making/bumperbot_ws/src/bumperbot_controller) by extensions ['ignore', 'ignore_ament_install']
[0.379s] Level 1:colcon.colcon_core.package_identification:_identify(src/Self-Driving-and-ROS-2-Learn-by-Doing-Plan-Navigation/Section8_Decision_Making/bumperbot_ws/src/bumperbot_controller) by extension 'ignore'
[0.379s] Level 1:colcon.colcon_core.package_identification:_identify(src/Self-Driving-and-ROS-2-Learn-by-Doing-Plan-Navigation/Section8_Decision_Making/bumperbot_ws/src/bumperbot_controller) by extension 'ignore_ament_install'
[0.379s] Level 1:colcon.colcon_core.package_identification:_identify(src/Self-Driving-and-ROS-2-Learn-by-Doing-Plan-Navigation/Section8_Decision_Making/bumperbot_ws/src/bumperbot_controller) by extensions ['colcon_pkg']
[0.379s] Level 1:colcon.colcon_core.package_identification:_identify(src/Self-Driving-and-ROS-2-Learn-by-Doing-Plan-Navigation/Section8_Decision_Making/bumperbot_ws/src/bumperbot_controller) by extension 'colcon_pkg'
[0.379s] Level 1:colcon.colcon_core.package_identification:_identify(src/Self-Driving-and-ROS-2-Learn-by-Doing-Plan-Navigation/Section8_Decision_Making/bumperbot_ws/src/bumperbot_controller) by extensions ['colcon_meta']
[0.379s] Level 1:colcon.colcon_core.package_identification:_identify(src/Self-Driving-and-ROS-2-Learn-by-Doing-Plan-Navigation/Section8_Decision_Making/bumperbot_ws/src/bumperbot_controller) by extension 'colcon_meta'
[0.379s] Level 1:colcon.colcon_core.package_identification:_identify(src/Self-Driving-and-ROS-2-Learn-by-Doing-Plan-Navigation/Section8_Decision_Making/bumperbot_ws/src/bumperbot_controller) by extensions ['ros']
[0.379s] Level 1:colcon.colcon_core.package_identification:_identify(src/Self-Driving-and-ROS-2-Learn-by-Doing-Plan-Navigation/Section8_Decision_Making/bumperbot_ws/src/bumperbot_controller) by extension 'ros'
[0.380s] DEBUG:colcon.colcon_core.package_identification:Package 'src/Self-Driving-and-ROS-2-Learn-by-Doing-Plan-Navigation/Section8_Decision_Making/bumperbot_ws/src/bumperbot_controller' with type 'ros.ament_cmake' and name 'bumperbot_controller'
[0.380s] Level 1:colcon.colcon_core.package_identification:_identify(src/Self-Driving-and-ROS-2-Learn-by-Doing-Plan-Navigation/Section8_Decision_Making/bumperbot_ws/src/bumperbot_cpp_examples) by extensions ['ignore', 'ignore_ament_install']
[0.380s] Level 1:colcon.colcon_core.package_identification:_identify(src/Self-Driving-and-ROS-2-Learn-by-Doing-Plan-Navigation/Section8_Decision_Making/bumperbot_ws/src/bumperbot_cpp_examples) by extension 'ignore'
[0.380s] Level 1:colcon.colcon_core.package_identification:_identify(src/Self-Driving-and-ROS-2-Learn-by-Doing-Plan-Navigation/Section8_Decision_Making/bumperbot_ws/src/bumperbot_cpp_examples) by extension 'ignore_ament_install'
[0.381s] Level 1:colcon.colcon_core.package_identification:_identify(src/Self-Driving-and-ROS-2-Learn-by-Doing-Plan-Navigation/Section8_Decision_Making/bumperbot_ws/src/bumperbot_cpp_examples) by extensions ['colcon_pkg']
[0.381s] Level 1:colcon.colcon_core.package_identification:_identify(src/Self-Driving-and-ROS-2-Learn-by-Doing-Plan-Navigation/Section8_Decision_Making/bumperbot_ws/src/bumperbot_cpp_examples) by extension 'colcon_pkg'
[0.381s] Level 1:colcon.colcon_core.package_identification:_identify(src/Self-Driving-and-ROS-2-Learn-by-Doing-Plan-Navigation/Section8_Decision_Making/bumperbot_ws/src/bumperbot_cpp_examples) by extensions ['colcon_meta']
[0.381s] Level 1:colcon.colcon_core.package_identification:_identify(src/Self-Driving-and-ROS-2-Learn-by-Doing-Plan-Navigation/Section8_Decision_Making/bumperbot_ws/src/bumperbot_cpp_examples) by extension 'colcon_meta'
[0.381s] Level 1:colcon.colcon_core.package_identification:_identify(src/Self-Driving-and-ROS-2-Learn-by-Doing-Plan-Navigation/Section8_Decision_Making/bumperbot_ws/src/bumperbot_cpp_examples) by extensions ['ros']
[0.381s] Level 1:colcon.colcon_core.package_identification:_identify(src/Self-Driving-and-ROS-2-Learn-by-Doing-Plan-Navigation/Section8_Decision_Making/bumperbot_ws/src/bumperbot_cpp_examples) by extension 'ros'
[0.382s] DEBUG:colcon.colcon_core.package_identification:Package 'src/Self-Driving-and-ROS-2-Learn-by-Doing-Plan-Navigation/Section8_Decision_Making/bumperbot_ws/src/bumperbot_cpp_examples' with type 'ros.ament_cmake' and name 'bumperbot_cpp_examples'
[0.382s] Level 1:colcon.colcon_core.package_identification:_identify(src/Self-Driving-and-ROS-2-Learn-by-Doing-Plan-Navigation/Section8_Decision_Making/bumperbot_ws/src/bumperbot_description) by extensions ['ignore', 'ignore_ament_install']
[0.382s] Level 1:colcon.colcon_core.package_identification:_identify(src/Self-Driving-and-ROS-2-Learn-by-Doing-Plan-Navigation/Section8_Decision_Making/bumperbot_ws/src/bumperbot_description) by extension 'ignore'
[0.382s] Level 1:colcon.colcon_core.package_identification:_identify(src/Self-Driving-and-ROS-2-Learn-by-Doing-Plan-Navigation/Section8_Decision_Making/bumperbot_ws/src/bumperbot_description) by extension 'ignore_ament_install'
[0.382s] Level 1:colcon.colcon_core.package_identification:_identify(src/Self-Driving-and-ROS-2-Learn-by-Doing-Plan-Navigation/Section8_Decision_Making/bumperbot_ws/src/bumperbot_description) by extensions ['colcon_pkg']
[0.382s] Level 1:colcon.colcon_core.package_identification:_identify(src/Self-Driving-and-ROS-2-Learn-by-Doing-Plan-Navigation/Section8_Decision_Making/bumperbot_ws/src/bumperbot_description) by extension 'colcon_pkg'
[0.382s] Level 1:colcon.colcon_core.package_identification:_identify(src/Self-Driving-and-ROS-2-Learn-by-Doing-Plan-Navigation/Section8_Decision_Making/bumperbot_ws/src/bumperbot_description) by extensions ['colcon_meta']
[0.382s] Level 1:colcon.colcon_core.package_identification:_identify(src/Self-Driving-and-ROS-2-Learn-by-Doing-Plan-Navigation/Section8_Decision_Making/bumperbot_ws/src/bumperbot_description) by extension 'colcon_meta'
[0.382s] Level 1:colcon.colcon_core.package_identification:_identify(src/Self-Driving-and-ROS-2-Learn-by-Doing-Plan-Navigation/Section8_Decision_Making/bumperbot_ws/src/bumperbot_description) by extensions ['ros']
[0.382s] Level 1:colcon.colcon_core.package_identification:_identify(src/Self-Driving-and-ROS-2-Learn-by-Doing-Plan-Navigation/Section8_Decision_Making/bumperbot_ws/src/bumperbot_description) by extension 'ros'
[0.383s] DEBUG:colcon.colcon_core.package_identification:Package 'src/Self-Driving-and-ROS-2-Learn-by-Doing-Plan-Navigation/Section8_Decision_Making/bumperbot_ws/src/bumperbot_description' with type 'ros.ament_cmake' and name 'bumperbot_description'
[0.383s] Level 1:colcon.colcon_core.package_identification:_identify(src/Self-Driving-and-ROS-2-Learn-by-Doing-Plan-Navigation/Section8_Decision_Making/bumperbot_ws/src/bumperbot_firmware) by extensions ['ignore', 'ignore_ament_install']
[0.384s] Level 1:colcon.colcon_core.package_identification:_identify(src/Self-Driving-and-ROS-2-Learn-by-Doing-Plan-Navigation/Section8_Decision_Making/bumperbot_ws/src/bumperbot_firmware) by extension 'ignore'
[0.384s] Level 1:colcon.colcon_core.package_identification:_identify(src/Self-Driving-and-ROS-2-Learn-by-Doing-Plan-Navigation/Section8_Decision_Making/bumperbot_ws/src/bumperbot_firmware) by extension 'ignore_ament_install'
[0.384s] Level 1:colcon.colcon_core.package_identification:_identify(src/Self-Driving-and-ROS-2-Learn-by-Doing-Plan-Navigation/Section8_Decision_Making/bumperbot_ws/src/bumperbot_firmware) by extensions ['colcon_pkg']
[0.384s] Level 1:colcon.colcon_core.package_identification:_identify(src/Self-Driving-and-ROS-2-Learn-by-Doing-Plan-Navigation/Section8_Decision_Making/bumperbot_ws/src/bumperbot_firmware) by extension 'colcon_pkg'
[0.384s] Level 1:colcon.colcon_core.package_identification:_identify(src/Self-Driving-and-ROS-2-Learn-by-Doing-Plan-Navigation/Section8_Decision_Making/bumperbot_ws/src/bumperbot_firmware) by extensions ['colcon_meta']
[0.384s] Level 1:colcon.colcon_core.package_identification:_identify(src/Self-Driving-and-ROS-2-Learn-by-Doing-Plan-Navigation/Section8_Decision_Making/bumperbot_ws/src/bumperbot_firmware) by extension 'colcon_meta'
[0.384s] Level 1:colcon.colcon_core.package_identification:_identify(src/Self-Driving-and-ROS-2-Learn-by-Doing-Plan-Navigation/Section8_Decision_Making/bumperbot_ws/src/bumperbot_firmware) by extensions ['ros']
[0.384s] Level 1:colcon.colcon_core.package_identification:_identify(src/Self-Driving-and-ROS-2-Learn-by-Doing-Plan-Navigation/Section8_Decision_Making/bumperbot_ws/src/bumperbot_firmware) by extension 'ros'
[0.385s] DEBUG:colcon.colcon_core.package_identification:Package 'src/Self-Driving-and-ROS-2-Learn-by-Doing-Plan-Navigation/Section8_Decision_Making/bumperbot_ws/src/bumperbot_firmware' with type 'ros.ament_cmake' and name 'bumperbot_firmware'
[0.385s] Level 1:colcon.colcon_core.package_identification:_identify(src/Self-Driving-and-ROS-2-Learn-by-Doing-Plan-Navigation/Section8_Decision_Making/bumperbot_ws/src/bumperbot_localization) by extensions ['ignore', 'ignore_ament_install']
[0.386s] Level 1:colcon.colcon_core.package_identification:_identify(src/Self-Driving-and-ROS-2-Learn-by-Doing-Plan-Navigation/Section8_Decision_Making/bumperbot_ws/src/bumperbot_localization) by extension 'ignore'
[0.386s] Level 1:colcon.colcon_core.package_identification:_identify(src/Self-Driving-and-ROS-2-Learn-by-Doing-Plan-Navigation/Section8_Decision_Making/bumperbot_ws/src/bumperbot_localization) by extension 'ignore_ament_install'
[0.386s] Level 1:colcon.colcon_core.package_identification:_identify(src/Self-Driving-and-ROS-2-Learn-by-Doing-Plan-Navigation/Section8_Decision_Making/bumperbot_ws/src/bumperbot_localization) by extensions ['colcon_pkg']
[0.386s] Level 1:colcon.colcon_core.package_identification:_identify(src/Self-Driving-and-ROS-2-Learn-by-Doing-Plan-Navigation/Section8_Decision_Making/bumperbot_ws/src/bumperbot_localization) by extension 'colcon_pkg'
[0.386s] Level 1:colcon.colcon_core.package_identification:_identify(src/Self-Driving-and-ROS-2-Learn-by-Doing-Plan-Navigation/Section8_Decision_Making/bumperbot_ws/src/bumperbot_localization) by extensions ['colcon_meta']
[0.386s] Level 1:colcon.colcon_core.package_identification:_identify(src/Self-Driving-and-ROS-2-Learn-by-Doing-Plan-Navigation/Section8_Decision_Making/bumperbot_ws/src/bumperbot_localization) by extension 'colcon_meta'
[0.386s] Level 1:colcon.colcon_core.package_identification:_identify(src/Self-Driving-and-ROS-2-Learn-by-Doing-Plan-Navigation/Section8_Decision_Making/bumperbot_ws/src/bumperbot_localization) by extensions ['ros']
[0.386s] Level 1:colcon.colcon_core.package_identification:_identify(src/Self-Driving-and-ROS-2-Learn-by-Doing-Plan-Navigation/Section8_Decision_Making/bumperbot_ws/src/bumperbot_localization) by extension 'ros'
[0.387s] DEBUG:colcon.colcon_core.package_identification:Package 'src/Self-Driving-and-ROS-2-Learn-by-Doing-Plan-Navigation/Section8_Decision_Making/bumperbot_ws/src/bumperbot_localization' with type 'ros.ament_cmake' and name 'bumperbot_localization'
[0.387s] Level 1:colcon.colcon_core.package_identification:_identify(src/Self-Driving-and-ROS-2-Learn-by-Doing-Plan-Navigation/Section8_Decision_Making/bumperbot_ws/src/bumperbot_mapping) by extensions ['ignore', 'ignore_ament_install']
[0.388s] Level 1:colcon.colcon_core.package_identification:_identify(src/Self-Driving-and-ROS-2-Learn-by-Doing-Plan-Navigation/Section8_Decision_Making/bumperbot_ws/src/bumperbot_mapping) by extension 'ignore'
[0.388s] Level 1:colcon.colcon_core.package_identification:_identify(src/Self-Driving-and-ROS-2-Learn-by-Doing-Plan-Navigation/Section8_Decision_Making/bumperbot_ws/src/bumperbot_mapping) by extension 'ignore_ament_install'
[0.388s] Level 1:colcon.colcon_core.package_identification:_identify(src/Self-Driving-and-ROS-2-Learn-by-Doing-Plan-Navigation/Section8_Decision_Making/bumperbot_ws/src/bumperbot_mapping) by extensions ['colcon_pkg']
[0.388s] Level 1:colcon.colcon_core.package_identification:_identify(src/Self-Driving-and-ROS-2-Learn-by-Doing-Plan-Navigation/Section8_Decision_Making/bumperbot_ws/src/bumperbot_mapping) by extension 'colcon_pkg'
[0.388s] Level 1:colcon.colcon_core.package_identification:_identify(src/Self-Driving-and-ROS-2-Learn-by-Doing-Plan-Navigation/Section8_Decision_Making/bumperbot_ws/src/bumperbot_mapping) by extensions ['colcon_meta']
[0.388s] Level 1:colcon.colcon_core.package_identification:_identify(src/Self-Driving-and-ROS-2-Learn-by-Doing-Plan-Navigation/Section8_Decision_Making/bumperbot_ws/src/bumperbot_mapping) by extension 'colcon_meta'
[0.388s] Level 1:colcon.colcon_core.package_identification:_identify(src/Self-Driving-and-ROS-2-Learn-by-Doing-Plan-Navigation/Section8_Decision_Making/bumperbot_ws/src/bumperbot_mapping) by extensions ['ros']
[0.388s] Level 1:colcon.colcon_core.package_identification:_identify(src/Self-Driving-and-ROS-2-Learn-by-Doing-Plan-Navigation/Section8_Decision_Making/bumperbot_ws/src/bumperbot_mapping) by extension 'ros'
[0.389s] DEBUG:colcon.colcon_core.package_identification:Package 'src/Self-Driving-and-ROS-2-Learn-by-Doing-Plan-Navigation/Section8_Decision_Making/bumperbot_ws/src/bumperbot_mapping' with type 'ros.ament_cmake' and name 'bumperbot_mapping'
[0.389s] Level 1:colcon.colcon_core.package_identification:_identify(src/Self-Driving-and-ROS-2-Learn-by-Doing-Plan-Navigation/Section8_Decision_Making/bumperbot_ws/src/bumperbot_motion) by extensions ['ignore', 'ignore_ament_install']
[0.389s] Level 1:colcon.colcon_core.package_identification:_identify(src/Self-Driving-and-ROS-2-Learn-by-Doing-Plan-Navigation/Section8_Decision_Making/bumperbot_ws/src/bumperbot_motion) by extension 'ignore'
[0.389s] Level 1:colcon.colcon_core.package_identification:_identify(src/Self-Driving-and-ROS-2-Learn-by-Doing-Plan-Navigation/Section8_Decision_Making/bumperbot_ws/src/bumperbot_motion) by extension 'ignore_ament_install'
[0.389s] Level 1:colcon.colcon_core.package_identification:_identify(src/Self-Driving-and-ROS-2-Learn-by-Doing-Plan-Navigation/Section8_Decision_Making/bumperbot_ws/src/bumperbot_motion) by extensions ['colcon_pkg']
[0.389s] Level 1:colcon.colcon_core.package_identification:_identify(src/Self-Driving-and-ROS-2-Learn-by-Doing-Plan-Navigation/Section8_Decision_Making/bumperbot_ws/src/bumperbot_motion) by extension 'colcon_pkg'
[0.389s] Level 1:colcon.colcon_core.package_identification:_identify(src/Self-Driving-and-ROS-2-Learn-by-Doing-Plan-Navigation/Section8_Decision_Making/bumperbot_ws/src/bumperbot_motion) by extensions ['colcon_meta']
[0.389s] Level 1:colcon.colcon_core.package_identification:_identify(src/Self-Driving-and-ROS-2-Learn-by-Doing-Plan-Navigation/Section8_Decision_Making/bumperbot_ws/src/bumperbot_motion) by extension 'colcon_meta'
[0.389s] Level 1:colcon.colcon_core.package_identification:_identify(src/Self-Driving-and-ROS-2-Learn-by-Doing-Plan-Navigation/Section8_Decision_Making/bumperbot_ws/src/bumperbot_motion) by extensions ['ros']
[0.389s] Level 1:colcon.colcon_core.package_identification:_identify(src/Self-Driving-and-ROS-2-Learn-by-Doing-Plan-Navigation/Section8_Decision_Making/bumperbot_ws/src/bumperbot_motion) by extension 'ros'
[0.390s] DEBUG:colcon.colcon_core.package_identification:Package 'src/Self-Driving-and-ROS-2-Learn-by-Doing-Plan-Navigation/Section8_Decision_Making/bumperbot_ws/src/bumperbot_motion' with type 'ros.ament_cmake' and name 'bumperbot_motion'
[0.391s] Level 1:colcon.colcon_core.package_identification:_identify(src/Self-Driving-and-ROS-2-Learn-by-Doing-Plan-Navigation/Section8_Decision_Making/bumperbot_ws/src/bumperbot_msgs) by extensions ['ignore', 'ignore_ament_install']
[0.391s] Level 1:colcon.colcon_core.package_identification:_identify(src/Self-Driving-and-ROS-2-Learn-by-Doing-Plan-Navigation/Section8_Decision_Making/bumperbot_ws/src/bumperbot_msgs) by extension 'ignore'
[0.391s] Level 1:colcon.colcon_core.package_identification:_identify(src/Self-Driving-and-ROS-2-Learn-by-Doing-Plan-Navigation/Section8_Decision_Making/bumperbot_ws/src/bumperbot_msgs) by extension 'ignore_ament_install'
[0.391s] Level 1:colcon.colcon_core.package_identification:_identify(src/Self-Driving-and-ROS-2-Learn-by-Doing-Plan-Navigation/Section8_Decision_Making/bumperbot_ws/src/bumperbot_msgs) by extensions ['colcon_pkg']
[0.391s] Level 1:colcon.colcon_core.package_identification:_identify(src/Self-Driving-and-ROS-2-Learn-by-Doing-Plan-Navigation/Section8_Decision_Making/bumperbot_ws/src/bumperbot_msgs) by extension 'colcon_pkg'
[0.391s] Level 1:colcon.colcon_core.package_identification:_identify(src/Self-Driving-and-ROS-2-Learn-by-Doing-Plan-Navigation/Section8_Decision_Making/bumperbot_ws/src/bumperbot_msgs) by extensions ['colcon_meta']
[0.391s] Level 1:colcon.colcon_core.package_identification:_identify(src/Self-Driving-and-ROS-2-Learn-by-Doing-Plan-Navigation/Section8_Decision_Making/bumperbot_ws/src/bumperbot_msgs) by extension 'colcon_meta'
[0.391s] Level 1:colcon.colcon_core.package_identification:_identify(src/Self-Driving-and-ROS-2-Learn-by-Doing-Plan-Navigation/Section8_Decision_Making/bumperbot_ws/src/bumperbot_msgs) by extensions ['ros']
[0.391s] Level 1:colcon.colcon_core.package_identification:_identify(src/Self-Driving-and-ROS-2-Learn-by-Doing-Plan-Navigation/Section8_Decision_Making/bumperbot_ws/src/bumperbot_msgs) by extension 'ros'
[0.392s] DEBUG:colcon.colcon_core.package_identification:Package 'src/Self-Driving-and-ROS-2-Learn-by-Doing-Plan-Navigation/Section8_Decision_Making/bumperbot_ws/src/bumperbot_msgs' with type 'ros.ament_cmake' and name 'bumperbot_msgs'
[0.392s] Level 1:colcon.colcon_core.package_identification:_identify(src/Self-Driving-and-ROS-2-Learn-by-Doing-Plan-Navigation/Section8_Decision_Making/bumperbot_ws/src/bumperbot_navigation) by extensions ['ignore', 'ignore_ament_install']
[0.392s] Level 1:colcon.colcon_core.package_identification:_identify(src/Self-Driving-and-ROS-2-Learn-by-Doing-Plan-Navigation/Section8_Decision_Making/bumperbot_ws/src/bumperbot_navigation) by extension 'ignore'
[0.392s] Level 1:colcon.colcon_core.package_identification:_identify(src/Self-Driving-and-ROS-2-Learn-by-Doing-Plan-Navigation/Section8_Decision_Making/bumperbot_ws/src/bumperbot_navigation) by extension 'ignore_ament_install'
[0.392s] Level 1:colcon.colcon_core.package_identification:_identify(src/Self-Driving-and-ROS-2-Learn-by-Doing-Plan-Navigation/Section8_Decision_Making/bumperbot_ws/src/bumperbot_navigation) by extensions ['colcon_pkg']
[0.392s] Level 1:colcon.colcon_core.package_identification:_identify(src/Self-Driving-and-ROS-2-Learn-by-Doing-Plan-Navigation/Section8_Decision_Making/bumperbot_ws/src/bumperbot_navigation) by extension 'colcon_pkg'
[0.392s] Level 1:colcon.colcon_core.package_identification:_identify(src/Self-Driving-and-ROS-2-Learn-by-Doing-Plan-Navigation/Section8_Decision_Making/bumperbot_ws/src/bumperbot_navigation) by extensions ['colcon_meta']
[0.392s] Level 1:colcon.colcon_core.package_identification:_identify(src/Self-Driving-and-ROS-2-Learn-by-Doing-Plan-Navigation/Section8_Decision_Making/bumperbot_ws/src/bumperbot_navigation) by extension 'colcon_meta'
[0.392s] Level 1:colcon.colcon_core.package_identification:_identify(src/Self-Driving-and-ROS-2-Learn-by-Doing-Plan-Navigation/Section8_Decision_Making/bumperbot_ws/src/bumperbot_navigation) by extensions ['ros']
[0.392s] Level 1:colcon.colcon_core.package_identification:_identify(src/Self-Driving-and-ROS-2-Learn-by-Doing-Plan-Navigation/Section8_Decision_Making/bumperbot_ws/src/bumperbot_navigation) by extension 'ros'
[0.393s] DEBUG:colcon.colcon_core.package_identification:Package 'src/Self-Driving-and-ROS-2-Learn-by-Doing-Plan-Navigation/Section8_Decision_Making/bumperbot_ws/src/bumperbot_navigation' with type 'ros.ament_cmake' and name 'bumperbot_navigation'
[0.393s] Level 1:colcon.colcon_core.package_identification:_identify(src/Self-Driving-and-ROS-2-Learn-by-Doing-Plan-Navigation/Section8_Decision_Making/bumperbot_ws/src/bumperbot_planning) by extensions ['ignore', 'ignore_ament_install']
[0.393s] Level 1:colcon.colcon_core.package_identification:_identify(src/Self-Driving-and-ROS-2-Learn-by-Doing-Plan-Navigation/Section8_Decision_Making/bumperbot_ws/src/bumperbot_planning) by extension 'ignore'
[0.394s] Level 1:colcon.colcon_core.package_identification:_identify(src/Self-Driving-and-ROS-2-Learn-by-Doing-Plan-Navigation/Section8_Decision_Making/bumperbot_ws/src/bumperbot_planning) by extension 'ignore_ament_install'
[0.394s] Level 1:colcon.colcon_core.package_identification:_identify(src/Self-Driving-and-ROS-2-Learn-by-Doing-Plan-Navigation/Section8_Decision_Making/bumperbot_ws/src/bumperbot_planning) by extensions ['colcon_pkg']
[0.394s] Level 1:colcon.colcon_core.package_identification:_identify(src/Self-Driving-and-ROS-2-Learn-by-Doing-Plan-Navigation/Section8_Decision_Making/bumperbot_ws/src/bumperbot_planning) by extension 'colcon_pkg'
[0.394s] Level 1:colcon.colcon_core.package_identification:_identify(src/Self-Driving-and-ROS-2-Learn-by-Doing-Plan-Navigation/Section8_Decision_Making/bumperbot_ws/src/bumperbot_planning) by extensions ['colcon_meta']
[0.394s] Level 1:colcon.colcon_core.package_identification:_identify(src/Self-Driving-and-ROS-2-Learn-by-Doing-Plan-Navigation/Section8_Decision_Making/bumperbot_ws/src/bumperbot_planning) by extension 'colcon_meta'
[0.394s] Level 1:colcon.colcon_core.package_identification:_identify(src/Self-Driving-and-ROS-2-Learn-by-Doing-Plan-Navigation/Section8_Decision_Making/bumperbot_ws/src/bumperbot_planning) by extensions ['ros']
[0.394s] Level 1:colcon.colcon_core.package_identification:_identify(src/Self-Driving-and-ROS-2-Learn-by-Doing-Plan-Navigation/Section8_Decision_Making/bumperbot_ws/src/bumperbot_planning) by extension 'ros'
[0.395s] DEBUG:colcon.colcon_core.package_identification:Package 'src/Self-Driving-and-ROS-2-Learn-by-Doing-Plan-Navigation/Section8_Decision_Making/bumperbot_ws/src/bumperbot_planning' with type 'ros.ament_cmake' and name 'bumperbot_planning'
[0.395s] Level 1:colcon.colcon_core.package_identification:_identify(src/Self-Driving-and-ROS-2-Learn-by-Doing-Plan-Navigation/Section8_Decision_Making/bumperbot_ws/src/bumperbot_py_examples) by extensions ['ignore', 'ignore_ament_install']
[0.395s] Level 1:colcon.colcon_core.package_identification:_identify(src/Self-Driving-and-ROS-2-Learn-by-Doing-Plan-Navigation/Section8_Decision_Making/bumperbot_ws/src/bumperbot_py_examples) by extension 'ignore'
[0.395s] Level 1:colcon.colcon_core.package_identification:_identify(src/Self-Driving-and-ROS-2-Learn-by-Doing-Plan-Navigation/Section8_Decision_Making/bumperbot_ws/src/bumperbot_py_examples) by extension 'ignore_ament_install'
[0.395s] Level 1:colcon.colcon_core.package_identification:_identify(src/Self-Driving-and-ROS-2-Learn-by-Doing-Plan-Navigation/Section8_Decision_Making/bumperbot_ws/src/bumperbot_py_examples) by extensions ['colcon_pkg']
[0.395s] Level 1:colcon.colcon_core.package_identification:_identify(src/Self-Driving-and-ROS-2-Learn-by-Doing-Plan-Navigation/Section8_Decision_Making/bumperbot_ws/src/bumperbot_py_examples) by extension 'colcon_pkg'
[0.395s] Level 1:colcon.colcon_core.package_identification:_identify(src/Self-Driving-and-ROS-2-Learn-by-Doing-Plan-Navigation/Section8_Decision_Making/bumperbot_ws/src/bumperbot_py_examples) by extensions ['colcon_meta']
[0.395s] Level 1:colcon.colcon_core.package_identification:_identify(src/Self-Driving-and-ROS-2-Learn-by-Doing-Plan-Navigation/Section8_Decision_Making/bumperbot_ws/src/bumperbot_py_examples) by extension 'colcon_meta'
[0.395s] Level 1:colcon.colcon_core.package_identification:_identify(src/Self-Driving-and-ROS-2-Learn-by-Doing-Plan-Navigation/Section8_Decision_Making/bumperbot_ws/src/bumperbot_py_examples) by extensions ['ros']
[0.395s] Level 1:colcon.colcon_core.package_identification:_identify(src/Self-Driving-and-ROS-2-Learn-by-Doing-Plan-Navigation/Section8_Decision_Making/bumperbot_ws/src/bumperbot_py_examples) by extension 'ros'
[0.396s] DEBUG:colcon.colcon_core.package_identification:Package 'src/Self-Driving-and-ROS-2-Learn-by-Doing-Plan-Navigation/Section8_Decision_Making/bumperbot_ws/src/bumperbot_py_examples' with type 'ros.ament_python' and name 'bumperbot_py_examples'
[0.397s] Level 1:colcon.colcon_core.package_identification:_identify(src/Self-Driving-and-ROS-2-Learn-by-Doing-Plan-Navigation/Section8_Decision_Making/bumperbot_ws/src/bumperbot_utils) by extensions ['ignore', 'ignore_ament_install']
[0.397s] Level 1:colcon.colcon_core.package_identification:_identify(src/Self-Driving-and-ROS-2-Learn-by-Doing-Plan-Navigation/Section8_Decision_Making/bumperbot_ws/src/bumperbot_utils) by extension 'ignore'
[0.397s] Level 1:colcon.colcon_core.package_identification:_identify(src/Self-Driving-and-ROS-2-Learn-by-Doing-Plan-Navigation/Section8_Decision_Making/bumperbot_ws/src/bumperbot_utils) by extension 'ignore_ament_install'
[0.397s] Level 1:colcon.colcon_core.package_identification:_identify(src/Self-Driving-and-ROS-2-Learn-by-Doing-Plan-Navigation/Section8_Decision_Making/bumperbot_ws/src/bumperbot_utils) by extensions ['colcon_pkg']
[0.397s] Level 1:colcon.colcon_core.package_identification:_identify(src/Self-Driving-and-ROS-2-Learn-by-Doing-Plan-Navigation/Section8_Decision_Making/bumperbot_ws/src/bumperbot_utils) by extension 'colcon_pkg'
[0.397s] Level 1:colcon.colcon_core.package_identification:_identify(src/Self-Driving-and-ROS-2-Learn-by-Doing-Plan-Navigation/Section8_Decision_Making/bumperbot_ws/src/bumperbot_utils) by extensions ['colcon_meta']
[0.397s] Level 1:colcon.colcon_core.package_identification:_identify(src/Self-Driving-and-ROS-2-Learn-by-Doing-Plan-Navigation/Section8_Decision_Making/bumperbot_ws/src/bumperbot_utils) by extension 'colcon_meta'
[0.397s] Level 1:colcon.colcon_core.package_identification:_identify(src/Self-Driving-and-ROS-2-Learn-by-Doing-Plan-Navigation/Section8_Decision_Making/bumperbot_ws/src/bumperbot_utils) by extensions ['ros']
[0.397s] Level 1:colcon.colcon_core.package_identification:_identify(src/Self-Driving-and-ROS-2-Learn-by-Doing-Plan-Navigation/Section8_Decision_Making/bumperbot_ws/src/bumperbot_utils) by extension 'ros'
[0.398s] DEBUG:colcon.colcon_core.package_identification:Package 'src/Self-Driving-and-ROS-2-Learn-by-Doing-Plan-Navigation/Section8_Decision_Making/bumperbot_ws/src/bumperbot_utils' with type 'ros.ament_cmake' and name 'bumperbot_utils'
[0.398s] Level 1:colcon.colcon_core.package_identification:_identify(src/Self-Driving-and-ROS-2-Learn-by-Doing-Plan-Navigation/Section9_Build_the_Robot) by extensions ['ignore', 'ignore_ament_install']
[0.398s] Level 1:colcon.colcon_core.package_identification:_identify(src/Self-Driving-and-ROS-2-Learn-by-Doing-Plan-Navigation/Section9_Build_the_Robot) by extension 'ignore'
[0.398s] Level 1:colcon.colcon_core.package_identification:_identify(src/Self-Driving-and-ROS-2-Learn-by-Doing-Plan-Navigation/Section9_Build_the_Robot) by extension 'ignore_ament_install'
[0.398s] Level 1:colcon.colcon_core.package_identification:_identify(src/Self-Driving-and-ROS-2-Learn-by-Doing-Plan-Navigation/Section9_Build_the_Robot) by extensions ['colcon_pkg']
[0.398s] Level 1:colcon.colcon_core.package_identification:_identify(src/Self-Driving-and-ROS-2-Learn-by-Doing-Plan-Navigation/Section9_Build_the_Robot) by extension 'colcon_pkg'
[0.398s] Level 1:colcon.colcon_core.package_identification:_identify(src/Self-Driving-and-ROS-2-Learn-by-Doing-Plan-Navigation/Section9_Build_the_Robot) by extensions ['colcon_meta']
[0.398s] Level 1:colcon.colcon_core.package_identification:_identify(src/Self-Driving-and-ROS-2-Learn-by-Doing-Plan-Navigation/Section9_Build_the_Robot) by extension 'colcon_meta'
[0.398s] Level 1:colcon.colcon_core.package_identification:_identify(src/Self-Driving-and-ROS-2-Learn-by-Doing-Plan-Navigation/Section9_Build_the_Robot) by extensions ['ros']
[0.398s] Level 1:colcon.colcon_core.package_identification:_identify(src/Self-Driving-and-ROS-2-Learn-by-Doing-Plan-Navigation/Section9_Build_the_Robot) by extension 'ros'
[0.398s] Level 1:colcon.colcon_core.package_identification:_identify(src/Self-Driving-and-ROS-2-Learn-by-Doing-Plan-Navigation/Section9_Build_the_Robot) by extensions ['cmake', 'python']
[0.398s] Level 1:colcon.colcon_core.package_identification:_identify(src/Self-Driving-and-ROS-2-Learn-by-Doing-Plan-Navigation/Section9_Build_the_Robot) by extension 'cmake'
[0.398s] Level 1:colcon.colcon_core.package_identification:_identify(src/Self-Driving-and-ROS-2-Learn-by-Doing-Plan-Navigation/Section9_Build_the_Robot) by extension 'python'
[0.398s] Level 1:colcon.colcon_core.package_identification:_identify(src/Self-Driving-and-ROS-2-Learn-by-Doing-Plan-Navigation/Section9_Build_the_Robot) by extensions ['python_setup_py']
[0.398s] Level 1:colcon.colcon_core.package_identification:_identify(src/Self-Driving-and-ROS-2-Learn-by-Doing-Plan-Navigation/Section9_Build_the_Robot) by extension 'python_setup_py'
[0.399s] Level 1:colcon.colcon_core.package_identification:_identify(src/Self-Driving-and-ROS-2-Learn-by-Doing-Plan-Navigation/Section9_Build_the_Robot/bumperbot_ws) by extensions ['ignore', 'ignore_ament_install']
[0.399s] Level 1:colcon.colcon_core.package_identification:_identify(src/Self-Driving-and-ROS-2-Learn-by-Doing-Plan-Navigation/Section9_Build_the_Robot/bumperbot_ws) by extension 'ignore'
[0.399s] Level 1:colcon.colcon_core.package_identification:_identify(src/Self-Driving-and-ROS-2-Learn-by-Doing-Plan-Navigation/Section9_Build_the_Robot/bumperbot_ws) by extension 'ignore_ament_install'
[0.399s] Level 1:colcon.colcon_core.package_identification:_identify(src/Self-Driving-and-ROS-2-Learn-by-Doing-Plan-Navigation/Section9_Build_the_Robot/bumperbot_ws) by extensions ['colcon_pkg']
[0.399s] Level 1:colcon.colcon_core.package_identification:_identify(src/Self-Driving-and-ROS-2-Learn-by-Doing-Plan-Navigation/Section9_Build_the_Robot/bumperbot_ws) by extension 'colcon_pkg'
[0.399s] Level 1:colcon.colcon_core.package_identification:_identify(src/Self-Driving-and-ROS-2-Learn-by-Doing-Plan-Navigation/Section9_Build_the_Robot/bumperbot_ws) by extensions ['colcon_meta']
[0.399s] Level 1:colcon.colcon_core.package_identification:_identify(src/Self-Driving-and-ROS-2-Learn-by-Doing-Plan-Navigation/Section9_Build_the_Robot/bumperbot_ws) by extension 'colcon_meta'
[0.399s] Level 1:colcon.colcon_core.package_identification:_identify(src/Self-Driving-and-ROS-2-Learn-by-Doing-Plan-Navigation/Section9_Build_the_Robot/bumperbot_ws) by extensions ['ros']
[0.399s] Level 1:colcon.colcon_core.package_identification:_identify(src/Self-Driving-and-ROS-2-Learn-by-Doing-Plan-Navigation/Section9_Build_the_Robot/bumperbot_ws) by extension 'ros'
[0.399s] Level 1:colcon.colcon_core.package_identification:_identify(src/Self-Driving-and-ROS-2-Learn-by-Doing-Plan-Navigation/Section9_Build_the_Robot/bumperbot_ws) by extensions ['cmake', 'python']
[0.399s] Level 1:colcon.colcon_core.package_identification:_identify(src/Self-Driving-and-ROS-2-Learn-by-Doing-Plan-Navigation/Section9_Build_the_Robot/bumperbot_ws) by extension 'cmake'
[0.399s] Level 1:colcon.colcon_core.package_identification:_identify(src/Self-Driving-and-ROS-2-Learn-by-Doing-Plan-Navigation/Section9_Build_the_Robot/bumperbot_ws) by extension 'python'
[0.399s] Level 1:colcon.colcon_core.package_identification:_identify(src/Self-Driving-and-ROS-2-Learn-by-Doing-Plan-Navigation/Section9_Build_the_Robot/bumperbot_ws) by extensions ['python_setup_py']
[0.399s] Level 1:colcon.colcon_core.package_identification:_identify(src/Self-Driving-and-ROS-2-Learn-by-Doing-Plan-Navigation/Section9_Build_the_Robot/bumperbot_ws) by extension 'python_setup_py'
[0.399s] Level 1:colcon.colcon_core.package_identification:_identify(src/Self-Driving-and-ROS-2-Learn-by-Doing-Plan-Navigation/Section9_Build_the_Robot/bumperbot_ws/src) by extensions ['ignore', 'ignore_ament_install']
[0.399s] Level 1:colcon.colcon_core.package_identification:_identify(src/Self-Driving-and-ROS-2-Learn-by-Doing-Plan-Navigation/Section9_Build_the_Robot/bumperbot_ws/src) by extension 'ignore'
[0.399s] Level 1:colcon.colcon_core.package_identification:_identify(src/Self-Driving-and-ROS-2-Learn-by-Doing-Plan-Navigation/Section9_Build_the_Robot/bumperbot_ws/src) by extension 'ignore_ament_install'
[0.399s] Level 1:colcon.colcon_core.package_identification:_identify(src/Self-Driving-and-ROS-2-Learn-by-Doing-Plan-Navigation/Section9_Build_the_Robot/bumperbot_ws/src) by extensions ['colcon_pkg']
[0.399s] Level 1:colcon.colcon_core.package_identification:_identify(src/Self-Driving-and-ROS-2-Learn-by-Doing-Plan-Navigation/Section9_Build_the_Robot/bumperbot_ws/src) by extension 'colcon_pkg'
[0.399s] Level 1:colcon.colcon_core.package_identification:_identify(src/Self-Driving-and-ROS-2-Learn-by-Doing-Plan-Navigation/Section9_Build_the_Robot/bumperbot_ws/src) by extensions ['colcon_meta']
[0.399s] Level 1:colcon.colcon_core.package_identification:_identify(src/Self-Driving-and-ROS-2-Learn-by-Doing-Plan-Navigation/Section9_Build_the_Robot/bumperbot_ws/src) by extension 'colcon_meta'
[0.399s] Level 1:colcon.colcon_core.package_identification:_identify(src/Self-Driving-and-ROS-2-Learn-by-Doing-Plan-Navigation/Section9_Build_the_Robot/bumperbot_ws/src) by extensions ['ros']
[0.399s] Level 1:colcon.colcon_core.package_identification:_identify(src/Self-Driving-and-ROS-2-Learn-by-Doing-Plan-Navigation/Section9_Build_the_Robot/bumperbot_ws/src) by extension 'ros'
[0.399s] Level 1:colcon.colcon_core.package_identification:_identify(src/Self-Driving-and-ROS-2-Learn-by-Doing-Plan-Navigation/Section9_Build_the_Robot/bumperbot_ws/src) by extensions ['cmake', 'python']
[0.399s] Level 1:colcon.colcon_core.package_identification:_identify(src/Self-Driving-and-ROS-2-Learn-by-Doing-Plan-Navigation/Section9_Build_the_Robot/bumperbot_ws/src) by extension 'cmake'
[0.399s] Level 1:colcon.colcon_core.package_identification:_identify(src/Self-Driving-and-ROS-2-Learn-by-Doing-Plan-Navigation/Section9_Build_the_Robot/bumperbot_ws/src) by extension 'python'
[0.399s] Level 1:colcon.colcon_core.package_identification:_identify(src/Self-Driving-and-ROS-2-Learn-by-Doing-Plan-Navigation/Section9_Build_the_Robot/bumperbot_ws/src) by extensions ['python_setup_py']
[0.399s] Level 1:colcon.colcon_core.package_identification:_identify(src/Self-Driving-and-ROS-2-Learn-by-Doing-Plan-Navigation/Section9_Build_the_Robot/bumperbot_ws/src) by extension 'python_setup_py'
[0.399s] Level 1:colcon.colcon_core.package_identification:_identify(src/Self-Driving-and-ROS-2-Learn-by-Doing-Plan-Navigation/Section9_Build_the_Robot/bumperbot_ws/src/bumperbot_bringup) by extensions ['ignore', 'ignore_ament_install']
[0.399s] Level 1:colcon.colcon_core.package_identification:_identify(src/Self-Driving-and-ROS-2-Learn-by-Doing-Plan-Navigation/Section9_Build_the_Robot/bumperbot_ws/src/bumperbot_bringup) by extension 'ignore'
[0.399s] Level 1:colcon.colcon_core.package_identification:_identify(src/Self-Driving-and-ROS-2-Learn-by-Doing-Plan-Navigation/Section9_Build_the_Robot/bumperbot_ws/src/bumperbot_bringup) by extension 'ignore_ament_install'
[0.399s] Level 1:colcon.colcon_core.package_identification:_identify(src/Self-Driving-and-ROS-2-Learn-by-Doing-Plan-Navigation/Section9_Build_the_Robot/bumperbot_ws/src/bumperbot_bringup) by extensions ['colcon_pkg']
[0.399s] Level 1:colcon.colcon_core.package_identification:_identify(src/Self-Driving-and-ROS-2-Learn-by-Doing-Plan-Navigation/Section9_Build_the_Robot/bumperbot_ws/src/bumperbot_bringup) by extension 'colcon_pkg'
[0.399s] Level 1:colcon.colcon_core.package_identification:_identify(src/Self-Driving-and-ROS-2-Learn-by-Doing-Plan-Navigation/Section9_Build_the_Robot/bumperbot_ws/src/bumperbot_bringup) by extensions ['colcon_meta']
[0.399s] Level 1:colcon.colcon_core.package_identification:_identify(src/Self-Driving-and-ROS-2-Learn-by-Doing-Plan-Navigation/Section9_Build_the_Robot/bumperbot_ws/src/bumperbot_bringup) by extension 'colcon_meta'
[0.399s] Level 1:colcon.colcon_core.package_identification:_identify(src/Self-Driving-and-ROS-2-Learn-by-Doing-Plan-Navigation/Section9_Build_the_Robot/bumperbot_ws/src/bumperbot_bringup) by extensions ['ros']
[0.399s] Level 1:colcon.colcon_core.package_identification:_identify(src/Self-Driving-and-ROS-2-Learn-by-Doing-Plan-Navigation/Section9_Build_the_Robot/bumperbot_ws/src/bumperbot_bringup) by extension 'ros'
[0.400s] DEBUG:colcon.colcon_core.package_identification:Package 'src/Self-Driving-and-ROS-2-Learn-by-Doing-Plan-Navigation/Section9_Build_the_Robot/bumperbot_ws/src/bumperbot_bringup' with type 'ros.ament_cmake' and name 'bumperbot_bringup'
[0.401s] Level 1:colcon.colcon_core.package_identification:_identify(src/Self-Driving-and-ROS-2-Learn-by-Doing-Plan-Navigation/Section9_Build_the_Robot/bumperbot_ws/src/bumperbot_controller) by extensions ['ignore', 'ignore_ament_install']
[0.401s] Level 1:colcon.colcon_core.package_identification:_identify(src/Self-Driving-and-ROS-2-Learn-by-Doing-Plan-Navigation/Section9_Build_the_Robot/bumperbot_ws/src/bumperbot_controller) by extension 'ignore'
[0.401s] Level 1:colcon.colcon_core.package_identification:_identify(src/Self-Driving-and-ROS-2-Learn-by-Doing-Plan-Navigation/Section9_Build_the_Robot/bumperbot_ws/src/bumperbot_controller) by extension 'ignore_ament_install'
[0.401s] Level 1:colcon.colcon_core.package_identification:_identify(src/Self-Driving-and-ROS-2-Learn-by-Doing-Plan-Navigation/Section9_Build_the_Robot/bumperbot_ws/src/bumperbot_controller) by extensions ['colcon_pkg']
[0.401s] Level 1:colcon.colcon_core.package_identification:_identify(src/Self-Driving-and-ROS-2-Learn-by-Doing-Plan-Navigation/Section9_Build_the_Robot/bumperbot_ws/src/bumperbot_controller) by extension 'colcon_pkg'
[0.401s] Level 1:colcon.colcon_core.package_identification:_identify(src/Self-Driving-and-ROS-2-Learn-by-Doing-Plan-Navigation/Section9_Build_the_Robot/bumperbot_ws/src/bumperbot_controller) by extensions ['colcon_meta']
[0.401s] Level 1:colcon.colcon_core.package_identification:_identify(src/Self-Driving-and-ROS-2-Learn-by-Doing-Plan-Navigation/Section9_Build_the_Robot/bumperbot_ws/src/bumperbot_controller) by extension 'colcon_meta'
[0.401s] Level 1:colcon.colcon_core.package_identification:_identify(src/Self-Driving-and-ROS-2-Learn-by-Doing-Plan-Navigation/Section9_Build_the_Robot/bumperbot_ws/src/bumperbot_controller) by extensions ['ros']
[0.401s] Level 1:colcon.colcon_core.package_identification:_identify(src/Self-Driving-and-ROS-2-Learn-by-Doing-Plan-Navigation/Section9_Build_the_Robot/bumperbot_ws/src/bumperbot_controller) by extension 'ros'
[0.402s] DEBUG:colcon.colcon_core.package_identification:Package 'src/Self-Driving-and-ROS-2-Learn-by-Doing-Plan-Navigation/Section9_Build_the_Robot/bumperbot_ws/src/bumperbot_controller' with type 'ros.ament_cmake' and name 'bumperbot_controller'
[0.402s] Level 1:colcon.colcon_core.package_identification:_identify(src/Self-Driving-and-ROS-2-Learn-by-Doing-Plan-Navigation/Section9_Build_the_Robot/bumperbot_ws/src/bumperbot_cpp_examples) by extensions ['ignore', 'ignore_ament_install']
[0.403s] Level 1:colcon.colcon_core.package_identification:_identify(src/Self-Driving-and-ROS-2-Learn-by-Doing-Plan-Navigation/Section9_Build_the_Robot/bumperbot_ws/src/bumperbot_cpp_examples) by extension 'ignore'
[0.403s] Level 1:colcon.colcon_core.package_identification:_identify(src/Self-Driving-and-ROS-2-Learn-by-Doing-Plan-Navigation/Section9_Build_the_Robot/bumperbot_ws/src/bumperbot_cpp_examples) by extension 'ignore_ament_install'
[0.403s] Level 1:colcon.colcon_core.package_identification:_identify(src/Self-Driving-and-ROS-2-Learn-by-Doing-Plan-Navigation/Section9_Build_the_Robot/bumperbot_ws/src/bumperbot_cpp_examples) by extensions ['colcon_pkg']
[0.403s] Level 1:colcon.colcon_core.package_identification:_identify(src/Self-Driving-and-ROS-2-Learn-by-Doing-Plan-Navigation/Section9_Build_the_Robot/bumperbot_ws/src/bumperbot_cpp_examples) by extension 'colcon_pkg'
[0.403s] Level 1:colcon.colcon_core.package_identification:_identify(src/Self-Driving-and-ROS-2-Learn-by-Doing-Plan-Navigation/Section9_Build_the_Robot/bumperbot_ws/src/bumperbot_cpp_examples) by extensions ['colcon_meta']
[0.403s] Level 1:colcon.colcon_core.package_identification:_identify(src/Self-Driving-and-ROS-2-Learn-by-Doing-Plan-Navigation/Section9_Build_the_Robot/bumperbot_ws/src/bumperbot_cpp_examples) by extension 'colcon_meta'
[0.403s] Level 1:colcon.colcon_core.package_identification:_identify(src/Self-Driving-and-ROS-2-Learn-by-Doing-Plan-Navigation/Section9_Build_the_Robot/bumperbot_ws/src/bumperbot_cpp_examples) by extensions ['ros']
[0.403s] Level 1:colcon.colcon_core.package_identification:_identify(src/Self-Driving-and-ROS-2-Learn-by-Doing-Plan-Navigation/Section9_Build_the_Robot/bumperbot_ws/src/bumperbot_cpp_examples) by extension 'ros'
[0.404s] DEBUG:colcon.colcon_core.package_identification:Package 'src/Self-Driving-and-ROS-2-Learn-by-Doing-Plan-Navigation/Section9_Build_the_Robot/bumperbot_ws/src/bumperbot_cpp_examples' with type 'ros.ament_cmake' and name 'bumperbot_cpp_examples'
[0.404s] Level 1:colcon.colcon_core.package_identification:_identify(src/Self-Driving-and-ROS-2-Learn-by-Doing-Plan-Navigation/Section9_Build_the_Robot/bumperbot_ws/src/bumperbot_description) by extensions ['ignore', 'ignore_ament_install']
[0.404s] Level 1:colcon.colcon_core.package_identification:_identify(src/Self-Driving-and-ROS-2-Learn-by-Doing-Plan-Navigation/Section9_Build_the_Robot/bumperbot_ws/src/bumperbot_description) by extension 'ignore'
[0.404s] Level 1:colcon.colcon_core.package_identification:_identify(src/Self-Driving-and-ROS-2-Learn-by-Doing-Plan-Navigation/Section9_Build_the_Robot/bumperbot_ws/src/bumperbot_description) by extension 'ignore_ament_install'
[0.404s] Level 1:colcon.colcon_core.package_identification:_identify(src/Self-Driving-and-ROS-2-Learn-by-Doing-Plan-Navigation/Section9_Build_the_Robot/bumperbot_ws/src/bumperbot_description) by extensions ['colcon_pkg']
[0.404s] Level 1:colcon.colcon_core.package_identification:_identify(src/Self-Driving-and-ROS-2-Learn-by-Doing-Plan-Navigation/Section9_Build_the_Robot/bumperbot_ws/src/bumperbot_description) by extension 'colcon_pkg'
[0.404s] Level 1:colcon.colcon_core.package_identification:_identify(src/Self-Driving-and-ROS-2-Learn-by-Doing-Plan-Navigation/Section9_Build_the_Robot/bumperbot_ws/src/bumperbot_description) by extensions ['colcon_meta']
[0.404s] Level 1:colcon.colcon_core.package_identification:_identify(src/Self-Driving-and-ROS-2-Learn-by-Doing-Plan-Navigation/Section9_Build_the_Robot/bumperbot_ws/src/bumperbot_description) by extension 'colcon_meta'
[0.405s] Level 1:colcon.colcon_core.package_identification:_identify(src/Self-Driving-and-ROS-2-Learn-by-Doing-Plan-Navigation/Section9_Build_the_Robot/bumperbot_ws/src/bumperbot_description) by extensions ['ros']
[0.405s] Level 1:colcon.colcon_core.package_identification:_identify(src/Self-Driving-and-ROS-2-Learn-by-Doing-Plan-Navigation/Section9_Build_the_Robot/bumperbot_ws/src/bumperbot_description) by extension 'ros'
[0.405s] DEBUG:colcon.colcon_core.package_identification:Package 'src/Self-Driving-and-ROS-2-Learn-by-Doing-Plan-Navigation/Section9_Build_the_Robot/bumperbot_ws/src/bumperbot_description' with type 'ros.ament_cmake' and name 'bumperbot_description'
[0.406s] Level 1:colcon.colcon_core.package_identification:_identify(src/Self-Driving-and-ROS-2-Learn-by-Doing-Plan-Navigation/Section9_Build_the_Robot/bumperbot_ws/src/bumperbot_firmware) by extensions ['ignore', 'ignore_ament_install']
[0.406s] Level 1:colcon.colcon_core.package_identification:_identify(src/Self-Driving-and-ROS-2-Learn-by-Doing-Plan-Navigation/Section9_Build_the_Robot/bumperbot_ws/src/bumperbot_firmware) by extension 'ignore'
[0.406s] Level 1:colcon.colcon_core.package_identification:_identify(src/Self-Driving-and-ROS-2-Learn-by-Doing-Plan-Navigation/Section9_Build_the_Robot/bumperbot_ws/src/bumperbot_firmware) by extension 'ignore_ament_install'
[0.406s] Level 1:colcon.colcon_core.package_identification:_identify(src/Self-Driving-and-ROS-2-Learn-by-Doing-Plan-Navigation/Section9_Build_the_Robot/bumperbot_ws/src/bumperbot_firmware) by extensions ['colcon_pkg']
[0.406s] Level 1:colcon.colcon_core.package_identification:_identify(src/Self-Driving-and-ROS-2-Learn-by-Doing-Plan-Navigation/Section9_Build_the_Robot/bumperbot_ws/src/bumperbot_firmware) by extension 'colcon_pkg'
[0.406s] Level 1:colcon.colcon_core.package_identification:_identify(src/Self-Driving-and-ROS-2-Learn-by-Doing-Plan-Navigation/Section9_Build_the_Robot/bumperbot_ws/src/bumperbot_firmware) by extensions ['colcon_meta']
[0.406s] Level 1:colcon.colcon_core.package_identification:_identify(src/Self-Driving-and-ROS-2-Learn-by-Doing-Plan-Navigation/Section9_Build_the_Robot/bumperbot_ws/src/bumperbot_firmware) by extension 'colcon_meta'
[0.406s] Level 1:colcon.colcon_core.package_identification:_identify(src/Self-Driving-and-ROS-2-Learn-by-Doing-Plan-Navigation/Section9_Build_the_Robot/bumperbot_ws/src/bumperbot_firmware) by extensions ['ros']
[0.406s] Level 1:colcon.colcon_core.package_identification:_identify(src/Self-Driving-and-ROS-2-Learn-by-Doing-Plan-Navigation/Section9_Build_the_Robot/bumperbot_ws/src/bumperbot_firmware) by extension 'ros'
[0.406s] DEBUG:colcon.colcon_core.package_identification:Package 'src/Self-Driving-and-ROS-2-Learn-by-Doing-Plan-Navigation/Section9_Build_the_Robot/bumperbot_ws/src/bumperbot_firmware' with type 'ros.ament_cmake' and name 'bumperbot_firmware'
[0.407s] Level 1:colcon.colcon_core.package_identification:_identify(src/Self-Driving-and-ROS-2-Learn-by-Doing-Plan-Navigation/Section9_Build_the_Robot/bumperbot_ws/src/bumperbot_localization) by extensions ['ignore', 'ignore_ament_install']
[0.407s] Level 1:colcon.colcon_core.package_identification:_identify(src/Self-Driving-and-ROS-2-Learn-by-Doing-Plan-Navigation/Section9_Build_the_Robot/bumperbot_ws/src/bumperbot_localization) by extension 'ignore'
[0.407s] Level 1:colcon.colcon_core.package_identification:_identify(src/Self-Driving-and-ROS-2-Learn-by-Doing-Plan-Navigation/Section9_Build_the_Robot/bumperbot_ws/src/bumperbot_localization) by extension 'ignore_ament_install'
[0.407s] Level 1:colcon.colcon_core.package_identification:_identify(src/Self-Driving-and-ROS-2-Learn-by-Doing-Plan-Navigation/Section9_Build_the_Robot/bumperbot_ws/src/bumperbot_localization) by extensions ['colcon_pkg']
[0.407s] Level 1:colcon.colcon_core.package_identification:_identify(src/Self-Driving-and-ROS-2-Learn-by-Doing-Plan-Navigation/Section9_Build_the_Robot/bumperbot_ws/src/bumperbot_localization) by extension 'colcon_pkg'
[0.407s] Level 1:colcon.colcon_core.package_identification:_identify(src/Self-Driving-and-ROS-2-Learn-by-Doing-Plan-Navigation/Section9_Build_the_Robot/bumperbot_ws/src/bumperbot_localization) by extensions ['colcon_meta']
[0.407s] Level 1:colcon.colcon_core.package_identification:_identify(src/Self-Driving-and-ROS-2-Learn-by-Doing-Plan-Navigation/Section9_Build_the_Robot/bumperbot_ws/src/bumperbot_localization) by extension 'colcon_meta'
[0.407s] Level 1:colcon.colcon_core.package_identification:_identify(src/Self-Driving-and-ROS-2-Learn-by-Doing-Plan-Navigation/Section9_Build_the_Robot/bumperbot_ws/src/bumperbot_localization) by extensions ['ros']
[0.407s] Level 1:colcon.colcon_core.package_identification:_identify(src/Self-Driving-and-ROS-2-Learn-by-Doing-Plan-Navigation/Section9_Build_the_Robot/bumperbot_ws/src/bumperbot_localization) by extension 'ros'
[0.407s] DEBUG:colcon.colcon_core.package_identification:Package 'src/Self-Driving-and-ROS-2-Learn-by-Doing-Plan-Navigation/Section9_Build_the_Robot/bumperbot_ws/src/bumperbot_localization' with type 'ros.ament_cmake' and name 'bumperbot_localization'
[0.408s] Level 1:colcon.colcon_core.package_identification:_identify(src/Self-Driving-and-ROS-2-Learn-by-Doing-Plan-Navigation/Section9_Build_the_Robot/bumperbot_ws/src/bumperbot_mapping) by extensions ['ignore', 'ignore_ament_install']
[0.408s] Level 1:colcon.colcon_core.package_identification:_identify(src/Self-Driving-and-ROS-2-Learn-by-Doing-Plan-Navigation/Section9_Build_the_Robot/bumperbot_ws/src/bumperbot_mapping) by extension 'ignore'
[0.408s] Level 1:colcon.colcon_core.package_identification:_identify(src/Self-Driving-and-ROS-2-Learn-by-Doing-Plan-Navigation/Section9_Build_the_Robot/bumperbot_ws/src/bumperbot_mapping) by extension 'ignore_ament_install'
[0.408s] Level 1:colcon.colcon_core.package_identification:_identify(src/Self-Driving-and-ROS-2-Learn-by-Doing-Plan-Navigation/Section9_Build_the_Robot/bumperbot_ws/src/bumperbot_mapping) by extensions ['colcon_pkg']
[0.408s] Level 1:colcon.colcon_core.package_identification:_identify(src/Self-Driving-and-ROS-2-Learn-by-Doing-Plan-Navigation/Section9_Build_the_Robot/bumperbot_ws/src/bumperbot_mapping) by extension 'colcon_pkg'
[0.408s] Level 1:colcon.colcon_core.package_identification:_identify(src/Self-Driving-and-ROS-2-Learn-by-Doing-Plan-Navigation/Section9_Build_the_Robot/bumperbot_ws/src/bumperbot_mapping) by extensions ['colcon_meta']
[0.408s] Level 1:colcon.colcon_core.package_identification:_identify(src/Self-Driving-and-ROS-2-Learn-by-Doing-Plan-Navigation/Section9_Build_the_Robot/bumperbot_ws/src/bumperbot_mapping) by extension 'colcon_meta'
[0.408s] Level 1:colcon.colcon_core.package_identification:_identify(src/Self-Driving-and-ROS-2-Learn-by-Doing-Plan-Navigation/Section9_Build_the_Robot/bumperbot_ws/src/bumperbot_mapping) by extensions ['ros']
[0.408s] Level 1:colcon.colcon_core.package_identification:_identify(src/Self-Driving-and-ROS-2-Learn-by-Doing-Plan-Navigation/Section9_Build_the_Robot/bumperbot_ws/src/bumperbot_mapping) by extension 'ros'
[0.409s] DEBUG:colcon.colcon_core.package_identification:Package 'src/Self-Driving-and-ROS-2-Learn-by-Doing-Plan-Navigation/Section9_Build_the_Robot/bumperbot_ws/src/bumperbot_mapping' with type 'ros.ament_cmake' and name 'bumperbot_mapping'
[0.409s] Level 1:colcon.colcon_core.package_identification:_identify(src/Self-Driving-and-ROS-2-Learn-by-Doing-Plan-Navigation/Section9_Build_the_Robot/bumperbot_ws/src/bumperbot_motion) by extensions ['ignore', 'ignore_ament_install']
[0.409s] Level 1:colcon.colcon_core.package_identification:_identify(src/Self-Driving-and-ROS-2-Learn-by-Doing-Plan-Navigation/Section9_Build_the_Robot/bumperbot_ws/src/bumperbot_motion) by extension 'ignore'
[0.409s] Level 1:colcon.colcon_core.package_identification:_identify(src/Self-Driving-and-ROS-2-Learn-by-Doing-Plan-Navigation/Section9_Build_the_Robot/bumperbot_ws/src/bumperbot_motion) by extension 'ignore_ament_install'
[0.409s] Level 1:colcon.colcon_core.package_identification:_identify(src/Self-Driving-and-ROS-2-Learn-by-Doing-Plan-Navigation/Section9_Build_the_Robot/bumperbot_ws/src/bumperbot_motion) by extensions ['colcon_pkg']
[0.409s] Level 1:colcon.colcon_core.package_identification:_identify(src/Self-Driving-and-ROS-2-Learn-by-Doing-Plan-Navigation/Section9_Build_the_Robot/bumperbot_ws/src/bumperbot_motion) by extension 'colcon_pkg'
[0.409s] Level 1:colcon.colcon_core.package_identification:_identify(src/Self-Driving-and-ROS-2-Learn-by-Doing-Plan-Navigation/Section9_Build_the_Robot/bumperbot_ws/src/bumperbot_motion) by extensions ['colcon_meta']
[0.409s] Level 1:colcon.colcon_core.package_identification:_identify(src/Self-Driving-and-ROS-2-Learn-by-Doing-Plan-Navigation/Section9_Build_the_Robot/bumperbot_ws/src/bumperbot_motion) by extension 'colcon_meta'
[0.409s] Level 1:colcon.colcon_core.package_identification:_identify(src/Self-Driving-and-ROS-2-Learn-by-Doing-Plan-Navigation/Section9_Build_the_Robot/bumperbot_ws/src/bumperbot_motion) by extensions ['ros']
[0.409s] Level 1:colcon.colcon_core.package_identification:_identify(src/Self-Driving-and-ROS-2-Learn-by-Doing-Plan-Navigation/Section9_Build_the_Robot/bumperbot_ws/src/bumperbot_motion) by extension 'ros'
[0.410s] DEBUG:colcon.colcon_core.package_identification:Package 'src/Self-Driving-and-ROS-2-Learn-by-Doing-Plan-Navigation/Section9_Build_the_Robot/bumperbot_ws/src/bumperbot_motion' with type 'ros.ament_cmake' and name 'bumperbot_motion'
[0.410s] Level 1:colcon.colcon_core.package_identification:_identify(src/Self-Driving-and-ROS-2-Learn-by-Doing-Plan-Navigation/Section9_Build_the_Robot/bumperbot_ws/src/bumperbot_msgs) by extensions ['ignore', 'ignore_ament_install']
[0.410s] Level 1:colcon.colcon_core.package_identification:_identify(src/Self-Driving-and-ROS-2-Learn-by-Doing-Plan-Navigation/Section9_Build_the_Robot/bumperbot_ws/src/bumperbot_msgs) by extension 'ignore'
[0.410s] Level 1:colcon.colcon_core.package_identification:_identify(src/Self-Driving-and-ROS-2-Learn-by-Doing-Plan-Navigation/Section9_Build_the_Robot/bumperbot_ws/src/bumperbot_msgs) by extension 'ignore_ament_install'
[0.410s] Level 1:colcon.colcon_core.package_identification:_identify(src/Self-Driving-and-ROS-2-Learn-by-Doing-Plan-Navigation/Section9_Build_the_Robot/bumperbot_ws/src/bumperbot_msgs) by extensions ['colcon_pkg']
[0.410s] Level 1:colcon.colcon_core.package_identification:_identify(src/Self-Driving-and-ROS-2-Learn-by-Doing-Plan-Navigation/Section9_Build_the_Robot/bumperbot_ws/src/bumperbot_msgs) by extension 'colcon_pkg'
[0.410s] Level 1:colcon.colcon_core.package_identification:_identify(src/Self-Driving-and-ROS-2-Learn-by-Doing-Plan-Navigation/Section9_Build_the_Robot/bumperbot_ws/src/bumperbot_msgs) by extensions ['colcon_meta']
[0.410s] Level 1:colcon.colcon_core.package_identification:_identify(src/Self-Driving-and-ROS-2-Learn-by-Doing-Plan-Navigation/Section9_Build_the_Robot/bumperbot_ws/src/bumperbot_msgs) by extension 'colcon_meta'
[0.410s] Level 1:colcon.colcon_core.package_identification:_identify(src/Self-Driving-and-ROS-2-Learn-by-Doing-Plan-Navigation/Section9_Build_the_Robot/bumperbot_ws/src/bumperbot_msgs) by extensions ['ros']
[0.410s] Level 1:colcon.colcon_core.package_identification:_identify(src/Self-Driving-and-ROS-2-Learn-by-Doing-Plan-Navigation/Section9_Build_the_Robot/bumperbot_ws/src/bumperbot_msgs) by extension 'ros'
[0.411s] DEBUG:colcon.colcon_core.package_identification:Package 'src/Self-Driving-and-ROS-2-Learn-by-Doing-Plan-Navigation/Section9_Build_the_Robot/bumperbot_ws/src/bumperbot_msgs' with type 'ros.ament_cmake' and name 'bumperbot_msgs'
[0.411s] Level 1:colcon.colcon_core.package_identification:_identify(src/Self-Driving-and-ROS-2-Learn-by-Doing-Plan-Navigation/Section9_Build_the_Robot/bumperbot_ws/src/bumperbot_navigation) by extensions ['ignore', 'ignore_ament_install']
[0.411s] Level 1:colcon.colcon_core.package_identification:_identify(src/Self-Driving-and-ROS-2-Learn-by-Doing-Plan-Navigation/Section9_Build_the_Robot/bumperbot_ws/src/bumperbot_navigation) by extension 'ignore'
[0.411s] Level 1:colcon.colcon_core.package_identification:_identify(src/Self-Driving-and-ROS-2-Learn-by-Doing-Plan-Navigation/Section9_Build_the_Robot/bumperbot_ws/src/bumperbot_navigation) by extension 'ignore_ament_install'
[0.411s] Level 1:colcon.colcon_core.package_identification:_identify(src/Self-Driving-and-ROS-2-Learn-by-Doing-Plan-Navigation/Section9_Build_the_Robot/bumperbot_ws/src/bumperbot_navigation) by extensions ['colcon_pkg']
[0.411s] Level 1:colcon.colcon_core.package_identification:_identify(src/Self-Driving-and-ROS-2-Learn-by-Doing-Plan-Navigation/Section9_Build_the_Robot/bumperbot_ws/src/bumperbot_navigation) by extension 'colcon_pkg'
[0.411s] Level 1:colcon.colcon_core.package_identification:_identify(src/Self-Driving-and-ROS-2-Learn-by-Doing-Plan-Navigation/Section9_Build_the_Robot/bumperbot_ws/src/bumperbot_navigation) by extensions ['colcon_meta']
[0.411s] Level 1:colcon.colcon_core.package_identification:_identify(src/Self-Driving-and-ROS-2-Learn-by-Doing-Plan-Navigation/Section9_Build_the_Robot/bumperbot_ws/src/bumperbot_navigation) by extension 'colcon_meta'
[0.411s] Level 1:colcon.colcon_core.package_identification:_identify(src/Self-Driving-and-ROS-2-Learn-by-Doing-Plan-Navigation/Section9_Build_the_Robot/bumperbot_ws/src/bumperbot_navigation) by extensions ['ros']
[0.411s] Level 1:colcon.colcon_core.package_identification:_identify(src/Self-Driving-and-ROS-2-Learn-by-Doing-Plan-Navigation/Section9_Build_the_Robot/bumperbot_ws/src/bumperbot_navigation) by extension 'ros'
[0.412s] DEBUG:colcon.colcon_core.package_identification:Package 'src/Self-Driving-and-ROS-2-Learn-by-Doing-Plan-Navigation/Section9_Build_the_Robot/bumperbot_ws/src/bumperbot_navigation' with type 'ros.ament_cmake' and name 'bumperbot_navigation'
[0.412s] Level 1:colcon.colcon_core.package_identification:_identify(src/Self-Driving-and-ROS-2-Learn-by-Doing-Plan-Navigation/Section9_Build_the_Robot/bumperbot_ws/src/bumperbot_planning) by extensions ['ignore', 'ignore_ament_install']
[0.412s] Level 1:colcon.colcon_core.package_identification:_identify(src/Self-Driving-and-ROS-2-Learn-by-Doing-Plan-Navigation/Section9_Build_the_Robot/bumperbot_ws/src/bumperbot_planning) by extension 'ignore'
[0.412s] Level 1:colcon.colcon_core.package_identification:_identify(src/Self-Driving-and-ROS-2-Learn-by-Doing-Plan-Navigation/Section9_Build_the_Robot/bumperbot_ws/src/bumperbot_planning) by extension 'ignore_ament_install'
[0.412s] Level 1:colcon.colcon_core.package_identification:_identify(src/Self-Driving-and-ROS-2-Learn-by-Doing-Plan-Navigation/Section9_Build_the_Robot/bumperbot_ws/src/bumperbot_planning) by extensions ['colcon_pkg']
[0.412s] Level 1:colcon.colcon_core.package_identification:_identify(src/Self-Driving-and-ROS-2-Learn-by-Doing-Plan-Navigation/Section9_Build_the_Robot/bumperbot_ws/src/bumperbot_planning) by extension 'colcon_pkg'
[0.412s] Level 1:colcon.colcon_core.package_identification:_identify(src/Self-Driving-and-ROS-2-Learn-by-Doing-Plan-Navigation/Section9_Build_the_Robot/bumperbot_ws/src/bumperbot_planning) by extensions ['colcon_meta']
[0.412s] Level 1:colcon.colcon_core.package_identification:_identify(src/Self-Driving-and-ROS-2-Learn-by-Doing-Plan-Navigation/Section9_Build_the_Robot/bumperbot_ws/src/bumperbot_planning) by extension 'colcon_meta'
[0.412s] Level 1:colcon.colcon_core.package_identification:_identify(src/Self-Driving-and-ROS-2-Learn-by-Doing-Plan-Navigation/Section9_Build_the_Robot/bumperbot_ws/src/bumperbot_planning) by extensions ['ros']
[0.412s] Level 1:colcon.colcon_core.package_identification:_identify(src/Self-Driving-and-ROS-2-Learn-by-Doing-Plan-Navigation/Section9_Build_the_Robot/bumperbot_ws/src/bumperbot_planning) by extension 'ros'
[0.413s] DEBUG:colcon.colcon_core.package_identification:Package 'src/Self-Driving-and-ROS-2-Learn-by-Doing-Plan-Navigation/Section9_Build_the_Robot/bumperbot_ws/src/bumperbot_planning' with type 'ros.ament_cmake' and name 'bumperbot_planning'
[0.413s] Level 1:colcon.colcon_core.package_identification:_identify(src/Self-Driving-and-ROS-2-Learn-by-Doing-Plan-Navigation/Section9_Build_the_Robot/bumperbot_ws/src/bumperbot_py_examples) by extensions ['ignore', 'ignore_ament_install']
[0.413s] Level 1:colcon.colcon_core.package_identification:_identify(src/Self-Driving-and-ROS-2-Learn-by-Doing-Plan-Navigation/Section9_Build_the_Robot/bumperbot_ws/src/bumperbot_py_examples) by extension 'ignore'
[0.413s] Level 1:colcon.colcon_core.package_identification:_identify(src/Self-Driving-and-ROS-2-Learn-by-Doing-Plan-Navigation/Section9_Build_the_Robot/bumperbot_ws/src/bumperbot_py_examples) by extension 'ignore_ament_install'
[0.413s] Level 1:colcon.colcon_core.package_identification:_identify(src/Self-Driving-and-ROS-2-Learn-by-Doing-Plan-Navigation/Section9_Build_the_Robot/bumperbot_ws/src/bumperbot_py_examples) by extensions ['colcon_pkg']
[0.413s] Level 1:colcon.colcon_core.package_identification:_identify(src/Self-Driving-and-ROS-2-Learn-by-Doing-Plan-Navigation/Section9_Build_the_Robot/bumperbot_ws/src/bumperbot_py_examples) by extension 'colcon_pkg'
[0.413s] Level 1:colcon.colcon_core.package_identification:_identify(src/Self-Driving-and-ROS-2-Learn-by-Doing-Plan-Navigation/Section9_Build_the_Robot/bumperbot_ws/src/bumperbot_py_examples) by extensions ['colcon_meta']
[0.413s] Level 1:colcon.colcon_core.package_identification:_identify(src/Self-Driving-and-ROS-2-Learn-by-Doing-Plan-Navigation/Section9_Build_the_Robot/bumperbot_ws/src/bumperbot_py_examples) by extension 'colcon_meta'
[0.413s] Level 1:colcon.colcon_core.package_identification:_identify(src/Self-Driving-and-ROS-2-Learn-by-Doing-Plan-Navigation/Section9_Build_the_Robot/bumperbot_ws/src/bumperbot_py_examples) by extensions ['ros']
[0.413s] Level 1:colcon.colcon_core.package_identification:_identify(src/Self-Driving-and-ROS-2-Learn-by-Doing-Plan-Navigation/Section9_Build_the_Robot/bumperbot_ws/src/bumperbot_py_examples) by extension 'ros'
[0.414s] DEBUG:colcon.colcon_core.package_identification:Package 'src/Self-Driving-and-ROS-2-Learn-by-Doing-Plan-Navigation/Section9_Build_the_Robot/bumperbot_ws/src/bumperbot_py_examples' with type 'ros.ament_python' and name 'bumperbot_py_examples'
[0.414s] Level 1:colcon.colcon_core.package_identification:_identify(src/Self-Driving-and-ROS-2-Learn-by-Doing-Plan-Navigation/Section9_Build_the_Robot/bumperbot_ws/src/bumperbot_utils) by extensions ['ignore', 'ignore_ament_install']
[0.414s] Level 1:colcon.colcon_core.package_identification:_identify(src/Self-Driving-and-ROS-2-Learn-by-Doing-Plan-Navigation/Section9_Build_the_Robot/bumperbot_ws/src/bumperbot_utils) by extension 'ignore'
[0.414s] Level 1:colcon.colcon_core.package_identification:_identify(src/Self-Driving-and-ROS-2-Learn-by-Doing-Plan-Navigation/Section9_Build_the_Robot/bumperbot_ws/src/bumperbot_utils) by extension 'ignore_ament_install'
[0.414s] Level 1:colcon.colcon_core.package_identification:_identify(src/Self-Driving-and-ROS-2-Learn-by-Doing-Plan-Navigation/Section9_Build_the_Robot/bumperbot_ws/src/bumperbot_utils) by extensions ['colcon_pkg']
[0.414s] Level 1:colcon.colcon_core.package_identification:_identify(src/Self-Driving-and-ROS-2-Learn-by-Doing-Plan-Navigation/Section9_Build_the_Robot/bumperbot_ws/src/bumperbot_utils) by extension 'colcon_pkg'
[0.414s] Level 1:colcon.colcon_core.package_identification:_identify(src/Self-Driving-and-ROS-2-Learn-by-Doing-Plan-Navigation/Section9_Build_the_Robot/bumperbot_ws/src/bumperbot_utils) by extensions ['colcon_meta']
[0.414s] Level 1:colcon.colcon_core.package_identification:_identify(src/Self-Driving-and-ROS-2-Learn-by-Doing-Plan-Navigation/Section9_Build_the_Robot/bumperbot_ws/src/bumperbot_utils) by extension 'colcon_meta'
[0.414s] Level 1:colcon.colcon_core.package_identification:_identify(src/Self-Driving-and-ROS-2-Learn-by-Doing-Plan-Navigation/Section9_Build_the_Robot/bumperbot_ws/src/bumperbot_utils) by extensions ['ros']
[0.414s] Level 1:colcon.colcon_core.package_identification:_identify(src/Self-Driving-and-ROS-2-Learn-by-Doing-Plan-Navigation/Section9_Build_the_Robot/bumperbot_ws/src/bumperbot_utils) by extension 'ros'
[0.415s] DEBUG:colcon.colcon_core.package_identification:Package 'src/Self-Driving-and-ROS-2-Learn-by-Doing-Plan-Navigation/Section9_Build_the_Robot/bumperbot_ws/src/bumperbot_utils' with type 'ros.ament_cmake' and name 'bumperbot_utils'
[0.415s] Level 1:colcon.colcon_core.package_identification:_identify(src/Self-Driving-and-ROS-2-Learn-by-Doing-Plan-Navigation/images) by extensions ['ignore', 'ignore_ament_install']
[0.415s] Level 1:colcon.colcon_core.package_identification:_identify(src/Self-Driving-and-ROS-2-Learn-by-Doing-Plan-Navigation/images) by extension 'ignore'
[0.415s] Level 1:colcon.colcon_core.package_identification:_identify(src/Self-Driving-and-ROS-2-Learn-by-Doing-Plan-Navigation/images) by extension 'ignore_ament_install'
[0.415s] Level 1:colcon.colcon_core.package_identification:_identify(src/Self-Driving-and-ROS-2-Learn-by-Doing-Plan-Navigation/images) by extensions ['colcon_pkg']
[0.415s] Level 1:colcon.colcon_core.package_identification:_identify(src/Self-Driving-and-ROS-2-Learn-by-Doing-Plan-Navigation/images) by extension 'colcon_pkg'
[0.415s] Level 1:colcon.colcon_core.package_identification:_identify(src/Self-Driving-and-ROS-2-Learn-by-Doing-Plan-Navigation/images) by extensions ['colcon_meta']
[0.415s] Level 1:colcon.colcon_core.package_identification:_identify(src/Self-Driving-and-ROS-2-Learn-by-Doing-Plan-Navigation/images) by extension 'colcon_meta'
[0.415s] Level 1:colcon.colcon_core.package_identification:_identify(src/Self-Driving-and-ROS-2-Learn-by-Doing-Plan-Navigation/images) by extensions ['ros']
[0.415s] Level 1:colcon.colcon_core.package_identification:_identify(src/Self-Driving-and-ROS-2-Learn-by-Doing-Plan-Navigation/images) by extension 'ros'
[0.415s] Level 1:colcon.colcon_core.package_identification:_identify(src/Self-Driving-and-ROS-2-Learn-by-Doing-Plan-Navigation/images) by extensions ['cmake', 'python']
[0.415s] Level 1:colcon.colcon_core.package_identification:_identify(src/Self-Driving-and-ROS-2-Learn-by-Doing-Plan-Navigation/images) by extension 'cmake'
[0.415s] Level 1:colcon.colcon_core.package_identification:_identify(src/Self-Driving-and-ROS-2-Learn-by-Doing-Plan-Navigation/images) by extension 'python'
[0.415s] Level 1:colcon.colcon_core.package_identification:_identify(src/Self-Driving-and-ROS-2-Learn-by-Doing-Plan-Navigation/images) by extensions ['python_setup_py']
[0.415s] Level 1:colcon.colcon_core.package_identification:_identify(src/Self-Driving-and-ROS-2-Learn-by-Doing-Plan-Navigation/images) by extension 'python_setup_py'
[0.416s] Level 1:colcon.colcon_core.package_identification:_identify(src/bumperbot_bringup) by extensions ['ignore', 'ignore_ament_install']
[0.416s] Level 1:colcon.colcon_core.package_identification:_identify(src/bumperbot_bringup) by extension 'ignore'
[0.416s] Level 1:colcon.colcon_core.package_identification:_identify(src/bumperbot_bringup) by extension 'ignore_ament_install'
[0.416s] Level 1:colcon.colcon_core.package_identification:_identify(src/bumperbot_bringup) by extensions ['colcon_pkg']
[0.416s] Level 1:colcon.colcon_core.package_identification:_identify(src/bumperbot_bringup) by extension 'colcon_pkg'
[0.416s] Level 1:colcon.colcon_core.package_identification:_identify(src/bumperbot_bringup) by extensions ['colcon_meta']
[0.416s] Level 1:colcon.colcon_core.package_identification:_identify(src/bumperbot_bringup) by extension 'colcon_meta'
[0.416s] Level 1:colcon.colcon_core.package_identification:_identify(src/bumperbot_bringup) by extensions ['ros']
[0.416s] Level 1:colcon.colcon_core.package_identification:_identify(src/bumperbot_bringup) by extension 'ros'
[0.417s] DEBUG:colcon.colcon_core.package_identification:Package 'src/bumperbot_bringup' with type 'ros.ament_cmake' and name 'bumperbot_bringup'
[0.417s] Level 1:colcon.colcon_core.package_identification:_identify(src/bumperbot_controller) by extensions ['ignore', 'ignore_ament_install']
[0.417s] Level 1:colcon.colcon_core.package_identification:_identify(src/bumperbot_controller) by extension 'ignore'
[0.417s] Level 1:colcon.colcon_core.package_identification:_identify(src/bumperbot_controller) by extension 'ignore_ament_install'
[0.417s] Level 1:colcon.colcon_core.package_identification:_identify(src/bumperbot_controller) by extensions ['colcon_pkg']
[0.417s] Level 1:colcon.colcon_core.package_identification:_identify(src/bumperbot_controller) by extension 'colcon_pkg'
[0.417s] Level 1:colcon.colcon_core.package_identification:_identify(src/bumperbot_controller) by extensions ['colcon_meta']
[0.417s] Level 1:colcon.colcon_core.package_identification:_identify(src/bumperbot_controller) by extension 'colcon_meta'
[0.417s] Level 1:colcon.colcon_core.package_identification:_identify(src/bumperbot_controller) by extensions ['ros']
[0.417s] Level 1:colcon.colcon_core.package_identification:_identify(src/bumperbot_controller) by extension 'ros'
[0.419s] DEBUG:colcon.colcon_core.package_identification:Package 'src/bumperbot_controller' with type 'ros.ament_cmake' and name 'bumperbot_controller'
[0.419s] Level 1:colcon.colcon_core.package_identification:_identify(src/bumperbot_cpp_examples) by extensions ['ignore', 'ignore_ament_install']
[0.419s] Level 1:colcon.colcon_core.package_identification:_identify(src/bumperbot_cpp_examples) by extension 'ignore'
[0.419s] Level 1:colcon.colcon_core.package_identification:_identify(src/bumperbot_cpp_examples) by extension 'ignore_ament_install'
[0.419s] Level 1:colcon.colcon_core.package_identification:_identify(src/bumperbot_cpp_examples) by extensions ['colcon_pkg']
[0.419s] Level 1:colcon.colcon_core.package_identification:_identify(src/bumperbot_cpp_examples) by extension 'colcon_pkg'
[0.419s] Level 1:colcon.colcon_core.package_identification:_identify(src/bumperbot_cpp_examples) by extensions ['colcon_meta']
[0.419s] Level 1:colcon.colcon_core.package_identification:_identify(src/bumperbot_cpp_examples) by extension 'colcon_meta'
[0.419s] Level 1:colcon.colcon_core.package_identification:_identify(src/bumperbot_cpp_examples) by extensions ['ros']
[0.419s] Level 1:colcon.colcon_core.package_identification:_identify(src/bumperbot_cpp_examples) by extension 'ros'
[0.420s] DEBUG:colcon.colcon_core.package_identification:Package 'src/bumperbot_cpp_examples' with type 'ros.ament_cmake' and name 'bumperbot_cpp_examples'
[0.421s] Level 1:colcon.colcon_core.package_identification:_identify(src/bumperbot_description) by extensions ['ignore', 'ignore_ament_install']
[0.421s] Level 1:colcon.colcon_core.package_identification:_identify(src/bumperbot_description) by extension 'ignore'
[0.421s] Level 1:colcon.colcon_core.package_identification:_identify(src/bumperbot_description) by extension 'ignore_ament_install'
[0.421s] Level 1:colcon.colcon_core.package_identification:_identify(src/bumperbot_description) by extensions ['colcon_pkg']
[0.421s] Level 1:colcon.colcon_core.package_identification:_identify(src/bumperbot_description) by extension 'colcon_pkg'
[0.421s] Level 1:colcon.colcon_core.package_identification:_identify(src/bumperbot_description) by extensions ['colcon_meta']
[0.421s] Level 1:colcon.colcon_core.package_identification:_identify(src/bumperbot_description) by extension 'colcon_meta'
[0.421s] Level 1:colcon.colcon_core.package_identification:_identify(src/bumperbot_description) by extensions ['ros']
[0.421s] Level 1:colcon.colcon_core.package_identification:_identify(src/bumperbot_description) by extension 'ros'
[0.422s] DEBUG:colcon.colcon_core.package_identification:Package 'src/bumperbot_description' with type 'ros.ament_cmake' and name 'bumperbot_description'
[0.422s] Level 1:colcon.colcon_core.package_identification:_identify(src/bumperbot_firmware) by extensions ['ignore', 'ignore_ament_install']
[0.422s] Level 1:colcon.colcon_core.package_identification:_identify(src/bumperbot_firmware) by extension 'ignore'
[0.422s] Level 1:colcon.colcon_core.package_identification:_identify(src/bumperbot_firmware) by extension 'ignore_ament_install'
[0.422s] Level 1:colcon.colcon_core.package_identification:_identify(src/bumperbot_firmware) by extensions ['colcon_pkg']
[0.422s] Level 1:colcon.colcon_core.package_identification:_identify(src/bumperbot_firmware) by extension 'colcon_pkg'
[0.422s] Level 1:colcon.colcon_core.package_identification:_identify(src/bumperbot_firmware) by extensions ['colcon_meta']
[0.423s] Level 1:colcon.colcon_core.package_identification:_identify(src/bumperbot_firmware) by extension 'colcon_meta'
[0.423s] Level 1:colcon.colcon_core.package_identification:_identify(src/bumperbot_firmware) by extensions ['ros']
[0.423s] Level 1:colcon.colcon_core.package_identification:_identify(src/bumperbot_firmware) by extension 'ros'
[0.424s] DEBUG:colcon.colcon_core.package_identification:Package 'src/bumperbot_firmware' with type 'ros.ament_cmake' and name 'bumperbot_firmware'
[0.424s] Level 1:colcon.colcon_core.package_identification:_identify(src/bumperbot_localization) by extensions ['ignore', 'ignore_ament_install']
[0.424s] Level 1:colcon.colcon_core.package_identification:_identify(src/bumperbot_localization) by extension 'ignore'
[0.424s] Level 1:colcon.colcon_core.package_identification:_identify(src/bumperbot_localization) by extension 'ignore_ament_install'
[0.424s] Level 1:colcon.colcon_core.package_identification:_identify(src/bumperbot_localization) by extensions ['colcon_pkg']
[0.424s] Level 1:colcon.colcon_core.package_identification:_identify(src/bumperbot_localization) by extension 'colcon_pkg'
[0.424s] Level 1:colcon.colcon_core.package_identification:_identify(src/bumperbot_localization) by extensions ['colcon_meta']
[0.424s] Level 1:colcon.colcon_core.package_identification:_identify(src/bumperbot_localization) by extension 'colcon_meta'
[0.424s] Level 1:colcon.colcon_core.package_identification:_identify(src/bumperbot_localization) by extensions ['ros']
[0.424s] Level 1:colcon.colcon_core.package_identification:_identify(src/bumperbot_localization) by extension 'ros'
[0.425s] DEBUG:colcon.colcon_core.package_identification:Package 'src/bumperbot_localization' with type 'ros.ament_cmake' and name 'bumperbot_localization'
[0.425s] Level 1:colcon.colcon_core.package_identification:_identify(src/bumperbot_mapping) by extensions ['ignore', 'ignore_ament_install']
[0.425s] Level 1:colcon.colcon_core.package_identification:_identify(src/bumperbot_mapping) by extension 'ignore'
[0.426s] Level 1:colcon.colcon_core.package_identification:_identify(src/bumperbot_mapping) by extension 'ignore_ament_install'
[0.426s] Level 1:colcon.colcon_core.package_identification:_identify(src/bumperbot_mapping) by extensions ['colcon_pkg']
[0.426s] Level 1:colcon.colcon_core.package_identification:_identify(src/bumperbot_mapping) by extension 'colcon_pkg'
[0.426s] Level 1:colcon.colcon_core.package_identification:_identify(src/bumperbot_mapping) by extensions ['colcon_meta']
[0.426s] Level 1:colcon.colcon_core.package_identification:_identify(src/bumperbot_mapping) by extension 'colcon_meta'
[0.426s] Level 1:colcon.colcon_core.package_identification:_identify(src/bumperbot_mapping) by extensions ['ros']
[0.426s] Level 1:colcon.colcon_core.package_identification:_identify(src/bumperbot_mapping) by extension 'ros'
[0.427s] DEBUG:colcon.colcon_core.package_identification:Package 'src/bumperbot_mapping' with type 'ros.ament_cmake' and name 'bumperbot_mapping'
[0.427s] Level 1:colcon.colcon_core.package_identification:_identify(src/bumperbot_msgs) by extensions ['ignore', 'ignore_ament_install']
[0.427s] Level 1:colcon.colcon_core.package_identification:_identify(src/bumperbot_msgs) by extension 'ignore'
[0.427s] Level 1:colcon.colcon_core.package_identification:_identify(src/bumperbot_msgs) by extension 'ignore_ament_install'
[0.427s] Level 1:colcon.colcon_core.package_identification:_identify(src/bumperbot_msgs) by extensions ['colcon_pkg']
[0.427s] Level 1:colcon.colcon_core.package_identification:_identify(src/bumperbot_msgs) by extension 'colcon_pkg'
[0.427s] Level 1:colcon.colcon_core.package_identification:_identify(src/bumperbot_msgs) by extensions ['colcon_meta']
[0.427s] Level 1:colcon.colcon_core.package_identification:_identify(src/bumperbot_msgs) by extension 'colcon_meta'
[0.427s] Level 1:colcon.colcon_core.package_identification:_identify(src/bumperbot_msgs) by extensions ['ros']
[0.427s] Level 1:colcon.colcon_core.package_identification:_identify(src/bumperbot_msgs) by extension 'ros'
[0.428s] DEBUG:colcon.colcon_core.package_identification:Package 'src/bumperbot_msgs' with type 'ros.ament_cmake' and name 'bumperbot_msgs'
[0.429s] Level 1:colcon.colcon_core.package_identification:_identify(src/bumperbot_py_examples) by extensions ['ignore', 'ignore_ament_install']
[0.429s] Level 1:colcon.colcon_core.package_identification:_identify(src/bumperbot_py_examples) by extension 'ignore'
[0.429s] Level 1:colcon.colcon_core.package_identification:_identify(src/bumperbot_py_examples) by extension 'ignore_ament_install'
[0.429s] Level 1:colcon.colcon_core.package_identification:_identify(src/bumperbot_py_examples) by extensions ['colcon_pkg']
[0.429s] Level 1:colcon.colcon_core.package_identification:_identify(src/bumperbot_py_examples) by extension 'colcon_pkg'
[0.429s] Level 1:colcon.colcon_core.package_identification:_identify(src/bumperbot_py_examples) by extensions ['colcon_meta']
[0.429s] Level 1:colcon.colcon_core.package_identification:_identify(src/bumperbot_py_examples) by extension 'colcon_meta'
[0.429s] Level 1:colcon.colcon_core.package_identification:_identify(src/bumperbot_py_examples) by extensions ['ros']
[0.429s] Level 1:colcon.colcon_core.package_identification:_identify(src/bumperbot_py_examples) by extension 'ros'
[0.430s] DEBUG:colcon.colcon_core.package_identification:Package 'src/bumperbot_py_examples' with type 'ros.ament_python' and name 'bumperbot_py_examples'
[0.430s] Level 1:colcon.colcon_core.package_identification:_identify(src/bumperbot_utils) by extensions ['ignore', 'ignore_ament_install']
[0.430s] Level 1:colcon.colcon_core.package_identification:_identify(src/bumperbot_utils) by extension 'ignore'
[0.430s] Level 1:colcon.colcon_core.package_identification:_identify(src/bumperbot_utils) by extension 'ignore_ament_install'
[0.430s] Level 1:colcon.colcon_core.package_identification:_identify(src/bumperbot_utils) by extensions ['colcon_pkg']
[0.430s] Level 1:colcon.colcon_core.package_identification:_identify(src/bumperbot_utils) by extension 'colcon_pkg'
[0.430s] Level 1:colcon.colcon_core.package_identification:_identify(src/bumperbot_utils) by extensions ['colcon_meta']
[0.430s] Level 1:colcon.colcon_core.package_identification:_identify(src/bumperbot_utils) by extension 'colcon_meta'
[0.430s] Level 1:colcon.colcon_core.package_identification:_identify(src/bumperbot_utils) by extensions ['ros']
[0.430s] Level 1:colcon.colcon_core.package_identification:_identify(src/bumperbot_utils) by extension 'ros'
[0.431s] DEBUG:colcon.colcon_core.package_identification:Package 'src/bumperbot_utils' with type 'ros.ament_cmake' and name 'bumperbot_utils'
[0.432s] Level 1:colcon.colcon_core.package_discovery:discover_packages(recursive) using defaults
[0.432s] Level 1:colcon.colcon_core.package_discovery:discover_packages(ignore) discover
[0.432s] Level 1:colcon.colcon_core.package_discovery:discover_packages(ignore) using defaults
[0.432s] Level 1:colcon.colcon_core.package_discovery:discover_packages(path) discover
[0.432s] Level 1:colcon.colcon_core.package_discovery:discover_packages(path) using defaults
[1.447s] Level 1:colcon.colcon_core.package_discovery:discover_packages(prefix_path) check parameters
[1.447s] Level 1:colcon.colcon_core.package_discovery:discover_packages(prefix_path) discover
[1.452s] DEBUG:colcon.colcon_installed_package_information.package_discovery:Found 382 installed packages in /opt/ros/jazzy
[1.453s] Level 1:colcon.colcon_core.package_discovery:discover_packages(prefix_path) using defaults
[1.490s] ERROR:colcon:colcon build: Duplicate package names not supported:
- bumperbot_bringup:
  - src/Self-Driving-and-ROS-2-Learn-by-Doing-Plan-Navigation/Section2_Setup/bumperbot_ws/src/bumperbot_bringup
  - src/Self-Driving-and-ROS-2-Learn-by-Doing-Plan-Navigation/Section3_Introduction_to_ROS_2/bumperbot_ws/src/bumperbot_bringup
  - src/Self-Driving-and-ROS-2-Learn-by-Doing-Plan-Navigation/Section4_Path_Planning/bumperbot_ws/src/bumperbot_bringup
  - src/Self-Driving-and-ROS-2-Learn-by-Doing-Plan-Navigation/Section5_Motion_Planning/bumperbot_ws/src/bumperbot_bringup
  - src/Self-Driving-and-ROS-2-Learn-by-Doing-Plan-Navigation/Section6_Obstacle_Avoidance/bumperbot_ws/src/bumperbot_bringup
  - src/Self-Driving-and-ROS-2-Learn-by-Doing-Plan-Navigation/Section7_Navigation/bumperbot_ws/src/bumperbot_bringup
  - src/Self-Driving-and-ROS-2-Learn-by-Doing-Plan-Navigation/Section8_Decision_Making/bumperbot_ws/src/bumperbot_bringup
  - src/Self-Driving-and-ROS-2-Learn-by-Doing-Plan-Navigation/Section9_Build_the_Robot/bumperbot_ws/src/bumperbot_bringup
  - src/bumperbot_bringup
- bumperbot_controller:
  - src/Self-Driving-and-ROS-2-Learn-by-Doing-Plan-Navigation/Section2_Setup/bumperbot_ws/src/bumperbot_controller
  - src/Self-Driving-and-ROS-2-Learn-by-Doing-Plan-Navigation/Section3_Introduction_to_ROS_2/bumperbot_ws/src/bumperbot_controller
  - src/Self-Driving-and-ROS-2-Learn-by-Doing-Plan-Navigation/Section4_Path_Planning/bumperbot_ws/src/bumperbot_controller
  - src/Self-Driving-and-ROS-2-Learn-by-Doing-Plan-Navigation/Section5_Motion_Planning/bumperbot_ws/src/bumperbot_controller
  - src/Self-Driving-and-ROS-2-Learn-by-Doing-Plan-Navigation/Section6_Obstacle_Avoidance/bumperbot_ws/src/bumperbot_controller
  - src/Self-Driving-and-ROS-2-Learn-by-Doing-Plan-Navigation/Section7_Navigation/bumperbot_ws/src/bumperbot_controller
  - src/Self-Driving-and-ROS-2-Learn-by-Doing-Plan-Navigation/Section8_Decision_Making/bumperbot_ws/src/bumperbot_controller
  - src/Self-Driving-and-ROS-2-Learn-by-Doing-Plan-Navigation/Section9_Build_the_Robot/bumperbot_ws/src/bumperbot_controller
  - src/bumperbot_controller
- bumperbot_cpp_examples:
  - src/Self-Driving-and-ROS-2-Learn-by-Doing-Plan-Navigation/Section2_Setup/bumperbot_ws/src/bumperbot_cpp_examples
  - src/Self-Driving-and-ROS-2-Learn-by-Doing-Plan-Navigation/Section3_Introduction_to_ROS_2/bumperbot_ws/src/bumperbot_cpp_examples
  - src/Self-Driving-and-ROS-2-Learn-by-Doing-Plan-Navigation/Section4_Path_Planning/bumperbot_ws/src/bumperbot_cpp_examples
  - src/Self-Driving-and-ROS-2-Learn-by-Doing-Plan-Navigation/Section5_Motion_Planning/bumperbot_ws/src/bumperbot_cpp_examples
  - src/Self-Driving-and-ROS-2-Learn-by-Doing-Plan-Navigation/Section6_Obstacle_Avoidance/bumperbot_ws/src/bumperbot_cpp_examples
  - src/Self-Driving-and-ROS-2-Learn-by-Doing-Plan-Navigation/Section7_Navigation/bumperbot_ws/src/bumperbot_cpp_examples
  - src/Self-Driving-and-ROS-2-Learn-by-Doing-Plan-Navigation/Section8_Decision_Making/bumperbot_ws/src/bumperbot_cpp_examples
  - src/Self-Driving-and-ROS-2-Learn-by-Doing-Plan-Navigation/Section9_Build_the_Robot/bumperbot_ws/src/bumperbot_cpp_examples
  - src/bumperbot_cpp_examples
- bumperbot_description:
  - src/Self-Driving-and-ROS-2-Learn-by-Doing-Plan-Navigation/Section2_Setup/bumperbot_ws/src/bumperbot_description
  - src/Self-Driving-and-ROS-2-Learn-by-Doing-Plan-Navigation/Section3_Introduction_to_ROS_2/bumperbot_ws/src/bumperbot_description
  - src/Self-Driving-and-ROS-2-Learn-by-Doing-Plan-Navigation/Section4_Path_Planning/bumperbot_ws/src/bumperbot_description
  - src/Self-Driving-and-ROS-2-Learn-by-Doing-Plan-Navigation/Section5_Motion_Planning/bumperbot_ws/src/bumperbot_description
  - src/Self-Driving-and-ROS-2-Learn-by-Doing-Plan-Navigation/Section6_Obstacle_Avoidance/bumperbot_ws/src/bumperbot_description
  - src/Self-Driving-and-ROS-2-Learn-by-Doing-Plan-Navigation/Section7_Navigation/bumperbot_ws/src/bumperbot_description
  - src/Self-Driving-and-ROS-2-Learn-by-Doing-Plan-Navigation/Section8_Decision_Making/bumperbot_ws/src/bumperbot_description
  - src/Self-Driving-and-ROS-2-Learn-by-Doing-Plan-Navigation/Section9_Build_the_Robot/bumperbot_ws/src/bumperbot_description
  - src/bumperbot_description
- bumperbot_firmware:
  - src/Self-Driving-and-ROS-2-Learn-by-Doing-Plan-Navigation/Section2_Setup/bumperbot_ws/src/bumperbot_firmware
  - src/Self-Driving-and-ROS-2-Learn-by-Doing-Plan-Navigation/Section3_Introduction_to_ROS_2/bumperbot_ws/src/bumperbot_firmware
  - src/Self-Driving-and-ROS-2-Learn-by-Doing-Plan-Navigation/Section4_Path_Planning/bumperbot_ws/src/bumperbot_firmware
  - src/Self-Driving-and-ROS-2-Learn-by-Doing-Plan-Navigation/Section5_Motion_Planning/bumperbot_ws/src/bumperbot_firmware
  - src/Self-Driving-and-ROS-2-Learn-by-Doing-Plan-Navigation/Section6_Obstacle_Avoidance/bumperbot_ws/src/bumperbot_firmware
  - src/Self-Driving-and-ROS-2-Learn-by-Doing-Plan-Navigation/Section7_Navigation/bumperbot_ws/src/bumperbot_firmware
  - src/Self-Driving-and-ROS-2-Learn-by-Doing-Plan-Navigation/Section8_Decision_Making/bumperbot_ws/src/bumperbot_firmware
  - src/Self-Driving-and-ROS-2-Learn-by-Doing-Plan-Navigation/Section9_Build_the_Robot/bumperbot_ws/src/bumperbot_firmware
  - src/bumperbot_firmware
- bumperbot_localization:
  - src/Self-Driving-and-ROS-2-Learn-by-Doing-Plan-Navigation/Section2_Setup/bumperbot_ws/src/bumperbot_localization
  - src/Self-Driving-and-ROS-2-Learn-by-Doing-Plan-Navigation/Section3_Introduction_to_ROS_2/bumperbot_ws/src/bumperbot_localization
  - src/Self-Driving-and-ROS-2-Learn-by-Doing-Plan-Navigation/Section4_Path_Planning/bumperbot_ws/src/bumperbot_localization
  - src/Self-Driving-and-ROS-2-Learn-by-Doing-Plan-Navigation/Section5_Motion_Planning/bumperbot_ws/src/bumperbot_localization
  - src/Self-Driving-and-ROS-2-Learn-by-Doing-Plan-Navigation/Section6_Obstacle_Avoidance/bumperbot_ws/src/bumperbot_localization
  - src/Self-Driving-and-ROS-2-Learn-by-Doing-Plan-Navigation/Section7_Navigation/bumperbot_ws/src/bumperbot_localization
  - src/Self-Driving-and-ROS-2-Learn-by-Doing-Plan-Navigation/Section8_Decision_Making/bumperbot_ws/src/bumperbot_localization
  - src/Self-Driving-and-ROS-2-Learn-by-Doing-Plan-Navigation/Section9_Build_the_Robot/bumperbot_ws/src/bumperbot_localization
  - src/bumperbot_localization
- bumperbot_mapping:
  - src/Self-Driving-and-ROS-2-Learn-by-Doing-Plan-Navigation/Section2_Setup/bumperbot_ws/src/bumperbot_mapping
  - src/Self-Driving-and-ROS-2-Learn-by-Doing-Plan-Navigation/Section3_Introduction_to_ROS_2/bumperbot_ws/src/bumperbot_mapping
  - src/Self-Driving-and-ROS-2-Learn-by-Doing-Plan-Navigation/Section4_Path_Planning/bumperbot_ws/src/bumperbot_mapping
  - src/Self-Driving-and-ROS-2-Learn-by-Doing-Plan-Navigation/Section5_Motion_Planning/bumperbot_ws/src/bumperbot_mapping
  - src/Self-Driving-and-ROS-2-Learn-by-Doing-Plan-Navigation/Section6_Obstacle_Avoidance/bumperbot_ws/src/bumperbot_mapping
  - src/Self-Driving-and-ROS-2-Learn-by-Doing-Plan-Navigation/Section7_Navigation/bumperbot_ws/src/bumperbot_mapping
  - src/Self-Driving-and-ROS-2-Learn-by-Doing-Plan-Navigation/Section8_Decision_Making/bumperbot_ws/src/bumperbot_mapping
  - src/Self-Driving-and-ROS-2-Learn-by-Doing-Plan-Navigation/Section9_Build_the_Robot/bumperbot_ws/src/bumperbot_mapping
  - src/bumperbot_mapping
- bumperbot_motion:
  - src/Self-Driving-and-ROS-2-Learn-by-Doing-Plan-Navigation/Section5_Motion_Planning/bumperbot_ws/src/bumperbot_motion
  - src/Self-Driving-and-ROS-2-Learn-by-Doing-Plan-Navigation/Section6_Obstacle_Avoidance/bumperbot_ws/src/bumperbot_motion
  - src/Self-Driving-and-ROS-2-Learn-by-Doing-Plan-Navigation/Section7_Navigation/bumperbot_ws/src/bumperbot_motion
  - src/Self-Driving-and-ROS-2-Learn-by-Doing-Plan-Navigation/Section8_Decision_Making/bumperbot_ws/src/bumperbot_motion
  - src/Self-Driving-and-ROS-2-Learn-by-Doing-Plan-Navigation/Section9_Build_the_Robot/bumperbot_ws/src/bumperbot_motion
- bumperbot_msgs:
  - src/Self-Driving-and-ROS-2-Learn-by-Doing-Plan-Navigation/Section2_Setup/bumperbot_ws/src/bumperbot_msgs
  - src/Self-Driving-and-ROS-2-Learn-by-Doing-Plan-Navigation/Section3_Introduction_to_ROS_2/bumperbot_ws/src/bumperbot_msgs
  - src/Self-Driving-and-ROS-2-Learn-by-Doing-Plan-Navigation/Section4_Path_Planning/bumperbot_ws/src/bumperbot_msgs
  - src/Self-Driving-and-ROS-2-Learn-by-Doing-Plan-Navigation/Section5_Motion_Planning/bumperbot_ws/src/bumperbot_msgs
  - src/Self-Driving-and-ROS-2-Learn-by-Doing-Plan-Navigation/Section6_Obstacle_Avoidance/bumperbot_ws/src/bumperbot_msgs
  - src/Self-Driving-and-ROS-2-Learn-by-Doing-Plan-Navigation/Section7_Navigation/bumperbot_ws/src/bumperbot_msgs
  - src/Self-Driving-and-ROS-2-Learn-by-Doing-Plan-Navigation/Section8_Decision_Making/bumperbot_ws/src/bumperbot_msgs
  - src/Self-Driving-and-ROS-2-Learn-by-Doing-Plan-Navigation/Section9_Build_the_Robot/bumperbot_ws/src/bumperbot_msgs
  - src/bumperbot_msgs
- bumperbot_navigation:
  - src/Self-Driving-and-ROS-2-Learn-by-Doing-Plan-Navigation/Section6_Obstacle_Avoidance/bumperbot_ws/src/bumperbot_navigation
  - src/Self-Driving-and-ROS-2-Learn-by-Doing-Plan-Navigation/Section7_Navigation/bumperbot_ws/src/bumperbot_navigation
  - src/Self-Driving-and-ROS-2-Learn-by-Doing-Plan-Navigation/Section8_Decision_Making/bumperbot_ws/src/bumperbot_navigation
  - src/Self-Driving-and-ROS-2-Learn-by-Doing-Plan-Navigation/Section9_Build_the_Robot/bumperbot_ws/src/bumperbot_navigation
- bumperbot_planning:
  - src/Self-Driving-and-ROS-2-Learn-by-Doing-Plan-Navigation/Section4_Path_Planning/bumperbot_ws/src/bumperbot_planning
  - src/Self-Driving-and-ROS-2-Learn-by-Doing-Plan-Navigation/Section5_Motion_Planning/bumperbot_ws/src/bumperbot_planning
  - src/Self-Driving-and-ROS-2-Learn-by-Doing-Plan-Navigation/Section6_Obstacle_Avoidance/bumperbot_ws/src/bumperbot_planning
  - src/Self-Driving-and-ROS-2-Learn-by-Doing-Plan-Navigation/Section7_Navigation/bumperbot_ws/src/bumperbot_planning
  - src/Self-Driving-and-ROS-2-Learn-by-Doing-Plan-Navigation/Section8_Decision_Making/bumperbot_ws/src/bumperbot_planning
  - src/Self-Driving-and-ROS-2-Learn-by-Doing-Plan-Navigation/Section9_Build_the_Robot/bumperbot_ws/src/bumperbot_planning
- bumperbot_py_examples:
  - src/Self-Driving-and-ROS-2-Learn-by-Doing-Plan-Navigation/Section2_Setup/bumperbot_ws/src/bumperbot_py_examples
  - src/Self-Driving-and-ROS-2-Learn-by-Doing-Plan-Navigation/Section3_Introduction_to_ROS_2/bumperbot_ws/src/bumperbot_py_examples
  - src/Self-Driving-and-ROS-2-Learn-by-Doing-Plan-Navigation/Section4_Path_Planning/bumperbot_ws/src/bumperbot_py_examples
  - src/Self-Driving-and-ROS-2-Learn-by-Doing-Plan-Navigation/Section5_Motion_Planning/bumperbot_ws/src/bumperbot_py_examples
  - src/Self-Driving-and-ROS-2-Learn-by-Doing-Plan-Navigation/Section6_Obstacle_Avoidance/bumperbot_ws/src/bumperbot_py_examples
  - src/Self-Driving-and-ROS-2-Learn-by-Doing-Plan-Navigation/Section7_Navigation/bumperbot_ws/src/bumperbot_py_examples
  - src/Self-Driving-and-ROS-2-Learn-by-Doing-Plan-Navigation/Section8_Decision_Making/bumperbot_ws/src/bumperbot_py_examples
  - src/Self-Driving-and-ROS-2-Learn-by-Doing-Plan-Navigation/Section9_Build_the_Robot/bumperbot_ws/src/bumperbot_py_examples
  - src/bumperbot_py_examples
- bumperbot_utils:
  - src/Self-Driving-and-ROS-2-Learn-by-Doing-Plan-Navigation/Section2_Setup/bumperbot_ws/src/bumperbot_utils
  - src/Self-Driving-and-ROS-2-Learn-by-Doing-Plan-Navigation/Section3_Introduction_to_ROS_2/bumperbot_ws/src/bumperbot_utils
  - src/Self-Driving-and-ROS-2-Learn-by-Doing-Plan-Navigation/Section4_Path_Planning/bumperbot_ws/src/bumperbot_utils
  - src/Self-Driving-and-ROS-2-Learn-by-Doing-Plan-Navigation/Section5_Motion_Planning/bumperbot_ws/src/bumperbot_utils
  - src/Self-Driving-and-ROS-2-Learn-by-Doing-Plan-Navigation/Section6_Obstacle_Avoidance/bumperbot_ws/src/bumperbot_utils
  - src/Self-Driving-and-ROS-2-Learn-by-Doing-Plan-Navigation/Section7_Navigation/bumperbot_ws/src/bumperbot_utils
  - src/Self-Driving-and-ROS-2-Learn-by-Doing-Plan-Navigation/Section8_Decision_Making/bumperbot_ws/src/bumperbot_utils
  - src/Self-Driving-and-ROS-2-Learn-by-Doing-Plan-Navigation/Section9_Build_the_Robot/bumperbot_ws/src/bumperbot_utils
  - src/bumperbot_utils
