[0.072s] DEBUG:colcon:Command line arguments: ['/usr/bin/colcon', 'build']
[0.072s] DEBUG:colcon:Parsed command line arguments: Namespace(log_base=None, log_level=None, verb_name='build', build_base='build', install_base='install', merge_install=False, symlink_install=False, test_result_base=None, continue_on_error=False, executor='parallel', parallel_workers=7, event_handlers=None, ignore_user_meta=False, metas=['./colcon.meta'], base_paths=['.'], packages_ignore=None, packages_ignore_regex=None, paths=None, packages_up_to=None, packages_up_to_regex=None, packages_above=None, packages_above_and_dependencies=None, packages_above_depth=None, packages_select_by_dep=None, packages_skip_by_dep=None, packages_skip_up_to=None, packages_select_build_failed=False, packages_skip_build_finished=False, packages_select_test_failures=False, packages_skip_test_passed=False, packages_select=None, packages_skip=None, packages_select_regex=None, packages_skip_regex=None, packages_start=None, packages_end=None, allow_overriding=[], cmake_args=None, cmake_target=None, cmake_target_skip_unavailable=False, cmake_clean_cache=False, cmake_clean_first=False, cmake_force_configure=False, ament_cmake_args=None, catkin_cmake_args=None, catkin_skip_building_tests=False, mixin_files=None, mixin=None, verb_parser=<colcon_mixin.mixin.mixin_argument.MixinArgumentDecorator object at 0x73bd81ca4b60>, verb_extension=<colcon_core.verb.build.BuildVerb object at 0x73bd81ca4800>, main=<bound method BuildVerb.main of <colcon_core.verb.build.BuildVerb object at 0x73bd81ca4800>>, mixin_verb=('build',))
[0.097s] Level 1:colcon.colcon_core.package_discovery:discover_packages(colcon_meta) check parameters
[0.098s] Level 1:colcon.colcon_core.package_discovery:discover_packages(recursive) check parameters
[0.098s] Level 1:colcon.colcon_core.package_discovery:discover_packages(ignore) check parameters
[0.098s] Level 1:colcon.colcon_core.package_discovery:discover_packages(path) check parameters
[0.098s] Level 1:colcon.colcon_core.package_discovery:discover_packages(colcon_meta) discover
[0.098s] Level 1:colcon.colcon_core.package_discovery:discover_packages(recursive) discover
[0.098s] INFO:colcon.colcon_core.package_discovery:Crawling recursively for packages in '/home/vboxuser/bumperbot_ws'
[0.098s] Level 1:colcon.colcon_core.package_identification:_identify(.) by extensions ['ignore', 'ignore_ament_install']
[0.098s] Level 1:colcon.colcon_core.package_identification:_identify(.) by extension 'ignore'
[0.098s] Level 1:colcon.colcon_core.package_identification:_identify(.) by extension 'ignore_ament_install'
[0.098s] Level 1:colcon.colcon_core.package_identification:_identify(.) by extensions ['colcon_pkg']
[0.098s] Level 1:colcon.colcon_core.package_identification:_identify(.) by extension 'colcon_pkg'
[0.098s] Level 1:colcon.colcon_core.package_identification:_identify(.) by extensions ['colcon_meta']
[0.098s] Level 1:colcon.colcon_core.package_identification:_identify(.) by extension 'colcon_meta'
[0.098s] Level 1:colcon.colcon_core.package_identification:_identify(.) by extensions ['ros']
[0.098s] Level 1:colcon.colcon_core.package_identification:_identify(.) by extension 'ros'
[0.116s] Level 1:colcon.colcon_core.package_identification:_identify(.) by extensions ['cmake', 'python']
[0.116s] Level 1:colcon.colcon_core.package_identification:_identify(.) by extension 'cmake'
[0.116s] Level 1:colcon.colcon_core.package_identification:_identify(.) by extension 'python'
[0.116s] Level 1:colcon.colcon_core.package_identification:_identify(.) by extensions ['python_setup_py']
[0.116s] Level 1:colcon.colcon_core.package_identification:_identify(.) by extension 'python_setup_py'
[0.116s] Level 1:colcon.colcon_core.package_identification:_identify(build) by extensions ['ignore', 'ignore_ament_install']
[0.116s] Level 1:colcon.colcon_core.package_identification:_identify(build) by extension 'ignore'
[0.116s] Level 1:colcon.colcon_core.package_identification:_identify(build) ignored
[0.116s] Level 1:colcon.colcon_core.package_identification:_identify(install) by extensions ['ignore', 'ignore_ament_install']
[0.117s] Level 1:colcon.colcon_core.package_identification:_identify(install) by extension 'ignore'
[0.117s] Level 1:colcon.colcon_core.package_identification:_identify(install) ignored
[0.117s] Level 1:colcon.colcon_core.package_identification:_identify(log) by extensions ['ignore', 'ignore_ament_install']
[0.117s] Level 1:colcon.colcon_core.package_identification:_identify(log) by extension 'ignore'
[0.117s] Level 1:colcon.colcon_core.package_identification:_identify(log) ignored
[0.117s] Level 1:colcon.colcon_core.package_identification:_identify(src) by extensions ['ignore', 'ignore_ament_install']
[0.117s] Level 1:colcon.colcon_core.package_identification:_identify(src) by extension 'ignore'
[0.117s] Level 1:colcon.colcon_core.package_identification:_identify(src) by extension 'ignore_ament_install'
[0.117s] Level 1:colcon.colcon_core.package_identification:_identify(src) by extensions ['colcon_pkg']
[0.117s] Level 1:colcon.colcon_core.package_identification:_identify(src) by extension 'colcon_pkg'
[0.117s] Level 1:colcon.colcon_core.package_identification:_identify(src) by extensions ['colcon_meta']
[0.117s] Level 1:colcon.colcon_core.package_identification:_identify(src) by extension 'colcon_meta'
[0.117s] Level 1:colcon.colcon_core.package_identification:_identify(src) by extensions ['ros']
[0.117s] Level 1:colcon.colcon_core.package_identification:_identify(src) by extension 'ros'
[0.117s] Level 1:colcon.colcon_core.package_identification:_identify(src) by extensions ['cmake', 'python']
[0.117s] Level 1:colcon.colcon_core.package_identification:_identify(src) by extension 'cmake'
[0.117s] Level 1:colcon.colcon_core.package_identification:_identify(src) by extension 'python'
[0.117s] Level 1:colcon.colcon_core.package_identification:_identify(src) by extensions ['python_setup_py']
[0.117s] Level 1:colcon.colcon_core.package_identification:_identify(src) by extension 'python_setup_py'
[0.117s] Level 1:colcon.colcon_core.package_identification:_identify(src/Self-Driving-and-ROS-2-Learn-by-Doing-Plan-Navigation) by extensions ['ignore', 'ignore_ament_install']
[0.117s] Level 1:colcon.colcon_core.package_identification:_identify(src/Self-Driving-and-ROS-2-Learn-by-Doing-Plan-Navigation) by extension 'ignore'
[0.117s] Level 1:colcon.colcon_core.package_identification:_identify(src/Self-Driving-and-ROS-2-Learn-by-Doing-Plan-Navigation) ignored
[0.117s] Level 1:colcon.colcon_core.package_identification:_identify(src/bumperbot_bringup) by extensions ['ignore', 'ignore_ament_install']
[0.117s] Level 1:colcon.colcon_core.package_identification:_identify(src/bumperbot_bringup) by extension 'ignore'
[0.118s] Level 1:colcon.colcon_core.package_identification:_identify(src/bumperbot_bringup) by extension 'ignore_ament_install'
[0.118s] Level 1:colcon.colcon_core.package_identification:_identify(src/bumperbot_bringup) by extensions ['colcon_pkg']
[0.118s] Level 1:colcon.colcon_core.package_identification:_identify(src/bumperbot_bringup) by extension 'colcon_pkg'
[0.118s] Level 1:colcon.colcon_core.package_identification:_identify(src/bumperbot_bringup) by extensions ['colcon_meta']
[0.118s] Level 1:colcon.colcon_core.package_identification:_identify(src/bumperbot_bringup) by extension 'colcon_meta'
[0.118s] Level 1:colcon.colcon_core.package_identification:_identify(src/bumperbot_bringup) by extensions ['ros']
[0.118s] Level 1:colcon.colcon_core.package_identification:_identify(src/bumperbot_bringup) by extension 'ros'
[0.119s] DEBUG:colcon.colcon_core.package_identification:Package 'src/bumperbot_bringup' with type 'ros.ament_cmake' and name 'bumperbot_bringup'
[0.119s] Level 1:colcon.colcon_core.package_identification:_identify(src/bumperbot_controller) by extensions ['ignore', 'ignore_ament_install']
[0.119s] Level 1:colcon.colcon_core.package_identification:_identify(src/bumperbot_controller) by extension 'ignore'
[0.119s] Level 1:colcon.colcon_core.package_identification:_identify(src/bumperbot_controller) by extension 'ignore_ament_install'
[0.119s] Level 1:colcon.colcon_core.package_identification:_identify(src/bumperbot_controller) by extensions ['colcon_pkg']
[0.119s] Level 1:colcon.colcon_core.package_identification:_identify(src/bumperbot_controller) by extension 'colcon_pkg'
[0.119s] Level 1:colcon.colcon_core.package_identification:_identify(src/bumperbot_controller) by extensions ['colcon_meta']
[0.119s] Level 1:colcon.colcon_core.package_identification:_identify(src/bumperbot_controller) by extension 'colcon_meta'
[0.119s] Level 1:colcon.colcon_core.package_identification:_identify(src/bumperbot_controller) by extensions ['ros']
[0.119s] Level 1:colcon.colcon_core.package_identification:_identify(src/bumperbot_controller) by extension 'ros'
[0.120s] DEBUG:colcon.colcon_core.package_identification:Package 'src/bumperbot_controller' with type 'ros.ament_cmake' and name 'bumperbot_controller'
[0.120s] Level 1:colcon.colcon_core.package_identification:_identify(src/bumperbot_cpp_examples) by extensions ['ignore', 'ignore_ament_install']
[0.120s] Level 1:colcon.colcon_core.package_identification:_identify(src/bumperbot_cpp_examples) by extension 'ignore'
[0.120s] Level 1:colcon.colcon_core.package_identification:_identify(src/bumperbot_cpp_examples) by extension 'ignore_ament_install'
[0.120s] Level 1:colcon.colcon_core.package_identification:_identify(src/bumperbot_cpp_examples) by extensions ['colcon_pkg']
[0.120s] Level 1:colcon.colcon_core.package_identification:_identify(src/bumperbot_cpp_examples) by extension 'colcon_pkg'
[0.120s] Level 1:colcon.colcon_core.package_identification:_identify(src/bumperbot_cpp_examples) by extensions ['colcon_meta']
[0.120s] Level 1:colcon.colcon_core.package_identification:_identify(src/bumperbot_cpp_examples) by extension 'colcon_meta'
[0.120s] Level 1:colcon.colcon_core.package_identification:_identify(src/bumperbot_cpp_examples) by extensions ['ros']
[0.120s] Level 1:colcon.colcon_core.package_identification:_identify(src/bumperbot_cpp_examples) by extension 'ros'
[0.121s] DEBUG:colcon.colcon_core.package_identification:Package 'src/bumperbot_cpp_examples' with type 'ros.ament_cmake' and name 'bumperbot_cpp_examples'
[0.121s] Level 1:colcon.colcon_core.package_identification:_identify(src/bumperbot_description) by extensions ['ignore', 'ignore_ament_install']
[0.121s] Level 1:colcon.colcon_core.package_identification:_identify(src/bumperbot_description) by extension 'ignore'
[0.121s] Level 1:colcon.colcon_core.package_identification:_identify(src/bumperbot_description) by extension 'ignore_ament_install'
[0.121s] Level 1:colcon.colcon_core.package_identification:_identify(src/bumperbot_description) by extensions ['colcon_pkg']
[0.121s] Level 1:colcon.colcon_core.package_identification:_identify(src/bumperbot_description) by extension 'colcon_pkg'
[0.121s] Level 1:colcon.colcon_core.package_identification:_identify(src/bumperbot_description) by extensions ['colcon_meta']
[0.121s] Level 1:colcon.colcon_core.package_identification:_identify(src/bumperbot_description) by extension 'colcon_meta'
[0.121s] Level 1:colcon.colcon_core.package_identification:_identify(src/bumperbot_description) by extensions ['ros']
[0.121s] Level 1:colcon.colcon_core.package_identification:_identify(src/bumperbot_description) by extension 'ros'
[0.123s] DEBUG:colcon.colcon_core.package_identification:Package 'src/bumperbot_description' with type 'ros.ament_cmake' and name 'bumperbot_description'
[0.123s] Level 1:colcon.colcon_core.package_identification:_identify(src/bumperbot_firmware) by extensions ['ignore', 'ignore_ament_install']
[0.123s] Level 1:colcon.colcon_core.package_identification:_identify(src/bumperbot_firmware) by extension 'ignore'
[0.123s] Level 1:colcon.colcon_core.package_identification:_identify(src/bumperbot_firmware) by extension 'ignore_ament_install'
[0.123s] Level 1:colcon.colcon_core.package_identification:_identify(src/bumperbot_firmware) by extensions ['colcon_pkg']
[0.123s] Level 1:colcon.colcon_core.package_identification:_identify(src/bumperbot_firmware) by extension 'colcon_pkg'
[0.123s] Level 1:colcon.colcon_core.package_identification:_identify(src/bumperbot_firmware) by extensions ['colcon_meta']
[0.123s] Level 1:colcon.colcon_core.package_identification:_identify(src/bumperbot_firmware) by extension 'colcon_meta'
[0.123s] Level 1:colcon.colcon_core.package_identification:_identify(src/bumperbot_firmware) by extensions ['ros']
[0.123s] Level 1:colcon.colcon_core.package_identification:_identify(src/bumperbot_firmware) by extension 'ros'
[0.124s] DEBUG:colcon.colcon_core.package_identification:Package 'src/bumperbot_firmware' with type 'ros.ament_cmake' and name 'bumperbot_firmware'
[0.124s] Level 1:colcon.colcon_core.package_identification:_identify(src/bumperbot_localization) by extensions ['ignore', 'ignore_ament_install']
[0.124s] Level 1:colcon.colcon_core.package_identification:_identify(src/bumperbot_localization) by extension 'ignore'
[0.124s] Level 1:colcon.colcon_core.package_identification:_identify(src/bumperbot_localization) by extension 'ignore_ament_install'
[0.124s] Level 1:colcon.colcon_core.package_identification:_identify(src/bumperbot_localization) by extensions ['colcon_pkg']
[0.124s] Level 1:colcon.colcon_core.package_identification:_identify(src/bumperbot_localization) by extension 'colcon_pkg'
[0.124s] Level 1:colcon.colcon_core.package_identification:_identify(src/bumperbot_localization) by extensions ['colcon_meta']
[0.124s] Level 1:colcon.colcon_core.package_identification:_identify(src/bumperbot_localization) by extension 'colcon_meta'
[0.124s] Level 1:colcon.colcon_core.package_identification:_identify(src/bumperbot_localization) by extensions ['ros']
[0.124s] Level 1:colcon.colcon_core.package_identification:_identify(src/bumperbot_localization) by extension 'ros'
[0.124s] DEBUG:colcon.colcon_core.package_identification:Package 'src/bumperbot_localization' with type 'ros.ament_cmake' and name 'bumperbot_localization'
[0.124s] Level 1:colcon.colcon_core.package_identification:_identify(src/bumperbot_mapping) by extensions ['ignore', 'ignore_ament_install']
[0.125s] Level 1:colcon.colcon_core.package_identification:_identify(src/bumperbot_mapping) by extension 'ignore'
[0.125s] Level 1:colcon.colcon_core.package_identification:_identify(src/bumperbot_mapping) by extension 'ignore_ament_install'
[0.125s] Level 1:colcon.colcon_core.package_identification:_identify(src/bumperbot_mapping) by extensions ['colcon_pkg']
[0.125s] Level 1:colcon.colcon_core.package_identification:_identify(src/bumperbot_mapping) by extension 'colcon_pkg'
[0.125s] Level 1:colcon.colcon_core.package_identification:_identify(src/bumperbot_mapping) by extensions ['colcon_meta']
[0.125s] Level 1:colcon.colcon_core.package_identification:_identify(src/bumperbot_mapping) by extension 'colcon_meta'
[0.125s] Level 1:colcon.colcon_core.package_identification:_identify(src/bumperbot_mapping) by extensions ['ros']
[0.125s] Level 1:colcon.colcon_core.package_identification:_identify(src/bumperbot_mapping) by extension 'ros'
[0.125s] DEBUG:colcon.colcon_core.package_identification:Package 'src/bumperbot_mapping' with type 'ros.ament_cmake' and name 'bumperbot_mapping'
[0.125s] Level 1:colcon.colcon_core.package_identification:_identify(src/bumperbot_msgs) by extensions ['ignore', 'ignore_ament_install']
[0.125s] Level 1:colcon.colcon_core.package_identification:_identify(src/bumperbot_msgs) by extension 'ignore'
[0.125s] Level 1:colcon.colcon_core.package_identification:_identify(src/bumperbot_msgs) by extension 'ignore_ament_install'
[0.125s] Level 1:colcon.colcon_core.package_identification:_identify(src/bumperbot_msgs) by extensions ['colcon_pkg']
[0.125s] Level 1:colcon.colcon_core.package_identification:_identify(src/bumperbot_msgs) by extension 'colcon_pkg'
[0.125s] Level 1:colcon.colcon_core.package_identification:_identify(src/bumperbot_msgs) by extensions ['colcon_meta']
[0.125s] Level 1:colcon.colcon_core.package_identification:_identify(src/bumperbot_msgs) by extension 'colcon_meta'
[0.125s] Level 1:colcon.colcon_core.package_identification:_identify(src/bumperbot_msgs) by extensions ['ros']
[0.126s] Level 1:colcon.colcon_core.package_identification:_identify(src/bumperbot_msgs) by extension 'ros'
[0.126s] DEBUG:colcon.colcon_core.package_identification:Package 'src/bumperbot_msgs' with type 'ros.ament_cmake' and name 'bumperbot_msgs'
[0.126s] Level 1:colcon.colcon_core.package_identification:_identify(src/bumperbot_py_examples) by extensions ['ignore', 'ignore_ament_install']
[0.126s] Level 1:colcon.colcon_core.package_identification:_identify(src/bumperbot_py_examples) by extension 'ignore'
[0.126s] Level 1:colcon.colcon_core.package_identification:_identify(src/bumperbot_py_examples) by extension 'ignore_ament_install'
[0.126s] Level 1:colcon.colcon_core.package_identification:_identify(src/bumperbot_py_examples) by extensions ['colcon_pkg']
[0.126s] Level 1:colcon.colcon_core.package_identification:_identify(src/bumperbot_py_examples) by extension 'colcon_pkg'
[0.126s] Level 1:colcon.colcon_core.package_identification:_identify(src/bumperbot_py_examples) by extensions ['colcon_meta']
[0.126s] Level 1:colcon.colcon_core.package_identification:_identify(src/bumperbot_py_examples) by extension 'colcon_meta'
[0.126s] Level 1:colcon.colcon_core.package_identification:_identify(src/bumperbot_py_examples) by extensions ['ros']
[0.126s] Level 1:colcon.colcon_core.package_identification:_identify(src/bumperbot_py_examples) by extension 'ros'
[0.126s] DEBUG:colcon.colcon_core.package_identification:Package 'src/bumperbot_py_examples' with type 'ros.ament_python' and name 'bumperbot_py_examples'
[0.127s] Level 1:colcon.colcon_core.package_identification:_identify(src/bumperbot_utils) by extensions ['ignore', 'ignore_ament_install']
[0.127s] Level 1:colcon.colcon_core.package_identification:_identify(src/bumperbot_utils) by extension 'ignore'
[0.127s] Level 1:colcon.colcon_core.package_identification:_identify(src/bumperbot_utils) by extension 'ignore_ament_install'
[0.127s] Level 1:colcon.colcon_core.package_identification:_identify(src/bumperbot_utils) by extensions ['colcon_pkg']
[0.127s] Level 1:colcon.colcon_core.package_identification:_identify(src/bumperbot_utils) by extension 'colcon_pkg'
[0.127s] Level 1:colcon.colcon_core.package_identification:_identify(src/bumperbot_utils) by extensions ['colcon_meta']
[0.127s] Level 1:colcon.colcon_core.package_identification:_identify(src/bumperbot_utils) by extension 'colcon_meta'
[0.127s] Level 1:colcon.colcon_core.package_identification:_identify(src/bumperbot_utils) by extensions ['ros']
[0.127s] Level 1:colcon.colcon_core.package_identification:_identify(src/bumperbot_utils) by extension 'ros'
[0.127s] DEBUG:colcon.colcon_core.package_identification:Package 'src/bumperbot_utils' with type 'ros.ament_cmake' and name 'bumperbot_utils'
[0.127s] Level 1:colcon.colcon_core.package_discovery:discover_packages(recursive) using defaults
[0.127s] Level 1:colcon.colcon_core.package_discovery:discover_packages(ignore) discover
[0.127s] Level 1:colcon.colcon_core.package_discovery:discover_packages(ignore) using defaults
[0.127s] Level 1:colcon.colcon_core.package_discovery:discover_packages(path) discover
[0.127s] Level 1:colcon.colcon_core.package_discovery:discover_packages(path) using defaults
[0.141s] Level 1:colcon.colcon_core.package_discovery:discover_packages(prefix_path) check parameters
[0.142s] Level 1:colcon.colcon_core.package_discovery:discover_packages(prefix_path) discover
[0.144s] DEBUG:colcon.colcon_installed_package_information.package_discovery:Found 382 installed packages in /opt/ros/jazzy
[0.145s] Level 1:colcon.colcon_core.package_discovery:discover_packages(prefix_path) using defaults
[0.177s] Level 5:colcon.colcon_core.verb:set package 'bumperbot_controller' build argument 'cmake_args' from command line to 'None'
[0.177s] Level 5:colcon.colcon_core.verb:set package 'bumperbot_controller' build argument 'cmake_target' from command line to 'None'
[0.177s] Level 5:colcon.colcon_core.verb:set package 'bumperbot_controller' build argument 'cmake_target_skip_unavailable' from command line to 'False'
[0.177s] Level 5:colcon.colcon_core.verb:set package 'bumperbot_controller' build argument 'cmake_clean_cache' from command line to 'False'
[0.177s] Level 5:colcon.colcon_core.verb:set package 'bumperbot_controller' build argument 'cmake_clean_first' from command line to 'False'
[0.177s] Level 5:colcon.colcon_core.verb:set package 'bumperbot_controller' build argument 'cmake_force_configure' from command line to 'False'
[0.177s] Level 5:colcon.colcon_core.verb:set package 'bumperbot_controller' build argument 'ament_cmake_args' from command line to 'None'
[0.177s] Level 5:colcon.colcon_core.verb:set package 'bumperbot_controller' build argument 'catkin_cmake_args' from command line to 'None'
[0.177s] Level 5:colcon.colcon_core.verb:set package 'bumperbot_controller' build argument 'catkin_skip_building_tests' from command line to 'False'
[0.177s] DEBUG:colcon.colcon_core.verb:Building package 'bumperbot_controller' with the following arguments: {'ament_cmake_args': None, 'build_base': '/home/vboxuser/bumperbot_ws/build/bumperbot_controller', 'catkin_cmake_args': None, 'catkin_skip_building_tests': False, 'cmake_args': None, 'cmake_clean_cache': False, 'cmake_clean_first': False, 'cmake_force_configure': False, 'cmake_target': None, 'cmake_target_skip_unavailable': False, 'install_base': '/home/vboxuser/bumperbot_ws/install/bumperbot_controller', 'merge_install': False, 'path': '/home/vboxuser/bumperbot_ws/src/bumperbot_controller', 'symlink_install': False, 'test_result_base': None}
[0.177s] Level 5:colcon.colcon_core.verb:set package 'bumperbot_description' build argument 'cmake_args' from command line to 'None'
[0.177s] Level 5:colcon.colcon_core.verb:set package 'bumperbot_description' build argument 'cmake_target' from command line to 'None'
[0.177s] Level 5:colcon.colcon_core.verb:set package 'bumperbot_description' build argument 'cmake_target_skip_unavailable' from command line to 'False'
[0.177s] Level 5:colcon.colcon_core.verb:set package 'bumperbot_description' build argument 'cmake_clean_cache' from command line to 'False'
[0.177s] Level 5:colcon.colcon_core.verb:set package 'bumperbot_description' build argument 'cmake_clean_first' from command line to 'False'
[0.177s] Level 5:colcon.colcon_core.verb:set package 'bumperbot_description' build argument 'cmake_force_configure' from command line to 'False'
[0.177s] Level 5:colcon.colcon_core.verb:set package 'bumperbot_description' build argument 'ament_cmake_args' from command line to 'None'
[0.177s] Level 5:colcon.colcon_core.verb:set package 'bumperbot_description' build argument 'catkin_cmake_args' from command line to 'None'
[0.177s] Level 5:colcon.colcon_core.verb:set package 'bumperbot_description' build argument 'catkin_skip_building_tests' from command line to 'False'
[0.177s] DEBUG:colcon.colcon_core.verb:Building package 'bumperbot_description' with the following arguments: {'ament_cmake_args': None, 'build_base': '/home/vboxuser/bumperbot_ws/build/bumperbot_description', 'catkin_cmake_args': None, 'catkin_skip_building_tests': False, 'cmake_args': None, 'cmake_clean_cache': False, 'cmake_clean_first': False, 'cmake_force_configure': False, 'cmake_target': None, 'cmake_target_skip_unavailable': False, 'install_base': '/home/vboxuser/bumperbot_ws/install/bumperbot_description', 'merge_install': False, 'path': '/home/vboxuser/bumperbot_ws/src/bumperbot_description', 'symlink_install': False, 'test_result_base': None}
[0.177s] Level 5:colcon.colcon_core.verb:set package 'bumperbot_firmware' build argument 'cmake_args' from command line to 'None'
[0.177s] Level 5:colcon.colcon_core.verb:set package 'bumperbot_firmware' build argument 'cmake_target' from command line to 'None'
[0.178s] Level 5:colcon.colcon_core.verb:set package 'bumperbot_firmware' build argument 'cmake_target_skip_unavailable' from command line to 'False'
[0.178s] Level 5:colcon.colcon_core.verb:set package 'bumperbot_firmware' build argument 'cmake_clean_cache' from command line to 'False'
[0.178s] Level 5:colcon.colcon_core.verb:set package 'bumperbot_firmware' build argument 'cmake_clean_first' from command line to 'False'
[0.178s] Level 5:colcon.colcon_core.verb:set package 'bumperbot_firmware' build argument 'cmake_force_configure' from command line to 'False'
[0.178s] Level 5:colcon.colcon_core.verb:set package 'bumperbot_firmware' build argument 'ament_cmake_args' from command line to 'None'
[0.178s] Level 5:colcon.colcon_core.verb:set package 'bumperbot_firmware' build argument 'catkin_cmake_args' from command line to 'None'
[0.178s] Level 5:colcon.colcon_core.verb:set package 'bumperbot_firmware' build argument 'catkin_skip_building_tests' from command line to 'False'
[0.178s] DEBUG:colcon.colcon_core.verb:Building package 'bumperbot_firmware' with the following arguments: {'ament_cmake_args': None, 'build_base': '/home/vboxuser/bumperbot_ws/build/bumperbot_firmware', 'catkin_cmake_args': None, 'catkin_skip_building_tests': False, 'cmake_args': None, 'cmake_clean_cache': False, 'cmake_clean_first': False, 'cmake_force_configure': False, 'cmake_target': None, 'cmake_target_skip_unavailable': False, 'install_base': '/home/vboxuser/bumperbot_ws/install/bumperbot_firmware', 'merge_install': False, 'path': '/home/vboxuser/bumperbot_ws/src/bumperbot_firmware', 'symlink_install': False, 'test_result_base': None}
[0.178s] Level 5:colcon.colcon_core.verb:set package 'bumperbot_localization' build argument 'cmake_args' from command line to 'None'
[0.178s] Level 5:colcon.colcon_core.verb:set package 'bumperbot_localization' build argument 'cmake_target' from command line to 'None'
[0.178s] Level 5:colcon.colcon_core.verb:set package 'bumperbot_localization' build argument 'cmake_target_skip_unavailable' from command line to 'False'
[0.178s] Level 5:colcon.colcon_core.verb:set package 'bumperbot_localization' build argument 'cmake_clean_cache' from command line to 'False'
[0.178s] Level 5:colcon.colcon_core.verb:set package 'bumperbot_localization' build argument 'cmake_clean_first' from command line to 'False'
[0.178s] Level 5:colcon.colcon_core.verb:set package 'bumperbot_localization' build argument 'cmake_force_configure' from command line to 'False'
[0.178s] Level 5:colcon.colcon_core.verb:set package 'bumperbot_localization' build argument 'ament_cmake_args' from command line to 'None'
[0.178s] Level 5:colcon.colcon_core.verb:set package 'bumperbot_localization' build argument 'catkin_cmake_args' from command line to 'None'
[0.178s] Level 5:colcon.colcon_core.verb:set package 'bumperbot_localization' build argument 'catkin_skip_building_tests' from command line to 'False'
[0.178s] DEBUG:colcon.colcon_core.verb:Building package 'bumperbot_localization' with the following arguments: {'ament_cmake_args': None, 'build_base': '/home/vboxuser/bumperbot_ws/build/bumperbot_localization', 'catkin_cmake_args': None, 'catkin_skip_building_tests': False, 'cmake_args': None, 'cmake_clean_cache': False, 'cmake_clean_first': False, 'cmake_force_configure': False, 'cmake_target': None, 'cmake_target_skip_unavailable': False, 'install_base': '/home/vboxuser/bumperbot_ws/install/bumperbot_localization', 'merge_install': False, 'path': '/home/vboxuser/bumperbot_ws/src/bumperbot_localization', 'symlink_install': False, 'test_result_base': None}
[0.178s] Level 5:colcon.colcon_core.verb:set package 'bumperbot_mapping' build argument 'cmake_args' from command line to 'None'
[0.178s] Level 5:colcon.colcon_core.verb:set package 'bumperbot_mapping' build argument 'cmake_target' from command line to 'None'
[0.178s] Level 5:colcon.colcon_core.verb:set package 'bumperbot_mapping' build argument 'cmake_target_skip_unavailable' from command line to 'False'
[0.178s] Level 5:colcon.colcon_core.verb:set package 'bumperbot_mapping' build argument 'cmake_clean_cache' from command line to 'False'
[0.178s] Level 5:colcon.colcon_core.verb:set package 'bumperbot_mapping' build argument 'cmake_clean_first' from command line to 'False'
[0.178s] Level 5:colcon.colcon_core.verb:set package 'bumperbot_mapping' build argument 'cmake_force_configure' from command line to 'False'
[0.178s] Level 5:colcon.colcon_core.verb:set package 'bumperbot_mapping' build argument 'ament_cmake_args' from command line to 'None'
[0.178s] Level 5:colcon.colcon_core.verb:set package 'bumperbot_mapping' build argument 'catkin_cmake_args' from command line to 'None'
[0.178s] Level 5:colcon.colcon_core.verb:set package 'bumperbot_mapping' build argument 'catkin_skip_building_tests' from command line to 'False'
[0.178s] DEBUG:colcon.colcon_core.verb:Building package 'bumperbot_mapping' with the following arguments: {'ament_cmake_args': None, 'build_base': '/home/vboxuser/bumperbot_ws/build/bumperbot_mapping', 'catkin_cmake_args': None, 'catkin_skip_building_tests': False, 'cmake_args': None, 'cmake_clean_cache': False, 'cmake_clean_first': False, 'cmake_force_configure': False, 'cmake_target': None, 'cmake_target_skip_unavailable': False, 'install_base': '/home/vboxuser/bumperbot_ws/install/bumperbot_mapping', 'merge_install': False, 'path': '/home/vboxuser/bumperbot_ws/src/bumperbot_mapping', 'symlink_install': False, 'test_result_base': None}
[0.178s] Level 5:colcon.colcon_core.verb:set package 'bumperbot_msgs' build argument 'cmake_args' from command line to 'None'
[0.178s] Level 5:colcon.colcon_core.verb:set package 'bumperbot_msgs' build argument 'cmake_target' from command line to 'None'
[0.178s] Level 5:colcon.colcon_core.verb:set package 'bumperbot_msgs' build argument 'cmake_target_skip_unavailable' from command line to 'False'
[0.178s] Level 5:colcon.colcon_core.verb:set package 'bumperbot_msgs' build argument 'cmake_clean_cache' from command line to 'False'
[0.178s] Level 5:colcon.colcon_core.verb:set package 'bumperbot_msgs' build argument 'cmake_clean_first' from command line to 'False'
[0.178s] Level 5:colcon.colcon_core.verb:set package 'bumperbot_msgs' build argument 'cmake_force_configure' from command line to 'False'
[0.178s] Level 5:colcon.colcon_core.verb:set package 'bumperbot_msgs' build argument 'ament_cmake_args' from command line to 'None'
[0.178s] Level 5:colcon.colcon_core.verb:set package 'bumperbot_msgs' build argument 'catkin_cmake_args' from command line to 'None'
[0.178s] Level 5:colcon.colcon_core.verb:set package 'bumperbot_msgs' build argument 'catkin_skip_building_tests' from command line to 'False'
[0.178s] DEBUG:colcon.colcon_core.verb:Building package 'bumperbot_msgs' with the following arguments: {'ament_cmake_args': None, 'build_base': '/home/vboxuser/bumperbot_ws/build/bumperbot_msgs', 'catkin_cmake_args': None, 'catkin_skip_building_tests': False, 'cmake_args': None, 'cmake_clean_cache': False, 'cmake_clean_first': False, 'cmake_force_configure': False, 'cmake_target': None, 'cmake_target_skip_unavailable': False, 'install_base': '/home/vboxuser/bumperbot_ws/install/bumperbot_msgs', 'merge_install': False, 'path': '/home/vboxuser/bumperbot_ws/src/bumperbot_msgs', 'symlink_install': False, 'test_result_base': None}
[0.178s] Level 5:colcon.colcon_core.verb:set package 'bumperbot_utils' build argument 'cmake_args' from command line to 'None'
[0.178s] Level 5:colcon.colcon_core.verb:set package 'bumperbot_utils' build argument 'cmake_target' from command line to 'None'
[0.178s] Level 5:colcon.colcon_core.verb:set package 'bumperbot_utils' build argument 'cmake_target_skip_unavailable' from command line to 'False'
[0.178s] Level 5:colcon.colcon_core.verb:set package 'bumperbot_utils' build argument 'cmake_clean_cache' from command line to 'False'
[0.178s] Level 5:colcon.colcon_core.verb:set package 'bumperbot_utils' build argument 'cmake_clean_first' from command line to 'False'
[0.178s] Level 5:colcon.colcon_core.verb:set package 'bumperbot_utils' build argument 'cmake_force_configure' from command line to 'False'
[0.178s] Level 5:colcon.colcon_core.verb:set package 'bumperbot_utils' build argument 'ament_cmake_args' from command line to 'None'
[0.178s] Level 5:colcon.colcon_core.verb:set package 'bumperbot_utils' build argument 'catkin_cmake_args' from command line to 'None'
[0.178s] Level 5:colcon.colcon_core.verb:set package 'bumperbot_utils' build argument 'catkin_skip_building_tests' from command line to 'False'
[0.178s] DEBUG:colcon.colcon_core.verb:Building package 'bumperbot_utils' with the following arguments: {'ament_cmake_args': None, 'build_base': '/home/vboxuser/bumperbot_ws/build/bumperbot_utils', 'catkin_cmake_args': None, 'catkin_skip_building_tests': False, 'cmake_args': None, 'cmake_clean_cache': False, 'cmake_clean_first': False, 'cmake_force_configure': False, 'cmake_target': None, 'cmake_target_skip_unavailable': False, 'install_base': '/home/vboxuser/bumperbot_ws/install/bumperbot_utils', 'merge_install': False, 'path': '/home/vboxuser/bumperbot_ws/src/bumperbot_utils', 'symlink_install': False, 'test_result_base': None}
[0.179s] Level 5:colcon.colcon_core.verb:set package 'bumperbot_bringup' build argument 'cmake_args' from command line to 'None'
[0.179s] Level 5:colcon.colcon_core.verb:set package 'bumperbot_bringup' build argument 'cmake_target' from command line to 'None'
[0.179s] Level 5:colcon.colcon_core.verb:set package 'bumperbot_bringup' build argument 'cmake_target_skip_unavailable' from command line to 'False'
[0.179s] Level 5:colcon.colcon_core.verb:set package 'bumperbot_bringup' build argument 'cmake_clean_cache' from command line to 'False'
[0.179s] Level 5:colcon.colcon_core.verb:set package 'bumperbot_bringup' build argument 'cmake_clean_first' from command line to 'False'
[0.179s] Level 5:colcon.colcon_core.verb:set package 'bumperbot_bringup' build argument 'cmake_force_configure' from command line to 'False'
[0.179s] Level 5:colcon.colcon_core.verb:set package 'bumperbot_bringup' build argument 'ament_cmake_args' from command line to 'None'
[0.179s] Level 5:colcon.colcon_core.verb:set package 'bumperbot_bringup' build argument 'catkin_cmake_args' from command line to 'None'
[0.179s] Level 5:colcon.colcon_core.verb:set package 'bumperbot_bringup' build argument 'catkin_skip_building_tests' from command line to 'False'
[0.179s] DEBUG:colcon.colcon_core.verb:Building package 'bumperbot_bringup' with the following arguments: {'ament_cmake_args': None, 'build_base': '/home/vboxuser/bumperbot_ws/build/bumperbot_bringup', 'catkin_cmake_args': None, 'catkin_skip_building_tests': False, 'cmake_args': None, 'cmake_clean_cache': False, 'cmake_clean_first': False, 'cmake_force_configure': False, 'cmake_target': None, 'cmake_target_skip_unavailable': False, 'install_base': '/home/vboxuser/bumperbot_ws/install/bumperbot_bringup', 'merge_install': False, 'path': '/home/vboxuser/bumperbot_ws/src/bumperbot_bringup', 'symlink_install': False, 'test_result_base': None}
[0.179s] Level 5:colcon.colcon_core.verb:set package 'bumperbot_cpp_examples' build argument 'cmake_args' from command line to 'None'
[0.179s] Level 5:colcon.colcon_core.verb:set package 'bumperbot_cpp_examples' build argument 'cmake_target' from command line to 'None'
[0.179s] Level 5:colcon.colcon_core.verb:set package 'bumperbot_cpp_examples' build argument 'cmake_target_skip_unavailable' from command line to 'False'
[0.179s] Level 5:colcon.colcon_core.verb:set package 'bumperbot_cpp_examples' build argument 'cmake_clean_cache' from command line to 'False'
[0.179s] Level 5:colcon.colcon_core.verb:set package 'bumperbot_cpp_examples' build argument 'cmake_clean_first' from command line to 'False'
[0.179s] Level 5:colcon.colcon_core.verb:set package 'bumperbot_cpp_examples' build argument 'cmake_force_configure' from command line to 'False'
[0.179s] Level 5:colcon.colcon_core.verb:set package 'bumperbot_cpp_examples' build argument 'ament_cmake_args' from command line to 'None'
[0.179s] Level 5:colcon.colcon_core.verb:set package 'bumperbot_cpp_examples' build argument 'catkin_cmake_args' from command line to 'None'
[0.179s] Level 5:colcon.colcon_core.verb:set package 'bumperbot_cpp_examples' build argument 'catkin_skip_building_tests' from command line to 'False'
[0.179s] DEBUG:colcon.colcon_core.verb:Building package 'bumperbot_cpp_examples' with the following arguments: {'ament_cmake_args': None, 'build_base': '/home/vboxuser/bumperbot_ws/build/bumperbot_cpp_examples', 'catkin_cmake_args': None, 'catkin_skip_building_tests': False, 'cmake_args': None, 'cmake_clean_cache': False, 'cmake_clean_first': False, 'cmake_force_configure': False, 'cmake_target': None, 'cmake_target_skip_unavailable': False, 'install_base': '/home/vboxuser/bumperbot_ws/install/bumperbot_cpp_examples', 'merge_install': False, 'path': '/home/vboxuser/bumperbot_ws/src/bumperbot_cpp_examples', 'symlink_install': False, 'test_result_base': None}
[0.179s] Level 5:colcon.colcon_core.verb:set package 'bumperbot_py_examples' build argument 'cmake_args' from command line to 'None'
[0.179s] Level 5:colcon.colcon_core.verb:set package 'bumperbot_py_examples' build argument 'cmake_target' from command line to 'None'
[0.179s] Level 5:colcon.colcon_core.verb:set package 'bumperbot_py_examples' build argument 'cmake_target_skip_unavailable' from command line to 'False'
[0.179s] Level 5:colcon.colcon_core.verb:set package 'bumperbot_py_examples' build argument 'cmake_clean_cache' from command line to 'False'
[0.179s] Level 5:colcon.colcon_core.verb:set package 'bumperbot_py_examples' build argument 'cmake_clean_first' from command line to 'False'
[0.179s] Level 5:colcon.colcon_core.verb:set package 'bumperbot_py_examples' build argument 'cmake_force_configure' from command line to 'False'
[0.179s] Level 5:colcon.colcon_core.verb:set package 'bumperbot_py_examples' build argument 'ament_cmake_args' from command line to 'None'
[0.179s] Level 5:colcon.colcon_core.verb:set package 'bumperbot_py_examples' build argument 'catkin_cmake_args' from command line to 'None'
[0.179s] Level 5:colcon.colcon_core.verb:set package 'bumperbot_py_examples' build argument 'catkin_skip_building_tests' from command line to 'False'
[0.179s] DEBUG:colcon.colcon_core.verb:Building package 'bumperbot_py_examples' with the following arguments: {'ament_cmake_args': None, 'build_base': '/home/vboxuser/bumperbot_ws/build/bumperbot_py_examples', 'catkin_cmake_args': None, 'catkin_skip_building_tests': False, 'cmake_args': None, 'cmake_clean_cache': False, 'cmake_clean_first': False, 'cmake_force_configure': False, 'cmake_target': None, 'cmake_target_skip_unavailable': False, 'install_base': '/home/vboxuser/bumperbot_ws/install/bumperbot_py_examples', 'merge_install': False, 'path': '/home/vboxuser/bumperbot_ws/src/bumperbot_py_examples', 'symlink_install': False, 'test_result_base': None}
[0.179s] INFO:colcon.colcon_core.executor:Executing jobs using 'parallel' executor
[0.181s] DEBUG:colcon.colcon_parallel_executor.executor.parallel:run_until_complete
[0.181s] INFO:colcon.colcon_ros.task.ament_cmake.build:Building ROS package in '/home/vboxuser/bumperbot_ws/src/bumperbot_msgs' with build type 'ament_cmake'
[0.181s] INFO:colcon.colcon_cmake.task.cmake.build:Building CMake package in '/home/vboxuser/bumperbot_ws/src/bumperbot_msgs'
[0.183s] INFO:colcon.colcon_core.plugin_system:Skipping extension 'colcon_core.shell.bat': Not used on non-Windows systems
[0.183s] INFO:colcon.colcon_core.shell:Skip shell extension 'powershell' for command environment: Not usable outside of PowerShell
[0.183s] DEBUG:colcon.colcon_core.shell:Skip shell extension 'dsv' for command environment
[0.189s] INFO:colcon.colcon_ros.task.ament_cmake.build:Building ROS package in '/home/vboxuser/bumperbot_ws/src/bumperbot_controller' with build type 'ament_cmake'
[0.189s] INFO:colcon.colcon_cmake.task.cmake.build:Building CMake package in '/home/vboxuser/bumperbot_ws/src/bumperbot_controller'
[0.189s] INFO:colcon.colcon_core.shell:Skip shell extension 'powershell' for command environment: Not usable outside of PowerShell
[0.190s] DEBUG:colcon.colcon_core.shell:Skip shell extension 'dsv' for command environment
[0.195s] INFO:colcon.colcon_ros.task.ament_cmake.build:Building ROS package in '/home/vboxuser/bumperbot_ws/src/bumperbot_description' with build type 'ament_cmake'
[0.195s] INFO:colcon.colcon_cmake.task.cmake.build:Building CMake package in '/home/vboxuser/bumperbot_ws/src/bumperbot_description'
[0.195s] INFO:colcon.colcon_core.shell:Skip shell extension 'powershell' for command environment: Not usable outside of PowerShell
[0.195s] DEBUG:colcon.colcon_core.shell:Skip shell extension 'dsv' for command environment
[0.198s] INFO:colcon.colcon_ros.task.ament_cmake.build:Building ROS package in '/home/vboxuser/bumperbot_ws/src/bumperbot_firmware' with build type 'ament_cmake'
[0.198s] INFO:colcon.colcon_cmake.task.cmake.build:Building CMake package in '/home/vboxuser/bumperbot_ws/src/bumperbot_firmware'
[0.198s] INFO:colcon.colcon_core.shell:Skip shell extension 'powershell' for command environment: Not usable outside of PowerShell
[0.198s] DEBUG:colcon.colcon_core.shell:Skip shell extension 'dsv' for command environment
[0.201s] INFO:colcon.colcon_ros.task.ament_cmake.build:Building ROS package in '/home/vboxuser/bumperbot_ws/src/bumperbot_localization' with build type 'ament_cmake'
[0.202s] INFO:colcon.colcon_cmake.task.cmake.build:Building CMake package in '/home/vboxuser/bumperbot_ws/src/bumperbot_localization'
[0.202s] INFO:colcon.colcon_core.shell:Skip shell extension 'powershell' for command environment: Not usable outside of PowerShell
[0.202s] DEBUG:colcon.colcon_core.shell:Skip shell extension 'dsv' for command environment
[0.206s] INFO:colcon.colcon_ros.task.ament_cmake.build:Building ROS package in '/home/vboxuser/bumperbot_ws/src/bumperbot_mapping' with build type 'ament_cmake'
[0.206s] INFO:colcon.colcon_cmake.task.cmake.build:Building CMake package in '/home/vboxuser/bumperbot_ws/src/bumperbot_mapping'
[0.206s] INFO:colcon.colcon_core.shell:Skip shell extension 'powershell' for command environment: Not usable outside of PowerShell
[0.207s] DEBUG:colcon.colcon_core.shell:Skip shell extension 'dsv' for command environment
[0.211s] INFO:colcon.colcon_ros.task.ament_cmake.build:Building ROS package in '/home/vboxuser/bumperbot_ws/src/bumperbot_utils' with build type 'ament_cmake'
[0.211s] INFO:colcon.colcon_cmake.task.cmake.build:Building CMake package in '/home/vboxuser/bumperbot_ws/src/bumperbot_utils'
[0.211s] INFO:colcon.colcon_core.shell:Skip shell extension 'powershell' for command environment: Not usable outside of PowerShell
[0.212s] DEBUG:colcon.colcon_core.shell:Skip shell extension 'dsv' for command environment
[0.225s] DEBUG:colcon.colcon_core.event_handler.log_command:Invoking command in '/home/vboxuser/bumperbot_ws/build/bumperbot_msgs': CMAKE_PREFIX_PATH=${CMAKE_PREFIX_PATH}:/opt/ros/jazzy DEBUGINFOD_URLS=https://debuginfod.ubuntu.com /usr/bin/cmake --build /home/vboxuser/bumperbot_ws/build/bumperbot_msgs -- -j7 -l7
[0.230s] DEBUG:colcon.colcon_core.event_handler.log_command:Invoking command in '/home/vboxuser/bumperbot_ws/build/bumperbot_controller': CMAKE_PREFIX_PATH=${CMAKE_PREFIX_PATH}:/opt/ros/jazzy DEBUGINFOD_URLS=https://debuginfod.ubuntu.com /usr/bin/cmake --build /home/vboxuser/bumperbot_ws/build/bumperbot_controller -- -j7 -l7
[0.231s] DEBUG:colcon.colcon_core.event_handler.log_command:Invoking command in '/home/vboxuser/bumperbot_ws/build/bumperbot_description': CMAKE_PREFIX_PATH=${CMAKE_PREFIX_PATH}:/opt/ros/jazzy DEBUGINFOD_URLS=https://debuginfod.ubuntu.com /usr/bin/cmake --build /home/vboxuser/bumperbot_ws/build/bumperbot_description -- -j7 -l7
[0.235s] DEBUG:colcon.colcon_core.event_handler.log_command:Invoking command in '/home/vboxuser/bumperbot_ws/build/bumperbot_firmware': CMAKE_PREFIX_PATH=${CMAKE_PREFIX_PATH}:/opt/ros/jazzy DEBUGINFOD_URLS=https://debuginfod.ubuntu.com /usr/bin/cmake --build /home/vboxuser/bumperbot_ws/build/bumperbot_firmware -- -j7 -l7
[0.239s] DEBUG:colcon.colcon_core.event_handler.log_command:Invoking command in '/home/vboxuser/bumperbot_ws/build/bumperbot_localization': CMAKE_PREFIX_PATH=${CMAKE_PREFIX_PATH}:/opt/ros/jazzy DEBUGINFOD_URLS=https://debuginfod.ubuntu.com /usr/bin/cmake --build /home/vboxuser/bumperbot_ws/build/bumperbot_localization -- -j7 -l7
[0.244s] DEBUG:colcon.colcon_core.event_handler.log_command:Invoking command in '/home/vboxuser/bumperbot_ws/build/bumperbot_mapping': CMAKE_PREFIX_PATH=${CMAKE_PREFIX_PATH}:/opt/ros/jazzy DEBUGINFOD_URLS=https://debuginfod.ubuntu.com /usr/bin/cmake --build /home/vboxuser/bumperbot_ws/build/bumperbot_mapping -- -j7 -l7
[0.258s] DEBUG:colcon.colcon_core.event_handler.log_command:Invoking command in '/home/vboxuser/bumperbot_ws/build/bumperbot_utils': CMAKE_PREFIX_PATH=${CMAKE_PREFIX_PATH}:/opt/ros/jazzy DEBUGINFOD_URLS=https://debuginfod.ubuntu.com /usr/bin/cmake --build /home/vboxuser/bumperbot_ws/build/bumperbot_utils -- -j7 -l7
[0.285s] DEBUG:colcon.colcon_core.event_handler.log_command:Invoked command in '/home/vboxuser/bumperbot_ws/build/bumperbot_description' returned '0': CMAKE_PREFIX_PATH=${CMAKE_PREFIX_PATH}:/opt/ros/jazzy DEBUGINFOD_URLS=https://debuginfod.ubuntu.com /usr/bin/cmake --build /home/vboxuser/bumperbot_ws/build/bumperbot_description -- -j7 -l7
[0.303s] DEBUG:colcon.colcon_core.event_handler.log_command:Invoking command in '/home/vboxuser/bumperbot_ws/build/bumperbot_description': CMAKE_PREFIX_PATH=${CMAKE_PREFIX_PATH}:/opt/ros/jazzy DEBUGINFOD_URLS=https://debuginfod.ubuntu.com /usr/bin/cmake --install /home/vboxuser/bumperbot_ws/build/bumperbot_description
[0.691s] DEBUG:colcon.colcon_core.event_handler.log_command:Invoked command in '/home/vboxuser/bumperbot_ws/build/bumperbot_firmware' returned '0': CMAKE_PREFIX_PATH=${CMAKE_PREFIX_PATH}:/opt/ros/jazzy DEBUGINFOD_URLS=https://debuginfod.ubuntu.com /usr/bin/cmake --build /home/vboxuser/bumperbot_ws/build/bumperbot_firmware -- -j7 -l7
[0.695s] DEBUG:colcon.colcon_core.event_handler.log_command:Invoking command in '/home/vboxuser/bumperbot_ws/build/bumperbot_firmware': CMAKE_PREFIX_PATH=${CMAKE_PREFIX_PATH}:/opt/ros/jazzy DEBUGINFOD_URLS=https://debuginfod.ubuntu.com /usr/bin/cmake --install /home/vboxuser/bumperbot_ws/build/bumperbot_firmware
[0.751s] Level 1:colcon.colcon_core.environment:create_environment_scripts_only(bumperbot_description)
[0.756s] Level 1:colcon.colcon_core.environment:checking '/home/vboxuser/bumperbot_ws/install/bumperbot_description' for CMake module files
[0.761s] Level 1:colcon.colcon_core.environment:checking '/home/vboxuser/bumperbot_ws/install/bumperbot_description' for CMake config files
[0.762s] Level 1:colcon.colcon_core.shell:create_environment_hook('bumperbot_description', 'cmake_prefix_path')
[0.762s] INFO:colcon.colcon_core.shell:Creating environment hook '/home/vboxuser/bumperbot_ws/install/bumperbot_description/share/bumperbot_description/hook/cmake_prefix_path.ps1'
[0.766s] INFO:colcon.colcon_core.shell:Creating environment descriptor '/home/vboxuser/bumperbot_ws/install/bumperbot_description/share/bumperbot_description/hook/cmake_prefix_path.dsv'
[0.770s] INFO:colcon.colcon_core.shell:Creating environment hook '/home/vboxuser/bumperbot_ws/install/bumperbot_description/share/bumperbot_description/hook/cmake_prefix_path.sh'
[0.771s] Level 1:colcon.colcon_core.environment:checking '/home/vboxuser/bumperbot_ws/install/bumperbot_description/bin'
[0.771s] Level 1:colcon.colcon_core.environment:checking '/home/vboxuser/bumperbot_ws/install/bumperbot_description/lib/pkgconfig/bumperbot_description.pc'
[0.772s] Level 1:colcon.colcon_core.environment:checking '/home/vboxuser/bumperbot_ws/install/bumperbot_description/lib/python3.12/site-packages'
[0.772s] Level 1:colcon.colcon_core.environment:checking '/home/vboxuser/bumperbot_ws/install/bumperbot_description/bin'
[0.772s] INFO:colcon.colcon_core.shell:Creating package script '/home/vboxuser/bumperbot_ws/install/bumperbot_description/share/bumperbot_description/package.ps1'
[0.785s] INFO:colcon.colcon_core.shell:Creating package descriptor '/home/vboxuser/bumperbot_ws/install/bumperbot_description/share/bumperbot_description/package.dsv'
[0.787s] INFO:colcon.colcon_core.shell:Creating package script '/home/vboxuser/bumperbot_ws/install/bumperbot_description/share/bumperbot_description/package.sh'
[0.788s] INFO:colcon.colcon_core.shell:Creating package script '/home/vboxuser/bumperbot_ws/install/bumperbot_description/share/bumperbot_description/package.bash'
[0.790s] INFO:colcon.colcon_core.shell:Creating package script '/home/vboxuser/bumperbot_ws/install/bumperbot_description/share/bumperbot_description/package.zsh'
[0.792s] Level 1:colcon.colcon_core.environment:create_file_with_runtime_dependencies(/home/vboxuser/bumperbot_ws/install/bumperbot_description/share/colcon-core/packages/bumperbot_description)
[0.793s] Level 1:colcon.colcon_core.environment:create_environment_scripts_only(bumperbot_description)
[0.793s] Level 1:colcon.colcon_core.environment:checking '/home/vboxuser/bumperbot_ws/install/bumperbot_description' for CMake module files
[0.796s] Level 1:colcon.colcon_core.environment:checking '/home/vboxuser/bumperbot_ws/install/bumperbot_description' for CMake config files
[0.799s] Level 1:colcon.colcon_core.shell:create_environment_hook('bumperbot_description', 'cmake_prefix_path')
[0.799s] INFO:colcon.colcon_core.shell:Creating environment hook '/home/vboxuser/bumperbot_ws/install/bumperbot_description/share/bumperbot_description/hook/cmake_prefix_path.ps1'
[0.803s] INFO:colcon.colcon_core.shell:Creating environment descriptor '/home/vboxuser/bumperbot_ws/install/bumperbot_description/share/bumperbot_description/hook/cmake_prefix_path.dsv'
[0.806s] INFO:colcon.colcon_core.shell:Creating environment hook '/home/vboxuser/bumperbot_ws/install/bumperbot_description/share/bumperbot_description/hook/cmake_prefix_path.sh'
[0.809s] Level 1:colcon.colcon_core.environment:checking '/home/vboxuser/bumperbot_ws/install/bumperbot_description/bin'
[0.809s] Level 1:colcon.colcon_core.environment:checking '/home/vboxuser/bumperbot_ws/install/bumperbot_description/lib/pkgconfig/bumperbot_description.pc'
[0.809s] Level 1:colcon.colcon_core.environment:checking '/home/vboxuser/bumperbot_ws/install/bumperbot_description/lib/python3.12/site-packages'
[0.809s] Level 1:colcon.colcon_core.environment:checking '/home/vboxuser/bumperbot_ws/install/bumperbot_description/bin'
[0.809s] INFO:colcon.colcon_core.shell:Creating package script '/home/vboxuser/bumperbot_ws/install/bumperbot_description/share/bumperbot_description/package.ps1'
[0.810s] INFO:colcon.colcon_core.shell:Creating package descriptor '/home/vboxuser/bumperbot_ws/install/bumperbot_description/share/bumperbot_description/package.dsv'
[0.811s] INFO:colcon.colcon_core.shell:Creating package script '/home/vboxuser/bumperbot_ws/install/bumperbot_description/share/bumperbot_description/package.sh'
[0.812s] INFO:colcon.colcon_core.shell:Creating package script '/home/vboxuser/bumperbot_ws/install/bumperbot_description/share/bumperbot_description/package.bash'
[0.814s] INFO:colcon.colcon_core.shell:Creating package script '/home/vboxuser/bumperbot_ws/install/bumperbot_description/share/bumperbot_description/package.zsh'
[0.814s] Level 1:colcon.colcon_core.environment:create_file_with_runtime_dependencies(/home/vboxuser/bumperbot_ws/install/bumperbot_description/share/colcon-core/packages/bumperbot_description)
[0.834s] Level 1:colcon.colcon_core.environment:create_environment_scripts_only(bumperbot_firmware)
[0.834s] Level 1:colcon.colcon_core.environment:checking '/home/vboxuser/bumperbot_ws/install/bumperbot_firmware' for CMake module files
[0.839s] Level 1:colcon.colcon_core.environment:checking '/home/vboxuser/bumperbot_ws/install/bumperbot_firmware' for CMake config files
[0.843s] Level 1:colcon.colcon_core.shell:create_environment_hook('bumperbot_firmware', 'cmake_prefix_path')
[0.843s] INFO:colcon.colcon_core.shell:Creating environment hook '/home/vboxuser/bumperbot_ws/install/bumperbot_firmware/share/bumperbot_firmware/hook/cmake_prefix_path.ps1'
[0.844s] INFO:colcon.colcon_core.shell:Creating environment descriptor '/home/vboxuser/bumperbot_ws/install/bumperbot_firmware/share/bumperbot_firmware/hook/cmake_prefix_path.dsv'
[0.844s] INFO:colcon.colcon_core.shell:Creating environment hook '/home/vboxuser/bumperbot_ws/install/bumperbot_firmware/share/bumperbot_firmware/hook/cmake_prefix_path.sh'
[0.846s] Level 1:colcon.colcon_core.environment:checking '/home/vboxuser/bumperbot_ws/install/bumperbot_firmware/lib'
[0.846s] Level 1:colcon.colcon_core.shell:create_environment_hook('bumperbot_firmware', 'ld_library_path_lib')
[0.846s] INFO:colcon.colcon_core.shell:Creating environment hook '/home/vboxuser/bumperbot_ws/install/bumperbot_firmware/share/bumperbot_firmware/hook/ld_library_path_lib.ps1'
[0.847s] INFO:colcon.colcon_core.shell:Creating environment descriptor '/home/vboxuser/bumperbot_ws/install/bumperbot_firmware/share/bumperbot_firmware/hook/ld_library_path_lib.dsv'
[0.848s] INFO:colcon.colcon_core.shell:Creating environment hook '/home/vboxuser/bumperbot_ws/install/bumperbot_firmware/share/bumperbot_firmware/hook/ld_library_path_lib.sh'
[0.851s] Level 1:colcon.colcon_core.environment:checking '/home/vboxuser/bumperbot_ws/install/bumperbot_firmware/bin'
[0.851s] Level 1:colcon.colcon_core.environment:checking '/home/vboxuser/bumperbot_ws/install/bumperbot_firmware/lib/pkgconfig/bumperbot_firmware.pc'
[0.852s] Level 1:colcon.colcon_core.environment:checking '/home/vboxuser/bumperbot_ws/install/bumperbot_firmware/lib/python3.12/site-packages'
[0.852s] Level 1:colcon.colcon_core.shell:create_environment_hook('bumperbot_firmware', 'pythonpath')
[0.852s] INFO:colcon.colcon_core.shell:Creating environment hook '/home/vboxuser/bumperbot_ws/install/bumperbot_firmware/share/bumperbot_firmware/hook/pythonpath.ps1'
[0.853s] INFO:colcon.colcon_core.shell:Creating environment descriptor '/home/vboxuser/bumperbot_ws/install/bumperbot_firmware/share/bumperbot_firmware/hook/pythonpath.dsv'
[0.854s] INFO:colcon.colcon_core.shell:Creating environment hook '/home/vboxuser/bumperbot_ws/install/bumperbot_firmware/share/bumperbot_firmware/hook/pythonpath.sh'
[0.856s] Level 1:colcon.colcon_core.environment:checking '/home/vboxuser/bumperbot_ws/install/bumperbot_firmware/bin'
[0.857s] INFO:colcon.colcon_core.shell:Creating package script '/home/vboxuser/bumperbot_ws/install/bumperbot_firmware/share/bumperbot_firmware/package.ps1'
[0.858s] DEBUG:colcon.colcon_core.event_handler.log_command:Invoked command in '/home/vboxuser/bumperbot_ws/build/bumperbot_msgs' returned '0': CMAKE_PREFIX_PATH=${CMAKE_PREFIX_PATH}:/opt/ros/jazzy DEBUGINFOD_URLS=https://debuginfod.ubuntu.com /usr/bin/cmake --build /home/vboxuser/bumperbot_ws/build/bumperbot_msgs -- -j7 -l7
[0.858s] DEBUG:colcon.colcon_core.event_handler.log_command:Invoking command in '/home/vboxuser/bumperbot_ws/build/bumperbot_msgs': CMAKE_PREFIX_PATH=${CMAKE_PREFIX_PATH}:/opt/ros/jazzy DEBUGINFOD_URLS=https://debuginfod.ubuntu.com /usr/bin/cmake --install /home/vboxuser/bumperbot_ws/build/bumperbot_msgs
[0.859s] DEBUG:colcon.colcon_core.event_handler.log_command:Invoked command in '/home/vboxuser/bumperbot_ws/build/bumperbot_description' returned '0': CMAKE_PREFIX_PATH=${CMAKE_PREFIX_PATH}:/opt/ros/jazzy DEBUGINFOD_URLS=https://debuginfod.ubuntu.com /usr/bin/cmake --install /home/vboxuser/bumperbot_ws/build/bumperbot_description
[0.862s] INFO:colcon.colcon_core.shell:Creating package descriptor '/home/vboxuser/bumperbot_ws/install/bumperbot_firmware/share/bumperbot_firmware/package.dsv'
[0.865s] INFO:colcon.colcon_core.shell:Creating package script '/home/vboxuser/bumperbot_ws/install/bumperbot_firmware/share/bumperbot_firmware/package.sh'
[0.866s] INFO:colcon.colcon_core.shell:Creating package script '/home/vboxuser/bumperbot_ws/install/bumperbot_firmware/share/bumperbot_firmware/package.bash'
[0.867s] INFO:colcon.colcon_core.shell:Creating package script '/home/vboxuser/bumperbot_ws/install/bumperbot_firmware/share/bumperbot_firmware/package.zsh'
[0.868s] Level 1:colcon.colcon_core.environment:create_file_with_runtime_dependencies(/home/vboxuser/bumperbot_ws/install/bumperbot_firmware/share/colcon-core/packages/bumperbot_firmware)
[0.869s] Level 1:colcon.colcon_core.environment:create_environment_scripts_only(bumperbot_firmware)
[0.869s] Level 1:colcon.colcon_core.environment:checking '/home/vboxuser/bumperbot_ws/install/bumperbot_firmware' for CMake module files
[0.870s] Level 1:colcon.colcon_core.environment:checking '/home/vboxuser/bumperbot_ws/install/bumperbot_firmware' for CMake config files
[0.871s] Level 1:colcon.colcon_core.shell:create_environment_hook('bumperbot_firmware', 'cmake_prefix_path')
[0.872s] INFO:colcon.colcon_core.shell:Creating environment hook '/home/vboxuser/bumperbot_ws/install/bumperbot_firmware/share/bumperbot_firmware/hook/cmake_prefix_path.ps1'
[0.874s] INFO:colcon.colcon_core.shell:Creating environment descriptor '/home/vboxuser/bumperbot_ws/install/bumperbot_firmware/share/bumperbot_firmware/hook/cmake_prefix_path.dsv'
[0.874s] INFO:colcon.colcon_core.shell:Creating environment hook '/home/vboxuser/bumperbot_ws/install/bumperbot_firmware/share/bumperbot_firmware/hook/cmake_prefix_path.sh'
[0.876s] Level 1:colcon.colcon_core.environment:checking '/home/vboxuser/bumperbot_ws/install/bumperbot_firmware/lib'
[0.876s] Level 1:colcon.colcon_core.shell:create_environment_hook('bumperbot_firmware', 'ld_library_path_lib')
[0.876s] INFO:colcon.colcon_core.shell:Creating environment hook '/home/vboxuser/bumperbot_ws/install/bumperbot_firmware/share/bumperbot_firmware/hook/ld_library_path_lib.ps1'
[0.877s] INFO:colcon.colcon_core.shell:Creating environment descriptor '/home/vboxuser/bumperbot_ws/install/bumperbot_firmware/share/bumperbot_firmware/hook/ld_library_path_lib.dsv'
[0.880s] INFO:colcon.colcon_core.shell:Creating environment hook '/home/vboxuser/bumperbot_ws/install/bumperbot_firmware/share/bumperbot_firmware/hook/ld_library_path_lib.sh'
[0.880s] Level 1:colcon.colcon_core.environment:checking '/home/vboxuser/bumperbot_ws/install/bumperbot_firmware/bin'
[0.880s] Level 1:colcon.colcon_core.environment:checking '/home/vboxuser/bumperbot_ws/install/bumperbot_firmware/lib/pkgconfig/bumperbot_firmware.pc'
[0.881s] DEBUG:colcon.colcon_core.event_handler.log_command:Invoked command in '/home/vboxuser/bumperbot_ws/build/bumperbot_mapping' returned '0': CMAKE_PREFIX_PATH=${CMAKE_PREFIX_PATH}:/opt/ros/jazzy DEBUGINFOD_URLS=https://debuginfod.ubuntu.com /usr/bin/cmake --build /home/vboxuser/bumperbot_ws/build/bumperbot_mapping -- -j7 -l7
[0.881s] DEBUG:colcon.colcon_core.event_handler.log_command:Invoking command in '/home/vboxuser/bumperbot_ws/build/bumperbot_mapping': CMAKE_PREFIX_PATH=${CMAKE_PREFIX_PATH}:/opt/ros/jazzy DEBUGINFOD_URLS=https://debuginfod.ubuntu.com /usr/bin/cmake --install /home/vboxuser/bumperbot_ws/build/bumperbot_mapping
[0.881s] DEBUG:colcon.colcon_core.event_handler.log_command:Invoked command in '/home/vboxuser/bumperbot_ws/build/bumperbot_firmware' returned '0': CMAKE_PREFIX_PATH=${CMAKE_PREFIX_PATH}:/opt/ros/jazzy DEBUGINFOD_URLS=https://debuginfod.ubuntu.com /usr/bin/cmake --install /home/vboxuser/bumperbot_ws/build/bumperbot_firmware
[0.882s] Level 1:colcon.colcon_core.environment:checking '/home/vboxuser/bumperbot_ws/install/bumperbot_firmware/lib/python3.12/site-packages'
[0.882s] Level 1:colcon.colcon_core.shell:create_environment_hook('bumperbot_firmware', 'pythonpath')
[0.882s] INFO:colcon.colcon_core.shell:Creating environment hook '/home/vboxuser/bumperbot_ws/install/bumperbot_firmware/share/bumperbot_firmware/hook/pythonpath.ps1'
[0.882s] INFO:colcon.colcon_core.shell:Creating environment descriptor '/home/vboxuser/bumperbot_ws/install/bumperbot_firmware/share/bumperbot_firmware/hook/pythonpath.dsv'
[0.883s] INFO:colcon.colcon_core.shell:Creating environment hook '/home/vboxuser/bumperbot_ws/install/bumperbot_firmware/share/bumperbot_firmware/hook/pythonpath.sh'
[0.883s] Level 1:colcon.colcon_core.environment:checking '/home/vboxuser/bumperbot_ws/install/bumperbot_firmware/bin'
[0.884s] INFO:colcon.colcon_core.shell:Creating package script '/home/vboxuser/bumperbot_ws/install/bumperbot_firmware/share/bumperbot_firmware/package.ps1'
[0.884s] INFO:colcon.colcon_core.shell:Creating package descriptor '/home/vboxuser/bumperbot_ws/install/bumperbot_firmware/share/bumperbot_firmware/package.dsv'
[0.885s] INFO:colcon.colcon_core.shell:Creating package script '/home/vboxuser/bumperbot_ws/install/bumperbot_firmware/share/bumperbot_firmware/package.sh'
[0.885s] INFO:colcon.colcon_core.shell:Creating package script '/home/vboxuser/bumperbot_ws/install/bumperbot_firmware/share/bumperbot_firmware/package.bash'
[0.885s] INFO:colcon.colcon_core.shell:Creating package script '/home/vboxuser/bumperbot_ws/install/bumperbot_firmware/share/bumperbot_firmware/package.zsh'
[0.886s] Level 1:colcon.colcon_core.environment:create_file_with_runtime_dependencies(/home/vboxuser/bumperbot_ws/install/bumperbot_firmware/share/colcon-core/packages/bumperbot_firmware)
[0.890s] DEBUG:colcon.colcon_core.event_handler.log_command:Invoked command in '/home/vboxuser/bumperbot_ws/build/bumperbot_controller' returned '0': CMAKE_PREFIX_PATH=${CMAKE_PREFIX_PATH}:/opt/ros/jazzy DEBUGINFOD_URLS=https://debuginfod.ubuntu.com /usr/bin/cmake --build /home/vboxuser/bumperbot_ws/build/bumperbot_controller -- -j7 -l7
[0.890s] DEBUG:colcon.colcon_core.event_handler.log_command:Invoking command in '/home/vboxuser/bumperbot_ws/build/bumperbot_controller': CMAKE_PREFIX_PATH=${CMAKE_PREFIX_PATH}:/opt/ros/jazzy DEBUGINFOD_URLS=https://debuginfod.ubuntu.com /usr/bin/cmake --install /home/vboxuser/bumperbot_ws/build/bumperbot_controller
[0.894s] DEBUG:colcon.colcon_core.event_handler.log_command:Invoked command in '/home/vboxuser/bumperbot_ws/build/bumperbot_utils' returned '0': CMAKE_PREFIX_PATH=${CMAKE_PREFIX_PATH}:/opt/ros/jazzy DEBUGINFOD_URLS=https://debuginfod.ubuntu.com /usr/bin/cmake --build /home/vboxuser/bumperbot_ws/build/bumperbot_utils -- -j7 -l7
[0.895s] DEBUG:colcon.colcon_core.event_handler.log_command:Invoking command in '/home/vboxuser/bumperbot_ws/build/bumperbot_utils': CMAKE_PREFIX_PATH=${CMAKE_PREFIX_PATH}:/opt/ros/jazzy DEBUGINFOD_URLS=https://debuginfod.ubuntu.com /usr/bin/cmake --install /home/vboxuser/bumperbot_ws/build/bumperbot_utils
[0.895s] DEBUG:colcon.colcon_core.event_handler.log_command:Invoked command in '/home/vboxuser/bumperbot_ws/build/bumperbot_localization' returned '0': CMAKE_PREFIX_PATH=${CMAKE_PREFIX_PATH}:/opt/ros/jazzy DEBUGINFOD_URLS=https://debuginfod.ubuntu.com /usr/bin/cmake --build /home/vboxuser/bumperbot_ws/build/bumperbot_localization -- -j7 -l7
[0.896s] DEBUG:colcon.colcon_core.event_handler.log_command:Invoking command in '/home/vboxuser/bumperbot_ws/build/bumperbot_localization': CMAKE_PREFIX_PATH=${CMAKE_PREFIX_PATH}:/opt/ros/jazzy DEBUGINFOD_URLS=https://debuginfod.ubuntu.com /usr/bin/cmake --install /home/vboxuser/bumperbot_ws/build/bumperbot_localization
[0.897s] Level 1:colcon.colcon_core.environment:create_environment_scripts_only(bumperbot_msgs)
[0.897s] Level 1:colcon.colcon_core.environment:checking '/home/vboxuser/bumperbot_ws/install/bumperbot_msgs' for CMake module files
[0.898s] Level 1:colcon.colcon_core.environment:checking '/home/vboxuser/bumperbot_ws/install/bumperbot_msgs' for CMake config files
[0.898s] DEBUG:colcon.colcon_core.event_handler.log_command:Invoked command in '/home/vboxuser/bumperbot_ws/build/bumperbot_msgs' returned '0': CMAKE_PREFIX_PATH=${CMAKE_PREFIX_PATH}:/opt/ros/jazzy DEBUGINFOD_URLS=https://debuginfod.ubuntu.com /usr/bin/cmake --install /home/vboxuser/bumperbot_ws/build/bumperbot_msgs
[0.899s] Level 1:colcon.colcon_core.shell:create_environment_hook('bumperbot_msgs', 'cmake_prefix_path')
[0.899s] INFO:colcon.colcon_core.shell:Creating environment hook '/home/vboxuser/bumperbot_ws/install/bumperbot_msgs/share/bumperbot_msgs/hook/cmake_prefix_path.ps1'
[0.899s] INFO:colcon.colcon_core.shell:Creating environment descriptor '/home/vboxuser/bumperbot_ws/install/bumperbot_msgs/share/bumperbot_msgs/hook/cmake_prefix_path.dsv'
[0.900s] INFO:colcon.colcon_core.shell:Creating environment hook '/home/vboxuser/bumperbot_ws/install/bumperbot_msgs/share/bumperbot_msgs/hook/cmake_prefix_path.sh'
[0.900s] Level 1:colcon.colcon_core.environment:checking '/home/vboxuser/bumperbot_ws/install/bumperbot_msgs/lib'
[0.900s] Level 1:colcon.colcon_core.shell:create_environment_hook('bumperbot_msgs', 'ld_library_path_lib')
[0.901s] INFO:colcon.colcon_core.shell:Creating environment hook '/home/vboxuser/bumperbot_ws/install/bumperbot_msgs/share/bumperbot_msgs/hook/ld_library_path_lib.ps1'
[0.901s] INFO:colcon.colcon_core.shell:Creating environment descriptor '/home/vboxuser/bumperbot_ws/install/bumperbot_msgs/share/bumperbot_msgs/hook/ld_library_path_lib.dsv'
[0.901s] INFO:colcon.colcon_core.shell:Creating environment hook '/home/vboxuser/bumperbot_ws/install/bumperbot_msgs/share/bumperbot_msgs/hook/ld_library_path_lib.sh'
[0.902s] Level 1:colcon.colcon_core.environment:checking '/home/vboxuser/bumperbot_ws/install/bumperbot_msgs/bin'
[0.902s] Level 1:colcon.colcon_core.environment:checking '/home/vboxuser/bumperbot_ws/install/bumperbot_msgs/lib/pkgconfig/bumperbot_msgs.pc'
[0.902s] Level 1:colcon.colcon_core.environment:checking '/home/vboxuser/bumperbot_ws/install/bumperbot_msgs/lib/python3.12/site-packages'
[0.902s] Level 1:colcon.colcon_core.shell:create_environment_hook('bumperbot_msgs', 'pythonpath')
[0.903s] INFO:colcon.colcon_core.shell:Creating environment hook '/home/vboxuser/bumperbot_ws/install/bumperbot_msgs/share/bumperbot_msgs/hook/pythonpath.ps1'
[0.905s] INFO:colcon.colcon_core.shell:Creating environment descriptor '/home/vboxuser/bumperbot_ws/install/bumperbot_msgs/share/bumperbot_msgs/hook/pythonpath.dsv'
[0.906s] INFO:colcon.colcon_core.shell:Creating environment hook '/home/vboxuser/bumperbot_ws/install/bumperbot_msgs/share/bumperbot_msgs/hook/pythonpath.sh'
[0.907s] Level 1:colcon.colcon_core.environment:checking '/home/vboxuser/bumperbot_ws/install/bumperbot_msgs/bin'
[0.908s] INFO:colcon.colcon_core.shell:Creating package script '/home/vboxuser/bumperbot_ws/install/bumperbot_msgs/share/bumperbot_msgs/package.ps1'
[0.908s] INFO:colcon.colcon_core.shell:Creating package descriptor '/home/vboxuser/bumperbot_ws/install/bumperbot_msgs/share/bumperbot_msgs/package.dsv'
[0.909s] INFO:colcon.colcon_core.shell:Creating package script '/home/vboxuser/bumperbot_ws/install/bumperbot_msgs/share/bumperbot_msgs/package.sh'
[0.909s] INFO:colcon.colcon_core.shell:Creating package script '/home/vboxuser/bumperbot_ws/install/bumperbot_msgs/share/bumperbot_msgs/package.bash'
[0.910s] INFO:colcon.colcon_core.shell:Creating package script '/home/vboxuser/bumperbot_ws/install/bumperbot_msgs/share/bumperbot_msgs/package.zsh'
[0.910s] Level 1:colcon.colcon_core.environment:create_file_with_runtime_dependencies(/home/vboxuser/bumperbot_ws/install/bumperbot_msgs/share/colcon-core/packages/bumperbot_msgs)
[0.911s] Level 1:colcon.colcon_core.environment:create_environment_scripts_only(bumperbot_msgs)
[0.911s] Level 1:colcon.colcon_core.environment:checking '/home/vboxuser/bumperbot_ws/install/bumperbot_msgs' for CMake module files
[0.911s] Level 1:colcon.colcon_core.environment:checking '/home/vboxuser/bumperbot_ws/install/bumperbot_msgs' for CMake config files
[0.911s] Level 1:colcon.colcon_core.shell:create_environment_hook('bumperbot_msgs', 'cmake_prefix_path')
[0.911s] INFO:colcon.colcon_core.shell:Creating environment hook '/home/vboxuser/bumperbot_ws/install/bumperbot_msgs/share/bumperbot_msgs/hook/cmake_prefix_path.ps1'
[0.912s] INFO:colcon.colcon_core.shell:Creating environment descriptor '/home/vboxuser/bumperbot_ws/install/bumperbot_msgs/share/bumperbot_msgs/hook/cmake_prefix_path.dsv'
[0.912s] INFO:colcon.colcon_core.shell:Creating environment hook '/home/vboxuser/bumperbot_ws/install/bumperbot_msgs/share/bumperbot_msgs/hook/cmake_prefix_path.sh'
[0.913s] Level 1:colcon.colcon_core.environment:checking '/home/vboxuser/bumperbot_ws/install/bumperbot_msgs/lib'
[0.913s] Level 1:colcon.colcon_core.shell:create_environment_hook('bumperbot_msgs', 'ld_library_path_lib')
[0.913s] INFO:colcon.colcon_core.shell:Creating environment hook '/home/vboxuser/bumperbot_ws/install/bumperbot_msgs/share/bumperbot_msgs/hook/ld_library_path_lib.ps1'
[0.914s] INFO:colcon.colcon_core.shell:Creating environment descriptor '/home/vboxuser/bumperbot_ws/install/bumperbot_msgs/share/bumperbot_msgs/hook/ld_library_path_lib.dsv'
[0.914s] INFO:colcon.colcon_core.shell:Creating environment hook '/home/vboxuser/bumperbot_ws/install/bumperbot_msgs/share/bumperbot_msgs/hook/ld_library_path_lib.sh'
[0.915s] Level 1:colcon.colcon_core.environment:checking '/home/vboxuser/bumperbot_ws/install/bumperbot_msgs/bin'
[0.915s] Level 1:colcon.colcon_core.environment:checking '/home/vboxuser/bumperbot_ws/install/bumperbot_msgs/lib/pkgconfig/bumperbot_msgs.pc'
[0.915s] Level 1:colcon.colcon_core.environment:checking '/home/vboxuser/bumperbot_ws/install/bumperbot_msgs/lib/python3.12/site-packages'
[0.915s] Level 1:colcon.colcon_core.shell:create_environment_hook('bumperbot_msgs', 'pythonpath')
[0.917s] INFO:colcon.colcon_core.shell:Creating environment hook '/home/vboxuser/bumperbot_ws/install/bumperbot_msgs/share/bumperbot_msgs/hook/pythonpath.ps1'
[0.918s] INFO:colcon.colcon_core.shell:Creating environment descriptor '/home/vboxuser/bumperbot_ws/install/bumperbot_msgs/share/bumperbot_msgs/hook/pythonpath.dsv'
[0.918s] INFO:colcon.colcon_core.shell:Creating environment hook '/home/vboxuser/bumperbot_ws/install/bumperbot_msgs/share/bumperbot_msgs/hook/pythonpath.sh'
[0.919s] Level 1:colcon.colcon_core.environment:checking '/home/vboxuser/bumperbot_ws/install/bumperbot_msgs/bin'
[0.920s] INFO:colcon.colcon_core.shell:Creating package script '/home/vboxuser/bumperbot_ws/install/bumperbot_msgs/share/bumperbot_msgs/package.ps1'
[0.920s] INFO:colcon.colcon_core.shell:Creating package descriptor '/home/vboxuser/bumperbot_ws/install/bumperbot_msgs/share/bumperbot_msgs/package.dsv'
[0.921s] INFO:colcon.colcon_core.shell:Creating package script '/home/vboxuser/bumperbot_ws/install/bumperbot_msgs/share/bumperbot_msgs/package.sh'
[0.921s] INFO:colcon.colcon_core.shell:Creating package script '/home/vboxuser/bumperbot_ws/install/bumperbot_msgs/share/bumperbot_msgs/package.bash'
[0.922s] INFO:colcon.colcon_core.shell:Creating package script '/home/vboxuser/bumperbot_ws/install/bumperbot_msgs/share/bumperbot_msgs/package.zsh'
[0.922s] Level 1:colcon.colcon_core.environment:create_file_with_runtime_dependencies(/home/vboxuser/bumperbot_ws/install/bumperbot_msgs/share/colcon-core/packages/bumperbot_msgs)
[0.923s] INFO:colcon.colcon_ros.task.ament_cmake.build:Building ROS package in '/home/vboxuser/bumperbot_ws/src/bumperbot_cpp_examples' with build type 'ament_cmake'
[0.923s] INFO:colcon.colcon_cmake.task.cmake.build:Building CMake package in '/home/vboxuser/bumperbot_ws/src/bumperbot_cpp_examples'
[0.923s] INFO:colcon.colcon_core.shell:Skip shell extension 'powershell' for command environment: Not usable outside of PowerShell
[0.923s] DEBUG:colcon.colcon_core.shell:Skip shell extension 'dsv' for command environment
[0.925s] INFO:colcon.colcon_ros.task.ament_python.build:Building ROS package in '/home/vboxuser/bumperbot_ws/src/bumperbot_py_examples' with build type 'ament_python'
[0.926s] Level 1:colcon.colcon_core.shell:create_environment_hook('bumperbot_py_examples', 'ament_prefix_path')
[0.926s] INFO:colcon.colcon_core.shell:Creating environment hook '/home/vboxuser/bumperbot_ws/install/bumperbot_py_examples/share/bumperbot_py_examples/hook/ament_prefix_path.ps1'
[0.926s] INFO:colcon.colcon_core.shell:Creating environment descriptor '/home/vboxuser/bumperbot_ws/install/bumperbot_py_examples/share/bumperbot_py_examples/hook/ament_prefix_path.dsv'
[0.927s] INFO:colcon.colcon_core.shell:Creating environment hook '/home/vboxuser/bumperbot_ws/install/bumperbot_py_examples/share/bumperbot_py_examples/hook/ament_prefix_path.sh'
[0.927s] INFO:colcon.colcon_core.shell:Skip shell extension 'powershell' for command environment: Not usable outside of PowerShell
[0.927s] DEBUG:colcon.colcon_core.shell:Skip shell extension 'dsv' for command environment
[0.959s] DEBUG:colcon.colcon_core.event_handler.log_command:Invoking command in '/home/vboxuser/bumperbot_ws/build/bumperbot_cpp_examples': AMENT_PREFIX_PATH=/home/vboxuser/bumperbot_ws/install/bumperbot_msgs:${AMENT_PREFIX_PATH} CMAKE_PREFIX_PATH=/home/vboxuser/bumperbot_ws/install/bumperbot_msgs:/opt/ros/jazzy/opt/gz_sim_vendor:/opt/ros/jazzy/opt/gz_sensors_vendor:/opt/ros/jazzy/opt/gz_physics_vendor:/opt/ros/jazzy/opt/sdformat_vendor:/opt/ros/jazzy/opt/gz_gui_vendor:/opt/ros/jazzy/opt/gz_transport_vendor:/opt/ros/jazzy/opt/gz_rendering_vendor:/opt/ros/jazzy/opt/gz_plugin_vendor:/opt/ros/jazzy/opt/gz_fuel_tools_vendor:/opt/ros/jazzy/opt/gz_msgs_vendor:/opt/ros/jazzy/opt/gz_common_vendor:/opt/ros/jazzy/opt/gz_math_vendor:/opt/ros/jazzy/opt/gz_utils_vendor:/opt/ros/jazzy/opt/gz_tools_vendor:/opt/ros/jazzy/opt/gz_ogre_next_vendor:/opt/ros/jazzy/opt/gz_dartsim_vendor:/opt/ros/jazzy/opt/gz_cmake_vendor:/opt/ros/jazzy DEBUGINFOD_URLS=https://debuginfod.ubuntu.com LD_LIBRARY_PATH=/home/vboxuser/bumperbot_ws/install/bumperbot_msgs/lib:${LD_LIBRARY_PATH} PYTHONPATH=/home/vboxuser/bumperbot_ws/install/bumperbot_msgs/lib/python3.12/site-packages:${PYTHONPATH} /usr/bin/cmake --build /home/vboxuser/bumperbot_ws/build/bumperbot_cpp_examples -- -j7 -l7
[1.138s] INFO:colcon.colcon_core.task.python.build:Building Python package in '/home/vboxuser/bumperbot_ws/src/bumperbot_py_examples'
[1.138s] INFO:colcon.colcon_core.shell:Skip shell extension 'powershell' for command environment: Not usable outside of PowerShell
[1.138s] DEBUG:colcon.colcon_core.shell:Skip shell extension 'dsv' for command environment
[1.142s] Level 1:colcon.colcon_core.environment:create_environment_scripts_only(bumperbot_mapping)
[1.142s] Level 1:colcon.colcon_core.environment:checking '/home/vboxuser/bumperbot_ws/install/bumperbot_mapping' for CMake module files
[1.145s] DEBUG:colcon.colcon_core.event_handler.log_command:Invoked command in '/home/vboxuser/bumperbot_ws/build/bumperbot_mapping' returned '0': CMAKE_PREFIX_PATH=${CMAKE_PREFIX_PATH}:/opt/ros/jazzy DEBUGINFOD_URLS=https://debuginfod.ubuntu.com /usr/bin/cmake --install /home/vboxuser/bumperbot_ws/build/bumperbot_mapping
[1.146s] Level 1:colcon.colcon_core.environment:checking '/home/vboxuser/bumperbot_ws/install/bumperbot_mapping' for CMake config files
[1.146s] Level 1:colcon.colcon_core.shell:create_environment_hook('bumperbot_mapping', 'cmake_prefix_path')
[1.146s] INFO:colcon.colcon_core.shell:Creating environment hook '/home/vboxuser/bumperbot_ws/install/bumperbot_mapping/share/bumperbot_mapping/hook/cmake_prefix_path.ps1'
[1.147s] INFO:colcon.colcon_core.shell:Creating environment descriptor '/home/vboxuser/bumperbot_ws/install/bumperbot_mapping/share/bumperbot_mapping/hook/cmake_prefix_path.dsv'
[1.148s] INFO:colcon.colcon_core.shell:Creating environment hook '/home/vboxuser/bumperbot_ws/install/bumperbot_mapping/share/bumperbot_mapping/hook/cmake_prefix_path.sh'
[1.148s] Level 1:colcon.colcon_core.environment:checking '/home/vboxuser/bumperbot_ws/install/bumperbot_mapping/lib'
[1.148s] Level 1:colcon.colcon_core.environment:checking '/home/vboxuser/bumperbot_ws/install/bumperbot_mapping/bin'
[1.148s] Level 1:colcon.colcon_core.environment:checking '/home/vboxuser/bumperbot_ws/install/bumperbot_mapping/lib/pkgconfig/bumperbot_mapping.pc'
[1.148s] Level 1:colcon.colcon_core.environment:checking '/home/vboxuser/bumperbot_ws/install/bumperbot_mapping/lib/python3.12/site-packages'
[1.149s] Level 1:colcon.colcon_core.shell:create_environment_hook('bumperbot_mapping', 'pythonpath')
[1.149s] INFO:colcon.colcon_core.shell:Creating environment hook '/home/vboxuser/bumperbot_ws/install/bumperbot_mapping/share/bumperbot_mapping/hook/pythonpath.ps1'
[1.149s] INFO:colcon.colcon_core.shell:Creating environment descriptor '/home/vboxuser/bumperbot_ws/install/bumperbot_mapping/share/bumperbot_mapping/hook/pythonpath.dsv'
[1.149s] INFO:colcon.colcon_core.shell:Creating environment hook '/home/vboxuser/bumperbot_ws/install/bumperbot_mapping/share/bumperbot_mapping/hook/pythonpath.sh'
[1.150s] Level 1:colcon.colcon_core.environment:checking '/home/vboxuser/bumperbot_ws/install/bumperbot_mapping/bin'
[1.150s] INFO:colcon.colcon_core.shell:Creating package script '/home/vboxuser/bumperbot_ws/install/bumperbot_mapping/share/bumperbot_mapping/package.ps1'
[1.152s] INFO:colcon.colcon_core.shell:Creating package descriptor '/home/vboxuser/bumperbot_ws/install/bumperbot_mapping/share/bumperbot_mapping/package.dsv'
[1.153s] INFO:colcon.colcon_core.shell:Creating package script '/home/vboxuser/bumperbot_ws/install/bumperbot_mapping/share/bumperbot_mapping/package.sh'
[1.153s] INFO:colcon.colcon_core.shell:Creating package script '/home/vboxuser/bumperbot_ws/install/bumperbot_mapping/share/bumperbot_mapping/package.bash'
[1.154s] INFO:colcon.colcon_core.shell:Creating package script '/home/vboxuser/bumperbot_ws/install/bumperbot_mapping/share/bumperbot_mapping/package.zsh'
[1.154s] Level 1:colcon.colcon_core.environment:create_file_with_runtime_dependencies(/home/vboxuser/bumperbot_ws/install/bumperbot_mapping/share/colcon-core/packages/bumperbot_mapping)
[1.155s] Level 1:colcon.colcon_core.environment:create_environment_scripts_only(bumperbot_mapping)
[1.155s] Level 1:colcon.colcon_core.environment:checking '/home/vboxuser/bumperbot_ws/install/bumperbot_mapping' for CMake module files
[1.155s] Level 1:colcon.colcon_core.environment:checking '/home/vboxuser/bumperbot_ws/install/bumperbot_mapping' for CMake config files
[1.155s] Level 1:colcon.colcon_core.shell:create_environment_hook('bumperbot_mapping', 'cmake_prefix_path')
[1.155s] INFO:colcon.colcon_core.shell:Creating environment hook '/home/vboxuser/bumperbot_ws/install/bumperbot_mapping/share/bumperbot_mapping/hook/cmake_prefix_path.ps1'
[1.155s] INFO:colcon.colcon_core.shell:Creating environment descriptor '/home/vboxuser/bumperbot_ws/install/bumperbot_mapping/share/bumperbot_mapping/hook/cmake_prefix_path.dsv'
[1.156s] INFO:colcon.colcon_core.shell:Creating environment hook '/home/vboxuser/bumperbot_ws/install/bumperbot_mapping/share/bumperbot_mapping/hook/cmake_prefix_path.sh'
[1.157s] Level 1:colcon.colcon_core.environment:checking '/home/vboxuser/bumperbot_ws/install/bumperbot_mapping/lib'
[1.157s] Level 1:colcon.colcon_core.environment:checking '/home/vboxuser/bumperbot_ws/install/bumperbot_mapping/bin'
[1.157s] Level 1:colcon.colcon_core.environment:checking '/home/vboxuser/bumperbot_ws/install/bumperbot_mapping/lib/pkgconfig/bumperbot_mapping.pc'
[1.157s] Level 1:colcon.colcon_core.environment:checking '/home/vboxuser/bumperbot_ws/install/bumperbot_mapping/lib/python3.12/site-packages'
[1.157s] Level 1:colcon.colcon_core.shell:create_environment_hook('bumperbot_mapping', 'pythonpath')
[1.157s] INFO:colcon.colcon_core.shell:Creating environment hook '/home/vboxuser/bumperbot_ws/install/bumperbot_mapping/share/bumperbot_mapping/hook/pythonpath.ps1'
[1.157s] INFO:colcon.colcon_core.shell:Creating environment descriptor '/home/vboxuser/bumperbot_ws/install/bumperbot_mapping/share/bumperbot_mapping/hook/pythonpath.dsv'
[1.158s] INFO:colcon.colcon_core.shell:Creating environment hook '/home/vboxuser/bumperbot_ws/install/bumperbot_mapping/share/bumperbot_mapping/hook/pythonpath.sh'
[1.158s] Level 1:colcon.colcon_core.environment:checking '/home/vboxuser/bumperbot_ws/install/bumperbot_mapping/bin'
[1.158s] INFO:colcon.colcon_core.shell:Creating package script '/home/vboxuser/bumperbot_ws/install/bumperbot_mapping/share/bumperbot_mapping/package.ps1'
[1.159s] INFO:colcon.colcon_core.shell:Creating package descriptor '/home/vboxuser/bumperbot_ws/install/bumperbot_mapping/share/bumperbot_mapping/package.dsv'
[1.159s] INFO:colcon.colcon_core.shell:Creating package script '/home/vboxuser/bumperbot_ws/install/bumperbot_mapping/share/bumperbot_mapping/package.sh'
[1.160s] INFO:colcon.colcon_core.shell:Creating package script '/home/vboxuser/bumperbot_ws/install/bumperbot_mapping/share/bumperbot_mapping/package.bash'
[1.160s] INFO:colcon.colcon_core.shell:Creating package script '/home/vboxuser/bumperbot_ws/install/bumperbot_mapping/share/bumperbot_mapping/package.zsh'
[1.161s] Level 1:colcon.colcon_core.environment:create_file_with_runtime_dependencies(/home/vboxuser/bumperbot_ws/install/bumperbot_mapping/share/colcon-core/packages/bumperbot_mapping)
[1.167s] DEBUG:colcon.colcon_core.event_handler.log_command:Invoked command in '/home/vboxuser/bumperbot_ws/build/bumperbot_cpp_examples' returned '0': AMENT_PREFIX_PATH=/home/vboxuser/bumperbot_ws/install/bumperbot_msgs:${AMENT_PREFIX_PATH} CMAKE_PREFIX_PATH=/home/vboxuser/bumperbot_ws/install/bumperbot_msgs:/opt/ros/jazzy/opt/gz_sim_vendor:/opt/ros/jazzy/opt/gz_sensors_vendor:/opt/ros/jazzy/opt/gz_physics_vendor:/opt/ros/jazzy/opt/sdformat_vendor:/opt/ros/jazzy/opt/gz_gui_vendor:/opt/ros/jazzy/opt/gz_transport_vendor:/opt/ros/jazzy/opt/gz_rendering_vendor:/opt/ros/jazzy/opt/gz_plugin_vendor:/opt/ros/jazzy/opt/gz_fuel_tools_vendor:/opt/ros/jazzy/opt/gz_msgs_vendor:/opt/ros/jazzy/opt/gz_common_vendor:/opt/ros/jazzy/opt/gz_math_vendor:/opt/ros/jazzy/opt/gz_utils_vendor:/opt/ros/jazzy/opt/gz_tools_vendor:/opt/ros/jazzy/opt/gz_ogre_next_vendor:/opt/ros/jazzy/opt/gz_dartsim_vendor:/opt/ros/jazzy/opt/gz_cmake_vendor:/opt/ros/jazzy DEBUGINFOD_URLS=https://debuginfod.ubuntu.com LD_LIBRARY_PATH=/home/vboxuser/bumperbot_ws/install/bumperbot_msgs/lib:${LD_LIBRARY_PATH} PYTHONPATH=/home/vboxuser/bumperbot_ws/install/bumperbot_msgs/lib/python3.12/site-packages:${PYTHONPATH} /usr/bin/cmake --build /home/vboxuser/bumperbot_ws/build/bumperbot_cpp_examples -- -j7 -l7
[1.172s] DEBUG:colcon.colcon_core.event_handler.log_command:Invoking command in '/home/vboxuser/bumperbot_ws/build/bumperbot_cpp_examples': AMENT_PREFIX_PATH=/home/vboxuser/bumperbot_ws/install/bumperbot_msgs:${AMENT_PREFIX_PATH} CMAKE_PREFIX_PATH=/home/vboxuser/bumperbot_ws/install/bumperbot_msgs:/opt/ros/jazzy/opt/gz_sim_vendor:/opt/ros/jazzy/opt/gz_sensors_vendor:/opt/ros/jazzy/opt/gz_physics_vendor:/opt/ros/jazzy/opt/sdformat_vendor:/opt/ros/jazzy/opt/gz_gui_vendor:/opt/ros/jazzy/opt/gz_transport_vendor:/opt/ros/jazzy/opt/gz_rendering_vendor:/opt/ros/jazzy/opt/gz_plugin_vendor:/opt/ros/jazzy/opt/gz_fuel_tools_vendor:/opt/ros/jazzy/opt/gz_msgs_vendor:/opt/ros/jazzy/opt/gz_common_vendor:/opt/ros/jazzy/opt/gz_math_vendor:/opt/ros/jazzy/opt/gz_utils_vendor:/opt/ros/jazzy/opt/gz_tools_vendor:/opt/ros/jazzy/opt/gz_ogre_next_vendor:/opt/ros/jazzy/opt/gz_dartsim_vendor:/opt/ros/jazzy/opt/gz_cmake_vendor:/opt/ros/jazzy DEBUGINFOD_URLS=https://debuginfod.ubuntu.com LD_LIBRARY_PATH=/home/vboxuser/bumperbot_ws/install/bumperbot_msgs/lib:${LD_LIBRARY_PATH} PYTHONPATH=/home/vboxuser/bumperbot_ws/install/bumperbot_msgs/lib/python3.12/site-packages:${PYTHONPATH} /usr/bin/cmake --install /home/vboxuser/bumperbot_ws/build/bumperbot_cpp_examples
[1.173s] Level 1:colcon.colcon_core.environment:create_environment_scripts_only(bumperbot_utils)
[1.173s] DEBUG:colcon.colcon_core.event_handler.log_command:Invoked command in '/home/vboxuser/bumperbot_ws/build/bumperbot_utils' returned '0': CMAKE_PREFIX_PATH=${CMAKE_PREFIX_PATH}:/opt/ros/jazzy DEBUGINFOD_URLS=https://debuginfod.ubuntu.com /usr/bin/cmake --install /home/vboxuser/bumperbot_ws/build/bumperbot_utils
[1.173s] Level 1:colcon.colcon_core.environment:checking '/home/vboxuser/bumperbot_ws/install/bumperbot_utils' for CMake module files
[1.174s] Level 1:colcon.colcon_core.environment:checking '/home/vboxuser/bumperbot_ws/install/bumperbot_utils' for CMake config files
[1.174s] Level 1:colcon.colcon_core.shell:create_environment_hook('bumperbot_utils', 'cmake_prefix_path')
[1.174s] INFO:colcon.colcon_core.shell:Creating environment hook '/home/vboxuser/bumperbot_ws/install/bumperbot_utils/share/bumperbot_utils/hook/cmake_prefix_path.ps1'
[1.174s] INFO:colcon.colcon_core.shell:Creating environment descriptor '/home/vboxuser/bumperbot_ws/install/bumperbot_utils/share/bumperbot_utils/hook/cmake_prefix_path.dsv'
[1.175s] INFO:colcon.colcon_core.shell:Creating environment hook '/home/vboxuser/bumperbot_ws/install/bumperbot_utils/share/bumperbot_utils/hook/cmake_prefix_path.sh'
[1.176s] Level 1:colcon.colcon_core.environment:checking '/home/vboxuser/bumperbot_ws/install/bumperbot_utils/lib'
[1.176s] Level 1:colcon.colcon_core.environment:checking '/home/vboxuser/bumperbot_ws/install/bumperbot_utils/bin'
[1.176s] Level 1:colcon.colcon_core.environment:checking '/home/vboxuser/bumperbot_ws/install/bumperbot_utils/lib/pkgconfig/bumperbot_utils.pc'
[1.176s] Level 1:colcon.colcon_core.environment:checking '/home/vboxuser/bumperbot_ws/install/bumperbot_utils/lib/python3.12/site-packages'
[1.176s] Level 1:colcon.colcon_core.shell:create_environment_hook('bumperbot_utils', 'pythonpath')
[1.176s] INFO:colcon.colcon_core.shell:Creating environment hook '/home/vboxuser/bumperbot_ws/install/bumperbot_utils/share/bumperbot_utils/hook/pythonpath.ps1'
[1.177s] INFO:colcon.colcon_core.shell:Creating environment descriptor '/home/vboxuser/bumperbot_ws/install/bumperbot_utils/share/bumperbot_utils/hook/pythonpath.dsv'
[1.177s] INFO:colcon.colcon_core.shell:Creating environment hook '/home/vboxuser/bumperbot_ws/install/bumperbot_utils/share/bumperbot_utils/hook/pythonpath.sh'
[1.178s] Level 1:colcon.colcon_core.environment:checking '/home/vboxuser/bumperbot_ws/install/bumperbot_utils/bin'
[1.178s] INFO:colcon.colcon_core.shell:Creating package script '/home/vboxuser/bumperbot_ws/install/bumperbot_utils/share/bumperbot_utils/package.ps1'
[1.179s] INFO:colcon.colcon_core.shell:Creating package descriptor '/home/vboxuser/bumperbot_ws/install/bumperbot_utils/share/bumperbot_utils/package.dsv'
[1.179s] INFO:colcon.colcon_core.shell:Creating package script '/home/vboxuser/bumperbot_ws/install/bumperbot_utils/share/bumperbot_utils/package.sh'
[1.180s] INFO:colcon.colcon_core.shell:Creating package script '/home/vboxuser/bumperbot_ws/install/bumperbot_utils/share/bumperbot_utils/package.bash'
[1.180s] INFO:colcon.colcon_core.shell:Creating package script '/home/vboxuser/bumperbot_ws/install/bumperbot_utils/share/bumperbot_utils/package.zsh'
[1.180s] Level 1:colcon.colcon_core.environment:create_file_with_runtime_dependencies(/home/vboxuser/bumperbot_ws/install/bumperbot_utils/share/colcon-core/packages/bumperbot_utils)
[1.181s] Level 1:colcon.colcon_core.environment:create_environment_scripts_only(bumperbot_utils)
[1.181s] Level 1:colcon.colcon_core.environment:checking '/home/vboxuser/bumperbot_ws/install/bumperbot_utils' for CMake module files
[1.181s] Level 1:colcon.colcon_core.environment:checking '/home/vboxuser/bumperbot_ws/install/bumperbot_utils' for CMake config files
[1.181s] Level 1:colcon.colcon_core.shell:create_environment_hook('bumperbot_utils', 'cmake_prefix_path')
[1.181s] INFO:colcon.colcon_core.shell:Creating environment hook '/home/vboxuser/bumperbot_ws/install/bumperbot_utils/share/bumperbot_utils/hook/cmake_prefix_path.ps1'
[1.182s] INFO:colcon.colcon_core.shell:Creating environment descriptor '/home/vboxuser/bumperbot_ws/install/bumperbot_utils/share/bumperbot_utils/hook/cmake_prefix_path.dsv'
[1.182s] INFO:colcon.colcon_core.shell:Creating environment hook '/home/vboxuser/bumperbot_ws/install/bumperbot_utils/share/bumperbot_utils/hook/cmake_prefix_path.sh'
[1.183s] Level 1:colcon.colcon_core.environment:checking '/home/vboxuser/bumperbot_ws/install/bumperbot_utils/lib'
[1.183s] Level 1:colcon.colcon_core.environment:checking '/home/vboxuser/bumperbot_ws/install/bumperbot_utils/bin'
[1.183s] Level 1:colcon.colcon_core.environment:checking '/home/vboxuser/bumperbot_ws/install/bumperbot_utils/lib/pkgconfig/bumperbot_utils.pc'
[1.183s] Level 1:colcon.colcon_core.environment:checking '/home/vboxuser/bumperbot_ws/install/bumperbot_utils/lib/python3.12/site-packages'
[1.183s] Level 1:colcon.colcon_core.shell:create_environment_hook('bumperbot_utils', 'pythonpath')
[1.184s] INFO:colcon.colcon_core.shell:Creating environment hook '/home/vboxuser/bumperbot_ws/install/bumperbot_utils/share/bumperbot_utils/hook/pythonpath.ps1'
[1.184s] INFO:colcon.colcon_core.shell:Creating environment descriptor '/home/vboxuser/bumperbot_ws/install/bumperbot_utils/share/bumperbot_utils/hook/pythonpath.dsv'
[1.184s] INFO:colcon.colcon_core.shell:Creating environment hook '/home/vboxuser/bumperbot_ws/install/bumperbot_utils/share/bumperbot_utils/hook/pythonpath.sh'
[1.185s] Level 1:colcon.colcon_core.environment:checking '/home/vboxuser/bumperbot_ws/install/bumperbot_utils/bin'
[1.186s] INFO:colcon.colcon_core.shell:Creating package script '/home/vboxuser/bumperbot_ws/install/bumperbot_utils/share/bumperbot_utils/package.ps1'
[1.186s] INFO:colcon.colcon_core.shell:Creating package descriptor '/home/vboxuser/bumperbot_ws/install/bumperbot_utils/share/bumperbot_utils/package.dsv'
[1.187s] INFO:colcon.colcon_core.shell:Creating package script '/home/vboxuser/bumperbot_ws/install/bumperbot_utils/share/bumperbot_utils/package.sh'
[1.187s] INFO:colcon.colcon_core.shell:Creating package script '/home/vboxuser/bumperbot_ws/install/bumperbot_utils/share/bumperbot_utils/package.bash'
[1.188s] INFO:colcon.colcon_core.shell:Creating package script '/home/vboxuser/bumperbot_ws/install/bumperbot_utils/share/bumperbot_utils/package.zsh'
[1.188s] Level 1:colcon.colcon_core.environment:create_file_with_runtime_dependencies(/home/vboxuser/bumperbot_ws/install/bumperbot_utils/share/colcon-core/packages/bumperbot_utils)
[1.189s] Level 1:colcon.colcon_core.environment:create_environment_scripts_only(bumperbot_controller)
[1.189s] Level 1:colcon.colcon_core.environment:checking '/home/vboxuser/bumperbot_ws/install/bumperbot_controller' for CMake module files
[1.190s] Level 1:colcon.colcon_core.environment:checking '/home/vboxuser/bumperbot_ws/install/bumperbot_controller' for CMake config files
[1.190s] Level 1:colcon.colcon_core.shell:create_environment_hook('bumperbot_controller', 'cmake_prefix_path')
[1.191s] INFO:colcon.colcon_core.shell:Creating environment hook '/home/vboxuser/bumperbot_ws/install/bumperbot_controller/share/bumperbot_controller/hook/cmake_prefix_path.ps1'
[1.191s] DEBUG:colcon.colcon_core.event_handler.log_command:Invoked command in '/home/vboxuser/bumperbot_ws/build/bumperbot_controller' returned '0': CMAKE_PREFIX_PATH=${CMAKE_PREFIX_PATH}:/opt/ros/jazzy DEBUGINFOD_URLS=https://debuginfod.ubuntu.com /usr/bin/cmake --install /home/vboxuser/bumperbot_ws/build/bumperbot_controller
[1.192s] INFO:colcon.colcon_core.shell:Creating environment descriptor '/home/vboxuser/bumperbot_ws/install/bumperbot_controller/share/bumperbot_controller/hook/cmake_prefix_path.dsv'
[1.192s] INFO:colcon.colcon_core.shell:Creating environment hook '/home/vboxuser/bumperbot_ws/install/bumperbot_controller/share/bumperbot_controller/hook/cmake_prefix_path.sh'
[1.193s] Level 1:colcon.colcon_core.environment:checking '/home/vboxuser/bumperbot_ws/install/bumperbot_controller/lib'
[1.193s] Level 1:colcon.colcon_core.environment:checking '/home/vboxuser/bumperbot_ws/install/bumperbot_controller/bin'
[1.193s] Level 1:colcon.colcon_core.environment:checking '/home/vboxuser/bumperbot_ws/install/bumperbot_controller/lib/pkgconfig/bumperbot_controller.pc'
[1.193s] Level 1:colcon.colcon_core.environment:checking '/home/vboxuser/bumperbot_ws/install/bumperbot_controller/lib/python3.12/site-packages'
[1.193s] Level 1:colcon.colcon_core.shell:create_environment_hook('bumperbot_controller', 'pythonpath')
[1.194s] INFO:colcon.colcon_core.shell:Creating environment hook '/home/vboxuser/bumperbot_ws/install/bumperbot_controller/share/bumperbot_controller/hook/pythonpath.ps1'
[1.194s] INFO:colcon.colcon_core.shell:Creating environment descriptor '/home/vboxuser/bumperbot_ws/install/bumperbot_controller/share/bumperbot_controller/hook/pythonpath.dsv'
[1.195s] INFO:colcon.colcon_core.shell:Creating environment hook '/home/vboxuser/bumperbot_ws/install/bumperbot_controller/share/bumperbot_controller/hook/pythonpath.sh'
[1.196s] Level 1:colcon.colcon_core.environment:checking '/home/vboxuser/bumperbot_ws/install/bumperbot_controller/bin'
[1.196s] INFO:colcon.colcon_core.shell:Creating package script '/home/vboxuser/bumperbot_ws/install/bumperbot_controller/share/bumperbot_controller/package.ps1'
[1.197s] INFO:colcon.colcon_core.shell:Creating package descriptor '/home/vboxuser/bumperbot_ws/install/bumperbot_controller/share/bumperbot_controller/package.dsv'
[1.197s] INFO:colcon.colcon_core.shell:Creating package script '/home/vboxuser/bumperbot_ws/install/bumperbot_controller/share/bumperbot_controller/package.sh'
[1.198s] INFO:colcon.colcon_core.shell:Creating package script '/home/vboxuser/bumperbot_ws/install/bumperbot_controller/share/bumperbot_controller/package.bash'
[1.198s] INFO:colcon.colcon_core.shell:Creating package script '/home/vboxuser/bumperbot_ws/install/bumperbot_controller/share/bumperbot_controller/package.zsh'
[1.199s] Level 1:colcon.colcon_core.environment:create_file_with_runtime_dependencies(/home/vboxuser/bumperbot_ws/install/bumperbot_controller/share/colcon-core/packages/bumperbot_controller)
[1.199s] Level 1:colcon.colcon_core.environment:create_environment_scripts_only(bumperbot_controller)
[1.199s] Level 1:colcon.colcon_core.environment:checking '/home/vboxuser/bumperbot_ws/install/bumperbot_controller' for CMake module files
[1.200s] Level 1:colcon.colcon_core.environment:checking '/home/vboxuser/bumperbot_ws/install/bumperbot_controller' for CMake config files
[1.200s] Level 1:colcon.colcon_core.shell:create_environment_hook('bumperbot_controller', 'cmake_prefix_path')
[1.200s] INFO:colcon.colcon_core.shell:Creating environment hook '/home/vboxuser/bumperbot_ws/install/bumperbot_controller/share/bumperbot_controller/hook/cmake_prefix_path.ps1'
[1.200s] INFO:colcon.colcon_core.shell:Creating environment descriptor '/home/vboxuser/bumperbot_ws/install/bumperbot_controller/share/bumperbot_controller/hook/cmake_prefix_path.dsv'
[1.201s] INFO:colcon.colcon_core.shell:Creating environment hook '/home/vboxuser/bumperbot_ws/install/bumperbot_controller/share/bumperbot_controller/hook/cmake_prefix_path.sh'
[1.202s] Level 1:colcon.colcon_core.environment:checking '/home/vboxuser/bumperbot_ws/install/bumperbot_controller/lib'
[1.202s] Level 1:colcon.colcon_core.environment:checking '/home/vboxuser/bumperbot_ws/install/bumperbot_controller/bin'
[1.202s] Level 1:colcon.colcon_core.environment:checking '/home/vboxuser/bumperbot_ws/install/bumperbot_controller/lib/pkgconfig/bumperbot_controller.pc'
[1.202s] Level 1:colcon.colcon_core.environment:checking '/home/vboxuser/bumperbot_ws/install/bumperbot_controller/lib/python3.12/site-packages'
[1.202s] Level 1:colcon.colcon_core.shell:create_environment_hook('bumperbot_controller', 'pythonpath')
[1.203s] INFO:colcon.colcon_core.shell:Creating environment hook '/home/vboxuser/bumperbot_ws/install/bumperbot_controller/share/bumperbot_controller/hook/pythonpath.ps1'
[1.203s] INFO:colcon.colcon_core.shell:Creating environment descriptor '/home/vboxuser/bumperbot_ws/install/bumperbot_controller/share/bumperbot_controller/hook/pythonpath.dsv'
[1.203s] INFO:colcon.colcon_core.shell:Creating environment hook '/home/vboxuser/bumperbot_ws/install/bumperbot_controller/share/bumperbot_controller/hook/pythonpath.sh'
[1.204s] Level 1:colcon.colcon_core.environment:checking '/home/vboxuser/bumperbot_ws/install/bumperbot_controller/bin'
[1.204s] INFO:colcon.colcon_core.shell:Creating package script '/home/vboxuser/bumperbot_ws/install/bumperbot_controller/share/bumperbot_controller/package.ps1'
[1.205s] INFO:colcon.colcon_core.shell:Creating package descriptor '/home/vboxuser/bumperbot_ws/install/bumperbot_controller/share/bumperbot_controller/package.dsv'
[1.206s] INFO:colcon.colcon_core.shell:Creating package script '/home/vboxuser/bumperbot_ws/install/bumperbot_controller/share/bumperbot_controller/package.sh'
[1.206s] INFO:colcon.colcon_core.shell:Creating package script '/home/vboxuser/bumperbot_ws/install/bumperbot_controller/share/bumperbot_controller/package.bash'
[1.207s] INFO:colcon.colcon_core.shell:Creating package script '/home/vboxuser/bumperbot_ws/install/bumperbot_controller/share/bumperbot_controller/package.zsh'
[1.207s] Level 1:colcon.colcon_core.environment:create_file_with_runtime_dependencies(/home/vboxuser/bumperbot_ws/install/bumperbot_controller/share/colcon-core/packages/bumperbot_controller)
[1.208s] Level 1:colcon.colcon_core.environment:create_environment_scripts_only(bumperbot_localization)
[1.208s] Level 1:colcon.colcon_core.environment:checking '/home/vboxuser/bumperbot_ws/install/bumperbot_localization' for CMake module files
[1.209s] Level 1:colcon.colcon_core.environment:checking '/home/vboxuser/bumperbot_ws/install/bumperbot_localization' for CMake config files
[1.209s] Level 1:colcon.colcon_core.shell:create_environment_hook('bumperbot_localization', 'cmake_prefix_path')
[1.209s] INFO:colcon.colcon_core.shell:Creating environment hook '/home/vboxuser/bumperbot_ws/install/bumperbot_localization/share/bumperbot_localization/hook/cmake_prefix_path.ps1'
[1.210s] DEBUG:colcon.colcon_core.event_handler.log_command:Invoked command in '/home/vboxuser/bumperbot_ws/build/bumperbot_localization' returned '0': CMAKE_PREFIX_PATH=${CMAKE_PREFIX_PATH}:/opt/ros/jazzy DEBUGINFOD_URLS=https://debuginfod.ubuntu.com /usr/bin/cmake --install /home/vboxuser/bumperbot_ws/build/bumperbot_localization
[1.210s] INFO:colcon.colcon_core.shell:Creating environment descriptor '/home/vboxuser/bumperbot_ws/install/bumperbot_localization/share/bumperbot_localization/hook/cmake_prefix_path.dsv'
[1.211s] INFO:colcon.colcon_core.shell:Creating environment hook '/home/vboxuser/bumperbot_ws/install/bumperbot_localization/share/bumperbot_localization/hook/cmake_prefix_path.sh'
[1.212s] Level 1:colcon.colcon_core.environment:checking '/home/vboxuser/bumperbot_ws/install/bumperbot_localization/lib'
[1.212s] Level 1:colcon.colcon_core.environment:checking '/home/vboxuser/bumperbot_ws/install/bumperbot_localization/bin'
[1.212s] Level 1:colcon.colcon_core.shell:create_environment_hook('bumperbot_localization', 'path')
[1.212s] INFO:colcon.colcon_core.shell:Creating environment hook '/home/vboxuser/bumperbot_ws/install/bumperbot_localization/share/bumperbot_localization/hook/path.ps1'
[1.212s] INFO:colcon.colcon_core.shell:Creating environment descriptor '/home/vboxuser/bumperbot_ws/install/bumperbot_localization/share/bumperbot_localization/hook/path.dsv'
[1.213s] INFO:colcon.colcon_core.shell:Creating environment hook '/home/vboxuser/bumperbot_ws/install/bumperbot_localization/share/bumperbot_localization/hook/path.sh'
[1.213s] Level 1:colcon.colcon_core.environment:checking '/home/vboxuser/bumperbot_ws/install/bumperbot_localization/lib/pkgconfig/bumperbot_localization.pc'
[1.214s] Level 1:colcon.colcon_core.environment:checking '/home/vboxuser/bumperbot_ws/install/bumperbot_localization/lib/python3.12/site-packages'
[1.214s] Level 1:colcon.colcon_core.shell:create_environment_hook('bumperbot_localization', 'pythonpath')
[1.214s] INFO:colcon.colcon_core.shell:Creating environment hook '/home/vboxuser/bumperbot_ws/install/bumperbot_localization/share/bumperbot_localization/hook/pythonpath.ps1'
[1.214s] INFO:colcon.colcon_core.shell:Creating environment descriptor '/home/vboxuser/bumperbot_ws/install/bumperbot_localization/share/bumperbot_localization/hook/pythonpath.dsv'
[1.215s] INFO:colcon.colcon_core.shell:Creating environment hook '/home/vboxuser/bumperbot_ws/install/bumperbot_localization/share/bumperbot_localization/hook/pythonpath.sh'
[1.216s] Level 1:colcon.colcon_core.environment:checking '/home/vboxuser/bumperbot_ws/install/bumperbot_localization/bin'
[1.216s] Level 1:colcon.colcon_core.shell:create_environment_hook('bumperbot_localization', 'pythonscriptspath')
[1.216s] INFO:colcon.colcon_core.shell:Creating environment hook '/home/vboxuser/bumperbot_ws/install/bumperbot_localization/share/bumperbot_localization/hook/pythonscriptspath.ps1'
[1.216s] INFO:colcon.colcon_core.shell:Creating environment descriptor '/home/vboxuser/bumperbot_ws/install/bumperbot_localization/share/bumperbot_localization/hook/pythonscriptspath.dsv'
[1.217s] INFO:colcon.colcon_core.shell:Creating environment hook '/home/vboxuser/bumperbot_ws/install/bumperbot_localization/share/bumperbot_localization/hook/pythonscriptspath.sh'
[1.218s] INFO:colcon.colcon_core.shell:Creating package script '/home/vboxuser/bumperbot_ws/install/bumperbot_localization/share/bumperbot_localization/package.ps1'
[1.218s] INFO:colcon.colcon_core.shell:Creating package descriptor '/home/vboxuser/bumperbot_ws/install/bumperbot_localization/share/bumperbot_localization/package.dsv'
[1.219s] INFO:colcon.colcon_core.shell:Creating package script '/home/vboxuser/bumperbot_ws/install/bumperbot_localization/share/bumperbot_localization/package.sh'
[1.219s] INFO:colcon.colcon_core.shell:Creating package script '/home/vboxuser/bumperbot_ws/install/bumperbot_localization/share/bumperbot_localization/package.bash'
[1.219s] INFO:colcon.colcon_core.shell:Creating package script '/home/vboxuser/bumperbot_ws/install/bumperbot_localization/share/bumperbot_localization/package.zsh'
[1.220s] Level 1:colcon.colcon_core.environment:create_file_with_runtime_dependencies(/home/vboxuser/bumperbot_ws/install/bumperbot_localization/share/colcon-core/packages/bumperbot_localization)
[1.220s] Level 1:colcon.colcon_core.environment:create_environment_scripts_only(bumperbot_localization)
[1.220s] Level 1:colcon.colcon_core.environment:checking '/home/vboxuser/bumperbot_ws/install/bumperbot_localization' for CMake module files
[1.221s] Level 1:colcon.colcon_core.environment:checking '/home/vboxuser/bumperbot_ws/install/bumperbot_localization' for CMake config files
[1.221s] Level 1:colcon.colcon_core.shell:create_environment_hook('bumperbot_localization', 'cmake_prefix_path')
[1.221s] INFO:colcon.colcon_core.shell:Creating environment hook '/home/vboxuser/bumperbot_ws/install/bumperbot_localization/share/bumperbot_localization/hook/cmake_prefix_path.ps1'
[1.221s] INFO:colcon.colcon_core.shell:Creating environment descriptor '/home/vboxuser/bumperbot_ws/install/bumperbot_localization/share/bumperbot_localization/hook/cmake_prefix_path.dsv'
[1.222s] INFO:colcon.colcon_core.shell:Creating environment hook '/home/vboxuser/bumperbot_ws/install/bumperbot_localization/share/bumperbot_localization/hook/cmake_prefix_path.sh'
[1.222s] Level 1:colcon.colcon_core.environment:checking '/home/vboxuser/bumperbot_ws/install/bumperbot_localization/lib'
[1.223s] Level 1:colcon.colcon_core.environment:checking '/home/vboxuser/bumperbot_ws/install/bumperbot_localization/bin'
[1.223s] Level 1:colcon.colcon_core.shell:create_environment_hook('bumperbot_localization', 'path')
[1.223s] INFO:colcon.colcon_core.shell:Creating environment hook '/home/vboxuser/bumperbot_ws/install/bumperbot_localization/share/bumperbot_localization/hook/path.ps1'
[1.223s] INFO:colcon.colcon_core.shell:Creating environment descriptor '/home/vboxuser/bumperbot_ws/install/bumperbot_localization/share/bumperbot_localization/hook/path.dsv'
[1.224s] INFO:colcon.colcon_core.shell:Creating environment hook '/home/vboxuser/bumperbot_ws/install/bumperbot_localization/share/bumperbot_localization/hook/path.sh'
[1.224s] Level 1:colcon.colcon_core.environment:checking '/home/vboxuser/bumperbot_ws/install/bumperbot_localization/lib/pkgconfig/bumperbot_localization.pc'
[1.225s] Level 1:colcon.colcon_core.environment:checking '/home/vboxuser/bumperbot_ws/install/bumperbot_localization/lib/python3.12/site-packages'
[1.225s] Level 1:colcon.colcon_core.shell:create_environment_hook('bumperbot_localization', 'pythonpath')
[1.225s] INFO:colcon.colcon_core.shell:Creating environment hook '/home/vboxuser/bumperbot_ws/install/bumperbot_localization/share/bumperbot_localization/hook/pythonpath.ps1'
[1.225s] INFO:colcon.colcon_core.shell:Creating environment descriptor '/home/vboxuser/bumperbot_ws/install/bumperbot_localization/share/bumperbot_localization/hook/pythonpath.dsv'
[1.226s] INFO:colcon.colcon_core.shell:Creating environment hook '/home/vboxuser/bumperbot_ws/install/bumperbot_localization/share/bumperbot_localization/hook/pythonpath.sh'
[1.227s] Level 1:colcon.colcon_core.environment:checking '/home/vboxuser/bumperbot_ws/install/bumperbot_localization/bin'
[1.227s] Level 1:colcon.colcon_core.shell:create_environment_hook('bumperbot_localization', 'pythonscriptspath')
[1.227s] INFO:colcon.colcon_core.shell:Creating environment hook '/home/vboxuser/bumperbot_ws/install/bumperbot_localization/share/bumperbot_localization/hook/pythonscriptspath.ps1'
[1.227s] INFO:colcon.colcon_core.shell:Creating environment descriptor '/home/vboxuser/bumperbot_ws/install/bumperbot_localization/share/bumperbot_localization/hook/pythonscriptspath.dsv'
[1.228s] INFO:colcon.colcon_core.shell:Creating environment hook '/home/vboxuser/bumperbot_ws/install/bumperbot_localization/share/bumperbot_localization/hook/pythonscriptspath.sh'
[1.228s] INFO:colcon.colcon_core.shell:Creating package script '/home/vboxuser/bumperbot_ws/install/bumperbot_localization/share/bumperbot_localization/package.ps1'
[1.229s] INFO:colcon.colcon_core.shell:Creating package descriptor '/home/vboxuser/bumperbot_ws/install/bumperbot_localization/share/bumperbot_localization/package.dsv'
[1.229s] INFO:colcon.colcon_core.shell:Creating package script '/home/vboxuser/bumperbot_ws/install/bumperbot_localization/share/bumperbot_localization/package.sh'
[1.230s] INFO:colcon.colcon_core.shell:Creating package script '/home/vboxuser/bumperbot_ws/install/bumperbot_localization/share/bumperbot_localization/package.bash'
[1.231s] INFO:colcon.colcon_core.shell:Creating package script '/home/vboxuser/bumperbot_ws/install/bumperbot_localization/share/bumperbot_localization/package.zsh'
[1.231s] Level 1:colcon.colcon_core.environment:create_file_with_runtime_dependencies(/home/vboxuser/bumperbot_ws/install/bumperbot_localization/share/colcon-core/packages/bumperbot_localization)
[1.233s] INFO:colcon.colcon_ros.task.ament_cmake.build:Building ROS package in '/home/vboxuser/bumperbot_ws/src/bumperbot_bringup' with build type 'ament_cmake'
[1.233s] INFO:colcon.colcon_cmake.task.cmake.build:Building CMake package in '/home/vboxuser/bumperbot_ws/src/bumperbot_bringup'
[1.237s] INFO:colcon.colcon_core.shell:Skip shell extension 'powershell' for command environment: Not usable outside of PowerShell
[1.237s] DEBUG:colcon.colcon_core.shell:Skip shell extension 'dsv' for command environment
[1.247s] Level 1:colcon.colcon_core.environment:create_environment_scripts_only(bumperbot_cpp_examples)
[1.247s] Level 1:colcon.colcon_core.environment:checking '/home/vboxuser/bumperbot_ws/install/bumperbot_cpp_examples' for CMake module files
[1.247s] Level 1:colcon.colcon_core.environment:checking '/home/vboxuser/bumperbot_ws/install/bumperbot_cpp_examples' for CMake config files
[1.247s] Level 1:colcon.colcon_core.shell:create_environment_hook('bumperbot_cpp_examples', 'cmake_prefix_path')
[1.248s] INFO:colcon.colcon_core.shell:Creating environment hook '/home/vboxuser/bumperbot_ws/install/bumperbot_cpp_examples/share/bumperbot_cpp_examples/hook/cmake_prefix_path.ps1'
[1.249s] DEBUG:colcon.colcon_core.event_handler.log_command:Invoked command in '/home/vboxuser/bumperbot_ws/build/bumperbot_cpp_examples' returned '0': AMENT_PREFIX_PATH=/home/vboxuser/bumperbot_ws/install/bumperbot_msgs:${AMENT_PREFIX_PATH} CMAKE_PREFIX_PATH=/home/vboxuser/bumperbot_ws/install/bumperbot_msgs:/opt/ros/jazzy/opt/gz_sim_vendor:/opt/ros/jazzy/opt/gz_sensors_vendor:/opt/ros/jazzy/opt/gz_physics_vendor:/opt/ros/jazzy/opt/sdformat_vendor:/opt/ros/jazzy/opt/gz_gui_vendor:/opt/ros/jazzy/opt/gz_transport_vendor:/opt/ros/jazzy/opt/gz_rendering_vendor:/opt/ros/jazzy/opt/gz_plugin_vendor:/opt/ros/jazzy/opt/gz_fuel_tools_vendor:/opt/ros/jazzy/opt/gz_msgs_vendor:/opt/ros/jazzy/opt/gz_common_vendor:/opt/ros/jazzy/opt/gz_math_vendor:/opt/ros/jazzy/opt/gz_utils_vendor:/opt/ros/jazzy/opt/gz_tools_vendor:/opt/ros/jazzy/opt/gz_ogre_next_vendor:/opt/ros/jazzy/opt/gz_dartsim_vendor:/opt/ros/jazzy/opt/gz_cmake_vendor:/opt/ros/jazzy DEBUGINFOD_URLS=https://debuginfod.ubuntu.com LD_LIBRARY_PATH=/home/vboxuser/bumperbot_ws/install/bumperbot_msgs/lib:${LD_LIBRARY_PATH} PYTHONPATH=/home/vboxuser/bumperbot_ws/install/bumperbot_msgs/lib/python3.12/site-packages:${PYTHONPATH} /usr/bin/cmake --install /home/vboxuser/bumperbot_ws/build/bumperbot_cpp_examples
[1.249s] INFO:colcon.colcon_core.shell:Creating environment descriptor '/home/vboxuser/bumperbot_ws/install/bumperbot_cpp_examples/share/bumperbot_cpp_examples/hook/cmake_prefix_path.dsv'
[1.250s] INFO:colcon.colcon_core.shell:Creating environment hook '/home/vboxuser/bumperbot_ws/install/bumperbot_cpp_examples/share/bumperbot_cpp_examples/hook/cmake_prefix_path.sh'
[1.250s] Level 1:colcon.colcon_core.environment:checking '/home/vboxuser/bumperbot_ws/install/bumperbot_cpp_examples/lib'
[1.250s] Level 1:colcon.colcon_core.shell:create_environment_hook('bumperbot_cpp_examples', 'ld_library_path_lib')
[1.251s] INFO:colcon.colcon_core.shell:Creating environment hook '/home/vboxuser/bumperbot_ws/install/bumperbot_cpp_examples/share/bumperbot_cpp_examples/hook/ld_library_path_lib.ps1'
[1.251s] INFO:colcon.colcon_core.shell:Creating environment descriptor '/home/vboxuser/bumperbot_ws/install/bumperbot_cpp_examples/share/bumperbot_cpp_examples/hook/ld_library_path_lib.dsv'
[1.252s] INFO:colcon.colcon_core.shell:Creating environment hook '/home/vboxuser/bumperbot_ws/install/bumperbot_cpp_examples/share/bumperbot_cpp_examples/hook/ld_library_path_lib.sh'
[1.252s] Level 1:colcon.colcon_core.environment:checking '/home/vboxuser/bumperbot_ws/install/bumperbot_cpp_examples/bin'
[1.252s] Level 1:colcon.colcon_core.environment:checking '/home/vboxuser/bumperbot_ws/install/bumperbot_cpp_examples/lib/pkgconfig/bumperbot_cpp_examples.pc'
[1.253s] Level 1:colcon.colcon_core.environment:checking '/home/vboxuser/bumperbot_ws/install/bumperbot_cpp_examples/lib/python3.12/site-packages'
[1.253s] Level 1:colcon.colcon_core.environment:checking '/home/vboxuser/bumperbot_ws/install/bumperbot_cpp_examples/bin'
[1.253s] INFO:colcon.colcon_core.shell:Creating package script '/home/vboxuser/bumperbot_ws/install/bumperbot_cpp_examples/share/bumperbot_cpp_examples/package.ps1'
[1.254s] INFO:colcon.colcon_core.shell:Creating package descriptor '/home/vboxuser/bumperbot_ws/install/bumperbot_cpp_examples/share/bumperbot_cpp_examples/package.dsv'
[1.254s] INFO:colcon.colcon_core.shell:Creating package script '/home/vboxuser/bumperbot_ws/install/bumperbot_cpp_examples/share/bumperbot_cpp_examples/package.sh'
[1.257s] INFO:colcon.colcon_core.shell:Creating package script '/home/vboxuser/bumperbot_ws/install/bumperbot_cpp_examples/share/bumperbot_cpp_examples/package.bash'
[1.258s] INFO:colcon.colcon_core.shell:Creating package script '/home/vboxuser/bumperbot_ws/install/bumperbot_cpp_examples/share/bumperbot_cpp_examples/package.zsh'
[1.258s] Level 1:colcon.colcon_core.environment:create_file_with_runtime_dependencies(/home/vboxuser/bumperbot_ws/install/bumperbot_cpp_examples/share/colcon-core/packages/bumperbot_cpp_examples)
[1.259s] Level 1:colcon.colcon_core.environment:create_environment_scripts_only(bumperbot_cpp_examples)
[1.260s] Level 1:colcon.colcon_core.environment:checking '/home/vboxuser/bumperbot_ws/install/bumperbot_cpp_examples' for CMake module files
[1.260s] Level 1:colcon.colcon_core.environment:checking '/home/vboxuser/bumperbot_ws/install/bumperbot_cpp_examples' for CMake config files
[1.260s] Level 1:colcon.colcon_core.shell:create_environment_hook('bumperbot_cpp_examples', 'cmake_prefix_path')
[1.260s] INFO:colcon.colcon_core.shell:Creating environment hook '/home/vboxuser/bumperbot_ws/install/bumperbot_cpp_examples/share/bumperbot_cpp_examples/hook/cmake_prefix_path.ps1'
[1.261s] INFO:colcon.colcon_core.shell:Creating environment descriptor '/home/vboxuser/bumperbot_ws/install/bumperbot_cpp_examples/share/bumperbot_cpp_examples/hook/cmake_prefix_path.dsv'
[1.261s] INFO:colcon.colcon_core.shell:Creating environment hook '/home/vboxuser/bumperbot_ws/install/bumperbot_cpp_examples/share/bumperbot_cpp_examples/hook/cmake_prefix_path.sh'
[1.262s] Level 1:colcon.colcon_core.environment:checking '/home/vboxuser/bumperbot_ws/install/bumperbot_cpp_examples/lib'
[1.262s] Level 1:colcon.colcon_core.shell:create_environment_hook('bumperbot_cpp_examples', 'ld_library_path_lib')
[1.262s] INFO:colcon.colcon_core.shell:Creating environment hook '/home/vboxuser/bumperbot_ws/install/bumperbot_cpp_examples/share/bumperbot_cpp_examples/hook/ld_library_path_lib.ps1'
[1.263s] INFO:colcon.colcon_core.shell:Creating environment descriptor '/home/vboxuser/bumperbot_ws/install/bumperbot_cpp_examples/share/bumperbot_cpp_examples/hook/ld_library_path_lib.dsv'
[1.263s] INFO:colcon.colcon_core.shell:Creating environment hook '/home/vboxuser/bumperbot_ws/install/bumperbot_cpp_examples/share/bumperbot_cpp_examples/hook/ld_library_path_lib.sh'
[1.264s] Level 1:colcon.colcon_core.environment:checking '/home/vboxuser/bumperbot_ws/install/bumperbot_cpp_examples/bin'
[1.264s] Level 1:colcon.colcon_core.environment:checking '/home/vboxuser/bumperbot_ws/install/bumperbot_cpp_examples/lib/pkgconfig/bumperbot_cpp_examples.pc'
[1.265s] Level 1:colcon.colcon_core.environment:checking '/home/vboxuser/bumperbot_ws/install/bumperbot_cpp_examples/lib/python3.12/site-packages'
[1.265s] Level 1:colcon.colcon_core.environment:checking '/home/vboxuser/bumperbot_ws/install/bumperbot_cpp_examples/bin'
[1.265s] INFO:colcon.colcon_core.shell:Creating package script '/home/vboxuser/bumperbot_ws/install/bumperbot_cpp_examples/share/bumperbot_cpp_examples/package.ps1'
[1.266s] INFO:colcon.colcon_core.shell:Creating package descriptor '/home/vboxuser/bumperbot_ws/install/bumperbot_cpp_examples/share/bumperbot_cpp_examples/package.dsv'
[1.267s] INFO:colcon.colcon_core.shell:Creating package script '/home/vboxuser/bumperbot_ws/install/bumperbot_cpp_examples/share/bumperbot_cpp_examples/package.sh'
[1.267s] INFO:colcon.colcon_core.shell:Creating package script '/home/vboxuser/bumperbot_ws/install/bumperbot_cpp_examples/share/bumperbot_cpp_examples/package.bash'
[1.268s] INFO:colcon.colcon_core.shell:Creating package script '/home/vboxuser/bumperbot_ws/install/bumperbot_cpp_examples/share/bumperbot_cpp_examples/package.zsh'
[1.268s] Level 1:colcon.colcon_core.environment:create_file_with_runtime_dependencies(/home/vboxuser/bumperbot_ws/install/bumperbot_cpp_examples/share/colcon-core/packages/bumperbot_cpp_examples)
[1.272s] DEBUG:colcon.colcon_core.event_handler.log_command:Invoking command in '/home/vboxuser/bumperbot_ws/build/bumperbot_bringup': AMENT_PREFIX_PATH=/home/vboxuser/bumperbot_ws/install/bumperbot_mapping:/home/vboxuser/bumperbot_ws/install/bumperbot_localization:/home/vboxuser/bumperbot_ws/install/bumperbot_firmware:/home/vboxuser/bumperbot_ws/install/bumperbot_description:/home/vboxuser/bumperbot_ws/install/bumperbot_controller:${AMENT_PREFIX_PATH} CMAKE_PREFIX_PATH=/home/vboxuser/bumperbot_ws/install/bumperbot_mapping:/home/vboxuser/bumperbot_ws/install/bumperbot_localization:/home/vboxuser/bumperbot_ws/install/bumperbot_firmware:/home/vboxuser/bumperbot_ws/install/bumperbot_description:/home/vboxuser/bumperbot_ws/install/bumperbot_controller:/opt/ros/jazzy/opt/gz_sim_vendor:/opt/ros/jazzy/opt/gz_sensors_vendor:/opt/ros/jazzy/opt/gz_physics_vendor:/opt/ros/jazzy/opt/sdformat_vendor:/opt/ros/jazzy/opt/gz_gui_vendor:/opt/ros/jazzy/opt/gz_transport_vendor:/opt/ros/jazzy/opt/gz_rendering_vendor:/opt/ros/jazzy/opt/gz_plugin_vendor:/opt/ros/jazzy/opt/gz_fuel_tools_vendor:/opt/ros/jazzy/opt/gz_msgs_vendor:/opt/ros/jazzy/opt/gz_common_vendor:/opt/ros/jazzy/opt/gz_math_vendor:/opt/ros/jazzy/opt/gz_utils_vendor:/opt/ros/jazzy/opt/gz_tools_vendor:/opt/ros/jazzy/opt/gz_ogre_next_vendor:/opt/ros/jazzy/opt/gz_dartsim_vendor:/opt/ros/jazzy/opt/gz_cmake_vendor:/opt/ros/jazzy DEBUGINFOD_URLS=https://debuginfod.ubuntu.com LD_LIBRARY_PATH=/home/vboxuser/bumperbot_ws/install/bumperbot_firmware/lib:${LD_LIBRARY_PATH} PATH=/home/vboxuser/bumperbot_ws/install/bumperbot_localization/bin:${PATH} PYTHONPATH=/home/vboxuser/bumperbot_ws/install/bumperbot_mapping/lib/python3.12/site-packages:/home/vboxuser/bumperbot_ws/install/bumperbot_localization/lib/python3.12/site-packages:/home/vboxuser/bumperbot_ws/install/bumperbot_firmware/lib/python3.12/site-packages:/home/vboxuser/bumperbot_ws/install/bumperbot_controller/lib/python3.12/site-packages:${PYTHONPATH} /usr/bin/cmake --build /home/vboxuser/bumperbot_ws/build/bumperbot_bringup -- -j7 -l7
[1.322s] DEBUG:colcon.colcon_core.event_handler.log_command:Invoked command in '/home/vboxuser/bumperbot_ws/build/bumperbot_bringup' returned '0': AMENT_PREFIX_PATH=/home/vboxuser/bumperbot_ws/install/bumperbot_mapping:/home/vboxuser/bumperbot_ws/install/bumperbot_localization:/home/vboxuser/bumperbot_ws/install/bumperbot_firmware:/home/vboxuser/bumperbot_ws/install/bumperbot_description:/home/vboxuser/bumperbot_ws/install/bumperbot_controller:${AMENT_PREFIX_PATH} CMAKE_PREFIX_PATH=/home/vboxuser/bumperbot_ws/install/bumperbot_mapping:/home/vboxuser/bumperbot_ws/install/bumperbot_localization:/home/vboxuser/bumperbot_ws/install/bumperbot_firmware:/home/vboxuser/bumperbot_ws/install/bumperbot_description:/home/vboxuser/bumperbot_ws/install/bumperbot_controller:/opt/ros/jazzy/opt/gz_sim_vendor:/opt/ros/jazzy/opt/gz_sensors_vendor:/opt/ros/jazzy/opt/gz_physics_vendor:/opt/ros/jazzy/opt/sdformat_vendor:/opt/ros/jazzy/opt/gz_gui_vendor:/opt/ros/jazzy/opt/gz_transport_vendor:/opt/ros/jazzy/opt/gz_rendering_vendor:/opt/ros/jazzy/opt/gz_plugin_vendor:/opt/ros/jazzy/opt/gz_fuel_tools_vendor:/opt/ros/jazzy/opt/gz_msgs_vendor:/opt/ros/jazzy/opt/gz_common_vendor:/opt/ros/jazzy/opt/gz_math_vendor:/opt/ros/jazzy/opt/gz_utils_vendor:/opt/ros/jazzy/opt/gz_tools_vendor:/opt/ros/jazzy/opt/gz_ogre_next_vendor:/opt/ros/jazzy/opt/gz_dartsim_vendor:/opt/ros/jazzy/opt/gz_cmake_vendor:/opt/ros/jazzy DEBUGINFOD_URLS=https://debuginfod.ubuntu.com LD_LIBRARY_PATH=/home/vboxuser/bumperbot_ws/install/bumperbot_firmware/lib:${LD_LIBRARY_PATH} PATH=/home/vboxuser/bumperbot_ws/install/bumperbot_localization/bin:${PATH} PYTHONPATH=/home/vboxuser/bumperbot_ws/install/bumperbot_mapping/lib/python3.12/site-packages:/home/vboxuser/bumperbot_ws/install/bumperbot_localization/lib/python3.12/site-packages:/home/vboxuser/bumperbot_ws/install/bumperbot_firmware/lib/python3.12/site-packages:/home/vboxuser/bumperbot_ws/install/bumperbot_controller/lib/python3.12/site-packages:${PYTHONPATH} /usr/bin/cmake --build /home/vboxuser/bumperbot_ws/build/bumperbot_bringup -- -j7 -l7
[1.325s] DEBUG:colcon.colcon_core.event_handler.log_command:Invoking command in '/home/vboxuser/bumperbot_ws/build/bumperbot_bringup': AMENT_PREFIX_PATH=/home/vboxuser/bumperbot_ws/install/bumperbot_mapping:/home/vboxuser/bumperbot_ws/install/bumperbot_localization:/home/vboxuser/bumperbot_ws/install/bumperbot_firmware:/home/vboxuser/bumperbot_ws/install/bumperbot_description:/home/vboxuser/bumperbot_ws/install/bumperbot_controller:${AMENT_PREFIX_PATH} CMAKE_PREFIX_PATH=/home/vboxuser/bumperbot_ws/install/bumperbot_mapping:/home/vboxuser/bumperbot_ws/install/bumperbot_localization:/home/vboxuser/bumperbot_ws/install/bumperbot_firmware:/home/vboxuser/bumperbot_ws/install/bumperbot_description:/home/vboxuser/bumperbot_ws/install/bumperbot_controller:/opt/ros/jazzy/opt/gz_sim_vendor:/opt/ros/jazzy/opt/gz_sensors_vendor:/opt/ros/jazzy/opt/gz_physics_vendor:/opt/ros/jazzy/opt/sdformat_vendor:/opt/ros/jazzy/opt/gz_gui_vendor:/opt/ros/jazzy/opt/gz_transport_vendor:/opt/ros/jazzy/opt/gz_rendering_vendor:/opt/ros/jazzy/opt/gz_plugin_vendor:/opt/ros/jazzy/opt/gz_fuel_tools_vendor:/opt/ros/jazzy/opt/gz_msgs_vendor:/opt/ros/jazzy/opt/gz_common_vendor:/opt/ros/jazzy/opt/gz_math_vendor:/opt/ros/jazzy/opt/gz_utils_vendor:/opt/ros/jazzy/opt/gz_tools_vendor:/opt/ros/jazzy/opt/gz_ogre_next_vendor:/opt/ros/jazzy/opt/gz_dartsim_vendor:/opt/ros/jazzy/opt/gz_cmake_vendor:/opt/ros/jazzy DEBUGINFOD_URLS=https://debuginfod.ubuntu.com LD_LIBRARY_PATH=/home/vboxuser/bumperbot_ws/install/bumperbot_firmware/lib:${LD_LIBRARY_PATH} PATH=/home/vboxuser/bumperbot_ws/install/bumperbot_localization/bin:${PATH} PYTHONPATH=/home/vboxuser/bumperbot_ws/install/bumperbot_mapping/lib/python3.12/site-packages:/home/vboxuser/bumperbot_ws/install/bumperbot_localization/lib/python3.12/site-packages:/home/vboxuser/bumperbot_ws/install/bumperbot_firmware/lib/python3.12/site-packages:/home/vboxuser/bumperbot_ws/install/bumperbot_controller/lib/python3.12/site-packages:${PYTHONPATH} /usr/bin/cmake --install /home/vboxuser/bumperbot_ws/build/bumperbot_bringup
[1.338s] Level 1:colcon.colcon_core.environment:create_environment_scripts_only(bumperbot_bringup)
[1.339s] DEBUG:colcon.colcon_core.event_handler.log_command:Invoked command in '/home/vboxuser/bumperbot_ws/build/bumperbot_bringup' returned '0': AMENT_PREFIX_PATH=/home/vboxuser/bumperbot_ws/install/bumperbot_mapping:/home/vboxuser/bumperbot_ws/install/bumperbot_localization:/home/vboxuser/bumperbot_ws/install/bumperbot_firmware:/home/vboxuser/bumperbot_ws/install/bumperbot_description:/home/vboxuser/bumperbot_ws/install/bumperbot_controller:${AMENT_PREFIX_PATH} CMAKE_PREFIX_PATH=/home/vboxuser/bumperbot_ws/install/bumperbot_mapping:/home/vboxuser/bumperbot_ws/install/bumperbot_localization:/home/vboxuser/bumperbot_ws/install/bumperbot_firmware:/home/vboxuser/bumperbot_ws/install/bumperbot_description:/home/vboxuser/bumperbot_ws/install/bumperbot_controller:/opt/ros/jazzy/opt/gz_sim_vendor:/opt/ros/jazzy/opt/gz_sensors_vendor:/opt/ros/jazzy/opt/gz_physics_vendor:/opt/ros/jazzy/opt/sdformat_vendor:/opt/ros/jazzy/opt/gz_gui_vendor:/opt/ros/jazzy/opt/gz_transport_vendor:/opt/ros/jazzy/opt/gz_rendering_vendor:/opt/ros/jazzy/opt/gz_plugin_vendor:/opt/ros/jazzy/opt/gz_fuel_tools_vendor:/opt/ros/jazzy/opt/gz_msgs_vendor:/opt/ros/jazzy/opt/gz_common_vendor:/opt/ros/jazzy/opt/gz_math_vendor:/opt/ros/jazzy/opt/gz_utils_vendor:/opt/ros/jazzy/opt/gz_tools_vendor:/opt/ros/jazzy/opt/gz_ogre_next_vendor:/opt/ros/jazzy/opt/gz_dartsim_vendor:/opt/ros/jazzy/opt/gz_cmake_vendor:/opt/ros/jazzy DEBUGINFOD_URLS=https://debuginfod.ubuntu.com LD_LIBRARY_PATH=/home/vboxuser/bumperbot_ws/install/bumperbot_firmware/lib:${LD_LIBRARY_PATH} PATH=/home/vboxuser/bumperbot_ws/install/bumperbot_localization/bin:${PATH} PYTHONPATH=/home/vboxuser/bumperbot_ws/install/bumperbot_mapping/lib/python3.12/site-packages:/home/vboxuser/bumperbot_ws/install/bumperbot_localization/lib/python3.12/site-packages:/home/vboxuser/bumperbot_ws/install/bumperbot_firmware/lib/python3.12/site-packages:/home/vboxuser/bumperbot_ws/install/bumperbot_controller/lib/python3.12/site-packages:${PYTHONPATH} /usr/bin/cmake --install /home/vboxuser/bumperbot_ws/build/bumperbot_bringup
[1.339s] Level 1:colcon.colcon_core.environment:checking '/home/vboxuser/bumperbot_ws/install/bumperbot_bringup' for CMake module files
[1.340s] Level 1:colcon.colcon_core.environment:checking '/home/vboxuser/bumperbot_ws/install/bumperbot_bringup' for CMake config files
[1.340s] Level 1:colcon.colcon_core.shell:create_environment_hook('bumperbot_bringup', 'cmake_prefix_path')
[1.340s] INFO:colcon.colcon_core.shell:Creating environment hook '/home/vboxuser/bumperbot_ws/install/bumperbot_bringup/share/bumperbot_bringup/hook/cmake_prefix_path.ps1'
[1.340s] INFO:colcon.colcon_core.shell:Creating environment descriptor '/home/vboxuser/bumperbot_ws/install/bumperbot_bringup/share/bumperbot_bringup/hook/cmake_prefix_path.dsv'
[1.341s] INFO:colcon.colcon_core.shell:Creating environment hook '/home/vboxuser/bumperbot_ws/install/bumperbot_bringup/share/bumperbot_bringup/hook/cmake_prefix_path.sh'
[1.341s] Level 1:colcon.colcon_core.environment:checking '/home/vboxuser/bumperbot_ws/install/bumperbot_bringup/bin'
[1.342s] Level 1:colcon.colcon_core.environment:checking '/home/vboxuser/bumperbot_ws/install/bumperbot_bringup/lib/pkgconfig/bumperbot_bringup.pc'
[1.342s] Level 1:colcon.colcon_core.environment:checking '/home/vboxuser/bumperbot_ws/install/bumperbot_bringup/lib/python3.12/site-packages'
[1.342s] Level 1:colcon.colcon_core.environment:checking '/home/vboxuser/bumperbot_ws/install/bumperbot_bringup/bin'
[1.342s] INFO:colcon.colcon_core.shell:Creating package script '/home/vboxuser/bumperbot_ws/install/bumperbot_bringup/share/bumperbot_bringup/package.ps1'
[1.342s] INFO:colcon.colcon_core.shell:Creating package descriptor '/home/vboxuser/bumperbot_ws/install/bumperbot_bringup/share/bumperbot_bringup/package.dsv'
[1.343s] INFO:colcon.colcon_core.shell:Creating package script '/home/vboxuser/bumperbot_ws/install/bumperbot_bringup/share/bumperbot_bringup/package.sh'
[1.343s] INFO:colcon.colcon_core.shell:Creating package script '/home/vboxuser/bumperbot_ws/install/bumperbot_bringup/share/bumperbot_bringup/package.bash'
[1.344s] INFO:colcon.colcon_core.shell:Creating package script '/home/vboxuser/bumperbot_ws/install/bumperbot_bringup/share/bumperbot_bringup/package.zsh'
[1.344s] Level 1:colcon.colcon_core.environment:create_file_with_runtime_dependencies(/home/vboxuser/bumperbot_ws/install/bumperbot_bringup/share/colcon-core/packages/bumperbot_bringup)
[1.345s] Level 1:colcon.colcon_core.environment:create_environment_scripts_only(bumperbot_bringup)
[1.345s] Level 1:colcon.colcon_core.environment:checking '/home/vboxuser/bumperbot_ws/install/bumperbot_bringup' for CMake module files
[1.345s] Level 1:colcon.colcon_core.environment:checking '/home/vboxuser/bumperbot_ws/install/bumperbot_bringup' for CMake config files
[1.345s] Level 1:colcon.colcon_core.shell:create_environment_hook('bumperbot_bringup', 'cmake_prefix_path')
[1.345s] INFO:colcon.colcon_core.shell:Creating environment hook '/home/vboxuser/bumperbot_ws/install/bumperbot_bringup/share/bumperbot_bringup/hook/cmake_prefix_path.ps1'
[1.345s] INFO:colcon.colcon_core.shell:Creating environment descriptor '/home/vboxuser/bumperbot_ws/install/bumperbot_bringup/share/bumperbot_bringup/hook/cmake_prefix_path.dsv'
[1.346s] INFO:colcon.colcon_core.shell:Creating environment hook '/home/vboxuser/bumperbot_ws/install/bumperbot_bringup/share/bumperbot_bringup/hook/cmake_prefix_path.sh'
[1.346s] Level 1:colcon.colcon_core.environment:checking '/home/vboxuser/bumperbot_ws/install/bumperbot_bringup/bin'
[1.347s] Level 1:colcon.colcon_core.environment:checking '/home/vboxuser/bumperbot_ws/install/bumperbot_bringup/lib/pkgconfig/bumperbot_bringup.pc'
[1.347s] Level 1:colcon.colcon_core.environment:checking '/home/vboxuser/bumperbot_ws/install/bumperbot_bringup/lib/python3.12/site-packages'
[1.347s] Level 1:colcon.colcon_core.environment:checking '/home/vboxuser/bumperbot_ws/install/bumperbot_bringup/bin'
[1.347s] INFO:colcon.colcon_core.shell:Creating package script '/home/vboxuser/bumperbot_ws/install/bumperbot_bringup/share/bumperbot_bringup/package.ps1'
[1.347s] INFO:colcon.colcon_core.shell:Creating package descriptor '/home/vboxuser/bumperbot_ws/install/bumperbot_bringup/share/bumperbot_bringup/package.dsv'
[1.348s] INFO:colcon.colcon_core.shell:Creating package script '/home/vboxuser/bumperbot_ws/install/bumperbot_bringup/share/bumperbot_bringup/package.sh'
[1.348s] INFO:colcon.colcon_core.shell:Creating package script '/home/vboxuser/bumperbot_ws/install/bumperbot_bringup/share/bumperbot_bringup/package.bash'
[1.349s] INFO:colcon.colcon_core.shell:Creating package script '/home/vboxuser/bumperbot_ws/install/bumperbot_bringup/share/bumperbot_bringup/package.zsh'
[1.349s] Level 1:colcon.colcon_core.environment:create_file_with_runtime_dependencies(/home/vboxuser/bumperbot_ws/install/bumperbot_bringup/share/colcon-core/packages/bumperbot_bringup)
[1.663s] DEBUG:colcon.colcon_core.event_handler.log_command:Invoking command in '/home/vboxuser/bumperbot_ws/src/bumperbot_py_examples': AMENT_PREFIX_PATH=/home/vboxuser/bumperbot_ws/install/bumperbot_msgs:${AMENT_PREFIX_PATH} CMAKE_PREFIX_PATH=/home/vboxuser/bumperbot_ws/install/bumperbot_msgs:${CMAKE_PREFIX_PATH} DEBUGINFOD_URLS=https://debuginfod.ubuntu.com LD_LIBRARY_PATH=/home/vboxuser/bumperbot_ws/install/bumperbot_msgs/lib:${LD_LIBRARY_PATH} PYTHONPATH=/home/vboxuser/bumperbot_ws/build/bumperbot_py_examples/prefix_override:/usr/lib/python3/dist-packages/colcon_core/task/python/colcon_distutils_commands:/home/vboxuser/bumperbot_ws/install/bumperbot_py_examples/lib/python3.12/site-packages:/home/vboxuser/bumperbot_ws/install/bumperbot_msgs/lib/python3.12/site-packages:${PYTHONPATH} /usr/bin/python3 -W ignore:setup.py install is deprecated -W ignore:easy_install command is deprecated setup.py egg_info --egg-base ../../build/bumperbot_py_examples build --build-base /home/vboxuser/bumperbot_ws/build/bumperbot_py_examples/build install --record /home/vboxuser/bumperbot_ws/build/bumperbot_py_examples/install.log --single-version-externally-managed install_data
[2.035s] Level 1:colcon.colcon_core.environment:checking '/home/vboxuser/bumperbot_ws/install/bumperbot_py_examples' for CMake module files
[2.036s] DEBUG:colcon.colcon_core.event_handler.log_command:Invoked command in '/home/vboxuser/bumperbot_ws/src/bumperbot_py_examples' returned '0': AMENT_PREFIX_PATH=/home/vboxuser/bumperbot_ws/install/bumperbot_msgs:${AMENT_PREFIX_PATH} CMAKE_PREFIX_PATH=/home/vboxuser/bumperbot_ws/install/bumperbot_msgs:${CMAKE_PREFIX_PATH} DEBUGINFOD_URLS=https://debuginfod.ubuntu.com LD_LIBRARY_PATH=/home/vboxuser/bumperbot_ws/install/bumperbot_msgs/lib:${LD_LIBRARY_PATH} PYTHONPATH=/home/vboxuser/bumperbot_ws/build/bumperbot_py_examples/prefix_override:/usr/lib/python3/dist-packages/colcon_core/task/python/colcon_distutils_commands:/home/vboxuser/bumperbot_ws/install/bumperbot_py_examples/lib/python3.12/site-packages:/home/vboxuser/bumperbot_ws/install/bumperbot_msgs/lib/python3.12/site-packages:${PYTHONPATH} /usr/bin/python3 -W ignore:setup.py install is deprecated -W ignore:easy_install command is deprecated setup.py egg_info --egg-base ../../build/bumperbot_py_examples build --build-base /home/vboxuser/bumperbot_ws/build/bumperbot_py_examples/build install --record /home/vboxuser/bumperbot_ws/build/bumperbot_py_examples/install.log --single-version-externally-managed install_data
[2.037s] Level 1:colcon.colcon_core.environment:checking '/home/vboxuser/bumperbot_ws/install/bumperbot_py_examples' for CMake config files
[2.037s] Level 1:colcon.colcon_core.environment:checking '/home/vboxuser/bumperbot_ws/install/bumperbot_py_examples/lib'
[2.037s] Level 1:colcon.colcon_core.environment:checking '/home/vboxuser/bumperbot_ws/install/bumperbot_py_examples/bin'
[2.037s] Level 1:colcon.colcon_core.environment:checking '/home/vboxuser/bumperbot_ws/install/bumperbot_py_examples/lib/pkgconfig/bumperbot_py_examples.pc'
[2.037s] Level 1:colcon.colcon_core.environment:checking '/home/vboxuser/bumperbot_ws/install/bumperbot_py_examples/lib/python3.12/site-packages'
[2.037s] Level 1:colcon.colcon_core.shell:create_environment_hook('bumperbot_py_examples', 'pythonpath')
[2.038s] INFO:colcon.colcon_core.shell:Creating environment hook '/home/vboxuser/bumperbot_ws/install/bumperbot_py_examples/share/bumperbot_py_examples/hook/pythonpath.ps1'
[2.038s] INFO:colcon.colcon_core.shell:Creating environment descriptor '/home/vboxuser/bumperbot_ws/install/bumperbot_py_examples/share/bumperbot_py_examples/hook/pythonpath.dsv'
[2.038s] INFO:colcon.colcon_core.shell:Creating environment hook '/home/vboxuser/bumperbot_ws/install/bumperbot_py_examples/share/bumperbot_py_examples/hook/pythonpath.sh'
[2.039s] Level 1:colcon.colcon_core.environment:checking '/home/vboxuser/bumperbot_ws/install/bumperbot_py_examples/bin'
[2.039s] Level 1:colcon.colcon_core.environment:create_environment_scripts_only(bumperbot_py_examples)
[2.039s] INFO:colcon.colcon_core.shell:Creating package script '/home/vboxuser/bumperbot_ws/install/bumperbot_py_examples/share/bumperbot_py_examples/package.ps1'
[2.040s] INFO:colcon.colcon_core.shell:Creating package descriptor '/home/vboxuser/bumperbot_ws/install/bumperbot_py_examples/share/bumperbot_py_examples/package.dsv'
[2.040s] INFO:colcon.colcon_core.shell:Creating package script '/home/vboxuser/bumperbot_ws/install/bumperbot_py_examples/share/bumperbot_py_examples/package.sh'
[2.041s] INFO:colcon.colcon_core.shell:Creating package script '/home/vboxuser/bumperbot_ws/install/bumperbot_py_examples/share/bumperbot_py_examples/package.bash'
[2.041s] INFO:colcon.colcon_core.shell:Creating package script '/home/vboxuser/bumperbot_ws/install/bumperbot_py_examples/share/bumperbot_py_examples/package.zsh'
[2.041s] Level 1:colcon.colcon_core.environment:create_file_with_runtime_dependencies(/home/vboxuser/bumperbot_ws/install/bumperbot_py_examples/share/colcon-core/packages/bumperbot_py_examples)
[2.042s] DEBUG:colcon.colcon_parallel_executor.executor.parallel:closing loop
[2.042s] DEBUG:colcon.colcon_parallel_executor.executor.parallel:loop closed
[2.042s] DEBUG:colcon.colcon_parallel_executor.executor.parallel:run_until_complete finished with '0'
[2.043s] DEBUG:colcon.colcon_core.event_reactor:joining thread
[2.050s] INFO:colcon.colcon_core.plugin_system:Skipping extension 'colcon_notification.desktop_notification.terminal_notifier': Not used on non-Darwin systems
[2.050s] INFO:colcon.colcon_core.plugin_system:Skipping extension 'colcon_notification.desktop_notification.win32': Not used on non-Windows systems
[2.051s] INFO:colcon.colcon_notification.desktop_notification:Sending desktop notification using 'notify2'
[2.071s] DEBUG:colcon.colcon_core.event_reactor:joined thread
[2.071s] INFO:colcon.colcon_core.shell:Creating prefix script '/home/vboxuser/bumperbot_ws/install/local_setup.ps1'
[2.072s] INFO:colcon.colcon_core.shell:Creating prefix util module '/home/vboxuser/bumperbot_ws/install/_local_setup_util_ps1.py'
[2.073s] INFO:colcon.colcon_core.shell:Creating prefix chain script '/home/vboxuser/bumperbot_ws/install/setup.ps1'
[2.074s] INFO:colcon.colcon_core.shell:Creating prefix script '/home/vboxuser/bumperbot_ws/install/local_setup.sh'
[2.075s] INFO:colcon.colcon_core.shell:Creating prefix util module '/home/vboxuser/bumperbot_ws/install/_local_setup_util_sh.py'
[2.076s] INFO:colcon.colcon_core.shell:Creating prefix chain script '/home/vboxuser/bumperbot_ws/install/setup.sh'
[2.076s] INFO:colcon.colcon_core.shell:Creating prefix script '/home/vboxuser/bumperbot_ws/install/local_setup.bash'
[2.077s] INFO:colcon.colcon_core.shell:Creating prefix chain script '/home/vboxuser/bumperbot_ws/install/setup.bash'
[2.078s] INFO:colcon.colcon_core.shell:Creating prefix script '/home/vboxuser/bumperbot_ws/install/local_setup.zsh'
[2.078s] INFO:colcon.colcon_core.shell:Creating prefix chain script '/home/vboxuser/bumperbot_ws/install/setup.zsh'
