[0.205s] DEBUG:colcon:Command line arguments: ['/usr/bin/colcon', 'build']
[0.205s] DEBUG:colcon:Parsed command line arguments: Namespace(log_base=None, log_level=None, verb_name='build', build_base='build', install_base='install', merge_install=False, symlink_install=False, test_result_base=None, continue_on_error=False, executor='parallel', parallel_workers=6, event_handlers=None, ignore_user_meta=False, metas=['./colcon.meta'], base_paths=['.'], packages_ignore=None, packages_ignore_regex=None, paths=None, packages_up_to=None, packages_up_to_regex=None, packages_above=None, packages_above_and_dependencies=None, packages_above_depth=None, packages_select_by_dep=None, packages_skip_by_dep=None, packages_skip_up_to=None, packages_select_build_failed=False, packages_skip_build_finished=False, packages_select_test_failures=False, packages_skip_test_passed=False, packages_select=None, packages_skip=None, packages_select_regex=None, packages_skip_regex=None, packages_start=None, packages_end=None, allow_overriding=[], cmake_args=None, cmake_target=None, cmake_target_skip_unavailable=False, cmake_clean_cache=False, cmake_clean_first=False, cmake_force_configure=False, ament_cmake_args=None, catkin_cmake_args=None, catkin_skip_building_tests=False, mixin_files=None, mixin=None, verb_parser=<colcon_mixin.mixin.mixin_argument.MixinArgumentDecorator object at 0x76dce50a9a30>, verb_extension=<colcon_core.verb.build.BuildVerb object at 0x76dce50a9730>, main=<bound method BuildVerb.main of <colcon_core.verb.build.BuildVerb object at 0x76dce50a9730>>, mixin_verb=('build',))
[0.283s] Level 1:colcon.colcon_core.package_discovery:discover_packages(colcon_meta) check parameters
[0.283s] Level 1:colcon.colcon_core.package_discovery:discover_packages(recursive) check parameters
[0.283s] Level 1:colcon.colcon_core.package_discovery:discover_packages(ignore) check parameters
[0.283s] Level 1:colcon.colcon_core.package_discovery:discover_packages(path) check parameters
[0.283s] Level 1:colcon.colcon_core.package_discovery:discover_packages(colcon_meta) discover
[0.283s] Level 1:colcon.colcon_core.package_discovery:discover_packages(recursive) discover
[0.283s] INFO:colcon.colcon_core.package_discovery:Crawling recursively for packages in '/home/vboxuser/bumperbot_ws'
[0.283s] Level 1:colcon.colcon_core.package_identification:_identify(.) by extensions ['ignore', 'ignore_ament_install']
[0.283s] Level 1:colcon.colcon_core.package_identification:_identify(.) by extension 'ignore'
[0.284s] Level 1:colcon.colcon_core.package_identification:_identify(.) by extension 'ignore_ament_install'
[0.284s] Level 1:colcon.colcon_core.package_identification:_identify(.) by extensions ['colcon_pkg']
[0.284s] Level 1:colcon.colcon_core.package_identification:_identify(.) by extension 'colcon_pkg'
[0.284s] Level 1:colcon.colcon_core.package_identification:_identify(.) by extensions ['colcon_meta']
[0.284s] Level 1:colcon.colcon_core.package_identification:_identify(.) by extension 'colcon_meta'
[0.284s] Level 1:colcon.colcon_core.package_identification:_identify(.) by extensions ['ros']
[0.284s] Level 1:colcon.colcon_core.package_identification:_identify(.) by extension 'ros'
[0.308s] Level 1:colcon.colcon_core.package_identification:_identify(.) by extensions ['cmake', 'python']
[0.308s] Level 1:colcon.colcon_core.package_identification:_identify(.) by extension 'cmake'
[0.308s] Level 1:colcon.colcon_core.package_identification:_identify(.) by extension 'python'
[0.308s] Level 1:colcon.colcon_core.package_identification:_identify(.) by extensions ['python_setup_py']
[0.308s] Level 1:colcon.colcon_core.package_identification:_identify(.) by extension 'python_setup_py'
[0.309s] Level 1:colcon.colcon_core.package_identification:_identify(build) by extensions ['ignore', 'ignore_ament_install']
[0.309s] Level 1:colcon.colcon_core.package_identification:_identify(build) by extension 'ignore'
[0.309s] Level 1:colcon.colcon_core.package_identification:_identify(build) ignored
[0.309s] Level 1:colcon.colcon_core.package_identification:_identify(install) by extensions ['ignore', 'ignore_ament_install']
[0.309s] Level 1:colcon.colcon_core.package_identification:_identify(install) by extension 'ignore'
[0.309s] Level 1:colcon.colcon_core.package_identification:_identify(install) ignored
[0.309s] Level 1:colcon.colcon_core.package_identification:_identify(log) by extensions ['ignore', 'ignore_ament_install']
[0.309s] Level 1:colcon.colcon_core.package_identification:_identify(log) by extension 'ignore'
[0.309s] Level 1:colcon.colcon_core.package_identification:_identify(log) ignored
[0.309s] Level 1:colcon.colcon_core.package_identification:_identify(src) by extensions ['ignore', 'ignore_ament_install']
[0.310s] Level 1:colcon.colcon_core.package_identification:_identify(src) by extension 'ignore'
[0.310s] Level 1:colcon.colcon_core.package_identification:_identify(src) by extension 'ignore_ament_install'
[0.310s] Level 1:colcon.colcon_core.package_identification:_identify(src) by extensions ['colcon_pkg']
[0.310s] Level 1:colcon.colcon_core.package_identification:_identify(src) by extension 'colcon_pkg'
[0.310s] Level 1:colcon.colcon_core.package_identification:_identify(src) by extensions ['colcon_meta']
[0.310s] Level 1:colcon.colcon_core.package_identification:_identify(src) by extension 'colcon_meta'
[0.310s] Level 1:colcon.colcon_core.package_identification:_identify(src) by extensions ['ros']
[0.310s] Level 1:colcon.colcon_core.package_identification:_identify(src) by extension 'ros'
[0.310s] Level 1:colcon.colcon_core.package_identification:_identify(src) by extensions ['cmake', 'python']
[0.310s] Level 1:colcon.colcon_core.package_identification:_identify(src) by extension 'cmake'
[0.310s] Level 1:colcon.colcon_core.package_identification:_identify(src) by extension 'python'
[0.310s] Level 1:colcon.colcon_core.package_identification:_identify(src) by extensions ['python_setup_py']
[0.310s] Level 1:colcon.colcon_core.package_identification:_identify(src) by extension 'python_setup_py'
[0.310s] Level 1:colcon.colcon_core.package_identification:_identify(src/Self-Driving-and-ROS-2-Learn-by-Doing-Plan-Navigation) by extensions ['ignore', 'ignore_ament_install']
[0.310s] Level 1:colcon.colcon_core.package_identification:_identify(src/Self-Driving-and-ROS-2-Learn-by-Doing-Plan-Navigation) by extension 'ignore'
[0.311s] Level 1:colcon.colcon_core.package_identification:_identify(src/Self-Driving-and-ROS-2-Learn-by-Doing-Plan-Navigation) ignored
[0.312s] Level 1:colcon.colcon_core.package_identification:_identify(src/bumperbot_bringup) by extensions ['ignore', 'ignore_ament_install']
[0.312s] Level 1:colcon.colcon_core.package_identification:_identify(src/bumperbot_bringup) by extension 'ignore'
[0.312s] Level 1:colcon.colcon_core.package_identification:_identify(src/bumperbot_bringup) by extension 'ignore_ament_install'
[0.312s] Level 1:colcon.colcon_core.package_identification:_identify(src/bumperbot_bringup) by extensions ['colcon_pkg']
[0.312s] Level 1:colcon.colcon_core.package_identification:_identify(src/bumperbot_bringup) by extension 'colcon_pkg'
[0.312s] Level 1:colcon.colcon_core.package_identification:_identify(src/bumperbot_bringup) by extensions ['colcon_meta']
[0.312s] Level 1:colcon.colcon_core.package_identification:_identify(src/bumperbot_bringup) by extension 'colcon_meta'
[0.312s] Level 1:colcon.colcon_core.package_identification:_identify(src/bumperbot_bringup) by extensions ['ros']
[0.312s] Level 1:colcon.colcon_core.package_identification:_identify(src/bumperbot_bringup) by extension 'ros'
[0.315s] DEBUG:colcon.colcon_core.package_identification:Package 'src/bumperbot_bringup' with type 'ros.ament_cmake' and name 'bumperbot_bringup'
[0.316s] Level 1:colcon.colcon_core.package_identification:_identify(src/bumperbot_controller) by extensions ['ignore', 'ignore_ament_install']
[0.316s] Level 1:colcon.colcon_core.package_identification:_identify(src/bumperbot_controller) by extension 'ignore'
[0.316s] Level 1:colcon.colcon_core.package_identification:_identify(src/bumperbot_controller) by extension 'ignore_ament_install'
[0.316s] Level 1:colcon.colcon_core.package_identification:_identify(src/bumperbot_controller) by extensions ['colcon_pkg']
[0.316s] Level 1:colcon.colcon_core.package_identification:_identify(src/bumperbot_controller) by extension 'colcon_pkg'
[0.316s] Level 1:colcon.colcon_core.package_identification:_identify(src/bumperbot_controller) by extensions ['colcon_meta']
[0.316s] Level 1:colcon.colcon_core.package_identification:_identify(src/bumperbot_controller) by extension 'colcon_meta'
[0.316s] Level 1:colcon.colcon_core.package_identification:_identify(src/bumperbot_controller) by extensions ['ros']
[0.316s] Level 1:colcon.colcon_core.package_identification:_identify(src/bumperbot_controller) by extension 'ros'
[0.317s] DEBUG:colcon.colcon_core.package_identification:Package 'src/bumperbot_controller' with type 'ros.ament_cmake' and name 'bumperbot_controller'
[0.318s] Level 1:colcon.colcon_core.package_identification:_identify(src/bumperbot_cpp_examples) by extensions ['ignore', 'ignore_ament_install']
[0.318s] Level 1:colcon.colcon_core.package_identification:_identify(src/bumperbot_cpp_examples) by extension 'ignore'
[0.318s] Level 1:colcon.colcon_core.package_identification:_identify(src/bumperbot_cpp_examples) by extension 'ignore_ament_install'
[0.318s] Level 1:colcon.colcon_core.package_identification:_identify(src/bumperbot_cpp_examples) by extensions ['colcon_pkg']
[0.318s] Level 1:colcon.colcon_core.package_identification:_identify(src/bumperbot_cpp_examples) by extension 'colcon_pkg'
[0.318s] Level 1:colcon.colcon_core.package_identification:_identify(src/bumperbot_cpp_examples) by extensions ['colcon_meta']
[0.318s] Level 1:colcon.colcon_core.package_identification:_identify(src/bumperbot_cpp_examples) by extension 'colcon_meta'
[0.318s] Level 1:colcon.colcon_core.package_identification:_identify(src/bumperbot_cpp_examples) by extensions ['ros']
[0.318s] Level 1:colcon.colcon_core.package_identification:_identify(src/bumperbot_cpp_examples) by extension 'ros'
[0.319s] DEBUG:colcon.colcon_core.package_identification:Package 'src/bumperbot_cpp_examples' with type 'ros.ament_cmake' and name 'bumperbot_cpp_examples'
[0.320s] Level 1:colcon.colcon_core.package_identification:_identify(src/bumperbot_description) by extensions ['ignore', 'ignore_ament_install']
[0.320s] Level 1:colcon.colcon_core.package_identification:_identify(src/bumperbot_description) by extension 'ignore'
[0.320s] Level 1:colcon.colcon_core.package_identification:_identify(src/bumperbot_description) by extension 'ignore_ament_install'
[0.320s] Level 1:colcon.colcon_core.package_identification:_identify(src/bumperbot_description) by extensions ['colcon_pkg']
[0.320s] Level 1:colcon.colcon_core.package_identification:_identify(src/bumperbot_description) by extension 'colcon_pkg'
[0.320s] Level 1:colcon.colcon_core.package_identification:_identify(src/bumperbot_description) by extensions ['colcon_meta']
[0.320s] Level 1:colcon.colcon_core.package_identification:_identify(src/bumperbot_description) by extension 'colcon_meta'
[0.320s] Level 1:colcon.colcon_core.package_identification:_identify(src/bumperbot_description) by extensions ['ros']
[0.320s] Level 1:colcon.colcon_core.package_identification:_identify(src/bumperbot_description) by extension 'ros'
[0.323s] DEBUG:colcon.colcon_core.package_identification:Package 'src/bumperbot_description' with type 'ros.ament_cmake' and name 'bumperbot_description'
[0.324s] Level 1:colcon.colcon_core.package_identification:_identify(src/bumperbot_firmware) by extensions ['ignore', 'ignore_ament_install']
[0.324s] Level 1:colcon.colcon_core.package_identification:_identify(src/bumperbot_firmware) by extension 'ignore'
[0.324s] Level 1:colcon.colcon_core.package_identification:_identify(src/bumperbot_firmware) by extension 'ignore_ament_install'
[0.324s] Level 1:colcon.colcon_core.package_identification:_identify(src/bumperbot_firmware) by extensions ['colcon_pkg']
[0.324s] Level 1:colcon.colcon_core.package_identification:_identify(src/bumperbot_firmware) by extension 'colcon_pkg'
[0.324s] Level 1:colcon.colcon_core.package_identification:_identify(src/bumperbot_firmware) by extensions ['colcon_meta']
[0.324s] Level 1:colcon.colcon_core.package_identification:_identify(src/bumperbot_firmware) by extension 'colcon_meta'
[0.324s] Level 1:colcon.colcon_core.package_identification:_identify(src/bumperbot_firmware) by extensions ['ros']
[0.324s] Level 1:colcon.colcon_core.package_identification:_identify(src/bumperbot_firmware) by extension 'ros'
[0.325s] DEBUG:colcon.colcon_core.package_identification:Package 'src/bumperbot_firmware' with type 'ros.ament_cmake' and name 'bumperbot_firmware'
[0.325s] Level 1:colcon.colcon_core.package_identification:_identify(src/bumperbot_localization) by extensions ['ignore', 'ignore_ament_install']
[0.325s] Level 1:colcon.colcon_core.package_identification:_identify(src/bumperbot_localization) by extension 'ignore'
[0.325s] Level 1:colcon.colcon_core.package_identification:_identify(src/bumperbot_localization) by extension 'ignore_ament_install'
[0.325s] Level 1:colcon.colcon_core.package_identification:_identify(src/bumperbot_localization) by extensions ['colcon_pkg']
[0.325s] Level 1:colcon.colcon_core.package_identification:_identify(src/bumperbot_localization) by extension 'colcon_pkg'
[0.325s] Level 1:colcon.colcon_core.package_identification:_identify(src/bumperbot_localization) by extensions ['colcon_meta']
[0.325s] Level 1:colcon.colcon_core.package_identification:_identify(src/bumperbot_localization) by extension 'colcon_meta'
[0.325s] Level 1:colcon.colcon_core.package_identification:_identify(src/bumperbot_localization) by extensions ['ros']
[0.326s] Level 1:colcon.colcon_core.package_identification:_identify(src/bumperbot_localization) by extension 'ros'
[0.326s] DEBUG:colcon.colcon_core.package_identification:Package 'src/bumperbot_localization' with type 'ros.ament_cmake' and name 'bumperbot_localization'
[0.327s] Level 1:colcon.colcon_core.package_identification:_identify(src/bumperbot_mapping) by extensions ['ignore', 'ignore_ament_install']
[0.327s] Level 1:colcon.colcon_core.package_identification:_identify(src/bumperbot_mapping) by extension 'ignore'
[0.327s] Level 1:colcon.colcon_core.package_identification:_identify(src/bumperbot_mapping) by extension 'ignore_ament_install'
[0.327s] Level 1:colcon.colcon_core.package_identification:_identify(src/bumperbot_mapping) by extensions ['colcon_pkg']
[0.327s] Level 1:colcon.colcon_core.package_identification:_identify(src/bumperbot_mapping) by extension 'colcon_pkg'
[0.327s] Level 1:colcon.colcon_core.package_identification:_identify(src/bumperbot_mapping) by extensions ['colcon_meta']
[0.327s] Level 1:colcon.colcon_core.package_identification:_identify(src/bumperbot_mapping) by extension 'colcon_meta'
[0.327s] Level 1:colcon.colcon_core.package_identification:_identify(src/bumperbot_mapping) by extensions ['ros']
[0.327s] Level 1:colcon.colcon_core.package_identification:_identify(src/bumperbot_mapping) by extension 'ros'
[0.328s] DEBUG:colcon.colcon_core.package_identification:Package 'src/bumperbot_mapping' with type 'ros.ament_cmake' and name 'bumperbot_mapping'
[0.329s] Level 1:colcon.colcon_core.package_identification:_identify(src/bumperbot_msgs) by extensions ['ignore', 'ignore_ament_install']
[0.329s] Level 1:colcon.colcon_core.package_identification:_identify(src/bumperbot_msgs) by extension 'ignore'
[0.329s] Level 1:colcon.colcon_core.package_identification:_identify(src/bumperbot_msgs) by extension 'ignore_ament_install'
[0.329s] Level 1:colcon.colcon_core.package_identification:_identify(src/bumperbot_msgs) by extensions ['colcon_pkg']
[0.329s] Level 1:colcon.colcon_core.package_identification:_identify(src/bumperbot_msgs) by extension 'colcon_pkg'
[0.329s] Level 1:colcon.colcon_core.package_identification:_identify(src/bumperbot_msgs) by extensions ['colcon_meta']
[0.329s] Level 1:colcon.colcon_core.package_identification:_identify(src/bumperbot_msgs) by extension 'colcon_meta'
[0.329s] Level 1:colcon.colcon_core.package_identification:_identify(src/bumperbot_msgs) by extensions ['ros']
[0.329s] Level 1:colcon.colcon_core.package_identification:_identify(src/bumperbot_msgs) by extension 'ros'
[0.330s] DEBUG:colcon.colcon_core.package_identification:Package 'src/bumperbot_msgs' with type 'ros.ament_cmake' and name 'bumperbot_msgs'
[0.330s] Level 1:colcon.colcon_core.package_identification:_identify(src/bumperbot_py_examples) by extensions ['ignore', 'ignore_ament_install']
[0.330s] Level 1:colcon.colcon_core.package_identification:_identify(src/bumperbot_py_examples) by extension 'ignore'
[0.330s] Level 1:colcon.colcon_core.package_identification:_identify(src/bumperbot_py_examples) by extension 'ignore_ament_install'
[0.330s] Level 1:colcon.colcon_core.package_identification:_identify(src/bumperbot_py_examples) by extensions ['colcon_pkg']
[0.330s] Level 1:colcon.colcon_core.package_identification:_identify(src/bumperbot_py_examples) by extension 'colcon_pkg'
[0.330s] Level 1:colcon.colcon_core.package_identification:_identify(src/bumperbot_py_examples) by extensions ['colcon_meta']
[0.330s] Level 1:colcon.colcon_core.package_identification:_identify(src/bumperbot_py_examples) by extension 'colcon_meta'
[0.330s] Level 1:colcon.colcon_core.package_identification:_identify(src/bumperbot_py_examples) by extensions ['ros']
[0.330s] Level 1:colcon.colcon_core.package_identification:_identify(src/bumperbot_py_examples) by extension 'ros'
[0.331s] DEBUG:colcon.colcon_core.package_identification:Package 'src/bumperbot_py_examples' with type 'ros.ament_python' and name 'bumperbot_py_examples'
[0.332s] Level 1:colcon.colcon_core.package_identification:_identify(src/bumperbot_utils) by extensions ['ignore', 'ignore_ament_install']
[0.332s] Level 1:colcon.colcon_core.package_identification:_identify(src/bumperbot_utils) by extension 'ignore'
[0.332s] Level 1:colcon.colcon_core.package_identification:_identify(src/bumperbot_utils) by extension 'ignore_ament_install'
[0.332s] Level 1:colcon.colcon_core.package_identification:_identify(src/bumperbot_utils) by extensions ['colcon_pkg']
[0.332s] Level 1:colcon.colcon_core.package_identification:_identify(src/bumperbot_utils) by extension 'colcon_pkg'
[0.332s] Level 1:colcon.colcon_core.package_identification:_identify(src/bumperbot_utils) by extensions ['colcon_meta']
[0.332s] Level 1:colcon.colcon_core.package_identification:_identify(src/bumperbot_utils) by extension 'colcon_meta'
[0.332s] Level 1:colcon.colcon_core.package_identification:_identify(src/bumperbot_utils) by extensions ['ros']
[0.332s] Level 1:colcon.colcon_core.package_identification:_identify(src/bumperbot_utils) by extension 'ros'
[0.333s] DEBUG:colcon.colcon_core.package_identification:Package 'src/bumperbot_utils' with type 'ros.ament_cmake' and name 'bumperbot_utils'
[0.333s] Level 1:colcon.colcon_core.package_discovery:discover_packages(recursive) using defaults
[0.333s] Level 1:colcon.colcon_core.package_discovery:discover_packages(ignore) discover
[0.333s] Level 1:colcon.colcon_core.package_discovery:discover_packages(ignore) using defaults
[0.333s] Level 1:colcon.colcon_core.package_discovery:discover_packages(path) discover
[0.333s] Level 1:colcon.colcon_core.package_discovery:discover_packages(path) using defaults
[0.358s] Level 1:colcon.colcon_core.package_discovery:discover_packages(prefix_path) check parameters
[0.358s] Level 1:colcon.colcon_core.package_discovery:discover_packages(prefix_path) discover
[0.363s] DEBUG:colcon.colcon_installed_package_information.package_discovery:Found 10 installed packages in /home/vboxuser/bumperbot_ws/install
[0.364s] DEBUG:colcon.colcon_installed_package_information.package_discovery:Found 382 installed packages in /opt/ros/jazzy
[0.364s] Level 1:colcon.colcon_core.package_discovery:discover_packages(prefix_path) using defaults
[0.403s] Level 5:colcon.colcon_core.verb:set package 'bumperbot_controller' build argument 'cmake_args' from command line to 'None'
[0.403s] Level 5:colcon.colcon_core.verb:set package 'bumperbot_controller' build argument 'cmake_target' from command line to 'None'
[0.403s] Level 5:colcon.colcon_core.verb:set package 'bumperbot_controller' build argument 'cmake_target_skip_unavailable' from command line to 'False'
[0.403s] Level 5:colcon.colcon_core.verb:set package 'bumperbot_controller' build argument 'cmake_clean_cache' from command line to 'False'
[0.403s] Level 5:colcon.colcon_core.verb:set package 'bumperbot_controller' build argument 'cmake_clean_first' from command line to 'False'
[0.403s] Level 5:colcon.colcon_core.verb:set package 'bumperbot_controller' build argument 'cmake_force_configure' from command line to 'False'
[0.403s] Level 5:colcon.colcon_core.verb:set package 'bumperbot_controller' build argument 'ament_cmake_args' from command line to 'None'
[0.403s] Level 5:colcon.colcon_core.verb:set package 'bumperbot_controller' build argument 'catkin_cmake_args' from command line to 'None'
[0.403s] Level 5:colcon.colcon_core.verb:set package 'bumperbot_controller' build argument 'catkin_skip_building_tests' from command line to 'False'
[0.404s] DEBUG:colcon.colcon_core.verb:Building package 'bumperbot_controller' with the following arguments: {'ament_cmake_args': None, 'build_base': '/home/vboxuser/bumperbot_ws/build/bumperbot_controller', 'catkin_cmake_args': None, 'catkin_skip_building_tests': False, 'cmake_args': None, 'cmake_clean_cache': False, 'cmake_clean_first': False, 'cmake_force_configure': False, 'cmake_target': None, 'cmake_target_skip_unavailable': False, 'install_base': '/home/vboxuser/bumperbot_ws/install/bumperbot_controller', 'merge_install': False, 'path': '/home/vboxuser/bumperbot_ws/src/bumperbot_controller', 'symlink_install': False, 'test_result_base': None}
[0.404s] Level 5:colcon.colcon_core.verb:set package 'bumperbot_description' build argument 'cmake_args' from command line to 'None'
[0.404s] Level 5:colcon.colcon_core.verb:set package 'bumperbot_description' build argument 'cmake_target' from command line to 'None'
[0.404s] Level 5:colcon.colcon_core.verb:set package 'bumperbot_description' build argument 'cmake_target_skip_unavailable' from command line to 'False'
[0.404s] Level 5:colcon.colcon_core.verb:set package 'bumperbot_description' build argument 'cmake_clean_cache' from command line to 'False'
[0.404s] Level 5:colcon.colcon_core.verb:set package 'bumperbot_description' build argument 'cmake_clean_first' from command line to 'False'
[0.404s] Level 5:colcon.colcon_core.verb:set package 'bumperbot_description' build argument 'cmake_force_configure' from command line to 'False'
[0.404s] Level 5:colcon.colcon_core.verb:set package 'bumperbot_description' build argument 'ament_cmake_args' from command line to 'None'
[0.404s] Level 5:colcon.colcon_core.verb:set package 'bumperbot_description' build argument 'catkin_cmake_args' from command line to 'None'
[0.404s] Level 5:colcon.colcon_core.verb:set package 'bumperbot_description' build argument 'catkin_skip_building_tests' from command line to 'False'
[0.404s] DEBUG:colcon.colcon_core.verb:Building package 'bumperbot_description' with the following arguments: {'ament_cmake_args': None, 'build_base': '/home/vboxuser/bumperbot_ws/build/bumperbot_description', 'catkin_cmake_args': None, 'catkin_skip_building_tests': False, 'cmake_args': None, 'cmake_clean_cache': False, 'cmake_clean_first': False, 'cmake_force_configure': False, 'cmake_target': None, 'cmake_target_skip_unavailable': False, 'install_base': '/home/vboxuser/bumperbot_ws/install/bumperbot_description', 'merge_install': False, 'path': '/home/vboxuser/bumperbot_ws/src/bumperbot_description', 'symlink_install': False, 'test_result_base': None}
[0.404s] Level 5:colcon.colcon_core.verb:set package 'bumperbot_firmware' build argument 'cmake_args' from command line to 'None'
[0.404s] Level 5:colcon.colcon_core.verb:set package 'bumperbot_firmware' build argument 'cmake_target' from command line to 'None'
[0.404s] Level 5:colcon.colcon_core.verb:set package 'bumperbot_firmware' build argument 'cmake_target_skip_unavailable' from command line to 'False'
[0.404s] Level 5:colcon.colcon_core.verb:set package 'bumperbot_firmware' build argument 'cmake_clean_cache' from command line to 'False'
[0.404s] Level 5:colcon.colcon_core.verb:set package 'bumperbot_firmware' build argument 'cmake_clean_first' from command line to 'False'
[0.404s] Level 5:colcon.colcon_core.verb:set package 'bumperbot_firmware' build argument 'cmake_force_configure' from command line to 'False'
[0.404s] Level 5:colcon.colcon_core.verb:set package 'bumperbot_firmware' build argument 'ament_cmake_args' from command line to 'None'
[0.404s] Level 5:colcon.colcon_core.verb:set package 'bumperbot_firmware' build argument 'catkin_cmake_args' from command line to 'None'
[0.404s] Level 5:colcon.colcon_core.verb:set package 'bumperbot_firmware' build argument 'catkin_skip_building_tests' from command line to 'False'
[0.404s] DEBUG:colcon.colcon_core.verb:Building package 'bumperbot_firmware' with the following arguments: {'ament_cmake_args': None, 'build_base': '/home/vboxuser/bumperbot_ws/build/bumperbot_firmware', 'catkin_cmake_args': None, 'catkin_skip_building_tests': False, 'cmake_args': None, 'cmake_clean_cache': False, 'cmake_clean_first': False, 'cmake_force_configure': False, 'cmake_target': None, 'cmake_target_skip_unavailable': False, 'install_base': '/home/vboxuser/bumperbot_ws/install/bumperbot_firmware', 'merge_install': False, 'path': '/home/vboxuser/bumperbot_ws/src/bumperbot_firmware', 'symlink_install': False, 'test_result_base': None}
[0.404s] Level 5:colcon.colcon_core.verb:set package 'bumperbot_localization' build argument 'cmake_args' from command line to 'None'
[0.404s] Level 5:colcon.colcon_core.verb:set package 'bumperbot_localization' build argument 'cmake_target' from command line to 'None'
[0.404s] Level 5:colcon.colcon_core.verb:set package 'bumperbot_localization' build argument 'cmake_target_skip_unavailable' from command line to 'False'
[0.404s] Level 5:colcon.colcon_core.verb:set package 'bumperbot_localization' build argument 'cmake_clean_cache' from command line to 'False'
[0.404s] Level 5:colcon.colcon_core.verb:set package 'bumperbot_localization' build argument 'cmake_clean_first' from command line to 'False'
[0.404s] Level 5:colcon.colcon_core.verb:set package 'bumperbot_localization' build argument 'cmake_force_configure' from command line to 'False'
[0.404s] Level 5:colcon.colcon_core.verb:set package 'bumperbot_localization' build argument 'ament_cmake_args' from command line to 'None'
[0.404s] Level 5:colcon.colcon_core.verb:set package 'bumperbot_localization' build argument 'catkin_cmake_args' from command line to 'None'
[0.404s] Level 5:colcon.colcon_core.verb:set package 'bumperbot_localization' build argument 'catkin_skip_building_tests' from command line to 'False'
[0.404s] DEBUG:colcon.colcon_core.verb:Building package 'bumperbot_localization' with the following arguments: {'ament_cmake_args': None, 'build_base': '/home/vboxuser/bumperbot_ws/build/bumperbot_localization', 'catkin_cmake_args': None, 'catkin_skip_building_tests': False, 'cmake_args': None, 'cmake_clean_cache': False, 'cmake_clean_first': False, 'cmake_force_configure': False, 'cmake_target': None, 'cmake_target_skip_unavailable': False, 'install_base': '/home/vboxuser/bumperbot_ws/install/bumperbot_localization', 'merge_install': False, 'path': '/home/vboxuser/bumperbot_ws/src/bumperbot_localization', 'symlink_install': False, 'test_result_base': None}
[0.404s] Level 5:colcon.colcon_core.verb:set package 'bumperbot_mapping' build argument 'cmake_args' from command line to 'None'
[0.404s] Level 5:colcon.colcon_core.verb:set package 'bumperbot_mapping' build argument 'cmake_target' from command line to 'None'
[0.404s] Level 5:colcon.colcon_core.verb:set package 'bumperbot_mapping' build argument 'cmake_target_skip_unavailable' from command line to 'False'
[0.404s] Level 5:colcon.colcon_core.verb:set package 'bumperbot_mapping' build argument 'cmake_clean_cache' from command line to 'False'
[0.404s] Level 5:colcon.colcon_core.verb:set package 'bumperbot_mapping' build argument 'cmake_clean_first' from command line to 'False'
[0.404s] Level 5:colcon.colcon_core.verb:set package 'bumperbot_mapping' build argument 'cmake_force_configure' from command line to 'False'
[0.404s] Level 5:colcon.colcon_core.verb:set package 'bumperbot_mapping' build argument 'ament_cmake_args' from command line to 'None'
[0.404s] Level 5:colcon.colcon_core.verb:set package 'bumperbot_mapping' build argument 'catkin_cmake_args' from command line to 'None'
[0.404s] Level 5:colcon.colcon_core.verb:set package 'bumperbot_mapping' build argument 'catkin_skip_building_tests' from command line to 'False'
[0.404s] DEBUG:colcon.colcon_core.verb:Building package 'bumperbot_mapping' with the following arguments: {'ament_cmake_args': None, 'build_base': '/home/vboxuser/bumperbot_ws/build/bumperbot_mapping', 'catkin_cmake_args': None, 'catkin_skip_building_tests': False, 'cmake_args': None, 'cmake_clean_cache': False, 'cmake_clean_first': False, 'cmake_force_configure': False, 'cmake_target': None, 'cmake_target_skip_unavailable': False, 'install_base': '/home/vboxuser/bumperbot_ws/install/bumperbot_mapping', 'merge_install': False, 'path': '/home/vboxuser/bumperbot_ws/src/bumperbot_mapping', 'symlink_install': False, 'test_result_base': None}
[0.404s] Level 5:colcon.colcon_core.verb:set package 'bumperbot_msgs' build argument 'cmake_args' from command line to 'None'
[0.404s] Level 5:colcon.colcon_core.verb:set package 'bumperbot_msgs' build argument 'cmake_target' from command line to 'None'
[0.404s] Level 5:colcon.colcon_core.verb:set package 'bumperbot_msgs' build argument 'cmake_target_skip_unavailable' from command line to 'False'
[0.404s] Level 5:colcon.colcon_core.verb:set package 'bumperbot_msgs' build argument 'cmake_clean_cache' from command line to 'False'
[0.405s] Level 5:colcon.colcon_core.verb:set package 'bumperbot_msgs' build argument 'cmake_clean_first' from command line to 'False'
[0.405s] Level 5:colcon.colcon_core.verb:set package 'bumperbot_msgs' build argument 'cmake_force_configure' from command line to 'False'
[0.405s] Level 5:colcon.colcon_core.verb:set package 'bumperbot_msgs' build argument 'ament_cmake_args' from command line to 'None'
[0.405s] Level 5:colcon.colcon_core.verb:set package 'bumperbot_msgs' build argument 'catkin_cmake_args' from command line to 'None'
[0.405s] Level 5:colcon.colcon_core.verb:set package 'bumperbot_msgs' build argument 'catkin_skip_building_tests' from command line to 'False'
[0.405s] DEBUG:colcon.colcon_core.verb:Building package 'bumperbot_msgs' with the following arguments: {'ament_cmake_args': None, 'build_base': '/home/vboxuser/bumperbot_ws/build/bumperbot_msgs', 'catkin_cmake_args': None, 'catkin_skip_building_tests': False, 'cmake_args': None, 'cmake_clean_cache': False, 'cmake_clean_first': False, 'cmake_force_configure': False, 'cmake_target': None, 'cmake_target_skip_unavailable': False, 'install_base': '/home/vboxuser/bumperbot_ws/install/bumperbot_msgs', 'merge_install': False, 'path': '/home/vboxuser/bumperbot_ws/src/bumperbot_msgs', 'symlink_install': False, 'test_result_base': None}
[0.405s] Level 5:colcon.colcon_core.verb:set package 'bumperbot_utils' build argument 'cmake_args' from command line to 'None'
[0.405s] Level 5:colcon.colcon_core.verb:set package 'bumperbot_utils' build argument 'cmake_target' from command line to 'None'
[0.405s] Level 5:colcon.colcon_core.verb:set package 'bumperbot_utils' build argument 'cmake_target_skip_unavailable' from command line to 'False'
[0.405s] Level 5:colcon.colcon_core.verb:set package 'bumperbot_utils' build argument 'cmake_clean_cache' from command line to 'False'
[0.405s] Level 5:colcon.colcon_core.verb:set package 'bumperbot_utils' build argument 'cmake_clean_first' from command line to 'False'
[0.405s] Level 5:colcon.colcon_core.verb:set package 'bumperbot_utils' build argument 'cmake_force_configure' from command line to 'False'
[0.405s] Level 5:colcon.colcon_core.verb:set package 'bumperbot_utils' build argument 'ament_cmake_args' from command line to 'None'
[0.405s] Level 5:colcon.colcon_core.verb:set package 'bumperbot_utils' build argument 'catkin_cmake_args' from command line to 'None'
[0.405s] Level 5:colcon.colcon_core.verb:set package 'bumperbot_utils' build argument 'catkin_skip_building_tests' from command line to 'False'
[0.405s] DEBUG:colcon.colcon_core.verb:Building package 'bumperbot_utils' with the following arguments: {'ament_cmake_args': None, 'build_base': '/home/vboxuser/bumperbot_ws/build/bumperbot_utils', 'catkin_cmake_args': None, 'catkin_skip_building_tests': False, 'cmake_args': None, 'cmake_clean_cache': False, 'cmake_clean_first': False, 'cmake_force_configure': False, 'cmake_target': None, 'cmake_target_skip_unavailable': False, 'install_base': '/home/vboxuser/bumperbot_ws/install/bumperbot_utils', 'merge_install': False, 'path': '/home/vboxuser/bumperbot_ws/src/bumperbot_utils', 'symlink_install': False, 'test_result_base': None}
[0.405s] Level 5:colcon.colcon_core.verb:set package 'bumperbot_bringup' build argument 'cmake_args' from command line to 'None'
[0.405s] Level 5:colcon.colcon_core.verb:set package 'bumperbot_bringup' build argument 'cmake_target' from command line to 'None'
[0.405s] Level 5:colcon.colcon_core.verb:set package 'bumperbot_bringup' build argument 'cmake_target_skip_unavailable' from command line to 'False'
[0.405s] Level 5:colcon.colcon_core.verb:set package 'bumperbot_bringup' build argument 'cmake_clean_cache' from command line to 'False'
[0.405s] Level 5:colcon.colcon_core.verb:set package 'bumperbot_bringup' build argument 'cmake_clean_first' from command line to 'False'
[0.405s] Level 5:colcon.colcon_core.verb:set package 'bumperbot_bringup' build argument 'cmake_force_configure' from command line to 'False'
[0.405s] Level 5:colcon.colcon_core.verb:set package 'bumperbot_bringup' build argument 'ament_cmake_args' from command line to 'None'
[0.405s] Level 5:colcon.colcon_core.verb:set package 'bumperbot_bringup' build argument 'catkin_cmake_args' from command line to 'None'
[0.405s] Level 5:colcon.colcon_core.verb:set package 'bumperbot_bringup' build argument 'catkin_skip_building_tests' from command line to 'False'
[0.405s] DEBUG:colcon.colcon_core.verb:Building package 'bumperbot_bringup' with the following arguments: {'ament_cmake_args': None, 'build_base': '/home/vboxuser/bumperbot_ws/build/bumperbot_bringup', 'catkin_cmake_args': None, 'catkin_skip_building_tests': False, 'cmake_args': None, 'cmake_clean_cache': False, 'cmake_clean_first': False, 'cmake_force_configure': False, 'cmake_target': None, 'cmake_target_skip_unavailable': False, 'install_base': '/home/vboxuser/bumperbot_ws/install/bumperbot_bringup', 'merge_install': False, 'path': '/home/vboxuser/bumperbot_ws/src/bumperbot_bringup', 'symlink_install': False, 'test_result_base': None}
[0.405s] Level 5:colcon.colcon_core.verb:set package 'bumperbot_cpp_examples' build argument 'cmake_args' from command line to 'None'
[0.405s] Level 5:colcon.colcon_core.verb:set package 'bumperbot_cpp_examples' build argument 'cmake_target' from command line to 'None'
[0.405s] Level 5:colcon.colcon_core.verb:set package 'bumperbot_cpp_examples' build argument 'cmake_target_skip_unavailable' from command line to 'False'
[0.405s] Level 5:colcon.colcon_core.verb:set package 'bumperbot_cpp_examples' build argument 'cmake_clean_cache' from command line to 'False'
[0.405s] Level 5:colcon.colcon_core.verb:set package 'bumperbot_cpp_examples' build argument 'cmake_clean_first' from command line to 'False'
[0.405s] Level 5:colcon.colcon_core.verb:set package 'bumperbot_cpp_examples' build argument 'cmake_force_configure' from command line to 'False'
[0.405s] Level 5:colcon.colcon_core.verb:set package 'bumperbot_cpp_examples' build argument 'ament_cmake_args' from command line to 'None'
[0.405s] Level 5:colcon.colcon_core.verb:set package 'bumperbot_cpp_examples' build argument 'catkin_cmake_args' from command line to 'None'
[0.405s] Level 5:colcon.colcon_core.verb:set package 'bumperbot_cpp_examples' build argument 'catkin_skip_building_tests' from command line to 'False'
[0.405s] DEBUG:colcon.colcon_core.verb:Building package 'bumperbot_cpp_examples' with the following arguments: {'ament_cmake_args': None, 'build_base': '/home/vboxuser/bumperbot_ws/build/bumperbot_cpp_examples', 'catkin_cmake_args': None, 'catkin_skip_building_tests': False, 'cmake_args': None, 'cmake_clean_cache': False, 'cmake_clean_first': False, 'cmake_force_configure': False, 'cmake_target': None, 'cmake_target_skip_unavailable': False, 'install_base': '/home/vboxuser/bumperbot_ws/install/bumperbot_cpp_examples', 'merge_install': False, 'path': '/home/vboxuser/bumperbot_ws/src/bumperbot_cpp_examples', 'symlink_install': False, 'test_result_base': None}
[0.405s] Level 5:colcon.colcon_core.verb:set package 'bumperbot_py_examples' build argument 'cmake_args' from command line to 'None'
[0.405s] Level 5:colcon.colcon_core.verb:set package 'bumperbot_py_examples' build argument 'cmake_target' from command line to 'None'
[0.405s] Level 5:colcon.colcon_core.verb:set package 'bumperbot_py_examples' build argument 'cmake_target_skip_unavailable' from command line to 'False'
[0.405s] Level 5:colcon.colcon_core.verb:set package 'bumperbot_py_examples' build argument 'cmake_clean_cache' from command line to 'False'
[0.405s] Level 5:colcon.colcon_core.verb:set package 'bumperbot_py_examples' build argument 'cmake_clean_first' from command line to 'False'
[0.405s] Level 5:colcon.colcon_core.verb:set package 'bumperbot_py_examples' build argument 'cmake_force_configure' from command line to 'False'
[0.405s] Level 5:colcon.colcon_core.verb:set package 'bumperbot_py_examples' build argument 'ament_cmake_args' from command line to 'None'
[0.405s] Level 5:colcon.colcon_core.verb:set package 'bumperbot_py_examples' build argument 'catkin_cmake_args' from command line to 'None'
[0.405s] Level 5:colcon.colcon_core.verb:set package 'bumperbot_py_examples' build argument 'catkin_skip_building_tests' from command line to 'False'
[0.405s] DEBUG:colcon.colcon_core.verb:Building package 'bumperbot_py_examples' with the following arguments: {'ament_cmake_args': None, 'build_base': '/home/vboxuser/bumperbot_ws/build/bumperbot_py_examples', 'catkin_cmake_args': None, 'catkin_skip_building_tests': False, 'cmake_args': None, 'cmake_clean_cache': False, 'cmake_clean_first': False, 'cmake_force_configure': False, 'cmake_target': None, 'cmake_target_skip_unavailable': False, 'install_base': '/home/vboxuser/bumperbot_ws/install/bumperbot_py_examples', 'merge_install': False, 'path': '/home/vboxuser/bumperbot_ws/src/bumperbot_py_examples', 'symlink_install': False, 'test_result_base': None}
[0.405s] INFO:colcon.colcon_core.executor:Executing jobs using 'parallel' executor
[0.407s] DEBUG:colcon.colcon_parallel_executor.executor.parallel:run_until_complete
[0.407s] INFO:colcon.colcon_ros.task.ament_cmake.build:Building ROS package in '/home/vboxuser/bumperbot_ws/src/bumperbot_msgs' with build type 'ament_cmake'
[0.407s] INFO:colcon.colcon_cmake.task.cmake.build:Building CMake package in '/home/vboxuser/bumperbot_ws/src/bumperbot_msgs'
[0.418s] INFO:colcon.colcon_core.plugin_system:Skipping extension 'colcon_core.shell.bat': Not used on non-Windows systems
[0.418s] INFO:colcon.colcon_core.shell:Skip shell extension 'powershell' for command environment: Not usable outside of PowerShell
[0.418s] DEBUG:colcon.colcon_core.shell:Skip shell extension 'dsv' for command environment
[0.425s] INFO:colcon.colcon_ros.task.ament_cmake.build:Building ROS package in '/home/vboxuser/bumperbot_ws/src/bumperbot_controller' with build type 'ament_cmake'
[0.425s] INFO:colcon.colcon_cmake.task.cmake.build:Building CMake package in '/home/vboxuser/bumperbot_ws/src/bumperbot_controller'
[0.425s] INFO:colcon.colcon_core.shell:Skip shell extension 'powershell' for command environment: Not usable outside of PowerShell
[0.425s] DEBUG:colcon.colcon_core.shell:Skip shell extension 'dsv' for command environment
[0.430s] INFO:colcon.colcon_ros.task.ament_cmake.build:Building ROS package in '/home/vboxuser/bumperbot_ws/src/bumperbot_description' with build type 'ament_cmake'
[0.430s] INFO:colcon.colcon_cmake.task.cmake.build:Building CMake package in '/home/vboxuser/bumperbot_ws/src/bumperbot_description'
[0.430s] INFO:colcon.colcon_core.shell:Skip shell extension 'powershell' for command environment: Not usable outside of PowerShell
[0.430s] DEBUG:colcon.colcon_core.shell:Skip shell extension 'dsv' for command environment
[0.435s] INFO:colcon.colcon_ros.task.ament_cmake.build:Building ROS package in '/home/vboxuser/bumperbot_ws/src/bumperbot_firmware' with build type 'ament_cmake'
[0.435s] INFO:colcon.colcon_cmake.task.cmake.build:Building CMake package in '/home/vboxuser/bumperbot_ws/src/bumperbot_firmware'
[0.435s] INFO:colcon.colcon_core.shell:Skip shell extension 'powershell' for command environment: Not usable outside of PowerShell
[0.436s] DEBUG:colcon.colcon_core.shell:Skip shell extension 'dsv' for command environment
[0.440s] INFO:colcon.colcon_ros.task.ament_cmake.build:Building ROS package in '/home/vboxuser/bumperbot_ws/src/bumperbot_localization' with build type 'ament_cmake'
[0.440s] INFO:colcon.colcon_cmake.task.cmake.build:Building CMake package in '/home/vboxuser/bumperbot_ws/src/bumperbot_localization'
[0.441s] INFO:colcon.colcon_core.shell:Skip shell extension 'powershell' for command environment: Not usable outside of PowerShell
[0.441s] DEBUG:colcon.colcon_core.shell:Skip shell extension 'dsv' for command environment
[0.444s] INFO:colcon.colcon_ros.task.ament_cmake.build:Building ROS package in '/home/vboxuser/bumperbot_ws/src/bumperbot_mapping' with build type 'ament_cmake'
[0.445s] INFO:colcon.colcon_cmake.task.cmake.build:Building CMake package in '/home/vboxuser/bumperbot_ws/src/bumperbot_mapping'
[0.445s] INFO:colcon.colcon_core.shell:Skip shell extension 'powershell' for command environment: Not usable outside of PowerShell
[0.445s] DEBUG:colcon.colcon_core.shell:Skip shell extension 'dsv' for command environment
[0.454s] DEBUG:colcon.colcon_core.event_handler.log_command:Invoking command in '/home/vboxuser/bumperbot_ws/build/bumperbot_msgs': CMAKE_PREFIX_PATH=${CMAKE_PREFIX_PATH}:/home/vboxuser/bumperbot_ws/install/bumperbot_py_examples:/opt/ros/jazzy DEBUGINFOD_URLS=https://debuginfod.ubuntu.com /usr/bin/cmake --build /home/vboxuser/bumperbot_ws/build/bumperbot_msgs -- -j6 -l6
[0.465s] DEBUG:colcon.colcon_core.event_handler.log_command:Invoking command in '/home/vboxuser/bumperbot_ws/build/bumperbot_controller': CMAKE_PREFIX_PATH=${CMAKE_PREFIX_PATH}:/home/vboxuser/bumperbot_ws/install/bumperbot_py_examples:/opt/ros/jazzy DEBUGINFOD_URLS=https://debuginfod.ubuntu.com /usr/bin/cmake --build /home/vboxuser/bumperbot_ws/build/bumperbot_controller -- -j6 -l6
[0.478s] DEBUG:colcon.colcon_core.event_handler.log_command:Invoking command in '/home/vboxuser/bumperbot_ws/build/bumperbot_description': CMAKE_PREFIX_PATH=${CMAKE_PREFIX_PATH}:/home/vboxuser/bumperbot_ws/install/bumperbot_py_examples:/opt/ros/jazzy DEBUGINFOD_URLS=https://debuginfod.ubuntu.com /usr/bin/cmake --build /home/vboxuser/bumperbot_ws/build/bumperbot_description -- -j6 -l6
[0.482s] DEBUG:colcon.colcon_core.event_handler.log_command:Invoking command in '/home/vboxuser/bumperbot_ws/build/bumperbot_firmware': CMAKE_PREFIX_PATH=${CMAKE_PREFIX_PATH}:/home/vboxuser/bumperbot_ws/install/bumperbot_py_examples:/opt/ros/jazzy DEBUGINFOD_URLS=https://debuginfod.ubuntu.com /usr/bin/cmake --build /home/vboxuser/bumperbot_ws/build/bumperbot_firmware -- -j6 -l6
[0.488s] DEBUG:colcon.colcon_core.event_handler.log_command:Invoking command in '/home/vboxuser/bumperbot_ws/build/bumperbot_localization': CMAKE_PREFIX_PATH=${CMAKE_PREFIX_PATH}:/home/vboxuser/bumperbot_ws/install/bumperbot_py_examples:/opt/ros/jazzy DEBUGINFOD_URLS=https://debuginfod.ubuntu.com /usr/bin/cmake --build /home/vboxuser/bumperbot_ws/build/bumperbot_localization -- -j6 -l6
[0.499s] DEBUG:colcon.colcon_core.event_handler.log_command:Invoking command in '/home/vboxuser/bumperbot_ws/build/bumperbot_mapping': CMAKE_PREFIX_PATH=${CMAKE_PREFIX_PATH}:/home/vboxuser/bumperbot_ws/install/bumperbot_py_examples:/opt/ros/jazzy DEBUGINFOD_URLS=https://debuginfod.ubuntu.com /usr/bin/cmake --build /home/vboxuser/bumperbot_ws/build/bumperbot_mapping -- -j6 -l6
[0.679s] DEBUG:colcon.colcon_core.event_handler.log_command:Invoked command in '/home/vboxuser/bumperbot_ws/build/bumperbot_description' returned '0': CMAKE_PREFIX_PATH=${CMAKE_PREFIX_PATH}:/home/vboxuser/bumperbot_ws/install/bumperbot_py_examples:/opt/ros/jazzy DEBUGINFOD_URLS=https://debuginfod.ubuntu.com /usr/bin/cmake --build /home/vboxuser/bumperbot_ws/build/bumperbot_description -- -j6 -l6
[0.704s] DEBUG:colcon.colcon_core.event_handler.log_command:Invoking command in '/home/vboxuser/bumperbot_ws/build/bumperbot_description': CMAKE_PREFIX_PATH=${CMAKE_PREFIX_PATH}:/home/vboxuser/bumperbot_ws/install/bumperbot_py_examples:/opt/ros/jazzy DEBUGINFOD_URLS=https://debuginfod.ubuntu.com /usr/bin/cmake --install /home/vboxuser/bumperbot_ws/build/bumperbot_description
[1.051s] DEBUG:colcon.colcon_core.event_handler.log_command:Invoked command in '/home/vboxuser/bumperbot_ws/build/bumperbot_controller' returned '0': CMAKE_PREFIX_PATH=${CMAKE_PREFIX_PATH}:/home/vboxuser/bumperbot_ws/install/bumperbot_py_examples:/opt/ros/jazzy DEBUGINFOD_URLS=https://debuginfod.ubuntu.com /usr/bin/cmake --build /home/vboxuser/bumperbot_ws/build/bumperbot_controller -- -j6 -l6
[1.068s] DEBUG:colcon.colcon_core.event_handler.log_command:Invoking command in '/home/vboxuser/bumperbot_ws/build/bumperbot_controller': CMAKE_PREFIX_PATH=${CMAKE_PREFIX_PATH}:/home/vboxuser/bumperbot_ws/install/bumperbot_py_examples:/opt/ros/jazzy DEBUGINFOD_URLS=https://debuginfod.ubuntu.com /usr/bin/cmake --install /home/vboxuser/bumperbot_ws/build/bumperbot_controller
[1.091s] DEBUG:colcon.colcon_core.event_handler.log_command:Invoked command in '/home/vboxuser/bumperbot_ws/build/bumperbot_firmware' returned '0': CMAKE_PREFIX_PATH=${CMAKE_PREFIX_PATH}:/home/vboxuser/bumperbot_ws/install/bumperbot_py_examples:/opt/ros/jazzy DEBUGINFOD_URLS=https://debuginfod.ubuntu.com /usr/bin/cmake --build /home/vboxuser/bumperbot_ws/build/bumperbot_firmware -- -j6 -l6
[1.092s] DEBUG:colcon.colcon_core.event_handler.log_command:Invoking command in '/home/vboxuser/bumperbot_ws/build/bumperbot_firmware': CMAKE_PREFIX_PATH=${CMAKE_PREFIX_PATH}:/home/vboxuser/bumperbot_ws/install/bumperbot_py_examples:/opt/ros/jazzy DEBUGINFOD_URLS=https://debuginfod.ubuntu.com /usr/bin/cmake --install /home/vboxuser/bumperbot_ws/build/bumperbot_firmware
[1.099s] DEBUG:colcon.colcon_core.event_handler.log_command:Invoked command in '/home/vboxuser/bumperbot_ws/build/bumperbot_mapping' returned '0': CMAKE_PREFIX_PATH=${CMAKE_PREFIX_PATH}:/home/vboxuser/bumperbot_ws/install/bumperbot_py_examples:/opt/ros/jazzy DEBUGINFOD_URLS=https://debuginfod.ubuntu.com /usr/bin/cmake --build /home/vboxuser/bumperbot_ws/build/bumperbot_mapping -- -j6 -l6
[1.113s] DEBUG:colcon.colcon_core.event_handler.log_command:Invoking command in '/home/vboxuser/bumperbot_ws/build/bumperbot_mapping': CMAKE_PREFIX_PATH=${CMAKE_PREFIX_PATH}:/home/vboxuser/bumperbot_ws/install/bumperbot_py_examples:/opt/ros/jazzy DEBUGINFOD_URLS=https://debuginfod.ubuntu.com /usr/bin/cmake --install /home/vboxuser/bumperbot_ws/build/bumperbot_mapping
[1.164s] DEBUG:colcon.colcon_core.event_handler.log_command:Invoked command in '/home/vboxuser/bumperbot_ws/build/bumperbot_localization' returned '0': CMAKE_PREFIX_PATH=${CMAKE_PREFIX_PATH}:/home/vboxuser/bumperbot_ws/install/bumperbot_py_examples:/opt/ros/jazzy DEBUGINFOD_URLS=https://debuginfod.ubuntu.com /usr/bin/cmake --build /home/vboxuser/bumperbot_ws/build/bumperbot_localization -- -j6 -l6
[1.171s] DEBUG:colcon.colcon_core.event_handler.log_command:Invoking command in '/home/vboxuser/bumperbot_ws/build/bumperbot_localization': CMAKE_PREFIX_PATH=${CMAKE_PREFIX_PATH}:/home/vboxuser/bumperbot_ws/install/bumperbot_py_examples:/opt/ros/jazzy DEBUGINFOD_URLS=https://debuginfod.ubuntu.com /usr/bin/cmake --install /home/vboxuser/bumperbot_ws/build/bumperbot_localization
[1.197s] DEBUG:colcon.colcon_core.event_handler.log_command:Invoked command in '/home/vboxuser/bumperbot_ws/build/bumperbot_msgs' returned '0': CMAKE_PREFIX_PATH=${CMAKE_PREFIX_PATH}:/home/vboxuser/bumperbot_ws/install/bumperbot_py_examples:/opt/ros/jazzy DEBUGINFOD_URLS=https://debuginfod.ubuntu.com /usr/bin/cmake --build /home/vboxuser/bumperbot_ws/build/bumperbot_msgs -- -j6 -l6
[1.204s] DEBUG:colcon.colcon_core.event_handler.log_command:Invoking command in '/home/vboxuser/bumperbot_ws/build/bumperbot_msgs': CMAKE_PREFIX_PATH=${CMAKE_PREFIX_PATH}:/home/vboxuser/bumperbot_ws/install/bumperbot_py_examples:/opt/ros/jazzy DEBUGINFOD_URLS=https://debuginfod.ubuntu.com /usr/bin/cmake --install /home/vboxuser/bumperbot_ws/build/bumperbot_msgs
[1.234s] Level 1:colcon.colcon_core.environment:create_environment_scripts_only(bumperbot_controller)
[1.313s] Level 1:colcon.colcon_core.environment:checking '/home/vboxuser/bumperbot_ws/install/bumperbot_controller' for CMake module files
[1.315s] Level 1:colcon.colcon_core.environment:checking '/home/vboxuser/bumperbot_ws/install/bumperbot_controller' for CMake config files
[1.316s] Level 1:colcon.colcon_core.shell:create_environment_hook('bumperbot_controller', 'cmake_prefix_path')
[1.316s] INFO:colcon.colcon_core.shell:Creating environment hook '/home/vboxuser/bumperbot_ws/install/bumperbot_controller/share/bumperbot_controller/hook/cmake_prefix_path.ps1'
[1.324s] INFO:colcon.colcon_core.shell:Creating environment descriptor '/home/vboxuser/bumperbot_ws/install/bumperbot_controller/share/bumperbot_controller/hook/cmake_prefix_path.dsv'
[1.325s] INFO:colcon.colcon_core.shell:Creating environment hook '/home/vboxuser/bumperbot_ws/install/bumperbot_controller/share/bumperbot_controller/hook/cmake_prefix_path.sh'
[1.329s] Level 1:colcon.colcon_core.environment:checking '/home/vboxuser/bumperbot_ws/install/bumperbot_controller/lib'
[1.329s] Level 1:colcon.colcon_core.environment:checking '/home/vboxuser/bumperbot_ws/install/bumperbot_controller/bin'
[1.329s] Level 1:colcon.colcon_core.environment:checking '/home/vboxuser/bumperbot_ws/install/bumperbot_controller/lib/pkgconfig/bumperbot_controller.pc'
[1.329s] Level 1:colcon.colcon_core.environment:checking '/home/vboxuser/bumperbot_ws/install/bumperbot_controller/lib/python3.12/site-packages'
[1.329s] Level 1:colcon.colcon_core.shell:create_environment_hook('bumperbot_controller', 'pythonpath')
[1.330s] INFO:colcon.colcon_core.shell:Creating environment hook '/home/vboxuser/bumperbot_ws/install/bumperbot_controller/share/bumperbot_controller/hook/pythonpath.ps1'
[1.334s] INFO:colcon.colcon_core.shell:Creating environment descriptor '/home/vboxuser/bumperbot_ws/install/bumperbot_controller/share/bumperbot_controller/hook/pythonpath.dsv'
[1.335s] INFO:colcon.colcon_core.shell:Creating environment hook '/home/vboxuser/bumperbot_ws/install/bumperbot_controller/share/bumperbot_controller/hook/pythonpath.sh'
[1.337s] Level 1:colcon.colcon_core.environment:checking '/home/vboxuser/bumperbot_ws/install/bumperbot_controller/bin'
[1.337s] INFO:colcon.colcon_core.shell:Creating package script '/home/vboxuser/bumperbot_ws/install/bumperbot_controller/share/bumperbot_controller/package.ps1'
[1.338s] DEBUG:colcon.colcon_core.event_handler.log_command:Invoked command in '/home/vboxuser/bumperbot_ws/build/bumperbot_controller' returned '0': CMAKE_PREFIX_PATH=${CMAKE_PREFIX_PATH}:/home/vboxuser/bumperbot_ws/install/bumperbot_py_examples:/opt/ros/jazzy DEBUGINFOD_URLS=https://debuginfod.ubuntu.com /usr/bin/cmake --install /home/vboxuser/bumperbot_ws/build/bumperbot_controller
[1.341s] INFO:colcon.colcon_core.shell:Creating package descriptor '/home/vboxuser/bumperbot_ws/install/bumperbot_controller/share/bumperbot_controller/package.dsv'
[1.349s] INFO:colcon.colcon_core.shell:Creating package script '/home/vboxuser/bumperbot_ws/install/bumperbot_controller/share/bumperbot_controller/package.sh'
[1.353s] INFO:colcon.colcon_core.shell:Creating package script '/home/vboxuser/bumperbot_ws/install/bumperbot_controller/share/bumperbot_controller/package.bash'
[1.363s] INFO:colcon.colcon_core.shell:Creating package script '/home/vboxuser/bumperbot_ws/install/bumperbot_controller/share/bumperbot_controller/package.zsh'
[1.366s] Level 1:colcon.colcon_core.environment:create_file_with_runtime_dependencies(/home/vboxuser/bumperbot_ws/install/bumperbot_controller/share/colcon-core/packages/bumperbot_controller)
[1.366s] Level 1:colcon.colcon_core.environment:create_environment_scripts_only(bumperbot_controller)
[1.366s] Level 1:colcon.colcon_core.environment:checking '/home/vboxuser/bumperbot_ws/install/bumperbot_controller' for CMake module files
[1.370s] Level 1:colcon.colcon_core.environment:checking '/home/vboxuser/bumperbot_ws/install/bumperbot_controller' for CMake config files
[1.370s] Level 1:colcon.colcon_core.shell:create_environment_hook('bumperbot_controller', 'cmake_prefix_path')
[1.370s] INFO:colcon.colcon_core.shell:Creating environment hook '/home/vboxuser/bumperbot_ws/install/bumperbot_controller/share/bumperbot_controller/hook/cmake_prefix_path.ps1'
[1.371s] INFO:colcon.colcon_core.shell:Creating environment descriptor '/home/vboxuser/bumperbot_ws/install/bumperbot_controller/share/bumperbot_controller/hook/cmake_prefix_path.dsv'
[1.372s] INFO:colcon.colcon_core.shell:Creating environment hook '/home/vboxuser/bumperbot_ws/install/bumperbot_controller/share/bumperbot_controller/hook/cmake_prefix_path.sh'
[1.375s] Level 1:colcon.colcon_core.environment:checking '/home/vboxuser/bumperbot_ws/install/bumperbot_controller/lib'
[1.375s] Level 1:colcon.colcon_core.environment:checking '/home/vboxuser/bumperbot_ws/install/bumperbot_controller/bin'
[1.375s] Level 1:colcon.colcon_core.environment:checking '/home/vboxuser/bumperbot_ws/install/bumperbot_controller/lib/pkgconfig/bumperbot_controller.pc'
[1.376s] Level 1:colcon.colcon_core.environment:checking '/home/vboxuser/bumperbot_ws/install/bumperbot_controller/lib/python3.12/site-packages'
[1.376s] Level 1:colcon.colcon_core.shell:create_environment_hook('bumperbot_controller', 'pythonpath')
[1.376s] INFO:colcon.colcon_core.shell:Creating environment hook '/home/vboxuser/bumperbot_ws/install/bumperbot_controller/share/bumperbot_controller/hook/pythonpath.ps1'
[1.379s] INFO:colcon.colcon_core.shell:Creating environment descriptor '/home/vboxuser/bumperbot_ws/install/bumperbot_controller/share/bumperbot_controller/hook/pythonpath.dsv'
[1.382s] INFO:colcon.colcon_core.shell:Creating environment hook '/home/vboxuser/bumperbot_ws/install/bumperbot_controller/share/bumperbot_controller/hook/pythonpath.sh'
[1.383s] Level 1:colcon.colcon_core.environment:checking '/home/vboxuser/bumperbot_ws/install/bumperbot_controller/bin'
[1.383s] INFO:colcon.colcon_core.shell:Creating package script '/home/vboxuser/bumperbot_ws/install/bumperbot_controller/share/bumperbot_controller/package.ps1'
[1.384s] INFO:colcon.colcon_core.shell:Creating package descriptor '/home/vboxuser/bumperbot_ws/install/bumperbot_controller/share/bumperbot_controller/package.dsv'
[1.384s] INFO:colcon.colcon_core.shell:Creating package script '/home/vboxuser/bumperbot_ws/install/bumperbot_controller/share/bumperbot_controller/package.sh'
[1.387s] INFO:colcon.colcon_core.shell:Creating package script '/home/vboxuser/bumperbot_ws/install/bumperbot_controller/share/bumperbot_controller/package.bash'
[1.395s] INFO:colcon.colcon_core.shell:Creating package script '/home/vboxuser/bumperbot_ws/install/bumperbot_controller/share/bumperbot_controller/package.zsh'
[1.399s] Level 1:colcon.colcon_core.environment:create_file_with_runtime_dependencies(/home/vboxuser/bumperbot_ws/install/bumperbot_controller/share/colcon-core/packages/bumperbot_controller)
[1.403s] Level 1:colcon.colcon_core.environment:create_environment_scripts_only(bumperbot_firmware)
[1.403s] Level 1:colcon.colcon_core.environment:checking '/home/vboxuser/bumperbot_ws/install/bumperbot_firmware' for CMake module files
[1.404s] Level 1:colcon.colcon_core.environment:checking '/home/vboxuser/bumperbot_ws/install/bumperbot_firmware' for CMake config files
[1.405s] Level 1:colcon.colcon_core.shell:create_environment_hook('bumperbot_firmware', 'cmake_prefix_path')
[1.405s] INFO:colcon.colcon_core.shell:Creating environment hook '/home/vboxuser/bumperbot_ws/install/bumperbot_firmware/share/bumperbot_firmware/hook/cmake_prefix_path.ps1'
[1.412s] INFO:colcon.colcon_core.shell:Creating environment descriptor '/home/vboxuser/bumperbot_ws/install/bumperbot_firmware/share/bumperbot_firmware/hook/cmake_prefix_path.dsv'
[1.414s] INFO:colcon.colcon_core.shell:Creating environment hook '/home/vboxuser/bumperbot_ws/install/bumperbot_firmware/share/bumperbot_firmware/hook/cmake_prefix_path.sh'
[1.415s] Level 1:colcon.colcon_core.environment:checking '/home/vboxuser/bumperbot_ws/install/bumperbot_firmware/lib'
[1.416s] Level 1:colcon.colcon_core.shell:create_environment_hook('bumperbot_firmware', 'ld_library_path_lib')
[1.416s] INFO:colcon.colcon_core.shell:Creating environment hook '/home/vboxuser/bumperbot_ws/install/bumperbot_firmware/share/bumperbot_firmware/hook/ld_library_path_lib.ps1'
[1.418s] INFO:colcon.colcon_core.shell:Creating environment descriptor '/home/vboxuser/bumperbot_ws/install/bumperbot_firmware/share/bumperbot_firmware/hook/ld_library_path_lib.dsv'
[1.419s] INFO:colcon.colcon_core.shell:Creating environment hook '/home/vboxuser/bumperbot_ws/install/bumperbot_firmware/share/bumperbot_firmware/hook/ld_library_path_lib.sh'
[1.421s] Level 1:colcon.colcon_core.environment:checking '/home/vboxuser/bumperbot_ws/install/bumperbot_firmware/bin'
[1.421s] Level 1:colcon.colcon_core.environment:checking '/home/vboxuser/bumperbot_ws/install/bumperbot_firmware/lib/pkgconfig/bumperbot_firmware.pc'
[1.421s] Level 1:colcon.colcon_core.environment:checking '/home/vboxuser/bumperbot_ws/install/bumperbot_firmware/lib/python3.12/site-packages'
[1.421s] Level 1:colcon.colcon_core.shell:create_environment_hook('bumperbot_firmware', 'pythonpath')
[1.421s] INFO:colcon.colcon_core.shell:Creating environment hook '/home/vboxuser/bumperbot_ws/install/bumperbot_firmware/share/bumperbot_firmware/hook/pythonpath.ps1'
[1.425s] INFO:colcon.colcon_core.shell:Creating environment descriptor '/home/vboxuser/bumperbot_ws/install/bumperbot_firmware/share/bumperbot_firmware/hook/pythonpath.dsv'
[1.426s] INFO:colcon.colcon_core.shell:Creating environment hook '/home/vboxuser/bumperbot_ws/install/bumperbot_firmware/share/bumperbot_firmware/hook/pythonpath.sh'
[1.427s] Level 1:colcon.colcon_core.environment:checking '/home/vboxuser/bumperbot_ws/install/bumperbot_firmware/bin'
[1.427s] INFO:colcon.colcon_core.shell:Creating package script '/home/vboxuser/bumperbot_ws/install/bumperbot_firmware/share/bumperbot_firmware/package.ps1'
[1.428s] INFO:colcon.colcon_core.shell:Creating package descriptor '/home/vboxuser/bumperbot_ws/install/bumperbot_firmware/share/bumperbot_firmware/package.dsv'
[1.430s] INFO:colcon.colcon_core.shell:Creating package script '/home/vboxuser/bumperbot_ws/install/bumperbot_firmware/share/bumperbot_firmware/package.sh'
[1.431s] INFO:colcon.colcon_core.shell:Creating package script '/home/vboxuser/bumperbot_ws/install/bumperbot_firmware/share/bumperbot_firmware/package.bash'
[1.432s] INFO:colcon.colcon_core.shell:Creating package script '/home/vboxuser/bumperbot_ws/install/bumperbot_firmware/share/bumperbot_firmware/package.zsh'
[1.434s] Level 1:colcon.colcon_core.environment:create_file_with_runtime_dependencies(/home/vboxuser/bumperbot_ws/install/bumperbot_firmware/share/colcon-core/packages/bumperbot_firmware)
[1.435s] Level 1:colcon.colcon_core.environment:create_environment_scripts_only(bumperbot_firmware)
[1.435s] Level 1:colcon.colcon_core.environment:checking '/home/vboxuser/bumperbot_ws/install/bumperbot_firmware' for CMake module files
[1.440s] Level 1:colcon.colcon_core.environment:checking '/home/vboxuser/bumperbot_ws/install/bumperbot_firmware' for CMake config files
[1.440s] Level 1:colcon.colcon_core.shell:create_environment_hook('bumperbot_firmware', 'cmake_prefix_path')
[1.441s] INFO:colcon.colcon_core.shell:Creating environment hook '/home/vboxuser/bumperbot_ws/install/bumperbot_firmware/share/bumperbot_firmware/hook/cmake_prefix_path.ps1'
[1.443s] INFO:colcon.colcon_core.shell:Creating environment descriptor '/home/vboxuser/bumperbot_ws/install/bumperbot_firmware/share/bumperbot_firmware/hook/cmake_prefix_path.dsv'
[1.443s] INFO:colcon.colcon_core.shell:Creating environment hook '/home/vboxuser/bumperbot_ws/install/bumperbot_firmware/share/bumperbot_firmware/hook/cmake_prefix_path.sh'
[1.444s] DEBUG:colcon.colcon_core.event_handler.log_command:Invoked command in '/home/vboxuser/bumperbot_ws/build/bumperbot_firmware' returned '0': CMAKE_PREFIX_PATH=${CMAKE_PREFIX_PATH}:/home/vboxuser/bumperbot_ws/install/bumperbot_py_examples:/opt/ros/jazzy DEBUGINFOD_URLS=https://debuginfod.ubuntu.com /usr/bin/cmake --install /home/vboxuser/bumperbot_ws/build/bumperbot_firmware
[1.445s] Level 1:colcon.colcon_core.environment:checking '/home/vboxuser/bumperbot_ws/install/bumperbot_firmware/lib'
[1.445s] Level 1:colcon.colcon_core.shell:create_environment_hook('bumperbot_firmware', 'ld_library_path_lib')
[1.446s] INFO:colcon.colcon_core.shell:Creating environment hook '/home/vboxuser/bumperbot_ws/install/bumperbot_firmware/share/bumperbot_firmware/hook/ld_library_path_lib.ps1'
[1.446s] INFO:colcon.colcon_core.shell:Creating environment descriptor '/home/vboxuser/bumperbot_ws/install/bumperbot_firmware/share/bumperbot_firmware/hook/ld_library_path_lib.dsv'
[1.446s] INFO:colcon.colcon_core.shell:Creating environment hook '/home/vboxuser/bumperbot_ws/install/bumperbot_firmware/share/bumperbot_firmware/hook/ld_library_path_lib.sh'
[1.448s] Level 1:colcon.colcon_core.environment:checking '/home/vboxuser/bumperbot_ws/install/bumperbot_firmware/bin'
[1.448s] Level 1:colcon.colcon_core.environment:checking '/home/vboxuser/bumperbot_ws/install/bumperbot_firmware/lib/pkgconfig/bumperbot_firmware.pc'
[1.449s] Level 1:colcon.colcon_core.environment:checking '/home/vboxuser/bumperbot_ws/install/bumperbot_firmware/lib/python3.12/site-packages'
[1.449s] Level 1:colcon.colcon_core.shell:create_environment_hook('bumperbot_firmware', 'pythonpath')
[1.449s] INFO:colcon.colcon_core.shell:Creating environment hook '/home/vboxuser/bumperbot_ws/install/bumperbot_firmware/share/bumperbot_firmware/hook/pythonpath.ps1'
[1.451s] INFO:colcon.colcon_core.shell:Creating environment descriptor '/home/vboxuser/bumperbot_ws/install/bumperbot_firmware/share/bumperbot_firmware/hook/pythonpath.dsv'
[1.453s] INFO:colcon.colcon_core.shell:Creating environment hook '/home/vboxuser/bumperbot_ws/install/bumperbot_firmware/share/bumperbot_firmware/hook/pythonpath.sh'
[1.454s] Level 1:colcon.colcon_core.environment:checking '/home/vboxuser/bumperbot_ws/install/bumperbot_firmware/bin'
[1.454s] INFO:colcon.colcon_core.shell:Creating package script '/home/vboxuser/bumperbot_ws/install/bumperbot_firmware/share/bumperbot_firmware/package.ps1'
[1.455s] INFO:colcon.colcon_core.shell:Creating package descriptor '/home/vboxuser/bumperbot_ws/install/bumperbot_firmware/share/bumperbot_firmware/package.dsv'
[1.456s] INFO:colcon.colcon_core.shell:Creating package script '/home/vboxuser/bumperbot_ws/install/bumperbot_firmware/share/bumperbot_firmware/package.sh'
[1.457s] INFO:colcon.colcon_core.shell:Creating package script '/home/vboxuser/bumperbot_ws/install/bumperbot_firmware/share/bumperbot_firmware/package.bash'
[1.457s] INFO:colcon.colcon_core.shell:Creating package script '/home/vboxuser/bumperbot_ws/install/bumperbot_firmware/share/bumperbot_firmware/package.zsh'
[1.458s] Level 1:colcon.colcon_core.environment:create_file_with_runtime_dependencies(/home/vboxuser/bumperbot_ws/install/bumperbot_firmware/share/colcon-core/packages/bumperbot_firmware)
[1.459s] INFO:colcon.colcon_ros.task.ament_cmake.build:Building ROS package in '/home/vboxuser/bumperbot_ws/src/bumperbot_utils' with build type 'ament_cmake'
[1.459s] INFO:colcon.colcon_cmake.task.cmake.build:Building CMake package in '/home/vboxuser/bumperbot_ws/src/bumperbot_utils'
[1.459s] INFO:colcon.colcon_core.shell:Skip shell extension 'powershell' for command environment: Not usable outside of PowerShell
[1.459s] DEBUG:colcon.colcon_core.shell:Skip shell extension 'dsv' for command environment
[1.463s] Level 1:colcon.colcon_core.environment:create_environment_scripts_only(bumperbot_mapping)
[1.463s] DEBUG:colcon.colcon_core.event_handler.log_command:Invoked command in '/home/vboxuser/bumperbot_ws/build/bumperbot_mapping' returned '0': CMAKE_PREFIX_PATH=${CMAKE_PREFIX_PATH}:/home/vboxuser/bumperbot_ws/install/bumperbot_py_examples:/opt/ros/jazzy DEBUGINFOD_URLS=https://debuginfod.ubuntu.com /usr/bin/cmake --install /home/vboxuser/bumperbot_ws/build/bumperbot_mapping
[1.464s] Level 1:colcon.colcon_core.environment:checking '/home/vboxuser/bumperbot_ws/install/bumperbot_mapping' for CMake module files
[1.464s] Level 1:colcon.colcon_core.environment:checking '/home/vboxuser/bumperbot_ws/install/bumperbot_mapping' for CMake config files
[1.464s] Level 1:colcon.colcon_core.shell:create_environment_hook('bumperbot_mapping', 'cmake_prefix_path')
[1.464s] INFO:colcon.colcon_core.shell:Creating environment hook '/home/vboxuser/bumperbot_ws/install/bumperbot_mapping/share/bumperbot_mapping/hook/cmake_prefix_path.ps1'
[1.465s] INFO:colcon.colcon_core.shell:Creating environment descriptor '/home/vboxuser/bumperbot_ws/install/bumperbot_mapping/share/bumperbot_mapping/hook/cmake_prefix_path.dsv'
[1.465s] INFO:colcon.colcon_core.shell:Creating environment hook '/home/vboxuser/bumperbot_ws/install/bumperbot_mapping/share/bumperbot_mapping/hook/cmake_prefix_path.sh'
[1.466s] Level 1:colcon.colcon_core.environment:checking '/home/vboxuser/bumperbot_ws/install/bumperbot_mapping/lib'
[1.466s] Level 1:colcon.colcon_core.environment:checking '/home/vboxuser/bumperbot_ws/install/bumperbot_mapping/bin'
[1.466s] Level 1:colcon.colcon_core.environment:checking '/home/vboxuser/bumperbot_ws/install/bumperbot_mapping/lib/pkgconfig/bumperbot_mapping.pc'
[1.466s] Level 1:colcon.colcon_core.environment:checking '/home/vboxuser/bumperbot_ws/install/bumperbot_mapping/lib/python3.12/site-packages'
[1.466s] Level 1:colcon.colcon_core.shell:create_environment_hook('bumperbot_mapping', 'pythonpath')
[1.466s] INFO:colcon.colcon_core.shell:Creating environment hook '/home/vboxuser/bumperbot_ws/install/bumperbot_mapping/share/bumperbot_mapping/hook/pythonpath.ps1'
[1.467s] INFO:colcon.colcon_core.shell:Creating environment descriptor '/home/vboxuser/bumperbot_ws/install/bumperbot_mapping/share/bumperbot_mapping/hook/pythonpath.dsv'
[1.467s] INFO:colcon.colcon_core.shell:Creating environment hook '/home/vboxuser/bumperbot_ws/install/bumperbot_mapping/share/bumperbot_mapping/hook/pythonpath.sh'
[1.468s] Level 1:colcon.colcon_core.environment:checking '/home/vboxuser/bumperbot_ws/install/bumperbot_mapping/bin'
[1.468s] INFO:colcon.colcon_core.shell:Creating package script '/home/vboxuser/bumperbot_ws/install/bumperbot_mapping/share/bumperbot_mapping/package.ps1'
[1.468s] INFO:colcon.colcon_core.shell:Creating package descriptor '/home/vboxuser/bumperbot_ws/install/bumperbot_mapping/share/bumperbot_mapping/package.dsv'
[1.469s] INFO:colcon.colcon_core.shell:Creating package script '/home/vboxuser/bumperbot_ws/install/bumperbot_mapping/share/bumperbot_mapping/package.sh'
[1.469s] INFO:colcon.colcon_core.shell:Creating package script '/home/vboxuser/bumperbot_ws/install/bumperbot_mapping/share/bumperbot_mapping/package.bash'
[1.470s] INFO:colcon.colcon_core.shell:Creating package script '/home/vboxuser/bumperbot_ws/install/bumperbot_mapping/share/bumperbot_mapping/package.zsh'
[1.470s] Level 1:colcon.colcon_core.environment:create_file_with_runtime_dependencies(/home/vboxuser/bumperbot_ws/install/bumperbot_mapping/share/colcon-core/packages/bumperbot_mapping)
[1.471s] Level 1:colcon.colcon_core.environment:create_environment_scripts_only(bumperbot_mapping)
[1.471s] Level 1:colcon.colcon_core.environment:checking '/home/vboxuser/bumperbot_ws/install/bumperbot_mapping' for CMake module files
[1.471s] Level 1:colcon.colcon_core.environment:checking '/home/vboxuser/bumperbot_ws/install/bumperbot_mapping' for CMake config files
[1.471s] Level 1:colcon.colcon_core.shell:create_environment_hook('bumperbot_mapping', 'cmake_prefix_path')
[1.471s] INFO:colcon.colcon_core.shell:Creating environment hook '/home/vboxuser/bumperbot_ws/install/bumperbot_mapping/share/bumperbot_mapping/hook/cmake_prefix_path.ps1'
[1.472s] INFO:colcon.colcon_core.shell:Creating environment descriptor '/home/vboxuser/bumperbot_ws/install/bumperbot_mapping/share/bumperbot_mapping/hook/cmake_prefix_path.dsv'
[1.472s] INFO:colcon.colcon_core.shell:Creating environment hook '/home/vboxuser/bumperbot_ws/install/bumperbot_mapping/share/bumperbot_mapping/hook/cmake_prefix_path.sh'
[1.473s] Level 1:colcon.colcon_core.environment:checking '/home/vboxuser/bumperbot_ws/install/bumperbot_mapping/lib'
[1.473s] Level 1:colcon.colcon_core.environment:checking '/home/vboxuser/bumperbot_ws/install/bumperbot_mapping/bin'
[1.473s] Level 1:colcon.colcon_core.environment:checking '/home/vboxuser/bumperbot_ws/install/bumperbot_mapping/lib/pkgconfig/bumperbot_mapping.pc'
[1.473s] Level 1:colcon.colcon_core.environment:checking '/home/vboxuser/bumperbot_ws/install/bumperbot_mapping/lib/python3.12/site-packages'
[1.473s] Level 1:colcon.colcon_core.shell:create_environment_hook('bumperbot_mapping', 'pythonpath')
[1.473s] INFO:colcon.colcon_core.shell:Creating environment hook '/home/vboxuser/bumperbot_ws/install/bumperbot_mapping/share/bumperbot_mapping/hook/pythonpath.ps1'
[1.473s] INFO:colcon.colcon_core.shell:Creating environment descriptor '/home/vboxuser/bumperbot_ws/install/bumperbot_mapping/share/bumperbot_mapping/hook/pythonpath.dsv'
[1.474s] INFO:colcon.colcon_core.shell:Creating environment hook '/home/vboxuser/bumperbot_ws/install/bumperbot_mapping/share/bumperbot_mapping/hook/pythonpath.sh'
[1.475s] Level 1:colcon.colcon_core.environment:checking '/home/vboxuser/bumperbot_ws/install/bumperbot_mapping/bin'
[1.475s] INFO:colcon.colcon_core.shell:Creating package script '/home/vboxuser/bumperbot_ws/install/bumperbot_mapping/share/bumperbot_mapping/package.ps1'
[1.475s] INFO:colcon.colcon_core.shell:Creating package descriptor '/home/vboxuser/bumperbot_ws/install/bumperbot_mapping/share/bumperbot_mapping/package.dsv'
[1.476s] INFO:colcon.colcon_core.shell:Creating package script '/home/vboxuser/bumperbot_ws/install/bumperbot_mapping/share/bumperbot_mapping/package.sh'
[1.476s] INFO:colcon.colcon_core.shell:Creating package script '/home/vboxuser/bumperbot_ws/install/bumperbot_mapping/share/bumperbot_mapping/package.bash'
[1.477s] INFO:colcon.colcon_core.shell:Creating package script '/home/vboxuser/bumperbot_ws/install/bumperbot_mapping/share/bumperbot_mapping/package.zsh'
[1.477s] Level 1:colcon.colcon_core.environment:create_file_with_runtime_dependencies(/home/vboxuser/bumperbot_ws/install/bumperbot_mapping/share/colcon-core/packages/bumperbot_mapping)
[1.480s] Level 1:colcon.colcon_core.environment:create_environment_scripts_only(bumperbot_msgs)
[1.480s] Level 1:colcon.colcon_core.environment:checking '/home/vboxuser/bumperbot_ws/install/bumperbot_msgs' for CMake module files
[1.481s] Level 1:colcon.colcon_core.environment:checking '/home/vboxuser/bumperbot_ws/install/bumperbot_msgs' for CMake config files
[1.481s] Level 1:colcon.colcon_core.shell:create_environment_hook('bumperbot_msgs', 'cmake_prefix_path')
[1.481s] INFO:colcon.colcon_core.shell:Creating environment hook '/home/vboxuser/bumperbot_ws/install/bumperbot_msgs/share/bumperbot_msgs/hook/cmake_prefix_path.ps1'
[1.481s] INFO:colcon.colcon_core.shell:Creating environment descriptor '/home/vboxuser/bumperbot_ws/install/bumperbot_msgs/share/bumperbot_msgs/hook/cmake_prefix_path.dsv'
[1.482s] INFO:colcon.colcon_core.shell:Creating environment hook '/home/vboxuser/bumperbot_ws/install/bumperbot_msgs/share/bumperbot_msgs/hook/cmake_prefix_path.sh'
[1.483s] DEBUG:colcon.colcon_core.event_handler.log_command:Invoked command in '/home/vboxuser/bumperbot_ws/build/bumperbot_msgs' returned '0': CMAKE_PREFIX_PATH=${CMAKE_PREFIX_PATH}:/home/vboxuser/bumperbot_ws/install/bumperbot_py_examples:/opt/ros/jazzy DEBUGINFOD_URLS=https://debuginfod.ubuntu.com /usr/bin/cmake --install /home/vboxuser/bumperbot_ws/build/bumperbot_msgs
[1.483s] Level 1:colcon.colcon_core.environment:checking '/home/vboxuser/bumperbot_ws/install/bumperbot_msgs/lib'
[1.483s] Level 1:colcon.colcon_core.shell:create_environment_hook('bumperbot_msgs', 'ld_library_path_lib')
[1.483s] INFO:colcon.colcon_core.shell:Creating environment hook '/home/vboxuser/bumperbot_ws/install/bumperbot_msgs/share/bumperbot_msgs/hook/ld_library_path_lib.ps1'
[1.484s] INFO:colcon.colcon_core.shell:Creating environment descriptor '/home/vboxuser/bumperbot_ws/install/bumperbot_msgs/share/bumperbot_msgs/hook/ld_library_path_lib.dsv'
[1.484s] INFO:colcon.colcon_core.shell:Creating environment hook '/home/vboxuser/bumperbot_ws/install/bumperbot_msgs/share/bumperbot_msgs/hook/ld_library_path_lib.sh'
[1.485s] Level 1:colcon.colcon_core.environment:checking '/home/vboxuser/bumperbot_ws/install/bumperbot_msgs/bin'
[1.485s] Level 1:colcon.colcon_core.environment:checking '/home/vboxuser/bumperbot_ws/install/bumperbot_msgs/lib/pkgconfig/bumperbot_msgs.pc'
[1.485s] Level 1:colcon.colcon_core.environment:checking '/home/vboxuser/bumperbot_ws/install/bumperbot_msgs/lib/python3.12/site-packages'
[1.485s] Level 1:colcon.colcon_core.shell:create_environment_hook('bumperbot_msgs', 'pythonpath')
[1.485s] INFO:colcon.colcon_core.shell:Creating environment hook '/home/vboxuser/bumperbot_ws/install/bumperbot_msgs/share/bumperbot_msgs/hook/pythonpath.ps1'
[1.486s] INFO:colcon.colcon_core.shell:Creating environment descriptor '/home/vboxuser/bumperbot_ws/install/bumperbot_msgs/share/bumperbot_msgs/hook/pythonpath.dsv'
[1.486s] INFO:colcon.colcon_core.shell:Creating environment hook '/home/vboxuser/bumperbot_ws/install/bumperbot_msgs/share/bumperbot_msgs/hook/pythonpath.sh'
[1.487s] Level 1:colcon.colcon_core.environment:checking '/home/vboxuser/bumperbot_ws/install/bumperbot_msgs/bin'
[1.487s] INFO:colcon.colcon_core.shell:Creating package script '/home/vboxuser/bumperbot_ws/install/bumperbot_msgs/share/bumperbot_msgs/package.ps1'
[1.488s] INFO:colcon.colcon_core.shell:Creating package descriptor '/home/vboxuser/bumperbot_ws/install/bumperbot_msgs/share/bumperbot_msgs/package.dsv'
[1.488s] INFO:colcon.colcon_core.shell:Creating package script '/home/vboxuser/bumperbot_ws/install/bumperbot_msgs/share/bumperbot_msgs/package.sh'
[1.489s] INFO:colcon.colcon_core.shell:Creating package script '/home/vboxuser/bumperbot_ws/install/bumperbot_msgs/share/bumperbot_msgs/package.bash'
[1.490s] INFO:colcon.colcon_core.shell:Creating package script '/home/vboxuser/bumperbot_ws/install/bumperbot_msgs/share/bumperbot_msgs/package.zsh'
[1.490s] Level 1:colcon.colcon_core.environment:create_file_with_runtime_dependencies(/home/vboxuser/bumperbot_ws/install/bumperbot_msgs/share/colcon-core/packages/bumperbot_msgs)
[1.491s] Level 1:colcon.colcon_core.environment:create_environment_scripts_only(bumperbot_msgs)
[1.491s] Level 1:colcon.colcon_core.environment:checking '/home/vboxuser/bumperbot_ws/install/bumperbot_msgs' for CMake module files
[1.491s] Level 1:colcon.colcon_core.environment:checking '/home/vboxuser/bumperbot_ws/install/bumperbot_msgs' for CMake config files
[1.491s] Level 1:colcon.colcon_core.shell:create_environment_hook('bumperbot_msgs', 'cmake_prefix_path')
[1.491s] INFO:colcon.colcon_core.shell:Creating environment hook '/home/vboxuser/bumperbot_ws/install/bumperbot_msgs/share/bumperbot_msgs/hook/cmake_prefix_path.ps1'
[1.492s] INFO:colcon.colcon_core.shell:Creating environment descriptor '/home/vboxuser/bumperbot_ws/install/bumperbot_msgs/share/bumperbot_msgs/hook/cmake_prefix_path.dsv'
[1.492s] INFO:colcon.colcon_core.shell:Creating environment hook '/home/vboxuser/bumperbot_ws/install/bumperbot_msgs/share/bumperbot_msgs/hook/cmake_prefix_path.sh'
[1.493s] Level 1:colcon.colcon_core.environment:checking '/home/vboxuser/bumperbot_ws/install/bumperbot_msgs/lib'
[1.493s] Level 1:colcon.colcon_core.shell:create_environment_hook('bumperbot_msgs', 'ld_library_path_lib')
[1.493s] INFO:colcon.colcon_core.shell:Creating environment hook '/home/vboxuser/bumperbot_ws/install/bumperbot_msgs/share/bumperbot_msgs/hook/ld_library_path_lib.ps1'
[1.493s] INFO:colcon.colcon_core.shell:Creating environment descriptor '/home/vboxuser/bumperbot_ws/install/bumperbot_msgs/share/bumperbot_msgs/hook/ld_library_path_lib.dsv'
[1.494s] INFO:colcon.colcon_core.shell:Creating environment hook '/home/vboxuser/bumperbot_ws/install/bumperbot_msgs/share/bumperbot_msgs/hook/ld_library_path_lib.sh'
[1.494s] Level 1:colcon.colcon_core.environment:checking '/home/vboxuser/bumperbot_ws/install/bumperbot_msgs/bin'
[1.494s] Level 1:colcon.colcon_core.environment:checking '/home/vboxuser/bumperbot_ws/install/bumperbot_msgs/lib/pkgconfig/bumperbot_msgs.pc'
[1.494s] Level 1:colcon.colcon_core.environment:checking '/home/vboxuser/bumperbot_ws/install/bumperbot_msgs/lib/python3.12/site-packages'
[1.494s] Level 1:colcon.colcon_core.shell:create_environment_hook('bumperbot_msgs', 'pythonpath')
[1.494s] INFO:colcon.colcon_core.shell:Creating environment hook '/home/vboxuser/bumperbot_ws/install/bumperbot_msgs/share/bumperbot_msgs/hook/pythonpath.ps1'
[1.495s] INFO:colcon.colcon_core.shell:Creating environment descriptor '/home/vboxuser/bumperbot_ws/install/bumperbot_msgs/share/bumperbot_msgs/hook/pythonpath.dsv'
[1.496s] INFO:colcon.colcon_core.shell:Creating environment hook '/home/vboxuser/bumperbot_ws/install/bumperbot_msgs/share/bumperbot_msgs/hook/pythonpath.sh'
[1.496s] Level 1:colcon.colcon_core.environment:checking '/home/vboxuser/bumperbot_ws/install/bumperbot_msgs/bin'
[1.497s] INFO:colcon.colcon_core.shell:Creating package script '/home/vboxuser/bumperbot_ws/install/bumperbot_msgs/share/bumperbot_msgs/package.ps1'
[1.497s] INFO:colcon.colcon_core.shell:Creating package descriptor '/home/vboxuser/bumperbot_ws/install/bumperbot_msgs/share/bumperbot_msgs/package.dsv'
[1.498s] INFO:colcon.colcon_core.shell:Creating package script '/home/vboxuser/bumperbot_ws/install/bumperbot_msgs/share/bumperbot_msgs/package.sh'
[1.498s] INFO:colcon.colcon_core.shell:Creating package script '/home/vboxuser/bumperbot_ws/install/bumperbot_msgs/share/bumperbot_msgs/package.bash'
[1.498s] INFO:colcon.colcon_core.shell:Creating package script '/home/vboxuser/bumperbot_ws/install/bumperbot_msgs/share/bumperbot_msgs/package.zsh'
[1.499s] Level 1:colcon.colcon_core.environment:create_file_with_runtime_dependencies(/home/vboxuser/bumperbot_ws/install/bumperbot_msgs/share/colcon-core/packages/bumperbot_msgs)
[1.499s] Level 1:colcon.colcon_core.environment:create_environment_scripts_only(bumperbot_localization)
[1.499s] Level 1:colcon.colcon_core.environment:checking '/home/vboxuser/bumperbot_ws/install/bumperbot_localization' for CMake module files
[1.501s] DEBUG:colcon.colcon_core.event_handler.log_command:Invoked command in '/home/vboxuser/bumperbot_ws/build/bumperbot_localization' returned '0': CMAKE_PREFIX_PATH=${CMAKE_PREFIX_PATH}:/home/vboxuser/bumperbot_ws/install/bumperbot_py_examples:/opt/ros/jazzy DEBUGINFOD_URLS=https://debuginfod.ubuntu.com /usr/bin/cmake --install /home/vboxuser/bumperbot_ws/build/bumperbot_localization
[1.501s] Level 1:colcon.colcon_core.environment:checking '/home/vboxuser/bumperbot_ws/install/bumperbot_localization' for CMake config files
[1.501s] Level 1:colcon.colcon_core.shell:create_environment_hook('bumperbot_localization', 'cmake_prefix_path')
[1.501s] INFO:colcon.colcon_core.shell:Creating environment hook '/home/vboxuser/bumperbot_ws/install/bumperbot_localization/share/bumperbot_localization/hook/cmake_prefix_path.ps1'
[1.502s] INFO:colcon.colcon_core.shell:Creating environment descriptor '/home/vboxuser/bumperbot_ws/install/bumperbot_localization/share/bumperbot_localization/hook/cmake_prefix_path.dsv'
[1.502s] INFO:colcon.colcon_core.shell:Creating environment hook '/home/vboxuser/bumperbot_ws/install/bumperbot_localization/share/bumperbot_localization/hook/cmake_prefix_path.sh'
[1.502s] Level 1:colcon.colcon_core.environment:checking '/home/vboxuser/bumperbot_ws/install/bumperbot_localization/lib'
[1.503s] Level 1:colcon.colcon_core.environment:checking '/home/vboxuser/bumperbot_ws/install/bumperbot_localization/bin'
[1.503s] Level 1:colcon.colcon_core.shell:create_environment_hook('bumperbot_localization', 'path')
[1.503s] INFO:colcon.colcon_core.shell:Creating environment hook '/home/vboxuser/bumperbot_ws/install/bumperbot_localization/share/bumperbot_localization/hook/path.ps1'
[1.503s] INFO:colcon.colcon_core.shell:Creating environment descriptor '/home/vboxuser/bumperbot_ws/install/bumperbot_localization/share/bumperbot_localization/hook/path.dsv'
[1.503s] INFO:colcon.colcon_core.shell:Creating environment hook '/home/vboxuser/bumperbot_ws/install/bumperbot_localization/share/bumperbot_localization/hook/path.sh'
[1.504s] Level 1:colcon.colcon_core.environment:checking '/home/vboxuser/bumperbot_ws/install/bumperbot_localization/lib/pkgconfig/bumperbot_localization.pc'
[1.504s] Level 1:colcon.colcon_core.environment:checking '/home/vboxuser/bumperbot_ws/install/bumperbot_localization/lib/python3.12/site-packages'
[1.504s] Level 1:colcon.colcon_core.shell:create_environment_hook('bumperbot_localization', 'pythonpath')
[1.504s] INFO:colcon.colcon_core.shell:Creating environment hook '/home/vboxuser/bumperbot_ws/install/bumperbot_localization/share/bumperbot_localization/hook/pythonpath.ps1'
[1.505s] INFO:colcon.colcon_core.shell:Creating environment descriptor '/home/vboxuser/bumperbot_ws/install/bumperbot_localization/share/bumperbot_localization/hook/pythonpath.dsv'
[1.505s] INFO:colcon.colcon_core.shell:Creating environment hook '/home/vboxuser/bumperbot_ws/install/bumperbot_localization/share/bumperbot_localization/hook/pythonpath.sh'
[1.506s] Level 1:colcon.colcon_core.environment:checking '/home/vboxuser/bumperbot_ws/install/bumperbot_localization/bin'
[1.506s] Level 1:colcon.colcon_core.shell:create_environment_hook('bumperbot_localization', 'pythonscriptspath')
[1.506s] INFO:colcon.colcon_core.shell:Creating environment hook '/home/vboxuser/bumperbot_ws/install/bumperbot_localization/share/bumperbot_localization/hook/pythonscriptspath.ps1'
[1.506s] INFO:colcon.colcon_core.shell:Creating environment descriptor '/home/vboxuser/bumperbot_ws/install/bumperbot_localization/share/bumperbot_localization/hook/pythonscriptspath.dsv'
[1.507s] INFO:colcon.colcon_core.shell:Creating environment hook '/home/vboxuser/bumperbot_ws/install/bumperbot_localization/share/bumperbot_localization/hook/pythonscriptspath.sh'
[1.507s] INFO:colcon.colcon_core.shell:Creating package script '/home/vboxuser/bumperbot_ws/install/bumperbot_localization/share/bumperbot_localization/package.ps1'
[1.508s] INFO:colcon.colcon_core.shell:Creating package descriptor '/home/vboxuser/bumperbot_ws/install/bumperbot_localization/share/bumperbot_localization/package.dsv'
[1.508s] INFO:colcon.colcon_core.shell:Creating package script '/home/vboxuser/bumperbot_ws/install/bumperbot_localization/share/bumperbot_localization/package.sh'
[1.509s] INFO:colcon.colcon_core.shell:Creating package script '/home/vboxuser/bumperbot_ws/install/bumperbot_localization/share/bumperbot_localization/package.bash'
[1.510s] INFO:colcon.colcon_core.shell:Creating package script '/home/vboxuser/bumperbot_ws/install/bumperbot_localization/share/bumperbot_localization/package.zsh'
[1.510s] Level 1:colcon.colcon_core.environment:create_file_with_runtime_dependencies(/home/vboxuser/bumperbot_ws/install/bumperbot_localization/share/colcon-core/packages/bumperbot_localization)
[1.511s] Level 1:colcon.colcon_core.environment:create_environment_scripts_only(bumperbot_localization)
[1.511s] Level 1:colcon.colcon_core.environment:checking '/home/vboxuser/bumperbot_ws/install/bumperbot_localization' for CMake module files
[1.511s] Level 1:colcon.colcon_core.environment:checking '/home/vboxuser/bumperbot_ws/install/bumperbot_localization' for CMake config files
[1.511s] Level 1:colcon.colcon_core.shell:create_environment_hook('bumperbot_localization', 'cmake_prefix_path')
[1.511s] INFO:colcon.colcon_core.shell:Creating environment hook '/home/vboxuser/bumperbot_ws/install/bumperbot_localization/share/bumperbot_localization/hook/cmake_prefix_path.ps1'
[1.511s] INFO:colcon.colcon_core.shell:Creating environment descriptor '/home/vboxuser/bumperbot_ws/install/bumperbot_localization/share/bumperbot_localization/hook/cmake_prefix_path.dsv'
[1.512s] INFO:colcon.colcon_core.shell:Creating environment hook '/home/vboxuser/bumperbot_ws/install/bumperbot_localization/share/bumperbot_localization/hook/cmake_prefix_path.sh'
[1.512s] Level 1:colcon.colcon_core.environment:checking '/home/vboxuser/bumperbot_ws/install/bumperbot_localization/lib'
[1.513s] Level 1:colcon.colcon_core.environment:checking '/home/vboxuser/bumperbot_ws/install/bumperbot_localization/bin'
[1.513s] Level 1:colcon.colcon_core.shell:create_environment_hook('bumperbot_localization', 'path')
[1.513s] INFO:colcon.colcon_core.shell:Creating environment hook '/home/vboxuser/bumperbot_ws/install/bumperbot_localization/share/bumperbot_localization/hook/path.ps1'
[1.513s] INFO:colcon.colcon_core.shell:Creating environment descriptor '/home/vboxuser/bumperbot_ws/install/bumperbot_localization/share/bumperbot_localization/hook/path.dsv'
[1.513s] INFO:colcon.colcon_core.shell:Creating environment hook '/home/vboxuser/bumperbot_ws/install/bumperbot_localization/share/bumperbot_localization/hook/path.sh'
[1.514s] Level 1:colcon.colcon_core.environment:checking '/home/vboxuser/bumperbot_ws/install/bumperbot_localization/lib/pkgconfig/bumperbot_localization.pc'
[1.514s] Level 1:colcon.colcon_core.environment:checking '/home/vboxuser/bumperbot_ws/install/bumperbot_localization/lib/python3.12/site-packages'
[1.514s] Level 1:colcon.colcon_core.shell:create_environment_hook('bumperbot_localization', 'pythonpath')
[1.514s] INFO:colcon.colcon_core.shell:Creating environment hook '/home/vboxuser/bumperbot_ws/install/bumperbot_localization/share/bumperbot_localization/hook/pythonpath.ps1'
[1.514s] INFO:colcon.colcon_core.shell:Creating environment descriptor '/home/vboxuser/bumperbot_ws/install/bumperbot_localization/share/bumperbot_localization/hook/pythonpath.dsv'
[1.515s] INFO:colcon.colcon_core.shell:Creating environment hook '/home/vboxuser/bumperbot_ws/install/bumperbot_localization/share/bumperbot_localization/hook/pythonpath.sh'
[1.516s] Level 1:colcon.colcon_core.environment:checking '/home/vboxuser/bumperbot_ws/install/bumperbot_localization/bin'
[1.516s] Level 1:colcon.colcon_core.shell:create_environment_hook('bumperbot_localization', 'pythonscriptspath')
[1.516s] INFO:colcon.colcon_core.shell:Creating environment hook '/home/vboxuser/bumperbot_ws/install/bumperbot_localization/share/bumperbot_localization/hook/pythonscriptspath.ps1'
[1.516s] INFO:colcon.colcon_core.shell:Creating environment descriptor '/home/vboxuser/bumperbot_ws/install/bumperbot_localization/share/bumperbot_localization/hook/pythonscriptspath.dsv'
[1.516s] INFO:colcon.colcon_core.shell:Creating environment hook '/home/vboxuser/bumperbot_ws/install/bumperbot_localization/share/bumperbot_localization/hook/pythonscriptspath.sh'
[1.517s] INFO:colcon.colcon_core.shell:Creating package script '/home/vboxuser/bumperbot_ws/install/bumperbot_localization/share/bumperbot_localization/package.ps1'
[1.517s] INFO:colcon.colcon_core.shell:Creating package descriptor '/home/vboxuser/bumperbot_ws/install/bumperbot_localization/share/bumperbot_localization/package.dsv'
[1.518s] INFO:colcon.colcon_core.shell:Creating package script '/home/vboxuser/bumperbot_ws/install/bumperbot_localization/share/bumperbot_localization/package.sh'
[1.518s] INFO:colcon.colcon_core.shell:Creating package script '/home/vboxuser/bumperbot_ws/install/bumperbot_localization/share/bumperbot_localization/package.bash'
[1.519s] INFO:colcon.colcon_core.shell:Creating package script '/home/vboxuser/bumperbot_ws/install/bumperbot_localization/share/bumperbot_localization/package.zsh'
[1.519s] Level 1:colcon.colcon_core.environment:create_file_with_runtime_dependencies(/home/vboxuser/bumperbot_ws/install/bumperbot_localization/share/colcon-core/packages/bumperbot_localization)
[1.520s] Level 1:colcon.colcon_core.environment:create_environment_scripts_only(bumperbot_description)
[1.520s] Level 1:colcon.colcon_core.environment:checking '/home/vboxuser/bumperbot_ws/install/bumperbot_description' for CMake module files
[1.521s] Level 1:colcon.colcon_core.environment:checking '/home/vboxuser/bumperbot_ws/install/bumperbot_description' for CMake config files
[1.521s] Level 1:colcon.colcon_core.shell:create_environment_hook('bumperbot_description', 'cmake_prefix_path')
[1.521s] INFO:colcon.colcon_core.shell:Creating environment hook '/home/vboxuser/bumperbot_ws/install/bumperbot_description/share/bumperbot_description/hook/cmake_prefix_path.ps1'
[1.522s] DEBUG:colcon.colcon_core.event_handler.log_command:Invoked command in '/home/vboxuser/bumperbot_ws/build/bumperbot_description' returned '0': CMAKE_PREFIX_PATH=${CMAKE_PREFIX_PATH}:/home/vboxuser/bumperbot_ws/install/bumperbot_py_examples:/opt/ros/jazzy DEBUGINFOD_URLS=https://debuginfod.ubuntu.com /usr/bin/cmake --install /home/vboxuser/bumperbot_ws/build/bumperbot_description
[1.522s] INFO:colcon.colcon_core.shell:Creating environment descriptor '/home/vboxuser/bumperbot_ws/install/bumperbot_description/share/bumperbot_description/hook/cmake_prefix_path.dsv'
[1.523s] INFO:colcon.colcon_core.shell:Creating environment hook '/home/vboxuser/bumperbot_ws/install/bumperbot_description/share/bumperbot_description/hook/cmake_prefix_path.sh'
[1.523s] Level 1:colcon.colcon_core.environment:checking '/home/vboxuser/bumperbot_ws/install/bumperbot_description/bin'
[1.523s] Level 1:colcon.colcon_core.environment:checking '/home/vboxuser/bumperbot_ws/install/bumperbot_description/lib/pkgconfig/bumperbot_description.pc'
[1.524s] Level 1:colcon.colcon_core.environment:checking '/home/vboxuser/bumperbot_ws/install/bumperbot_description/lib/python3.12/site-packages'
[1.524s] Level 1:colcon.colcon_core.environment:checking '/home/vboxuser/bumperbot_ws/install/bumperbot_description/bin'
[1.524s] INFO:colcon.colcon_core.shell:Creating package script '/home/vboxuser/bumperbot_ws/install/bumperbot_description/share/bumperbot_description/package.ps1'
[1.524s] INFO:colcon.colcon_core.shell:Creating package descriptor '/home/vboxuser/bumperbot_ws/install/bumperbot_description/share/bumperbot_description/package.dsv'
[1.525s] INFO:colcon.colcon_core.shell:Creating package script '/home/vboxuser/bumperbot_ws/install/bumperbot_description/share/bumperbot_description/package.sh'
[1.525s] INFO:colcon.colcon_core.shell:Creating package script '/home/vboxuser/bumperbot_ws/install/bumperbot_description/share/bumperbot_description/package.bash'
[1.526s] INFO:colcon.colcon_core.shell:Creating package script '/home/vboxuser/bumperbot_ws/install/bumperbot_description/share/bumperbot_description/package.zsh'
[1.526s] Level 1:colcon.colcon_core.environment:create_file_with_runtime_dependencies(/home/vboxuser/bumperbot_ws/install/bumperbot_description/share/colcon-core/packages/bumperbot_description)
[1.526s] Level 1:colcon.colcon_core.environment:create_environment_scripts_only(bumperbot_description)
[1.527s] Level 1:colcon.colcon_core.environment:checking '/home/vboxuser/bumperbot_ws/install/bumperbot_description' for CMake module files
[1.527s] Level 1:colcon.colcon_core.environment:checking '/home/vboxuser/bumperbot_ws/install/bumperbot_description' for CMake config files
[1.527s] Level 1:colcon.colcon_core.shell:create_environment_hook('bumperbot_description', 'cmake_prefix_path')
[1.527s] INFO:colcon.colcon_core.shell:Creating environment hook '/home/vboxuser/bumperbot_ws/install/bumperbot_description/share/bumperbot_description/hook/cmake_prefix_path.ps1'
[1.527s] INFO:colcon.colcon_core.shell:Creating environment descriptor '/home/vboxuser/bumperbot_ws/install/bumperbot_description/share/bumperbot_description/hook/cmake_prefix_path.dsv'
[1.528s] INFO:colcon.colcon_core.shell:Creating environment hook '/home/vboxuser/bumperbot_ws/install/bumperbot_description/share/bumperbot_description/hook/cmake_prefix_path.sh'
[1.528s] Level 1:colcon.colcon_core.environment:checking '/home/vboxuser/bumperbot_ws/install/bumperbot_description/bin'
[1.529s] Level 1:colcon.colcon_core.environment:checking '/home/vboxuser/bumperbot_ws/install/bumperbot_description/lib/pkgconfig/bumperbot_description.pc'
[1.529s] Level 1:colcon.colcon_core.environment:checking '/home/vboxuser/bumperbot_ws/install/bumperbot_description/lib/python3.12/site-packages'
[1.529s] Level 1:colcon.colcon_core.environment:checking '/home/vboxuser/bumperbot_ws/install/bumperbot_description/bin'
[1.529s] INFO:colcon.colcon_core.shell:Creating package script '/home/vboxuser/bumperbot_ws/install/bumperbot_description/share/bumperbot_description/package.ps1'
[1.529s] INFO:colcon.colcon_core.shell:Creating package descriptor '/home/vboxuser/bumperbot_ws/install/bumperbot_description/share/bumperbot_description/package.dsv'
[1.530s] INFO:colcon.colcon_core.shell:Creating package script '/home/vboxuser/bumperbot_ws/install/bumperbot_description/share/bumperbot_description/package.sh'
[1.530s] INFO:colcon.colcon_core.shell:Creating package script '/home/vboxuser/bumperbot_ws/install/bumperbot_description/share/bumperbot_description/package.bash'
[1.531s] INFO:colcon.colcon_core.shell:Creating package script '/home/vboxuser/bumperbot_ws/install/bumperbot_description/share/bumperbot_description/package.zsh'
[1.531s] Level 1:colcon.colcon_core.environment:create_file_with_runtime_dependencies(/home/vboxuser/bumperbot_ws/install/bumperbot_description/share/colcon-core/packages/bumperbot_description)
[1.532s] INFO:colcon.colcon_ros.task.ament_cmake.build:Building ROS package in '/home/vboxuser/bumperbot_ws/src/bumperbot_bringup' with build type 'ament_cmake'
[1.532s] INFO:colcon.colcon_cmake.task.cmake.build:Building CMake package in '/home/vboxuser/bumperbot_ws/src/bumperbot_bringup'
[1.532s] INFO:colcon.colcon_core.shell:Skip shell extension 'powershell' for command environment: Not usable outside of PowerShell
[1.532s] DEBUG:colcon.colcon_core.shell:Skip shell extension 'dsv' for command environment
[1.538s] INFO:colcon.colcon_ros.task.ament_cmake.build:Building ROS package in '/home/vboxuser/bumperbot_ws/src/bumperbot_cpp_examples' with build type 'ament_cmake'
[1.538s] INFO:colcon.colcon_cmake.task.cmake.build:Building CMake package in '/home/vboxuser/bumperbot_ws/src/bumperbot_cpp_examples'
[1.538s] INFO:colcon.colcon_core.shell:Skip shell extension 'powershell' for command environment: Not usable outside of PowerShell
[1.538s] DEBUG:colcon.colcon_core.shell:Skip shell extension 'dsv' for command environment
[1.542s] INFO:colcon.colcon_ros.task.ament_python.build:Building ROS package in '/home/vboxuser/bumperbot_ws/src/bumperbot_py_examples' with build type 'ament_python'
[1.542s] Level 1:colcon.colcon_core.shell:create_environment_hook('bumperbot_py_examples', 'ament_prefix_path')
[1.542s] INFO:colcon.colcon_core.shell:Creating environment hook '/home/vboxuser/bumperbot_ws/install/bumperbot_py_examples/share/bumperbot_py_examples/hook/ament_prefix_path.ps1'
[1.543s] INFO:colcon.colcon_core.shell:Creating environment descriptor '/home/vboxuser/bumperbot_ws/install/bumperbot_py_examples/share/bumperbot_py_examples/hook/ament_prefix_path.dsv'
[1.544s] INFO:colcon.colcon_core.shell:Creating environment hook '/home/vboxuser/bumperbot_ws/install/bumperbot_py_examples/share/bumperbot_py_examples/hook/ament_prefix_path.sh'
[1.545s] INFO:colcon.colcon_core.shell:Skip shell extension 'powershell' for command environment: Not usable outside of PowerShell
[1.545s] DEBUG:colcon.colcon_core.shell:Skip shell extension 'dsv' for command environment
[1.556s] DEBUG:colcon.colcon_core.event_handler.log_command:Invoking command in '/home/vboxuser/bumperbot_ws/build/bumperbot_utils': CMAKE_PREFIX_PATH=${CMAKE_PREFIX_PATH}:/home/vboxuser/bumperbot_ws/install/bumperbot_py_examples:/opt/ros/jazzy DEBUGINFOD_URLS=https://debuginfod.ubuntu.com /usr/bin/cmake --build /home/vboxuser/bumperbot_ws/build/bumperbot_utils -- -j6 -l6
[1.562s] DEBUG:colcon.colcon_core.event_handler.log_command:Invoking command in '/home/vboxuser/bumperbot_ws/build/bumperbot_cpp_examples': CMAKE_PREFIX_PATH=/home/vboxuser/bumperbot_ws/install/bumperbot_msgs:/home/vboxuser/bumperbot_ws/install/bumperbot_utils:/home/vboxuser/bumperbot_ws/install/bumperbot_cpp_examples:/home/vboxuser/bumperbot_ws/install/bumperbot_bringup:/home/vboxuser/bumperbot_ws/install/bumperbot_mapping:/home/vboxuser/bumperbot_ws/install/bumperbot_localization:/home/vboxuser/bumperbot_ws/install/bumperbot_firmware:/home/vboxuser/bumperbot_ws/install/bumperbot_description:/home/vboxuser/bumperbot_ws/install/bumperbot_controller:/opt/ros/jazzy/opt/gz_sim_vendor:/opt/ros/jazzy/opt/gz_sensors_vendor:/opt/ros/jazzy/opt/gz_physics_vendor:/opt/ros/jazzy/opt/sdformat_vendor:/opt/ros/jazzy/opt/gz_gui_vendor:/opt/ros/jazzy/opt/gz_transport_vendor:/opt/ros/jazzy/opt/gz_rendering_vendor:/opt/ros/jazzy/opt/gz_plugin_vendor:/opt/ros/jazzy/opt/gz_fuel_tools_vendor:/opt/ros/jazzy/opt/gz_msgs_vendor:/opt/ros/jazzy/opt/gz_common_vendor:/opt/ros/jazzy/opt/gz_math_vendor:/opt/ros/jazzy/opt/gz_utils_vendor:/opt/ros/jazzy/opt/gz_tools_vendor:/opt/ros/jazzy/opt/gz_ogre_next_vendor:/opt/ros/jazzy/opt/gz_dartsim_vendor:/opt/ros/jazzy/opt/gz_cmake_vendor:/home/vboxuser/bumperbot_ws/install/bumperbot_py_examples:/opt/ros/jazzy DEBUGINFOD_URLS=https://debuginfod.ubuntu.com LD_LIBRARY_PATH=/home/vboxuser/bumperbot_ws/install/bumperbot_msgs/lib:/home/vboxuser/bumperbot_ws/install/bumperbot_cpp_examples/lib:/home/vboxuser/bumperbot_ws/install/bumperbot_firmware/lib:/opt/ros/jazzy/opt/gz_sim_vendor/lib:/opt/ros/jazzy/opt/gz_sensors_vendor/lib:/opt/ros/jazzy/opt/gz_physics_vendor/lib:/opt/ros/jazzy/opt/sdformat_vendor/lib:/opt/ros/jazzy/opt/rviz_ogre_vendor/lib:/opt/ros/jazzy/lib/x86_64-linux-gnu:/opt/ros/jazzy/opt/gz_gui_vendor/lib:/opt/ros/jazzy/opt/gz_transport_vendor/lib:/opt/ros/jazzy/opt/gz_rendering_vendor/lib:/opt/ros/jazzy/opt/gz_plugin_vendor/lib:/opt/ros/jazzy/opt/gz_fuel_tools_vendor/lib:/opt/ros/jazzy/opt/gz_msgs_vendor/lib:/opt/ros/jazzy/opt/gz_common_vendor/lib:/opt/ros/jazzy/opt/gz_math_vendor/lib:/opt/ros/jazzy/opt/gz_utils_vendor/lib:/opt/ros/jazzy/opt/gz_tools_vendor/lib:/opt/ros/jazzy/opt/gz_ogre_next_vendor/lib:/opt/ros/jazzy/opt/gz_dartsim_vendor/lib:/opt/ros/jazzy/opt/gz_cmake_vendor/lib:/opt/ros/jazzy/lib PYTHONPATH=/home/vboxuser/bumperbot_ws/install/bumperbot_msgs/lib/python3.12/site-packages:/home/vboxuser/bumperbot_ws/install/bumperbot_utils/lib/python3.12/site-packages:/home/vboxuser/bumperbot_ws/install/bumperbot_py_examples/lib/python3.12/site-packages:/home/vboxuser/bumperbot_ws/install/bumperbot_mapping/lib/python3.12/site-packages:/home/vboxuser/bumperbot_ws/install/bumperbot_localization/lib/python3.12/site-packages:/home/vboxuser/bumperbot_ws/install/bumperbot_firmware/lib/python3.12/site-packages:/home/vboxuser/bumperbot_ws/install/bumperbot_controller/lib/python3.12/site-packages:/opt/ros/jazzy/lib/python3.12/site-packages /usr/bin/cmake --build /home/vboxuser/bumperbot_ws/build/bumperbot_cpp_examples -- -j6 -l6
[1.836s] INFO:colcon.colcon_core.task.python.build:Building Python package in '/home/vboxuser/bumperbot_ws/src/bumperbot_py_examples'
[1.841s] INFO:colcon.colcon_core.shell:Skip shell extension 'powershell' for command environment: Not usable outside of PowerShell
[1.842s] DEBUG:colcon.colcon_core.shell:Skip shell extension 'dsv' for command environment
[1.893s] DEBUG:colcon.colcon_core.event_handler.log_command:Invoking command in '/home/vboxuser/bumperbot_ws/build/bumperbot_bringup': CMAKE_PREFIX_PATH=/home/vboxuser/bumperbot_ws/install/bumperbot_mapping:/home/vboxuser/bumperbot_ws/install/bumperbot_localization:/home/vboxuser/bumperbot_ws/install/bumperbot_firmware:/home/vboxuser/bumperbot_ws/install/bumperbot_description:/home/vboxuser/bumperbot_ws/install/bumperbot_controller:/home/vboxuser/bumperbot_ws/install/bumperbot_utils:/home/vboxuser/bumperbot_ws/install/bumperbot_cpp_examples:/home/vboxuser/bumperbot_ws/install/bumperbot_msgs:/home/vboxuser/bumperbot_ws/install/bumperbot_bringup:/opt/ros/jazzy/opt/gz_sim_vendor:/opt/ros/jazzy/opt/gz_sensors_vendor:/opt/ros/jazzy/opt/gz_physics_vendor:/opt/ros/jazzy/opt/sdformat_vendor:/opt/ros/jazzy/opt/gz_gui_vendor:/opt/ros/jazzy/opt/gz_transport_vendor:/opt/ros/jazzy/opt/gz_rendering_vendor:/opt/ros/jazzy/opt/gz_plugin_vendor:/opt/ros/jazzy/opt/gz_fuel_tools_vendor:/opt/ros/jazzy/opt/gz_msgs_vendor:/opt/ros/jazzy/opt/gz_common_vendor:/opt/ros/jazzy/opt/gz_math_vendor:/opt/ros/jazzy/opt/gz_utils_vendor:/opt/ros/jazzy/opt/gz_tools_vendor:/opt/ros/jazzy/opt/gz_ogre_next_vendor:/opt/ros/jazzy/opt/gz_dartsim_vendor:/opt/ros/jazzy/opt/gz_cmake_vendor:/home/vboxuser/bumperbot_ws/install/bumperbot_py_examples:/opt/ros/jazzy DEBUGINFOD_URLS=https://debuginfod.ubuntu.com LD_LIBRARY_PATH=/home/vboxuser/bumperbot_ws/install/bumperbot_firmware/lib:/home/vboxuser/bumperbot_ws/install/bumperbot_cpp_examples/lib:/home/vboxuser/bumperbot_ws/install/bumperbot_msgs/lib:/opt/ros/jazzy/opt/gz_sim_vendor/lib:/opt/ros/jazzy/opt/gz_sensors_vendor/lib:/opt/ros/jazzy/opt/gz_physics_vendor/lib:/opt/ros/jazzy/opt/sdformat_vendor/lib:/opt/ros/jazzy/opt/rviz_ogre_vendor/lib:/opt/ros/jazzy/lib/x86_64-linux-gnu:/opt/ros/jazzy/opt/gz_gui_vendor/lib:/opt/ros/jazzy/opt/gz_transport_vendor/lib:/opt/ros/jazzy/opt/gz_rendering_vendor/lib:/opt/ros/jazzy/opt/gz_plugin_vendor/lib:/opt/ros/jazzy/opt/gz_fuel_tools_vendor/lib:/opt/ros/jazzy/opt/gz_msgs_vendor/lib:/opt/ros/jazzy/opt/gz_common_vendor/lib:/opt/ros/jazzy/opt/gz_math_vendor/lib:/opt/ros/jazzy/opt/gz_utils_vendor/lib:/opt/ros/jazzy/opt/gz_tools_vendor/lib:/opt/ros/jazzy/opt/gz_ogre_next_vendor/lib:/opt/ros/jazzy/opt/gz_dartsim_vendor/lib:/opt/ros/jazzy/opt/gz_cmake_vendor/lib:/opt/ros/jazzy/lib PYTHONPATH=/home/vboxuser/bumperbot_ws/install/bumperbot_mapping/lib/python3.12/site-packages:/home/vboxuser/bumperbot_ws/install/bumperbot_localization/lib/python3.12/site-packages:/home/vboxuser/bumperbot_ws/install/bumperbot_firmware/lib/python3.12/site-packages:/home/vboxuser/bumperbot_ws/install/bumperbot_controller/lib/python3.12/site-packages:/home/vboxuser/bumperbot_ws/install/bumperbot_utils/lib/python3.12/site-packages:/home/vboxuser/bumperbot_ws/install/bumperbot_py_examples/lib/python3.12/site-packages:/home/vboxuser/bumperbot_ws/install/bumperbot_msgs/lib/python3.12/site-packages:/opt/ros/jazzy/lib/python3.12/site-packages /usr/bin/cmake --build /home/vboxuser/bumperbot_ws/build/bumperbot_bringup -- -j6 -l6
[1.980s] DEBUG:colcon.colcon_core.event_handler.log_command:Invoked command in '/home/vboxuser/bumperbot_ws/build/bumperbot_bringup' returned '0': CMAKE_PREFIX_PATH=/home/vboxuser/bumperbot_ws/install/bumperbot_mapping:/home/vboxuser/bumperbot_ws/install/bumperbot_localization:/home/vboxuser/bumperbot_ws/install/bumperbot_firmware:/home/vboxuser/bumperbot_ws/install/bumperbot_description:/home/vboxuser/bumperbot_ws/install/bumperbot_controller:/home/vboxuser/bumperbot_ws/install/bumperbot_utils:/home/vboxuser/bumperbot_ws/install/bumperbot_cpp_examples:/home/vboxuser/bumperbot_ws/install/bumperbot_msgs:/home/vboxuser/bumperbot_ws/install/bumperbot_bringup:/opt/ros/jazzy/opt/gz_sim_vendor:/opt/ros/jazzy/opt/gz_sensors_vendor:/opt/ros/jazzy/opt/gz_physics_vendor:/opt/ros/jazzy/opt/sdformat_vendor:/opt/ros/jazzy/opt/gz_gui_vendor:/opt/ros/jazzy/opt/gz_transport_vendor:/opt/ros/jazzy/opt/gz_rendering_vendor:/opt/ros/jazzy/opt/gz_plugin_vendor:/opt/ros/jazzy/opt/gz_fuel_tools_vendor:/opt/ros/jazzy/opt/gz_msgs_vendor:/opt/ros/jazzy/opt/gz_common_vendor:/opt/ros/jazzy/opt/gz_math_vendor:/opt/ros/jazzy/opt/gz_utils_vendor:/opt/ros/jazzy/opt/gz_tools_vendor:/opt/ros/jazzy/opt/gz_ogre_next_vendor:/opt/ros/jazzy/opt/gz_dartsim_vendor:/opt/ros/jazzy/opt/gz_cmake_vendor:/home/vboxuser/bumperbot_ws/install/bumperbot_py_examples:/opt/ros/jazzy DEBUGINFOD_URLS=https://debuginfod.ubuntu.com LD_LIBRARY_PATH=/home/vboxuser/bumperbot_ws/install/bumperbot_firmware/lib:/home/vboxuser/bumperbot_ws/install/bumperbot_cpp_examples/lib:/home/vboxuser/bumperbot_ws/install/bumperbot_msgs/lib:/opt/ros/jazzy/opt/gz_sim_vendor/lib:/opt/ros/jazzy/opt/gz_sensors_vendor/lib:/opt/ros/jazzy/opt/gz_physics_vendor/lib:/opt/ros/jazzy/opt/sdformat_vendor/lib:/opt/ros/jazzy/opt/rviz_ogre_vendor/lib:/opt/ros/jazzy/lib/x86_64-linux-gnu:/opt/ros/jazzy/opt/gz_gui_vendor/lib:/opt/ros/jazzy/opt/gz_transport_vendor/lib:/opt/ros/jazzy/opt/gz_rendering_vendor/lib:/opt/ros/jazzy/opt/gz_plugin_vendor/lib:/opt/ros/jazzy/opt/gz_fuel_tools_vendor/lib:/opt/ros/jazzy/opt/gz_msgs_vendor/lib:/opt/ros/jazzy/opt/gz_common_vendor/lib:/opt/ros/jazzy/opt/gz_math_vendor/lib:/opt/ros/jazzy/opt/gz_utils_vendor/lib:/opt/ros/jazzy/opt/gz_tools_vendor/lib:/opt/ros/jazzy/opt/gz_ogre_next_vendor/lib:/opt/ros/jazzy/opt/gz_dartsim_vendor/lib:/opt/ros/jazzy/opt/gz_cmake_vendor/lib:/opt/ros/jazzy/lib PYTHONPATH=/home/vboxuser/bumperbot_ws/install/bumperbot_mapping/lib/python3.12/site-packages:/home/vboxuser/bumperbot_ws/install/bumperbot_localization/lib/python3.12/site-packages:/home/vboxuser/bumperbot_ws/install/bumperbot_firmware/lib/python3.12/site-packages:/home/vboxuser/bumperbot_ws/install/bumperbot_controller/lib/python3.12/site-packages:/home/vboxuser/bumperbot_ws/install/bumperbot_utils/lib/python3.12/site-packages:/home/vboxuser/bumperbot_ws/install/bumperbot_py_examples/lib/python3.12/site-packages:/home/vboxuser/bumperbot_ws/install/bumperbot_msgs/lib/python3.12/site-packages:/opt/ros/jazzy/lib/python3.12/site-packages /usr/bin/cmake --build /home/vboxuser/bumperbot_ws/build/bumperbot_bringup -- -j6 -l6
[1.981s] DEBUG:colcon.colcon_core.event_handler.log_command:Invoking command in '/home/vboxuser/bumperbot_ws/build/bumperbot_bringup': CMAKE_PREFIX_PATH=/home/vboxuser/bumperbot_ws/install/bumperbot_mapping:/home/vboxuser/bumperbot_ws/install/bumperbot_localization:/home/vboxuser/bumperbot_ws/install/bumperbot_firmware:/home/vboxuser/bumperbot_ws/install/bumperbot_description:/home/vboxuser/bumperbot_ws/install/bumperbot_controller:/home/vboxuser/bumperbot_ws/install/bumperbot_utils:/home/vboxuser/bumperbot_ws/install/bumperbot_cpp_examples:/home/vboxuser/bumperbot_ws/install/bumperbot_msgs:/home/vboxuser/bumperbot_ws/install/bumperbot_bringup:/opt/ros/jazzy/opt/gz_sim_vendor:/opt/ros/jazzy/opt/gz_sensors_vendor:/opt/ros/jazzy/opt/gz_physics_vendor:/opt/ros/jazzy/opt/sdformat_vendor:/opt/ros/jazzy/opt/gz_gui_vendor:/opt/ros/jazzy/opt/gz_transport_vendor:/opt/ros/jazzy/opt/gz_rendering_vendor:/opt/ros/jazzy/opt/gz_plugin_vendor:/opt/ros/jazzy/opt/gz_fuel_tools_vendor:/opt/ros/jazzy/opt/gz_msgs_vendor:/opt/ros/jazzy/opt/gz_common_vendor:/opt/ros/jazzy/opt/gz_math_vendor:/opt/ros/jazzy/opt/gz_utils_vendor:/opt/ros/jazzy/opt/gz_tools_vendor:/opt/ros/jazzy/opt/gz_ogre_next_vendor:/opt/ros/jazzy/opt/gz_dartsim_vendor:/opt/ros/jazzy/opt/gz_cmake_vendor:/home/vboxuser/bumperbot_ws/install/bumperbot_py_examples:/opt/ros/jazzy DEBUGINFOD_URLS=https://debuginfod.ubuntu.com LD_LIBRARY_PATH=/home/vboxuser/bumperbot_ws/install/bumperbot_firmware/lib:/home/vboxuser/bumperbot_ws/install/bumperbot_cpp_examples/lib:/home/vboxuser/bumperbot_ws/install/bumperbot_msgs/lib:/opt/ros/jazzy/opt/gz_sim_vendor/lib:/opt/ros/jazzy/opt/gz_sensors_vendor/lib:/opt/ros/jazzy/opt/gz_physics_vendor/lib:/opt/ros/jazzy/opt/sdformat_vendor/lib:/opt/ros/jazzy/opt/rviz_ogre_vendor/lib:/opt/ros/jazzy/lib/x86_64-linux-gnu:/opt/ros/jazzy/opt/gz_gui_vendor/lib:/opt/ros/jazzy/opt/gz_transport_vendor/lib:/opt/ros/jazzy/opt/gz_rendering_vendor/lib:/opt/ros/jazzy/opt/gz_plugin_vendor/lib:/opt/ros/jazzy/opt/gz_fuel_tools_vendor/lib:/opt/ros/jazzy/opt/gz_msgs_vendor/lib:/opt/ros/jazzy/opt/gz_common_vendor/lib:/opt/ros/jazzy/opt/gz_math_vendor/lib:/opt/ros/jazzy/opt/gz_utils_vendor/lib:/opt/ros/jazzy/opt/gz_tools_vendor/lib:/opt/ros/jazzy/opt/gz_ogre_next_vendor/lib:/opt/ros/jazzy/opt/gz_dartsim_vendor/lib:/opt/ros/jazzy/opt/gz_cmake_vendor/lib:/opt/ros/jazzy/lib PYTHONPATH=/home/vboxuser/bumperbot_ws/install/bumperbot_mapping/lib/python3.12/site-packages:/home/vboxuser/bumperbot_ws/install/bumperbot_localization/lib/python3.12/site-packages:/home/vboxuser/bumperbot_ws/install/bumperbot_firmware/lib/python3.12/site-packages:/home/vboxuser/bumperbot_ws/install/bumperbot_controller/lib/python3.12/site-packages:/home/vboxuser/bumperbot_ws/install/bumperbot_utils/lib/python3.12/site-packages:/home/vboxuser/bumperbot_ws/install/bumperbot_py_examples/lib/python3.12/site-packages:/home/vboxuser/bumperbot_ws/install/bumperbot_msgs/lib/python3.12/site-packages:/opt/ros/jazzy/lib/python3.12/site-packages /usr/bin/cmake --install /home/vboxuser/bumperbot_ws/build/bumperbot_bringup
[2.005s] Level 1:colcon.colcon_core.environment:create_environment_scripts_only(bumperbot_bringup)
[2.005s] Level 1:colcon.colcon_core.environment:checking '/home/vboxuser/bumperbot_ws/install/bumperbot_bringup' for CMake module files
[2.006s] Level 1:colcon.colcon_core.environment:checking '/home/vboxuser/bumperbot_ws/install/bumperbot_bringup' for CMake config files
[2.007s] Level 1:colcon.colcon_core.shell:create_environment_hook('bumperbot_bringup', 'cmake_prefix_path')
[2.007s] INFO:colcon.colcon_core.shell:Creating environment hook '/home/vboxuser/bumperbot_ws/install/bumperbot_bringup/share/bumperbot_bringup/hook/cmake_prefix_path.ps1'
[2.008s] DEBUG:colcon.colcon_core.event_handler.log_command:Invoked command in '/home/vboxuser/bumperbot_ws/build/bumperbot_bringup' returned '0': CMAKE_PREFIX_PATH=/home/vboxuser/bumperbot_ws/install/bumperbot_mapping:/home/vboxuser/bumperbot_ws/install/bumperbot_localization:/home/vboxuser/bumperbot_ws/install/bumperbot_firmware:/home/vboxuser/bumperbot_ws/install/bumperbot_description:/home/vboxuser/bumperbot_ws/install/bumperbot_controller:/home/vboxuser/bumperbot_ws/install/bumperbot_utils:/home/vboxuser/bumperbot_ws/install/bumperbot_cpp_examples:/home/vboxuser/bumperbot_ws/install/bumperbot_msgs:/home/vboxuser/bumperbot_ws/install/bumperbot_bringup:/opt/ros/jazzy/opt/gz_sim_vendor:/opt/ros/jazzy/opt/gz_sensors_vendor:/opt/ros/jazzy/opt/gz_physics_vendor:/opt/ros/jazzy/opt/sdformat_vendor:/opt/ros/jazzy/opt/gz_gui_vendor:/opt/ros/jazzy/opt/gz_transport_vendor:/opt/ros/jazzy/opt/gz_rendering_vendor:/opt/ros/jazzy/opt/gz_plugin_vendor:/opt/ros/jazzy/opt/gz_fuel_tools_vendor:/opt/ros/jazzy/opt/gz_msgs_vendor:/opt/ros/jazzy/opt/gz_common_vendor:/opt/ros/jazzy/opt/gz_math_vendor:/opt/ros/jazzy/opt/gz_utils_vendor:/opt/ros/jazzy/opt/gz_tools_vendor:/opt/ros/jazzy/opt/gz_ogre_next_vendor:/opt/ros/jazzy/opt/gz_dartsim_vendor:/opt/ros/jazzy/opt/gz_cmake_vendor:/home/vboxuser/bumperbot_ws/install/bumperbot_py_examples:/opt/ros/jazzy DEBUGINFOD_URLS=https://debuginfod.ubuntu.com LD_LIBRARY_PATH=/home/vboxuser/bumperbot_ws/install/bumperbot_firmware/lib:/home/vboxuser/bumperbot_ws/install/bumperbot_cpp_examples/lib:/home/vboxuser/bumperbot_ws/install/bumperbot_msgs/lib:/opt/ros/jazzy/opt/gz_sim_vendor/lib:/opt/ros/jazzy/opt/gz_sensors_vendor/lib:/opt/ros/jazzy/opt/gz_physics_vendor/lib:/opt/ros/jazzy/opt/sdformat_vendor/lib:/opt/ros/jazzy/opt/rviz_ogre_vendor/lib:/opt/ros/jazzy/lib/x86_64-linux-gnu:/opt/ros/jazzy/opt/gz_gui_vendor/lib:/opt/ros/jazzy/opt/gz_transport_vendor/lib:/opt/ros/jazzy/opt/gz_rendering_vendor/lib:/opt/ros/jazzy/opt/gz_plugin_vendor/lib:/opt/ros/jazzy/opt/gz_fuel_tools_vendor/lib:/opt/ros/jazzy/opt/gz_msgs_vendor/lib:/opt/ros/jazzy/opt/gz_common_vendor/lib:/opt/ros/jazzy/opt/gz_math_vendor/lib:/opt/ros/jazzy/opt/gz_utils_vendor/lib:/opt/ros/jazzy/opt/gz_tools_vendor/lib:/opt/ros/jazzy/opt/gz_ogre_next_vendor/lib:/opt/ros/jazzy/opt/gz_dartsim_vendor/lib:/opt/ros/jazzy/opt/gz_cmake_vendor/lib:/opt/ros/jazzy/lib PYTHONPATH=/home/vboxuser/bumperbot_ws/install/bumperbot_mapping/lib/python3.12/site-packages:/home/vboxuser/bumperbot_ws/install/bumperbot_localization/lib/python3.12/site-packages:/home/vboxuser/bumperbot_ws/install/bumperbot_firmware/lib/python3.12/site-packages:/home/vboxuser/bumperbot_ws/install/bumperbot_controller/lib/python3.12/site-packages:/home/vboxuser/bumperbot_ws/install/bumperbot_utils/lib/python3.12/site-packages:/home/vboxuser/bumperbot_ws/install/bumperbot_py_examples/lib/python3.12/site-packages:/home/vboxuser/bumperbot_ws/install/bumperbot_msgs/lib/python3.12/site-packages:/opt/ros/jazzy/lib/python3.12/site-packages /usr/bin/cmake --install /home/vboxuser/bumperbot_ws/build/bumperbot_bringup
[2.008s] INFO:colcon.colcon_core.shell:Creating environment descriptor '/home/vboxuser/bumperbot_ws/install/bumperbot_bringup/share/bumperbot_bringup/hook/cmake_prefix_path.dsv'
[2.008s] INFO:colcon.colcon_core.shell:Creating environment hook '/home/vboxuser/bumperbot_ws/install/bumperbot_bringup/share/bumperbot_bringup/hook/cmake_prefix_path.sh'
[2.009s] Level 1:colcon.colcon_core.environment:checking '/home/vboxuser/bumperbot_ws/install/bumperbot_bringup/bin'
[2.009s] Level 1:colcon.colcon_core.environment:checking '/home/vboxuser/bumperbot_ws/install/bumperbot_bringup/lib/pkgconfig/bumperbot_bringup.pc'
[2.009s] Level 1:colcon.colcon_core.environment:checking '/home/vboxuser/bumperbot_ws/install/bumperbot_bringup/lib/python3.12/site-packages'
[2.009s] Level 1:colcon.colcon_core.environment:checking '/home/vboxuser/bumperbot_ws/install/bumperbot_bringup/bin'
[2.010s] INFO:colcon.colcon_core.shell:Creating package script '/home/vboxuser/bumperbot_ws/install/bumperbot_bringup/share/bumperbot_bringup/package.ps1'
[2.010s] INFO:colcon.colcon_core.shell:Creating package descriptor '/home/vboxuser/bumperbot_ws/install/bumperbot_bringup/share/bumperbot_bringup/package.dsv'
[2.010s] INFO:colcon.colcon_core.shell:Creating package script '/home/vboxuser/bumperbot_ws/install/bumperbot_bringup/share/bumperbot_bringup/package.sh'
[2.022s] INFO:colcon.colcon_core.shell:Creating package script '/home/vboxuser/bumperbot_ws/install/bumperbot_bringup/share/bumperbot_bringup/package.bash'
[2.025s] INFO:colcon.colcon_core.shell:Creating package script '/home/vboxuser/bumperbot_ws/install/bumperbot_bringup/share/bumperbot_bringup/package.zsh'
[2.026s] Level 1:colcon.colcon_core.environment:create_file_with_runtime_dependencies(/home/vboxuser/bumperbot_ws/install/bumperbot_bringup/share/colcon-core/packages/bumperbot_bringup)
[2.027s] Level 1:colcon.colcon_core.environment:create_environment_scripts_only(bumperbot_bringup)
[2.027s] Level 1:colcon.colcon_core.environment:checking '/home/vboxuser/bumperbot_ws/install/bumperbot_bringup' for CMake module files
[2.027s] Level 1:colcon.colcon_core.environment:checking '/home/vboxuser/bumperbot_ws/install/bumperbot_bringup' for CMake config files
[2.027s] Level 1:colcon.colcon_core.shell:create_environment_hook('bumperbot_bringup', 'cmake_prefix_path')
[2.027s] INFO:colcon.colcon_core.shell:Creating environment hook '/home/vboxuser/bumperbot_ws/install/bumperbot_bringup/share/bumperbot_bringup/hook/cmake_prefix_path.ps1'
[2.027s] INFO:colcon.colcon_core.shell:Creating environment descriptor '/home/vboxuser/bumperbot_ws/install/bumperbot_bringup/share/bumperbot_bringup/hook/cmake_prefix_path.dsv'
[2.028s] INFO:colcon.colcon_core.shell:Creating environment hook '/home/vboxuser/bumperbot_ws/install/bumperbot_bringup/share/bumperbot_bringup/hook/cmake_prefix_path.sh'
[2.029s] Level 1:colcon.colcon_core.environment:checking '/home/vboxuser/bumperbot_ws/install/bumperbot_bringup/bin'
[2.029s] Level 1:colcon.colcon_core.environment:checking '/home/vboxuser/bumperbot_ws/install/bumperbot_bringup/lib/pkgconfig/bumperbot_bringup.pc'
[2.029s] Level 1:colcon.colcon_core.environment:checking '/home/vboxuser/bumperbot_ws/install/bumperbot_bringup/lib/python3.12/site-packages'
[2.029s] Level 1:colcon.colcon_core.environment:checking '/home/vboxuser/bumperbot_ws/install/bumperbot_bringup/bin'
[2.029s] INFO:colcon.colcon_core.shell:Creating package script '/home/vboxuser/bumperbot_ws/install/bumperbot_bringup/share/bumperbot_bringup/package.ps1'
[2.030s] INFO:colcon.colcon_core.shell:Creating package descriptor '/home/vboxuser/bumperbot_ws/install/bumperbot_bringup/share/bumperbot_bringup/package.dsv'
[2.030s] INFO:colcon.colcon_core.shell:Creating package script '/home/vboxuser/bumperbot_ws/install/bumperbot_bringup/share/bumperbot_bringup/package.sh'
[2.030s] INFO:colcon.colcon_core.shell:Creating package script '/home/vboxuser/bumperbot_ws/install/bumperbot_bringup/share/bumperbot_bringup/package.bash'
[2.031s] INFO:colcon.colcon_core.shell:Creating package script '/home/vboxuser/bumperbot_ws/install/bumperbot_bringup/share/bumperbot_bringup/package.zsh'
[2.031s] Level 1:colcon.colcon_core.environment:create_file_with_runtime_dependencies(/home/vboxuser/bumperbot_ws/install/bumperbot_bringup/share/colcon-core/packages/bumperbot_bringup)
[2.086s] DEBUG:colcon.colcon_core.event_handler.log_command:Invoked command in '/home/vboxuser/bumperbot_ws/build/bumperbot_utils' returned '0': CMAKE_PREFIX_PATH=${CMAKE_PREFIX_PATH}:/home/vboxuser/bumperbot_ws/install/bumperbot_py_examples:/opt/ros/jazzy DEBUGINFOD_URLS=https://debuginfod.ubuntu.com /usr/bin/cmake --build /home/vboxuser/bumperbot_ws/build/bumperbot_utils -- -j6 -l6
[2.090s] DEBUG:colcon.colcon_core.event_handler.log_command:Invoking command in '/home/vboxuser/bumperbot_ws/build/bumperbot_utils': CMAKE_PREFIX_PATH=${CMAKE_PREFIX_PATH}:/home/vboxuser/bumperbot_ws/install/bumperbot_py_examples:/opt/ros/jazzy DEBUGINFOD_URLS=https://debuginfod.ubuntu.com /usr/bin/cmake --install /home/vboxuser/bumperbot_ws/build/bumperbot_utils
[2.275s] Level 1:colcon.colcon_core.environment:create_environment_scripts_only(bumperbot_utils)
[2.275s] Level 1:colcon.colcon_core.environment:checking '/home/vboxuser/bumperbot_ws/install/bumperbot_utils' for CMake module files
[2.276s] Level 1:colcon.colcon_core.environment:checking '/home/vboxuser/bumperbot_ws/install/bumperbot_utils' for CMake config files
[2.276s] Level 1:colcon.colcon_core.shell:create_environment_hook('bumperbot_utils', 'cmake_prefix_path')
[2.276s] INFO:colcon.colcon_core.shell:Creating environment hook '/home/vboxuser/bumperbot_ws/install/bumperbot_utils/share/bumperbot_utils/hook/cmake_prefix_path.ps1'
[2.279s] INFO:colcon.colcon_core.shell:Creating environment descriptor '/home/vboxuser/bumperbot_ws/install/bumperbot_utils/share/bumperbot_utils/hook/cmake_prefix_path.dsv'
[2.282s] INFO:colcon.colcon_core.shell:Creating environment hook '/home/vboxuser/bumperbot_ws/install/bumperbot_utils/share/bumperbot_utils/hook/cmake_prefix_path.sh'
[2.283s] Level 1:colcon.colcon_core.environment:checking '/home/vboxuser/bumperbot_ws/install/bumperbot_utils/lib'
[2.283s] Level 1:colcon.colcon_core.environment:checking '/home/vboxuser/bumperbot_ws/install/bumperbot_utils/bin'
[2.284s] Level 1:colcon.colcon_core.environment:checking '/home/vboxuser/bumperbot_ws/install/bumperbot_utils/lib/pkgconfig/bumperbot_utils.pc'
[2.284s] Level 1:colcon.colcon_core.environment:checking '/home/vboxuser/bumperbot_ws/install/bumperbot_utils/lib/python3.12/site-packages'
[2.284s] Level 1:colcon.colcon_core.shell:create_environment_hook('bumperbot_utils', 'pythonpath')
[2.284s] INFO:colcon.colcon_core.shell:Creating environment hook '/home/vboxuser/bumperbot_ws/install/bumperbot_utils/share/bumperbot_utils/hook/pythonpath.ps1'
[2.287s] DEBUG:colcon.colcon_core.event_handler.log_command:Invoked command in '/home/vboxuser/bumperbot_ws/build/bumperbot_utils' returned '0': CMAKE_PREFIX_PATH=${CMAKE_PREFIX_PATH}:/home/vboxuser/bumperbot_ws/install/bumperbot_py_examples:/opt/ros/jazzy DEBUGINFOD_URLS=https://debuginfod.ubuntu.com /usr/bin/cmake --install /home/vboxuser/bumperbot_ws/build/bumperbot_utils
[2.287s] INFO:colcon.colcon_core.shell:Creating environment descriptor '/home/vboxuser/bumperbot_ws/install/bumperbot_utils/share/bumperbot_utils/hook/pythonpath.dsv'
[2.289s] INFO:colcon.colcon_core.shell:Creating environment hook '/home/vboxuser/bumperbot_ws/install/bumperbot_utils/share/bumperbot_utils/hook/pythonpath.sh'
[2.291s] Level 1:colcon.colcon_core.environment:checking '/home/vboxuser/bumperbot_ws/install/bumperbot_utils/bin'
[2.291s] INFO:colcon.colcon_core.shell:Creating package script '/home/vboxuser/bumperbot_ws/install/bumperbot_utils/share/bumperbot_utils/package.ps1'
[2.292s] INFO:colcon.colcon_core.shell:Creating package descriptor '/home/vboxuser/bumperbot_ws/install/bumperbot_utils/share/bumperbot_utils/package.dsv'
[2.292s] INFO:colcon.colcon_core.shell:Creating package script '/home/vboxuser/bumperbot_ws/install/bumperbot_utils/share/bumperbot_utils/package.sh'
[2.293s] INFO:colcon.colcon_core.shell:Creating package script '/home/vboxuser/bumperbot_ws/install/bumperbot_utils/share/bumperbot_utils/package.bash'
[2.293s] INFO:colcon.colcon_core.shell:Creating package script '/home/vboxuser/bumperbot_ws/install/bumperbot_utils/share/bumperbot_utils/package.zsh'
[2.294s] Level 1:colcon.colcon_core.environment:create_file_with_runtime_dependencies(/home/vboxuser/bumperbot_ws/install/bumperbot_utils/share/colcon-core/packages/bumperbot_utils)
[2.294s] Level 1:colcon.colcon_core.environment:create_environment_scripts_only(bumperbot_utils)
[2.294s] Level 1:colcon.colcon_core.environment:checking '/home/vboxuser/bumperbot_ws/install/bumperbot_utils' for CMake module files
[2.295s] Level 1:colcon.colcon_core.environment:checking '/home/vboxuser/bumperbot_ws/install/bumperbot_utils' for CMake config files
[2.295s] Level 1:colcon.colcon_core.shell:create_environment_hook('bumperbot_utils', 'cmake_prefix_path')
[2.295s] INFO:colcon.colcon_core.shell:Creating environment hook '/home/vboxuser/bumperbot_ws/install/bumperbot_utils/share/bumperbot_utils/hook/cmake_prefix_path.ps1'
[2.295s] INFO:colcon.colcon_core.shell:Creating environment descriptor '/home/vboxuser/bumperbot_ws/install/bumperbot_utils/share/bumperbot_utils/hook/cmake_prefix_path.dsv'
[2.296s] INFO:colcon.colcon_core.shell:Creating environment hook '/home/vboxuser/bumperbot_ws/install/bumperbot_utils/share/bumperbot_utils/hook/cmake_prefix_path.sh'
[2.297s] Level 1:colcon.colcon_core.environment:checking '/home/vboxuser/bumperbot_ws/install/bumperbot_utils/lib'
[2.297s] Level 1:colcon.colcon_core.environment:checking '/home/vboxuser/bumperbot_ws/install/bumperbot_utils/bin'
[2.297s] Level 1:colcon.colcon_core.environment:checking '/home/vboxuser/bumperbot_ws/install/bumperbot_utils/lib/pkgconfig/bumperbot_utils.pc'
[2.297s] Level 1:colcon.colcon_core.environment:checking '/home/vboxuser/bumperbot_ws/install/bumperbot_utils/lib/python3.12/site-packages'
[2.297s] Level 1:colcon.colcon_core.shell:create_environment_hook('bumperbot_utils', 'pythonpath')
[2.297s] INFO:colcon.colcon_core.shell:Creating environment hook '/home/vboxuser/bumperbot_ws/install/bumperbot_utils/share/bumperbot_utils/hook/pythonpath.ps1'
[2.297s] INFO:colcon.colcon_core.shell:Creating environment descriptor '/home/vboxuser/bumperbot_ws/install/bumperbot_utils/share/bumperbot_utils/hook/pythonpath.dsv'
[2.298s] INFO:colcon.colcon_core.shell:Creating environment hook '/home/vboxuser/bumperbot_ws/install/bumperbot_utils/share/bumperbot_utils/hook/pythonpath.sh'
[2.299s] Level 1:colcon.colcon_core.environment:checking '/home/vboxuser/bumperbot_ws/install/bumperbot_utils/bin'
[2.299s] INFO:colcon.colcon_core.shell:Creating package script '/home/vboxuser/bumperbot_ws/install/bumperbot_utils/share/bumperbot_utils/package.ps1'
[2.299s] INFO:colcon.colcon_core.shell:Creating package descriptor '/home/vboxuser/bumperbot_ws/install/bumperbot_utils/share/bumperbot_utils/package.dsv'
[2.300s] INFO:colcon.colcon_core.shell:Creating package script '/home/vboxuser/bumperbot_ws/install/bumperbot_utils/share/bumperbot_utils/package.sh'
[2.300s] INFO:colcon.colcon_core.shell:Creating package script '/home/vboxuser/bumperbot_ws/install/bumperbot_utils/share/bumperbot_utils/package.bash'
[2.301s] INFO:colcon.colcon_core.shell:Creating package script '/home/vboxuser/bumperbot_ws/install/bumperbot_utils/share/bumperbot_utils/package.zsh'
[2.301s] Level 1:colcon.colcon_core.environment:create_file_with_runtime_dependencies(/home/vboxuser/bumperbot_ws/install/bumperbot_utils/share/colcon-core/packages/bumperbot_utils)
[2.879s] DEBUG:colcon.colcon_core.event_handler.log_command:Invoking command in '/home/vboxuser/bumperbot_ws/src/bumperbot_py_examples': CMAKE_PREFIX_PATH=/home/vboxuser/bumperbot_ws/install/bumperbot_msgs:/home/vboxuser/bumperbot_ws/install/bumperbot_utils:/home/vboxuser/bumperbot_ws/install/bumperbot_cpp_examples:/home/vboxuser/bumperbot_ws/install/bumperbot_bringup:/home/vboxuser/bumperbot_ws/install/bumperbot_mapping:/home/vboxuser/bumperbot_ws/install/bumperbot_localization:/home/vboxuser/bumperbot_ws/install/bumperbot_firmware:/home/vboxuser/bumperbot_ws/install/bumperbot_description:/home/vboxuser/bumperbot_ws/install/bumperbot_controller:/opt/ros/jazzy/opt/gz_sim_vendor:/opt/ros/jazzy/opt/gz_sensors_vendor:/opt/ros/jazzy/opt/gz_physics_vendor:/opt/ros/jazzy/opt/sdformat_vendor:/opt/ros/jazzy/opt/gz_gui_vendor:/opt/ros/jazzy/opt/gz_transport_vendor:/opt/ros/jazzy/opt/gz_rendering_vendor:/opt/ros/jazzy/opt/gz_plugin_vendor:/opt/ros/jazzy/opt/gz_fuel_tools_vendor:/opt/ros/jazzy/opt/gz_msgs_vendor:/opt/ros/jazzy/opt/gz_common_vendor:/opt/ros/jazzy/opt/gz_math_vendor:/opt/ros/jazzy/opt/gz_utils_vendor:/opt/ros/jazzy/opt/gz_tools_vendor:/opt/ros/jazzy/opt/gz_ogre_next_vendor:/opt/ros/jazzy/opt/gz_dartsim_vendor:/opt/ros/jazzy/opt/gz_cmake_vendor DEBUGINFOD_URLS=https://debuginfod.ubuntu.com LD_LIBRARY_PATH=/home/vboxuser/bumperbot_ws/install/bumperbot_msgs/lib:/home/vboxuser/bumperbot_ws/install/bumperbot_cpp_examples/lib:/home/vboxuser/bumperbot_ws/install/bumperbot_firmware/lib:/opt/ros/jazzy/opt/gz_sim_vendor/lib:/opt/ros/jazzy/opt/gz_sensors_vendor/lib:/opt/ros/jazzy/opt/gz_physics_vendor/lib:/opt/ros/jazzy/opt/sdformat_vendor/lib:/opt/ros/jazzy/opt/rviz_ogre_vendor/lib:/opt/ros/jazzy/lib/x86_64-linux-gnu:/opt/ros/jazzy/opt/gz_gui_vendor/lib:/opt/ros/jazzy/opt/gz_transport_vendor/lib:/opt/ros/jazzy/opt/gz_rendering_vendor/lib:/opt/ros/jazzy/opt/gz_plugin_vendor/lib:/opt/ros/jazzy/opt/gz_fuel_tools_vendor/lib:/opt/ros/jazzy/opt/gz_msgs_vendor/lib:/opt/ros/jazzy/opt/gz_common_vendor/lib:/opt/ros/jazzy/opt/gz_math_vendor/lib:/opt/ros/jazzy/opt/gz_utils_vendor/lib:/opt/ros/jazzy/opt/gz_tools_vendor/lib:/opt/ros/jazzy/opt/gz_ogre_next_vendor/lib:/opt/ros/jazzy/opt/gz_dartsim_vendor/lib:/opt/ros/jazzy/opt/gz_cmake_vendor/lib:/opt/ros/jazzy/lib PYTHONPATH=/home/vboxuser/bumperbot_ws/build/bumperbot_py_examples/prefix_override:/usr/lib/python3/dist-packages/colcon_core/task/python/colcon_distutils_commands:/home/vboxuser/bumperbot_ws/install/bumperbot_py_examples/lib/python3.12/site-packages:/home/vboxuser/bumperbot_ws/install/bumperbot_msgs/lib/python3.12/site-packages:/home/vboxuser/bumperbot_ws/install/bumperbot_utils/lib/python3.12/site-packages:/home/vboxuser/bumperbot_ws/install/bumperbot_py_examples/lib/python3.12/site-packages:/home/vboxuser/bumperbot_ws/install/bumperbot_mapping/lib/python3.12/site-packages:/home/vboxuser/bumperbot_ws/install/bumperbot_localization/lib/python3.12/site-packages:/home/vboxuser/bumperbot_ws/install/bumperbot_firmware/lib/python3.12/site-packages:/home/vboxuser/bumperbot_ws/install/bumperbot_controller/lib/python3.12/site-packages:/opt/ros/jazzy/lib/python3.12/site-packages /usr/bin/python3 -W ignore:setup.py install is deprecated -W ignore:easy_install command is deprecated setup.py egg_info --egg-base ../../build/bumperbot_py_examples build --build-base /home/vboxuser/bumperbot_ws/build/bumperbot_py_examples/build install --record /home/vboxuser/bumperbot_ws/build/bumperbot_py_examples/install.log --single-version-externally-managed install_data
[3.260s] Level 1:colcon.colcon_core.environment:checking '/home/vboxuser/bumperbot_ws/install/bumperbot_py_examples' for CMake module files
[3.261s] DEBUG:colcon.colcon_core.event_handler.log_command:Invoked command in '/home/vboxuser/bumperbot_ws/src/bumperbot_py_examples' returned '0': CMAKE_PREFIX_PATH=/home/vboxuser/bumperbot_ws/install/bumperbot_msgs:/home/vboxuser/bumperbot_ws/install/bumperbot_utils:/home/vboxuser/bumperbot_ws/install/bumperbot_cpp_examples:/home/vboxuser/bumperbot_ws/install/bumperbot_bringup:/home/vboxuser/bumperbot_ws/install/bumperbot_mapping:/home/vboxuser/bumperbot_ws/install/bumperbot_localization:/home/vboxuser/bumperbot_ws/install/bumperbot_firmware:/home/vboxuser/bumperbot_ws/install/bumperbot_description:/home/vboxuser/bumperbot_ws/install/bumperbot_controller:/opt/ros/jazzy/opt/gz_sim_vendor:/opt/ros/jazzy/opt/gz_sensors_vendor:/opt/ros/jazzy/opt/gz_physics_vendor:/opt/ros/jazzy/opt/sdformat_vendor:/opt/ros/jazzy/opt/gz_gui_vendor:/opt/ros/jazzy/opt/gz_transport_vendor:/opt/ros/jazzy/opt/gz_rendering_vendor:/opt/ros/jazzy/opt/gz_plugin_vendor:/opt/ros/jazzy/opt/gz_fuel_tools_vendor:/opt/ros/jazzy/opt/gz_msgs_vendor:/opt/ros/jazzy/opt/gz_common_vendor:/opt/ros/jazzy/opt/gz_math_vendor:/opt/ros/jazzy/opt/gz_utils_vendor:/opt/ros/jazzy/opt/gz_tools_vendor:/opt/ros/jazzy/opt/gz_ogre_next_vendor:/opt/ros/jazzy/opt/gz_dartsim_vendor:/opt/ros/jazzy/opt/gz_cmake_vendor DEBUGINFOD_URLS=https://debuginfod.ubuntu.com LD_LIBRARY_PATH=/home/vboxuser/bumperbot_ws/install/bumperbot_msgs/lib:/home/vboxuser/bumperbot_ws/install/bumperbot_cpp_examples/lib:/home/vboxuser/bumperbot_ws/install/bumperbot_firmware/lib:/opt/ros/jazzy/opt/gz_sim_vendor/lib:/opt/ros/jazzy/opt/gz_sensors_vendor/lib:/opt/ros/jazzy/opt/gz_physics_vendor/lib:/opt/ros/jazzy/opt/sdformat_vendor/lib:/opt/ros/jazzy/opt/rviz_ogre_vendor/lib:/opt/ros/jazzy/lib/x86_64-linux-gnu:/opt/ros/jazzy/opt/gz_gui_vendor/lib:/opt/ros/jazzy/opt/gz_transport_vendor/lib:/opt/ros/jazzy/opt/gz_rendering_vendor/lib:/opt/ros/jazzy/opt/gz_plugin_vendor/lib:/opt/ros/jazzy/opt/gz_fuel_tools_vendor/lib:/opt/ros/jazzy/opt/gz_msgs_vendor/lib:/opt/ros/jazzy/opt/gz_common_vendor/lib:/opt/ros/jazzy/opt/gz_math_vendor/lib:/opt/ros/jazzy/opt/gz_utils_vendor/lib:/opt/ros/jazzy/opt/gz_tools_vendor/lib:/opt/ros/jazzy/opt/gz_ogre_next_vendor/lib:/opt/ros/jazzy/opt/gz_dartsim_vendor/lib:/opt/ros/jazzy/opt/gz_cmake_vendor/lib:/opt/ros/jazzy/lib PYTHONPATH=/home/vboxuser/bumperbot_ws/build/bumperbot_py_examples/prefix_override:/usr/lib/python3/dist-packages/colcon_core/task/python/colcon_distutils_commands:/home/vboxuser/bumperbot_ws/install/bumperbot_py_examples/lib/python3.12/site-packages:/home/vboxuser/bumperbot_ws/install/bumperbot_msgs/lib/python3.12/site-packages:/home/vboxuser/bumperbot_ws/install/bumperbot_utils/lib/python3.12/site-packages:/home/vboxuser/bumperbot_ws/install/bumperbot_py_examples/lib/python3.12/site-packages:/home/vboxuser/bumperbot_ws/install/bumperbot_mapping/lib/python3.12/site-packages:/home/vboxuser/bumperbot_ws/install/bumperbot_localization/lib/python3.12/site-packages:/home/vboxuser/bumperbot_ws/install/bumperbot_firmware/lib/python3.12/site-packages:/home/vboxuser/bumperbot_ws/install/bumperbot_controller/lib/python3.12/site-packages:/opt/ros/jazzy/lib/python3.12/site-packages /usr/bin/python3 -W ignore:setup.py install is deprecated -W ignore:easy_install command is deprecated setup.py egg_info --egg-base ../../build/bumperbot_py_examples build --build-base /home/vboxuser/bumperbot_ws/build/bumperbot_py_examples/build install --record /home/vboxuser/bumperbot_ws/build/bumperbot_py_examples/install.log --single-version-externally-managed install_data
[3.261s] Level 1:colcon.colcon_core.environment:checking '/home/vboxuser/bumperbot_ws/install/bumperbot_py_examples' for CMake config files
[3.262s] Level 1:colcon.colcon_core.environment:checking '/home/vboxuser/bumperbot_ws/install/bumperbot_py_examples/lib'
[3.262s] Level 1:colcon.colcon_core.environment:checking '/home/vboxuser/bumperbot_ws/install/bumperbot_py_examples/bin'
[3.262s] Level 1:colcon.colcon_core.environment:checking '/home/vboxuser/bumperbot_ws/install/bumperbot_py_examples/lib/pkgconfig/bumperbot_py_examples.pc'
[3.262s] Level 1:colcon.colcon_core.environment:checking '/home/vboxuser/bumperbot_ws/install/bumperbot_py_examples/lib/python3.12/site-packages'
[3.262s] Level 1:colcon.colcon_core.shell:create_environment_hook('bumperbot_py_examples', 'pythonpath')
[3.262s] INFO:colcon.colcon_core.shell:Creating environment hook '/home/vboxuser/bumperbot_ws/install/bumperbot_py_examples/share/bumperbot_py_examples/hook/pythonpath.ps1'
[3.262s] INFO:colcon.colcon_core.shell:Creating environment descriptor '/home/vboxuser/bumperbot_ws/install/bumperbot_py_examples/share/bumperbot_py_examples/hook/pythonpath.dsv'
[3.263s] INFO:colcon.colcon_core.shell:Creating environment hook '/home/vboxuser/bumperbot_ws/install/bumperbot_py_examples/share/bumperbot_py_examples/hook/pythonpath.sh'
[3.264s] Level 1:colcon.colcon_core.environment:checking '/home/vboxuser/bumperbot_ws/install/bumperbot_py_examples/bin'
[3.264s] Level 1:colcon.colcon_core.environment:create_environment_scripts_only(bumperbot_py_examples)
[3.264s] INFO:colcon.colcon_core.shell:Creating package script '/home/vboxuser/bumperbot_ws/install/bumperbot_py_examples/share/bumperbot_py_examples/package.ps1'
[3.264s] INFO:colcon.colcon_core.shell:Creating package descriptor '/home/vboxuser/bumperbot_ws/install/bumperbot_py_examples/share/bumperbot_py_examples/package.dsv'
[3.265s] INFO:colcon.colcon_core.shell:Creating package script '/home/vboxuser/bumperbot_ws/install/bumperbot_py_examples/share/bumperbot_py_examples/package.sh'
[3.265s] INFO:colcon.colcon_core.shell:Creating package script '/home/vboxuser/bumperbot_ws/install/bumperbot_py_examples/share/bumperbot_py_examples/package.bash'
[3.265s] INFO:colcon.colcon_core.shell:Creating package script '/home/vboxuser/bumperbot_ws/install/bumperbot_py_examples/share/bumperbot_py_examples/package.zsh'
[3.266s] Level 1:colcon.colcon_core.environment:create_file_with_runtime_dependencies(/home/vboxuser/bumperbot_ws/install/bumperbot_py_examples/share/colcon-core/packages/bumperbot_py_examples)
[9.336s] DEBUG:colcon.colcon_core.event_handler.log_command:Invoked command in '/home/vboxuser/bumperbot_ws/build/bumperbot_cpp_examples' returned '2': CMAKE_PREFIX_PATH=/home/vboxuser/bumperbot_ws/install/bumperbot_msgs:/home/vboxuser/bumperbot_ws/install/bumperbot_utils:/home/vboxuser/bumperbot_ws/install/bumperbot_cpp_examples:/home/vboxuser/bumperbot_ws/install/bumperbot_bringup:/home/vboxuser/bumperbot_ws/install/bumperbot_mapping:/home/vboxuser/bumperbot_ws/install/bumperbot_localization:/home/vboxuser/bumperbot_ws/install/bumperbot_firmware:/home/vboxuser/bumperbot_ws/install/bumperbot_description:/home/vboxuser/bumperbot_ws/install/bumperbot_controller:/opt/ros/jazzy/opt/gz_sim_vendor:/opt/ros/jazzy/opt/gz_sensors_vendor:/opt/ros/jazzy/opt/gz_physics_vendor:/opt/ros/jazzy/opt/sdformat_vendor:/opt/ros/jazzy/opt/gz_gui_vendor:/opt/ros/jazzy/opt/gz_transport_vendor:/opt/ros/jazzy/opt/gz_rendering_vendor:/opt/ros/jazzy/opt/gz_plugin_vendor:/opt/ros/jazzy/opt/gz_fuel_tools_vendor:/opt/ros/jazzy/opt/gz_msgs_vendor:/opt/ros/jazzy/opt/gz_common_vendor:/opt/ros/jazzy/opt/gz_math_vendor:/opt/ros/jazzy/opt/gz_utils_vendor:/opt/ros/jazzy/opt/gz_tools_vendor:/opt/ros/jazzy/opt/gz_ogre_next_vendor:/opt/ros/jazzy/opt/gz_dartsim_vendor:/opt/ros/jazzy/opt/gz_cmake_vendor:/home/vboxuser/bumperbot_ws/install/bumperbot_py_examples:/opt/ros/jazzy DEBUGINFOD_URLS=https://debuginfod.ubuntu.com LD_LIBRARY_PATH=/home/vboxuser/bumperbot_ws/install/bumperbot_msgs/lib:/home/vboxuser/bumperbot_ws/install/bumperbot_cpp_examples/lib:/home/vboxuser/bumperbot_ws/install/bumperbot_firmware/lib:/opt/ros/jazzy/opt/gz_sim_vendor/lib:/opt/ros/jazzy/opt/gz_sensors_vendor/lib:/opt/ros/jazzy/opt/gz_physics_vendor/lib:/opt/ros/jazzy/opt/sdformat_vendor/lib:/opt/ros/jazzy/opt/rviz_ogre_vendor/lib:/opt/ros/jazzy/lib/x86_64-linux-gnu:/opt/ros/jazzy/opt/gz_gui_vendor/lib:/opt/ros/jazzy/opt/gz_transport_vendor/lib:/opt/ros/jazzy/opt/gz_rendering_vendor/lib:/opt/ros/jazzy/opt/gz_plugin_vendor/lib:/opt/ros/jazzy/opt/gz_fuel_tools_vendor/lib:/opt/ros/jazzy/opt/gz_msgs_vendor/lib:/opt/ros/jazzy/opt/gz_common_vendor/lib:/opt/ros/jazzy/opt/gz_math_vendor/lib:/opt/ros/jazzy/opt/gz_utils_vendor/lib:/opt/ros/jazzy/opt/gz_tools_vendor/lib:/opt/ros/jazzy/opt/gz_ogre_next_vendor/lib:/opt/ros/jazzy/opt/gz_dartsim_vendor/lib:/opt/ros/jazzy/opt/gz_cmake_vendor/lib:/opt/ros/jazzy/lib PYTHONPATH=/home/vboxuser/bumperbot_ws/install/bumperbot_msgs/lib/python3.12/site-packages:/home/vboxuser/bumperbot_ws/install/bumperbot_utils/lib/python3.12/site-packages:/home/vboxuser/bumperbot_ws/install/bumperbot_py_examples/lib/python3.12/site-packages:/home/vboxuser/bumperbot_ws/install/bumperbot_mapping/lib/python3.12/site-packages:/home/vboxuser/bumperbot_ws/install/bumperbot_localization/lib/python3.12/site-packages:/home/vboxuser/bumperbot_ws/install/bumperbot_firmware/lib/python3.12/site-packages:/home/vboxuser/bumperbot_ws/install/bumperbot_controller/lib/python3.12/site-packages:/opt/ros/jazzy/lib/python3.12/site-packages /usr/bin/cmake --build /home/vboxuser/bumperbot_ws/build/bumperbot_cpp_examples -- -j6 -l6
[9.339s] Level 1:colcon.colcon_core.environment:create_environment_scripts_only(bumperbot_cpp_examples)
[9.339s] Level 1:colcon.colcon_core.environment:checking '/home/vboxuser/bumperbot_ws/install/bumperbot_cpp_examples' for CMake module files
[9.340s] Level 1:colcon.colcon_core.environment:checking '/home/vboxuser/bumperbot_ws/install/bumperbot_cpp_examples' for CMake config files
[9.340s] Level 1:colcon.colcon_core.shell:create_environment_hook('bumperbot_cpp_examples', 'cmake_prefix_path')
[9.340s] INFO:colcon.colcon_core.shell:Creating environment hook '/home/vboxuser/bumperbot_ws/install/bumperbot_cpp_examples/share/bumperbot_cpp_examples/hook/cmake_prefix_path.ps1'
[9.340s] INFO:colcon.colcon_core.shell:Creating environment descriptor '/home/vboxuser/bumperbot_ws/install/bumperbot_cpp_examples/share/bumperbot_cpp_examples/hook/cmake_prefix_path.dsv'
[9.341s] INFO:colcon.colcon_core.shell:Creating environment hook '/home/vboxuser/bumperbot_ws/install/bumperbot_cpp_examples/share/bumperbot_cpp_examples/hook/cmake_prefix_path.sh'
[9.342s] Level 1:colcon.colcon_core.environment:checking '/home/vboxuser/bumperbot_ws/install/bumperbot_cpp_examples/lib'
[9.342s] Level 1:colcon.colcon_core.shell:create_environment_hook('bumperbot_cpp_examples', 'ld_library_path_lib')
[9.342s] INFO:colcon.colcon_core.shell:Creating environment hook '/home/vboxuser/bumperbot_ws/install/bumperbot_cpp_examples/share/bumperbot_cpp_examples/hook/ld_library_path_lib.ps1'
[9.343s] INFO:colcon.colcon_core.shell:Creating environment descriptor '/home/vboxuser/bumperbot_ws/install/bumperbot_cpp_examples/share/bumperbot_cpp_examples/hook/ld_library_path_lib.dsv'
[9.343s] INFO:colcon.colcon_core.shell:Creating environment hook '/home/vboxuser/bumperbot_ws/install/bumperbot_cpp_examples/share/bumperbot_cpp_examples/hook/ld_library_path_lib.sh'
[9.343s] Level 1:colcon.colcon_core.environment:checking '/home/vboxuser/bumperbot_ws/install/bumperbot_cpp_examples/bin'
[9.343s] Level 1:colcon.colcon_core.environment:checking '/home/vboxuser/bumperbot_ws/install/bumperbot_cpp_examples/lib/pkgconfig/bumperbot_cpp_examples.pc'
[9.344s] Level 1:colcon.colcon_core.environment:checking '/home/vboxuser/bumperbot_ws/install/bumperbot_cpp_examples/lib/python3.12/site-packages'
[9.344s] Level 1:colcon.colcon_core.environment:checking '/home/vboxuser/bumperbot_ws/install/bumperbot_cpp_examples/bin'
[9.344s] INFO:colcon.colcon_core.shell:Creating package script '/home/vboxuser/bumperbot_ws/install/bumperbot_cpp_examples/share/bumperbot_cpp_examples/package.ps1'
[9.344s] INFO:colcon.colcon_core.shell:Creating package descriptor '/home/vboxuser/bumperbot_ws/install/bumperbot_cpp_examples/share/bumperbot_cpp_examples/package.dsv'
[9.345s] INFO:colcon.colcon_core.shell:Creating package script '/home/vboxuser/bumperbot_ws/install/bumperbot_cpp_examples/share/bumperbot_cpp_examples/package.sh'
[9.345s] INFO:colcon.colcon_core.shell:Creating package script '/home/vboxuser/bumperbot_ws/install/bumperbot_cpp_examples/share/bumperbot_cpp_examples/package.bash'
[9.346s] INFO:colcon.colcon_core.shell:Creating package script '/home/vboxuser/bumperbot_ws/install/bumperbot_cpp_examples/share/bumperbot_cpp_examples/package.zsh'
[9.346s] Level 1:colcon.colcon_core.environment:create_file_with_runtime_dependencies(/home/vboxuser/bumperbot_ws/install/bumperbot_cpp_examples/share/colcon-core/packages/bumperbot_cpp_examples)
[9.357s] DEBUG:colcon.colcon_parallel_executor.executor.parallel:closing loop
[9.357s] DEBUG:colcon.colcon_parallel_executor.executor.parallel:loop closed
[9.357s] DEBUG:colcon.colcon_parallel_executor.executor.parallel:run_until_complete finished with '2'
[9.357s] DEBUG:colcon.colcon_core.event_reactor:joining thread
[9.367s] INFO:colcon.colcon_core.plugin_system:Skipping extension 'colcon_notification.desktop_notification.terminal_notifier': Not used on non-Darwin systems
[9.367s] INFO:colcon.colcon_core.plugin_system:Skipping extension 'colcon_notification.desktop_notification.win32': Not used on non-Windows systems
[9.367s] INFO:colcon.colcon_notification.desktop_notification:Sending desktop notification using 'notify2'
[9.400s] DEBUG:colcon.colcon_core.event_reactor:joined thread
[9.400s] INFO:colcon.colcon_core.shell:Creating prefix script '/home/vboxuser/bumperbot_ws/install/local_setup.ps1'
[9.401s] INFO:colcon.colcon_core.shell:Creating prefix util module '/home/vboxuser/bumperbot_ws/install/_local_setup_util_ps1.py'
[9.403s] INFO:colcon.colcon_core.shell:Creating prefix chain script '/home/vboxuser/bumperbot_ws/install/setup.ps1'
[9.404s] INFO:colcon.colcon_core.shell:Creating prefix script '/home/vboxuser/bumperbot_ws/install/local_setup.sh'
[9.406s] INFO:colcon.colcon_core.shell:Creating prefix util module '/home/vboxuser/bumperbot_ws/install/_local_setup_util_sh.py'
[9.406s] INFO:colcon.colcon_core.shell:Creating prefix chain script '/home/vboxuser/bumperbot_ws/install/setup.sh'
[9.409s] INFO:colcon.colcon_core.shell:Creating prefix script '/home/vboxuser/bumperbot_ws/install/local_setup.bash'
[9.410s] INFO:colcon.colcon_core.shell:Creating prefix chain script '/home/vboxuser/bumperbot_ws/install/setup.bash'
[9.411s] INFO:colcon.colcon_core.shell:Creating prefix script '/home/vboxuser/bumperbot_ws/install/local_setup.zsh'
[9.412s] INFO:colcon.colcon_core.shell:Creating prefix chain script '/home/vboxuser/bumperbot_ws/install/setup.zsh'
