[0.068s] DEBUG:colcon:Command line arguments: ['/usr/bin/colcon', 'build']
[0.068s] DEBUG:colcon:Parsed command line arguments: Namespace(log_base=None, log_level=None, verb_name='build', build_base='build', install_base='install', merge_install=False, symlink_install=False, test_result_base=None, continue_on_error=False, executor='parallel', parallel_workers=7, event_handlers=None, ignore_user_meta=False, metas=['./colcon.meta'], base_paths=['.'], packages_ignore=None, packages_ignore_regex=None, paths=None, packages_up_to=None, packages_up_to_regex=None, packages_above=None, packages_above_and_dependencies=None, packages_above_depth=None, packages_select_by_dep=None, packages_skip_by_dep=None, packages_skip_up_to=None, packages_select_build_failed=False, packages_skip_build_finished=False, packages_select_test_failures=False, packages_skip_test_passed=False, packages_select=None, packages_skip=None, packages_select_regex=None, packages_skip_regex=None, packages_start=None, packages_end=None, allow_overriding=[], cmake_args=None, cmake_target=None, cmake_target_skip_unavailable=False, cmake_clean_cache=False, cmake_clean_first=False, cmake_force_configure=False, ament_cmake_args=None, catkin_cmake_args=None, catkin_skip_building_tests=False, mixin_files=None, mixin=None, verb_parser=<colcon_mixin.mixin.mixin_argument.MixinArgumentDecorator object at 0x7d1efe094620>, verb_extension=<colcon_core.verb.build.BuildVerb object at 0x7d1efe0942c0>, main=<bound method BuildVerb.main of <colcon_core.verb.build.BuildVerb object at 0x7d1efe0942c0>>, mixin_verb=('build',))
[0.097s] Level 1:colcon.colcon_core.package_discovery:discover_packages(colcon_meta) check parameters
[0.098s] Level 1:colcon.colcon_core.package_discovery:discover_packages(recursive) check parameters
[0.098s] Level 1:colcon.colcon_core.package_discovery:discover_packages(ignore) check parameters
[0.098s] Level 1:colcon.colcon_core.package_discovery:discover_packages(path) check parameters
[0.098s] Level 1:colcon.colcon_core.package_discovery:discover_packages(colcon_meta) discover
[0.098s] Level 1:colcon.colcon_core.package_discovery:discover_packages(recursive) discover
[0.098s] INFO:colcon.colcon_core.package_discovery:Crawling recursively for packages in '/home/vboxuser/bumperbot_ws'
[0.098s] Level 1:colcon.colcon_core.package_identification:_identify(.) by extensions ['ignore', 'ignore_ament_install']
[0.098s] Level 1:colcon.colcon_core.package_identification:_identify(.) by extension 'ignore'
[0.098s] Level 1:colcon.colcon_core.package_identification:_identify(.) by extension 'ignore_ament_install'
[0.098s] Level 1:colcon.colcon_core.package_identification:_identify(.) by extensions ['colcon_pkg']
[0.098s] Level 1:colcon.colcon_core.package_identification:_identify(.) by extension 'colcon_pkg'
[0.098s] Level 1:colcon.colcon_core.package_identification:_identify(.) by extensions ['colcon_meta']
[0.098s] Level 1:colcon.colcon_core.package_identification:_identify(.) by extension 'colcon_meta'
[0.098s] Level 1:colcon.colcon_core.package_identification:_identify(.) by extensions ['ros']
[0.098s] Level 1:colcon.colcon_core.package_identification:_identify(.) by extension 'ros'
[0.114s] Level 1:colcon.colcon_core.package_identification:_identify(.) by extensions ['cmake', 'python']
[0.115s] Level 1:colcon.colcon_core.package_identification:_identify(.) by extension 'cmake'
[0.115s] Level 1:colcon.colcon_core.package_identification:_identify(.) by extension 'python'
[0.115s] Level 1:colcon.colcon_core.package_identification:_identify(.) by extensions ['python_setup_py']
[0.115s] Level 1:colcon.colcon_core.package_identification:_identify(.) by extension 'python_setup_py'
[0.115s] Level 1:colcon.colcon_core.package_identification:_identify(build) by extensions ['ignore', 'ignore_ament_install']
[0.115s] Level 1:colcon.colcon_core.package_identification:_identify(build) by extension 'ignore'
[0.115s] Level 1:colcon.colcon_core.package_identification:_identify(build) ignored
[0.115s] Level 1:colcon.colcon_core.package_identification:_identify(install) by extensions ['ignore', 'ignore_ament_install']
[0.115s] Level 1:colcon.colcon_core.package_identification:_identify(install) by extension 'ignore'
[0.115s] Level 1:colcon.colcon_core.package_identification:_identify(install) ignored
[0.115s] Level 1:colcon.colcon_core.package_identification:_identify(log) by extensions ['ignore', 'ignore_ament_install']
[0.115s] Level 1:colcon.colcon_core.package_identification:_identify(log) by extension 'ignore'
[0.115s] Level 1:colcon.colcon_core.package_identification:_identify(log) ignored
[0.115s] Level 1:colcon.colcon_core.package_identification:_identify(src) by extensions ['ignore', 'ignore_ament_install']
[0.115s] Level 1:colcon.colcon_core.package_identification:_identify(src) by extension 'ignore'
[0.115s] Level 1:colcon.colcon_core.package_identification:_identify(src) by extension 'ignore_ament_install'
[0.115s] Level 1:colcon.colcon_core.package_identification:_identify(src) by extensions ['colcon_pkg']
[0.115s] Level 1:colcon.colcon_core.package_identification:_identify(src) by extension 'colcon_pkg'
[0.115s] Level 1:colcon.colcon_core.package_identification:_identify(src) by extensions ['colcon_meta']
[0.115s] Level 1:colcon.colcon_core.package_identification:_identify(src) by extension 'colcon_meta'
[0.115s] Level 1:colcon.colcon_core.package_identification:_identify(src) by extensions ['ros']
[0.115s] Level 1:colcon.colcon_core.package_identification:_identify(src) by extension 'ros'
[0.115s] Level 1:colcon.colcon_core.package_identification:_identify(src) by extensions ['cmake', 'python']
[0.115s] Level 1:colcon.colcon_core.package_identification:_identify(src) by extension 'cmake'
[0.115s] Level 1:colcon.colcon_core.package_identification:_identify(src) by extension 'python'
[0.115s] Level 1:colcon.colcon_core.package_identification:_identify(src) by extensions ['python_setup_py']
[0.115s] Level 1:colcon.colcon_core.package_identification:_identify(src) by extension 'python_setup_py'
[0.115s] Level 1:colcon.colcon_core.package_identification:_identify(src/Self-Driving-and-ROS-2-Learn-by-Doing-Plan-Navigation) by extensions ['ignore', 'ignore_ament_install']
[0.115s] Level 1:colcon.colcon_core.package_identification:_identify(src/Self-Driving-and-ROS-2-Learn-by-Doing-Plan-Navigation) by extension 'ignore'
[0.116s] Level 1:colcon.colcon_core.package_identification:_identify(src/Self-Driving-and-ROS-2-Learn-by-Doing-Plan-Navigation) ignored
[0.116s] Level 1:colcon.colcon_core.package_identification:_identify(src/bumperbot_bringup) by extensions ['ignore', 'ignore_ament_install']
[0.116s] Level 1:colcon.colcon_core.package_identification:_identify(src/bumperbot_bringup) by extension 'ignore'
[0.116s] Level 1:colcon.colcon_core.package_identification:_identify(src/bumperbot_bringup) by extension 'ignore_ament_install'
[0.116s] Level 1:colcon.colcon_core.package_identification:_identify(src/bumperbot_bringup) by extensions ['colcon_pkg']
[0.116s] Level 1:colcon.colcon_core.package_identification:_identify(src/bumperbot_bringup) by extension 'colcon_pkg'
[0.116s] Level 1:colcon.colcon_core.package_identification:_identify(src/bumperbot_bringup) by extensions ['colcon_meta']
[0.116s] Level 1:colcon.colcon_core.package_identification:_identify(src/bumperbot_bringup) by extension 'colcon_meta'
[0.116s] Level 1:colcon.colcon_core.package_identification:_identify(src/bumperbot_bringup) by extensions ['ros']
[0.116s] Level 1:colcon.colcon_core.package_identification:_identify(src/bumperbot_bringup) by extension 'ros'
[0.117s] DEBUG:colcon.colcon_core.package_identification:Package 'src/bumperbot_bringup' with type 'ros.ament_cmake' and name 'bumperbot_bringup'
[0.117s] Level 1:colcon.colcon_core.package_identification:_identify(src/bumperbot_controller) by extensions ['ignore', 'ignore_ament_install']
[0.117s] Level 1:colcon.colcon_core.package_identification:_identify(src/bumperbot_controller) by extension 'ignore'
[0.117s] Level 1:colcon.colcon_core.package_identification:_identify(src/bumperbot_controller) by extension 'ignore_ament_install'
[0.117s] Level 1:colcon.colcon_core.package_identification:_identify(src/bumperbot_controller) by extensions ['colcon_pkg']
[0.117s] Level 1:colcon.colcon_core.package_identification:_identify(src/bumperbot_controller) by extension 'colcon_pkg'
[0.117s] Level 1:colcon.colcon_core.package_identification:_identify(src/bumperbot_controller) by extensions ['colcon_meta']
[0.117s] Level 1:colcon.colcon_core.package_identification:_identify(src/bumperbot_controller) by extension 'colcon_meta'
[0.117s] Level 1:colcon.colcon_core.package_identification:_identify(src/bumperbot_controller) by extensions ['ros']
[0.117s] Level 1:colcon.colcon_core.package_identification:_identify(src/bumperbot_controller) by extension 'ros'
[0.118s] DEBUG:colcon.colcon_core.package_identification:Package 'src/bumperbot_controller' with type 'ros.ament_cmake' and name 'bumperbot_controller'
[0.118s] Level 1:colcon.colcon_core.package_identification:_identify(src/bumperbot_cpp_examples) by extensions ['ignore', 'ignore_ament_install']
[0.118s] Level 1:colcon.colcon_core.package_identification:_identify(src/bumperbot_cpp_examples) by extension 'ignore'
[0.118s] Level 1:colcon.colcon_core.package_identification:_identify(src/bumperbot_cpp_examples) by extension 'ignore_ament_install'
[0.118s] Level 1:colcon.colcon_core.package_identification:_identify(src/bumperbot_cpp_examples) by extensions ['colcon_pkg']
[0.118s] Level 1:colcon.colcon_core.package_identification:_identify(src/bumperbot_cpp_examples) by extension 'colcon_pkg'
[0.118s] Level 1:colcon.colcon_core.package_identification:_identify(src/bumperbot_cpp_examples) by extensions ['colcon_meta']
[0.118s] Level 1:colcon.colcon_core.package_identification:_identify(src/bumperbot_cpp_examples) by extension 'colcon_meta'
[0.118s] Level 1:colcon.colcon_core.package_identification:_identify(src/bumperbot_cpp_examples) by extensions ['ros']
[0.118s] Level 1:colcon.colcon_core.package_identification:_identify(src/bumperbot_cpp_examples) by extension 'ros'
[0.119s] DEBUG:colcon.colcon_core.package_identification:Package 'src/bumperbot_cpp_examples' with type 'ros.ament_cmake' and name 'bumperbot_cpp_examples'
[0.119s] Level 1:colcon.colcon_core.package_identification:_identify(src/bumperbot_description) by extensions ['ignore', 'ignore_ament_install']
[0.119s] Level 1:colcon.colcon_core.package_identification:_identify(src/bumperbot_description) by extension 'ignore'
[0.119s] Level 1:colcon.colcon_core.package_identification:_identify(src/bumperbot_description) by extension 'ignore_ament_install'
[0.119s] Level 1:colcon.colcon_core.package_identification:_identify(src/bumperbot_description) by extensions ['colcon_pkg']
[0.119s] Level 1:colcon.colcon_core.package_identification:_identify(src/bumperbot_description) by extension 'colcon_pkg'
[0.119s] Level 1:colcon.colcon_core.package_identification:_identify(src/bumperbot_description) by extensions ['colcon_meta']
[0.119s] Level 1:colcon.colcon_core.package_identification:_identify(src/bumperbot_description) by extension 'colcon_meta'
[0.119s] Level 1:colcon.colcon_core.package_identification:_identify(src/bumperbot_description) by extensions ['ros']
[0.119s] Level 1:colcon.colcon_core.package_identification:_identify(src/bumperbot_description) by extension 'ros'
[0.121s] DEBUG:colcon.colcon_core.package_identification:Package 'src/bumperbot_description' with type 'ros.ament_cmake' and name 'bumperbot_description'
[0.121s] Level 1:colcon.colcon_core.package_identification:_identify(src/bumperbot_firmware) by extensions ['ignore', 'ignore_ament_install']
[0.121s] Level 1:colcon.colcon_core.package_identification:_identify(src/bumperbot_firmware) by extension 'ignore'
[0.121s] Level 1:colcon.colcon_core.package_identification:_identify(src/bumperbot_firmware) by extension 'ignore_ament_install'
[0.121s] Level 1:colcon.colcon_core.package_identification:_identify(src/bumperbot_firmware) by extensions ['colcon_pkg']
[0.121s] Level 1:colcon.colcon_core.package_identification:_identify(src/bumperbot_firmware) by extension 'colcon_pkg'
[0.121s] Level 1:colcon.colcon_core.package_identification:_identify(src/bumperbot_firmware) by extensions ['colcon_meta']
[0.121s] Level 1:colcon.colcon_core.package_identification:_identify(src/bumperbot_firmware) by extension 'colcon_meta'
[0.121s] Level 1:colcon.colcon_core.package_identification:_identify(src/bumperbot_firmware) by extensions ['ros']
[0.121s] Level 1:colcon.colcon_core.package_identification:_identify(src/bumperbot_firmware) by extension 'ros'
[0.121s] DEBUG:colcon.colcon_core.package_identification:Package 'src/bumperbot_firmware' with type 'ros.ament_cmake' and name 'bumperbot_firmware'
[0.122s] Level 1:colcon.colcon_core.package_identification:_identify(src/bumperbot_localization) by extensions ['ignore', 'ignore_ament_install']
[0.122s] Level 1:colcon.colcon_core.package_identification:_identify(src/bumperbot_localization) by extension 'ignore'
[0.122s] Level 1:colcon.colcon_core.package_identification:_identify(src/bumperbot_localization) by extension 'ignore_ament_install'
[0.122s] Level 1:colcon.colcon_core.package_identification:_identify(src/bumperbot_localization) by extensions ['colcon_pkg']
[0.122s] Level 1:colcon.colcon_core.package_identification:_identify(src/bumperbot_localization) by extension 'colcon_pkg'
[0.122s] Level 1:colcon.colcon_core.package_identification:_identify(src/bumperbot_localization) by extensions ['colcon_meta']
[0.122s] Level 1:colcon.colcon_core.package_identification:_identify(src/bumperbot_localization) by extension 'colcon_meta'
[0.122s] Level 1:colcon.colcon_core.package_identification:_identify(src/bumperbot_localization) by extensions ['ros']
[0.122s] Level 1:colcon.colcon_core.package_identification:_identify(src/bumperbot_localization) by extension 'ros'
[0.122s] DEBUG:colcon.colcon_core.package_identification:Package 'src/bumperbot_localization' with type 'ros.ament_cmake' and name 'bumperbot_localization'
[0.122s] Level 1:colcon.colcon_core.package_identification:_identify(src/bumperbot_mapping) by extensions ['ignore', 'ignore_ament_install']
[0.122s] Level 1:colcon.colcon_core.package_identification:_identify(src/bumperbot_mapping) by extension 'ignore'
[0.122s] Level 1:colcon.colcon_core.package_identification:_identify(src/bumperbot_mapping) by extension 'ignore_ament_install'
[0.122s] Level 1:colcon.colcon_core.package_identification:_identify(src/bumperbot_mapping) by extensions ['colcon_pkg']
[0.122s] Level 1:colcon.colcon_core.package_identification:_identify(src/bumperbot_mapping) by extension 'colcon_pkg'
[0.122s] Level 1:colcon.colcon_core.package_identification:_identify(src/bumperbot_mapping) by extensions ['colcon_meta']
[0.122s] Level 1:colcon.colcon_core.package_identification:_identify(src/bumperbot_mapping) by extension 'colcon_meta'
[0.122s] Level 1:colcon.colcon_core.package_identification:_identify(src/bumperbot_mapping) by extensions ['ros']
[0.122s] Level 1:colcon.colcon_core.package_identification:_identify(src/bumperbot_mapping) by extension 'ros'
[0.123s] DEBUG:colcon.colcon_core.package_identification:Package 'src/bumperbot_mapping' with type 'ros.ament_cmake' and name 'bumperbot_mapping'
[0.123s] Level 1:colcon.colcon_core.package_identification:_identify(src/bumperbot_msgs) by extensions ['ignore', 'ignore_ament_install']
[0.123s] Level 1:colcon.colcon_core.package_identification:_identify(src/bumperbot_msgs) by extension 'ignore'
[0.123s] Level 1:colcon.colcon_core.package_identification:_identify(src/bumperbot_msgs) by extension 'ignore_ament_install'
[0.123s] Level 1:colcon.colcon_core.package_identification:_identify(src/bumperbot_msgs) by extensions ['colcon_pkg']
[0.123s] Level 1:colcon.colcon_core.package_identification:_identify(src/bumperbot_msgs) by extension 'colcon_pkg'
[0.123s] Level 1:colcon.colcon_core.package_identification:_identify(src/bumperbot_msgs) by extensions ['colcon_meta']
[0.123s] Level 1:colcon.colcon_core.package_identification:_identify(src/bumperbot_msgs) by extension 'colcon_meta'
[0.123s] Level 1:colcon.colcon_core.package_identification:_identify(src/bumperbot_msgs) by extensions ['ros']
[0.123s] Level 1:colcon.colcon_core.package_identification:_identify(src/bumperbot_msgs) by extension 'ros'
[0.123s] DEBUG:colcon.colcon_core.package_identification:Package 'src/bumperbot_msgs' with type 'ros.ament_cmake' and name 'bumperbot_msgs'
[0.123s] Level 1:colcon.colcon_core.package_identification:_identify(src/bumperbot_py_examples) by extensions ['ignore', 'ignore_ament_install']
[0.123s] Level 1:colcon.colcon_core.package_identification:_identify(src/bumperbot_py_examples) by extension 'ignore'
[0.123s] Level 1:colcon.colcon_core.package_identification:_identify(src/bumperbot_py_examples) by extension 'ignore_ament_install'
[0.123s] Level 1:colcon.colcon_core.package_identification:_identify(src/bumperbot_py_examples) by extensions ['colcon_pkg']
[0.123s] Level 1:colcon.colcon_core.package_identification:_identify(src/bumperbot_py_examples) by extension 'colcon_pkg'
[0.123s] Level 1:colcon.colcon_core.package_identification:_identify(src/bumperbot_py_examples) by extensions ['colcon_meta']
[0.123s] Level 1:colcon.colcon_core.package_identification:_identify(src/bumperbot_py_examples) by extension 'colcon_meta'
[0.123s] Level 1:colcon.colcon_core.package_identification:_identify(src/bumperbot_py_examples) by extensions ['ros']
[0.123s] Level 1:colcon.colcon_core.package_identification:_identify(src/bumperbot_py_examples) by extension 'ros'
[0.124s] DEBUG:colcon.colcon_core.package_identification:Package 'src/bumperbot_py_examples' with type 'ros.ament_python' and name 'bumperbot_py_examples'
[0.124s] Level 1:colcon.colcon_core.package_identification:_identify(src/bumperbot_utils) by extensions ['ignore', 'ignore_ament_install']
[0.124s] Level 1:colcon.colcon_core.package_identification:_identify(src/bumperbot_utils) by extension 'ignore'
[0.124s] Level 1:colcon.colcon_core.package_identification:_identify(src/bumperbot_utils) by extension 'ignore_ament_install'
[0.124s] Level 1:colcon.colcon_core.package_identification:_identify(src/bumperbot_utils) by extensions ['colcon_pkg']
[0.124s] Level 1:colcon.colcon_core.package_identification:_identify(src/bumperbot_utils) by extension 'colcon_pkg'
[0.124s] Level 1:colcon.colcon_core.package_identification:_identify(src/bumperbot_utils) by extensions ['colcon_meta']
[0.124s] Level 1:colcon.colcon_core.package_identification:_identify(src/bumperbot_utils) by extension 'colcon_meta'
[0.124s] Level 1:colcon.colcon_core.package_identification:_identify(src/bumperbot_utils) by extensions ['ros']
[0.124s] Level 1:colcon.colcon_core.package_identification:_identify(src/bumperbot_utils) by extension 'ros'
[0.125s] DEBUG:colcon.colcon_core.package_identification:Package 'src/bumperbot_utils' with type 'ros.ament_cmake' and name 'bumperbot_utils'
[0.125s] Level 1:colcon.colcon_core.package_discovery:discover_packages(recursive) using defaults
[0.125s] Level 1:colcon.colcon_core.package_discovery:discover_packages(ignore) discover
[0.125s] Level 1:colcon.colcon_core.package_discovery:discover_packages(ignore) using defaults
[0.125s] Level 1:colcon.colcon_core.package_discovery:discover_packages(path) discover
[0.125s] Level 1:colcon.colcon_core.package_discovery:discover_packages(path) using defaults
[0.137s] Level 1:colcon.colcon_core.package_discovery:discover_packages(prefix_path) check parameters
[0.137s] Level 1:colcon.colcon_core.package_discovery:discover_packages(prefix_path) discover
[0.138s] DEBUG:colcon.colcon_installed_package_information.package_discovery:Found 382 installed packages in /opt/ros/jazzy
[0.139s] Level 1:colcon.colcon_core.package_discovery:discover_packages(prefix_path) using defaults
[0.162s] Level 5:colcon.colcon_core.verb:set package 'bumperbot_controller' build argument 'cmake_args' from command line to 'None'
[0.163s] Level 5:colcon.colcon_core.verb:set package 'bumperbot_controller' build argument 'cmake_target' from command line to 'None'
[0.163s] Level 5:colcon.colcon_core.verb:set package 'bumperbot_controller' build argument 'cmake_target_skip_unavailable' from command line to 'False'
[0.163s] Level 5:colcon.colcon_core.verb:set package 'bumperbot_controller' build argument 'cmake_clean_cache' from command line to 'False'
[0.163s] Level 5:colcon.colcon_core.verb:set package 'bumperbot_controller' build argument 'cmake_clean_first' from command line to 'False'
[0.163s] Level 5:colcon.colcon_core.verb:set package 'bumperbot_controller' build argument 'cmake_force_configure' from command line to 'False'
[0.163s] Level 5:colcon.colcon_core.verb:set package 'bumperbot_controller' build argument 'ament_cmake_args' from command line to 'None'
[0.163s] Level 5:colcon.colcon_core.verb:set package 'bumperbot_controller' build argument 'catkin_cmake_args' from command line to 'None'
[0.163s] Level 5:colcon.colcon_core.verb:set package 'bumperbot_controller' build argument 'catkin_skip_building_tests' from command line to 'False'
[0.163s] DEBUG:colcon.colcon_core.verb:Building package 'bumperbot_controller' with the following arguments: {'ament_cmake_args': None, 'build_base': '/home/vboxuser/bumperbot_ws/build/bumperbot_controller', 'catkin_cmake_args': None, 'catkin_skip_building_tests': False, 'cmake_args': None, 'cmake_clean_cache': False, 'cmake_clean_first': False, 'cmake_force_configure': False, 'cmake_target': None, 'cmake_target_skip_unavailable': False, 'install_base': '/home/vboxuser/bumperbot_ws/install/bumperbot_controller', 'merge_install': False, 'path': '/home/vboxuser/bumperbot_ws/src/bumperbot_controller', 'symlink_install': False, 'test_result_base': None}
[0.163s] Level 5:colcon.colcon_core.verb:set package 'bumperbot_description' build argument 'cmake_args' from command line to 'None'
[0.163s] Level 5:colcon.colcon_core.verb:set package 'bumperbot_description' build argument 'cmake_target' from command line to 'None'
[0.163s] Level 5:colcon.colcon_core.verb:set package 'bumperbot_description' build argument 'cmake_target_skip_unavailable' from command line to 'False'
[0.163s] Level 5:colcon.colcon_core.verb:set package 'bumperbot_description' build argument 'cmake_clean_cache' from command line to 'False'
[0.163s] Level 5:colcon.colcon_core.verb:set package 'bumperbot_description' build argument 'cmake_clean_first' from command line to 'False'
[0.163s] Level 5:colcon.colcon_core.verb:set package 'bumperbot_description' build argument 'cmake_force_configure' from command line to 'False'
[0.163s] Level 5:colcon.colcon_core.verb:set package 'bumperbot_description' build argument 'ament_cmake_args' from command line to 'None'
[0.163s] Level 5:colcon.colcon_core.verb:set package 'bumperbot_description' build argument 'catkin_cmake_args' from command line to 'None'
[0.163s] Level 5:colcon.colcon_core.verb:set package 'bumperbot_description' build argument 'catkin_skip_building_tests' from command line to 'False'
[0.163s] DEBUG:colcon.colcon_core.verb:Building package 'bumperbot_description' with the following arguments: {'ament_cmake_args': None, 'build_base': '/home/vboxuser/bumperbot_ws/build/bumperbot_description', 'catkin_cmake_args': None, 'catkin_skip_building_tests': False, 'cmake_args': None, 'cmake_clean_cache': False, 'cmake_clean_first': False, 'cmake_force_configure': False, 'cmake_target': None, 'cmake_target_skip_unavailable': False, 'install_base': '/home/vboxuser/bumperbot_ws/install/bumperbot_description', 'merge_install': False, 'path': '/home/vboxuser/bumperbot_ws/src/bumperbot_description', 'symlink_install': False, 'test_result_base': None}
[0.163s] Level 5:colcon.colcon_core.verb:set package 'bumperbot_firmware' build argument 'cmake_args' from command line to 'None'
[0.163s] Level 5:colcon.colcon_core.verb:set package 'bumperbot_firmware' build argument 'cmake_target' from command line to 'None'
[0.163s] Level 5:colcon.colcon_core.verb:set package 'bumperbot_firmware' build argument 'cmake_target_skip_unavailable' from command line to 'False'
[0.163s] Level 5:colcon.colcon_core.verb:set package 'bumperbot_firmware' build argument 'cmake_clean_cache' from command line to 'False'
[0.163s] Level 5:colcon.colcon_core.verb:set package 'bumperbot_firmware' build argument 'cmake_clean_first' from command line to 'False'
[0.163s] Level 5:colcon.colcon_core.verb:set package 'bumperbot_firmware' build argument 'cmake_force_configure' from command line to 'False'
[0.163s] Level 5:colcon.colcon_core.verb:set package 'bumperbot_firmware' build argument 'ament_cmake_args' from command line to 'None'
[0.163s] Level 5:colcon.colcon_core.verb:set package 'bumperbot_firmware' build argument 'catkin_cmake_args' from command line to 'None'
[0.163s] Level 5:colcon.colcon_core.verb:set package 'bumperbot_firmware' build argument 'catkin_skip_building_tests' from command line to 'False'
[0.163s] DEBUG:colcon.colcon_core.verb:Building package 'bumperbot_firmware' with the following arguments: {'ament_cmake_args': None, 'build_base': '/home/vboxuser/bumperbot_ws/build/bumperbot_firmware', 'catkin_cmake_args': None, 'catkin_skip_building_tests': False, 'cmake_args': None, 'cmake_clean_cache': False, 'cmake_clean_first': False, 'cmake_force_configure': False, 'cmake_target': None, 'cmake_target_skip_unavailable': False, 'install_base': '/home/vboxuser/bumperbot_ws/install/bumperbot_firmware', 'merge_install': False, 'path': '/home/vboxuser/bumperbot_ws/src/bumperbot_firmware', 'symlink_install': False, 'test_result_base': None}
[0.163s] Level 5:colcon.colcon_core.verb:set package 'bumperbot_localization' build argument 'cmake_args' from command line to 'None'
[0.163s] Level 5:colcon.colcon_core.verb:set package 'bumperbot_localization' build argument 'cmake_target' from command line to 'None'
[0.163s] Level 5:colcon.colcon_core.verb:set package 'bumperbot_localization' build argument 'cmake_target_skip_unavailable' from command line to 'False'
[0.163s] Level 5:colcon.colcon_core.verb:set package 'bumperbot_localization' build argument 'cmake_clean_cache' from command line to 'False'
[0.163s] Level 5:colcon.colcon_core.verb:set package 'bumperbot_localization' build argument 'cmake_clean_first' from command line to 'False'
[0.163s] Level 5:colcon.colcon_core.verb:set package 'bumperbot_localization' build argument 'cmake_force_configure' from command line to 'False'
[0.163s] Level 5:colcon.colcon_core.verb:set package 'bumperbot_localization' build argument 'ament_cmake_args' from command line to 'None'
[0.163s] Level 5:colcon.colcon_core.verb:set package 'bumperbot_localization' build argument 'catkin_cmake_args' from command line to 'None'
[0.163s] Level 5:colcon.colcon_core.verb:set package 'bumperbot_localization' build argument 'catkin_skip_building_tests' from command line to 'False'
[0.163s] DEBUG:colcon.colcon_core.verb:Building package 'bumperbot_localization' with the following arguments: {'ament_cmake_args': None, 'build_base': '/home/vboxuser/bumperbot_ws/build/bumperbot_localization', 'catkin_cmake_args': None, 'catkin_skip_building_tests': False, 'cmake_args': None, 'cmake_clean_cache': False, 'cmake_clean_first': False, 'cmake_force_configure': False, 'cmake_target': None, 'cmake_target_skip_unavailable': False, 'install_base': '/home/vboxuser/bumperbot_ws/install/bumperbot_localization', 'merge_install': False, 'path': '/home/vboxuser/bumperbot_ws/src/bumperbot_localization', 'symlink_install': False, 'test_result_base': None}
[0.163s] Level 5:colcon.colcon_core.verb:set package 'bumperbot_mapping' build argument 'cmake_args' from command line to 'None'
[0.163s] Level 5:colcon.colcon_core.verb:set package 'bumperbot_mapping' build argument 'cmake_target' from command line to 'None'
[0.163s] Level 5:colcon.colcon_core.verb:set package 'bumperbot_mapping' build argument 'cmake_target_skip_unavailable' from command line to 'False'
[0.163s] Level 5:colcon.colcon_core.verb:set package 'bumperbot_mapping' build argument 'cmake_clean_cache' from command line to 'False'
[0.163s] Level 5:colcon.colcon_core.verb:set package 'bumperbot_mapping' build argument 'cmake_clean_first' from command line to 'False'
[0.163s] Level 5:colcon.colcon_core.verb:set package 'bumperbot_mapping' build argument 'cmake_force_configure' from command line to 'False'
[0.163s] Level 5:colcon.colcon_core.verb:set package 'bumperbot_mapping' build argument 'ament_cmake_args' from command line to 'None'
[0.163s] Level 5:colcon.colcon_core.verb:set package 'bumperbot_mapping' build argument 'catkin_cmake_args' from command line to 'None'
[0.163s] Level 5:colcon.colcon_core.verb:set package 'bumperbot_mapping' build argument 'catkin_skip_building_tests' from command line to 'False'
[0.163s] DEBUG:colcon.colcon_core.verb:Building package 'bumperbot_mapping' with the following arguments: {'ament_cmake_args': None, 'build_base': '/home/vboxuser/bumperbot_ws/build/bumperbot_mapping', 'catkin_cmake_args': None, 'catkin_skip_building_tests': False, 'cmake_args': None, 'cmake_clean_cache': False, 'cmake_clean_first': False, 'cmake_force_configure': False, 'cmake_target': None, 'cmake_target_skip_unavailable': False, 'install_base': '/home/vboxuser/bumperbot_ws/install/bumperbot_mapping', 'merge_install': False, 'path': '/home/vboxuser/bumperbot_ws/src/bumperbot_mapping', 'symlink_install': False, 'test_result_base': None}
[0.164s] Level 5:colcon.colcon_core.verb:set package 'bumperbot_msgs' build argument 'cmake_args' from command line to 'None'
[0.164s] Level 5:colcon.colcon_core.verb:set package 'bumperbot_msgs' build argument 'cmake_target' from command line to 'None'
[0.164s] Level 5:colcon.colcon_core.verb:set package 'bumperbot_msgs' build argument 'cmake_target_skip_unavailable' from command line to 'False'
[0.164s] Level 5:colcon.colcon_core.verb:set package 'bumperbot_msgs' build argument 'cmake_clean_cache' from command line to 'False'
[0.164s] Level 5:colcon.colcon_core.verb:set package 'bumperbot_msgs' build argument 'cmake_clean_first' from command line to 'False'
[0.164s] Level 5:colcon.colcon_core.verb:set package 'bumperbot_msgs' build argument 'cmake_force_configure' from command line to 'False'
[0.164s] Level 5:colcon.colcon_core.verb:set package 'bumperbot_msgs' build argument 'ament_cmake_args' from command line to 'None'
[0.164s] Level 5:colcon.colcon_core.verb:set package 'bumperbot_msgs' build argument 'catkin_cmake_args' from command line to 'None'
[0.164s] Level 5:colcon.colcon_core.verb:set package 'bumperbot_msgs' build argument 'catkin_skip_building_tests' from command line to 'False'
[0.164s] DEBUG:colcon.colcon_core.verb:Building package 'bumperbot_msgs' with the following arguments: {'ament_cmake_args': None, 'build_base': '/home/vboxuser/bumperbot_ws/build/bumperbot_msgs', 'catkin_cmake_args': None, 'catkin_skip_building_tests': False, 'cmake_args': None, 'cmake_clean_cache': False, 'cmake_clean_first': False, 'cmake_force_configure': False, 'cmake_target': None, 'cmake_target_skip_unavailable': False, 'install_base': '/home/vboxuser/bumperbot_ws/install/bumperbot_msgs', 'merge_install': False, 'path': '/home/vboxuser/bumperbot_ws/src/bumperbot_msgs', 'symlink_install': False, 'test_result_base': None}
[0.164s] Level 5:colcon.colcon_core.verb:set package 'bumperbot_utils' build argument 'cmake_args' from command line to 'None'
[0.164s] Level 5:colcon.colcon_core.verb:set package 'bumperbot_utils' build argument 'cmake_target' from command line to 'None'
[0.164s] Level 5:colcon.colcon_core.verb:set package 'bumperbot_utils' build argument 'cmake_target_skip_unavailable' from command line to 'False'
[0.164s] Level 5:colcon.colcon_core.verb:set package 'bumperbot_utils' build argument 'cmake_clean_cache' from command line to 'False'
[0.164s] Level 5:colcon.colcon_core.verb:set package 'bumperbot_utils' build argument 'cmake_clean_first' from command line to 'False'
[0.164s] Level 5:colcon.colcon_core.verb:set package 'bumperbot_utils' build argument 'cmake_force_configure' from command line to 'False'
[0.164s] Level 5:colcon.colcon_core.verb:set package 'bumperbot_utils' build argument 'ament_cmake_args' from command line to 'None'
[0.164s] Level 5:colcon.colcon_core.verb:set package 'bumperbot_utils' build argument 'catkin_cmake_args' from command line to 'None'
[0.164s] Level 5:colcon.colcon_core.verb:set package 'bumperbot_utils' build argument 'catkin_skip_building_tests' from command line to 'False'
[0.164s] DEBUG:colcon.colcon_core.verb:Building package 'bumperbot_utils' with the following arguments: {'ament_cmake_args': None, 'build_base': '/home/vboxuser/bumperbot_ws/build/bumperbot_utils', 'catkin_cmake_args': None, 'catkin_skip_building_tests': False, 'cmake_args': None, 'cmake_clean_cache': False, 'cmake_clean_first': False, 'cmake_force_configure': False, 'cmake_target': None, 'cmake_target_skip_unavailable': False, 'install_base': '/home/vboxuser/bumperbot_ws/install/bumperbot_utils', 'merge_install': False, 'path': '/home/vboxuser/bumperbot_ws/src/bumperbot_utils', 'symlink_install': False, 'test_result_base': None}
[0.164s] Level 5:colcon.colcon_core.verb:set package 'bumperbot_bringup' build argument 'cmake_args' from command line to 'None'
[0.164s] Level 5:colcon.colcon_core.verb:set package 'bumperbot_bringup' build argument 'cmake_target' from command line to 'None'
[0.164s] Level 5:colcon.colcon_core.verb:set package 'bumperbot_bringup' build argument 'cmake_target_skip_unavailable' from command line to 'False'
[0.164s] Level 5:colcon.colcon_core.verb:set package 'bumperbot_bringup' build argument 'cmake_clean_cache' from command line to 'False'
[0.164s] Level 5:colcon.colcon_core.verb:set package 'bumperbot_bringup' build argument 'cmake_clean_first' from command line to 'False'
[0.164s] Level 5:colcon.colcon_core.verb:set package 'bumperbot_bringup' build argument 'cmake_force_configure' from command line to 'False'
[0.164s] Level 5:colcon.colcon_core.verb:set package 'bumperbot_bringup' build argument 'ament_cmake_args' from command line to 'None'
[0.164s] Level 5:colcon.colcon_core.verb:set package 'bumperbot_bringup' build argument 'catkin_cmake_args' from command line to 'None'
[0.164s] Level 5:colcon.colcon_core.verb:set package 'bumperbot_bringup' build argument 'catkin_skip_building_tests' from command line to 'False'
[0.164s] DEBUG:colcon.colcon_core.verb:Building package 'bumperbot_bringup' with the following arguments: {'ament_cmake_args': None, 'build_base': '/home/vboxuser/bumperbot_ws/build/bumperbot_bringup', 'catkin_cmake_args': None, 'catkin_skip_building_tests': False, 'cmake_args': None, 'cmake_clean_cache': False, 'cmake_clean_first': False, 'cmake_force_configure': False, 'cmake_target': None, 'cmake_target_skip_unavailable': False, 'install_base': '/home/vboxuser/bumperbot_ws/install/bumperbot_bringup', 'merge_install': False, 'path': '/home/vboxuser/bumperbot_ws/src/bumperbot_bringup', 'symlink_install': False, 'test_result_base': None}
[0.164s] Level 5:colcon.colcon_core.verb:set package 'bumperbot_cpp_examples' build argument 'cmake_args' from command line to 'None'
[0.164s] Level 5:colcon.colcon_core.verb:set package 'bumperbot_cpp_examples' build argument 'cmake_target' from command line to 'None'
[0.164s] Level 5:colcon.colcon_core.verb:set package 'bumperbot_cpp_examples' build argument 'cmake_target_skip_unavailable' from command line to 'False'
[0.164s] Level 5:colcon.colcon_core.verb:set package 'bumperbot_cpp_examples' build argument 'cmake_clean_cache' from command line to 'False'
[0.164s] Level 5:colcon.colcon_core.verb:set package 'bumperbot_cpp_examples' build argument 'cmake_clean_first' from command line to 'False'
[0.164s] Level 5:colcon.colcon_core.verb:set package 'bumperbot_cpp_examples' build argument 'cmake_force_configure' from command line to 'False'
[0.164s] Level 5:colcon.colcon_core.verb:set package 'bumperbot_cpp_examples' build argument 'ament_cmake_args' from command line to 'None'
[0.164s] Level 5:colcon.colcon_core.verb:set package 'bumperbot_cpp_examples' build argument 'catkin_cmake_args' from command line to 'None'
[0.164s] Level 5:colcon.colcon_core.verb:set package 'bumperbot_cpp_examples' build argument 'catkin_skip_building_tests' from command line to 'False'
[0.164s] DEBUG:colcon.colcon_core.verb:Building package 'bumperbot_cpp_examples' with the following arguments: {'ament_cmake_args': None, 'build_base': '/home/vboxuser/bumperbot_ws/build/bumperbot_cpp_examples', 'catkin_cmake_args': None, 'catkin_skip_building_tests': False, 'cmake_args': None, 'cmake_clean_cache': False, 'cmake_clean_first': False, 'cmake_force_configure': False, 'cmake_target': None, 'cmake_target_skip_unavailable': False, 'install_base': '/home/vboxuser/bumperbot_ws/install/bumperbot_cpp_examples', 'merge_install': False, 'path': '/home/vboxuser/bumperbot_ws/src/bumperbot_cpp_examples', 'symlink_install': False, 'test_result_base': None}
[0.164s] Level 5:colcon.colcon_core.verb:set package 'bumperbot_py_examples' build argument 'cmake_args' from command line to 'None'
[0.164s] Level 5:colcon.colcon_core.verb:set package 'bumperbot_py_examples' build argument 'cmake_target' from command line to 'None'
[0.164s] Level 5:colcon.colcon_core.verb:set package 'bumperbot_py_examples' build argument 'cmake_target_skip_unavailable' from command line to 'False'
[0.164s] Level 5:colcon.colcon_core.verb:set package 'bumperbot_py_examples' build argument 'cmake_clean_cache' from command line to 'False'
[0.164s] Level 5:colcon.colcon_core.verb:set package 'bumperbot_py_examples' build argument 'cmake_clean_first' from command line to 'False'
[0.164s] Level 5:colcon.colcon_core.verb:set package 'bumperbot_py_examples' build argument 'cmake_force_configure' from command line to 'False'
[0.164s] Level 5:colcon.colcon_core.verb:set package 'bumperbot_py_examples' build argument 'ament_cmake_args' from command line to 'None'
[0.164s] Level 5:colcon.colcon_core.verb:set package 'bumperbot_py_examples' build argument 'catkin_cmake_args' from command line to 'None'
[0.164s] Level 5:colcon.colcon_core.verb:set package 'bumperbot_py_examples' build argument 'catkin_skip_building_tests' from command line to 'False'
[0.164s] DEBUG:colcon.colcon_core.verb:Building package 'bumperbot_py_examples' with the following arguments: {'ament_cmake_args': None, 'build_base': '/home/vboxuser/bumperbot_ws/build/bumperbot_py_examples', 'catkin_cmake_args': None, 'catkin_skip_building_tests': False, 'cmake_args': None, 'cmake_clean_cache': False, 'cmake_clean_first': False, 'cmake_force_configure': False, 'cmake_target': None, 'cmake_target_skip_unavailable': False, 'install_base': '/home/vboxuser/bumperbot_ws/install/bumperbot_py_examples', 'merge_install': False, 'path': '/home/vboxuser/bumperbot_ws/src/bumperbot_py_examples', 'symlink_install': False, 'test_result_base': None}
[0.165s] INFO:colcon.colcon_core.executor:Executing jobs using 'parallel' executor
[0.169s] DEBUG:colcon.colcon_parallel_executor.executor.parallel:run_until_complete
[0.172s] INFO:colcon.colcon_ros.task.ament_cmake.build:Building ROS package in '/home/vboxuser/bumperbot_ws/src/bumperbot_msgs' with build type 'ament_cmake'
[0.173s] INFO:colcon.colcon_cmake.task.cmake.build:Building CMake package in '/home/vboxuser/bumperbot_ws/src/bumperbot_msgs'
[0.176s] INFO:colcon.colcon_core.plugin_system:Skipping extension 'colcon_core.shell.bat': Not used on non-Windows systems
[0.176s] INFO:colcon.colcon_core.shell:Skip shell extension 'powershell' for command environment: Not usable outside of PowerShell
[0.176s] DEBUG:colcon.colcon_core.shell:Skip shell extension 'dsv' for command environment
[0.180s] INFO:colcon.colcon_ros.task.ament_cmake.build:Building ROS package in '/home/vboxuser/bumperbot_ws/src/bumperbot_controller' with build type 'ament_cmake'
[0.180s] INFO:colcon.colcon_cmake.task.cmake.build:Building CMake package in '/home/vboxuser/bumperbot_ws/src/bumperbot_controller'
[0.180s] INFO:colcon.colcon_core.shell:Skip shell extension 'powershell' for command environment: Not usable outside of PowerShell
[0.180s] DEBUG:colcon.colcon_core.shell:Skip shell extension 'dsv' for command environment
[0.184s] INFO:colcon.colcon_ros.task.ament_cmake.build:Building ROS package in '/home/vboxuser/bumperbot_ws/src/bumperbot_description' with build type 'ament_cmake'
[0.184s] INFO:colcon.colcon_cmake.task.cmake.build:Building CMake package in '/home/vboxuser/bumperbot_ws/src/bumperbot_description'
[0.184s] INFO:colcon.colcon_core.shell:Skip shell extension 'powershell' for command environment: Not usable outside of PowerShell
[0.184s] DEBUG:colcon.colcon_core.shell:Skip shell extension 'dsv' for command environment
[0.188s] INFO:colcon.colcon_ros.task.ament_cmake.build:Building ROS package in '/home/vboxuser/bumperbot_ws/src/bumperbot_firmware' with build type 'ament_cmake'
[0.188s] INFO:colcon.colcon_cmake.task.cmake.build:Building CMake package in '/home/vboxuser/bumperbot_ws/src/bumperbot_firmware'
[0.188s] INFO:colcon.colcon_core.shell:Skip shell extension 'powershell' for command environment: Not usable outside of PowerShell
[0.189s] DEBUG:colcon.colcon_core.shell:Skip shell extension 'dsv' for command environment
[0.194s] INFO:colcon.colcon_ros.task.ament_cmake.build:Building ROS package in '/home/vboxuser/bumperbot_ws/src/bumperbot_localization' with build type 'ament_cmake'
[0.194s] INFO:colcon.colcon_cmake.task.cmake.build:Building CMake package in '/home/vboxuser/bumperbot_ws/src/bumperbot_localization'
[0.194s] INFO:colcon.colcon_core.shell:Skip shell extension 'powershell' for command environment: Not usable outside of PowerShell
[0.194s] DEBUG:colcon.colcon_core.shell:Skip shell extension 'dsv' for command environment
[0.197s] INFO:colcon.colcon_ros.task.ament_cmake.build:Building ROS package in '/home/vboxuser/bumperbot_ws/src/bumperbot_mapping' with build type 'ament_cmake'
[0.197s] INFO:colcon.colcon_cmake.task.cmake.build:Building CMake package in '/home/vboxuser/bumperbot_ws/src/bumperbot_mapping'
[0.198s] INFO:colcon.colcon_core.shell:Skip shell extension 'powershell' for command environment: Not usable outside of PowerShell
[0.198s] DEBUG:colcon.colcon_core.shell:Skip shell extension 'dsv' for command environment
[0.201s] INFO:colcon.colcon_ros.task.ament_cmake.build:Building ROS package in '/home/vboxuser/bumperbot_ws/src/bumperbot_utils' with build type 'ament_cmake'
[0.201s] INFO:colcon.colcon_cmake.task.cmake.build:Building CMake package in '/home/vboxuser/bumperbot_ws/src/bumperbot_utils'
[0.201s] INFO:colcon.colcon_core.shell:Skip shell extension 'powershell' for command environment: Not usable outside of PowerShell
[0.201s] DEBUG:colcon.colcon_core.shell:Skip shell extension 'dsv' for command environment
[0.209s] DEBUG:colcon.colcon_core.event_handler.log_command:Invoking command in '/home/vboxuser/bumperbot_ws/build/bumperbot_msgs': CMAKE_PREFIX_PATH=${CMAKE_PREFIX_PATH}:/opt/ros/jazzy DEBUGINFOD_URLS=https://debuginfod.ubuntu.com /usr/bin/cmake --build /home/vboxuser/bumperbot_ws/build/bumperbot_msgs -- -j7 -l7
[0.217s] DEBUG:colcon.colcon_core.event_handler.log_command:Invoking command in '/home/vboxuser/bumperbot_ws/build/bumperbot_controller': CMAKE_PREFIX_PATH=${CMAKE_PREFIX_PATH}:/opt/ros/jazzy DEBUGINFOD_URLS=https://debuginfod.ubuntu.com /usr/bin/cmake --build /home/vboxuser/bumperbot_ws/build/bumperbot_controller -- -j7 -l7
[0.220s] DEBUG:colcon.colcon_core.event_handler.log_command:Invoking command in '/home/vboxuser/bumperbot_ws/build/bumperbot_description': CMAKE_PREFIX_PATH=${CMAKE_PREFIX_PATH}:/opt/ros/jazzy DEBUGINFOD_URLS=https://debuginfod.ubuntu.com /usr/bin/cmake --build /home/vboxuser/bumperbot_ws/build/bumperbot_description -- -j7 -l7
[0.222s] DEBUG:colcon.colcon_core.event_handler.log_command:Invoking command in '/home/vboxuser/bumperbot_ws/build/bumperbot_firmware': CMAKE_PREFIX_PATH=${CMAKE_PREFIX_PATH}:/opt/ros/jazzy DEBUGINFOD_URLS=https://debuginfod.ubuntu.com /usr/bin/cmake --build /home/vboxuser/bumperbot_ws/build/bumperbot_firmware -- -j7 -l7
[0.226s] DEBUG:colcon.colcon_core.event_handler.log_command:Invoking command in '/home/vboxuser/bumperbot_ws/build/bumperbot_localization': CMAKE_PREFIX_PATH=${CMAKE_PREFIX_PATH}:/opt/ros/jazzy DEBUGINFOD_URLS=https://debuginfod.ubuntu.com /usr/bin/cmake --build /home/vboxuser/bumperbot_ws/build/bumperbot_localization -- -j7 -l7
[0.236s] DEBUG:colcon.colcon_core.event_handler.log_command:Invoking command in '/home/vboxuser/bumperbot_ws/build/bumperbot_mapping': CMAKE_PREFIX_PATH=${CMAKE_PREFIX_PATH}:/opt/ros/jazzy DEBUGINFOD_URLS=https://debuginfod.ubuntu.com /usr/bin/cmake --build /home/vboxuser/bumperbot_ws/build/bumperbot_mapping -- -j7 -l7
[0.254s] DEBUG:colcon.colcon_core.event_handler.log_command:Invoking command in '/home/vboxuser/bumperbot_ws/build/bumperbot_utils': CMAKE_PREFIX_PATH=${CMAKE_PREFIX_PATH}:/opt/ros/jazzy DEBUGINFOD_URLS=https://debuginfod.ubuntu.com /usr/bin/cmake --build /home/vboxuser/bumperbot_ws/build/bumperbot_utils -- -j7 -l7
[0.301s] DEBUG:colcon.colcon_core.event_handler.log_command:Invoked command in '/home/vboxuser/bumperbot_ws/build/bumperbot_description' returned '0': CMAKE_PREFIX_PATH=${CMAKE_PREFIX_PATH}:/opt/ros/jazzy DEBUGINFOD_URLS=https://debuginfod.ubuntu.com /usr/bin/cmake --build /home/vboxuser/bumperbot_ws/build/bumperbot_description -- -j7 -l7
[0.334s] DEBUG:colcon.colcon_core.event_handler.log_command:Invoking command in '/home/vboxuser/bumperbot_ws/build/bumperbot_description': CMAKE_PREFIX_PATH=${CMAKE_PREFIX_PATH}:/opt/ros/jazzy DEBUGINFOD_URLS=https://debuginfod.ubuntu.com /usr/bin/cmake --install /home/vboxuser/bumperbot_ws/build/bumperbot_description
[0.729s] DEBUG:colcon.colcon_core.event_handler.log_command:Invoked command in '/home/vboxuser/bumperbot_ws/build/bumperbot_controller' returned '0': CMAKE_PREFIX_PATH=${CMAKE_PREFIX_PATH}:/opt/ros/jazzy DEBUGINFOD_URLS=https://debuginfod.ubuntu.com /usr/bin/cmake --build /home/vboxuser/bumperbot_ws/build/bumperbot_controller -- -j7 -l7
[0.761s] DEBUG:colcon.colcon_core.event_handler.log_command:Invoking command in '/home/vboxuser/bumperbot_ws/build/bumperbot_controller': CMAKE_PREFIX_PATH=${CMAKE_PREFIX_PATH}:/opt/ros/jazzy DEBUGINFOD_URLS=https://debuginfod.ubuntu.com /usr/bin/cmake --install /home/vboxuser/bumperbot_ws/build/bumperbot_controller
[0.763s] Level 1:colcon.colcon_core.environment:create_environment_scripts_only(bumperbot_description)
[0.779s] Level 1:colcon.colcon_core.environment:checking '/home/vboxuser/bumperbot_ws/install/bumperbot_description' for CMake module files
[0.780s] Level 1:colcon.colcon_core.environment:checking '/home/vboxuser/bumperbot_ws/install/bumperbot_description' for CMake config files
[0.780s] Level 1:colcon.colcon_core.shell:create_environment_hook('bumperbot_description', 'cmake_prefix_path')
[0.780s] INFO:colcon.colcon_core.shell:Creating environment hook '/home/vboxuser/bumperbot_ws/install/bumperbot_description/share/bumperbot_description/hook/cmake_prefix_path.ps1'
[0.782s] INFO:colcon.colcon_core.shell:Creating environment descriptor '/home/vboxuser/bumperbot_ws/install/bumperbot_description/share/bumperbot_description/hook/cmake_prefix_path.dsv'
[0.785s] INFO:colcon.colcon_core.shell:Creating environment hook '/home/vboxuser/bumperbot_ws/install/bumperbot_description/share/bumperbot_description/hook/cmake_prefix_path.sh'
[0.795s] Level 1:colcon.colcon_core.environment:checking '/home/vboxuser/bumperbot_ws/install/bumperbot_description/bin'
[0.795s] Level 1:colcon.colcon_core.environment:checking '/home/vboxuser/bumperbot_ws/install/bumperbot_description/lib/pkgconfig/bumperbot_description.pc'
[0.795s] Level 1:colcon.colcon_core.environment:checking '/home/vboxuser/bumperbot_ws/install/bumperbot_description/lib/python3.12/site-packages'
[0.795s] Level 1:colcon.colcon_core.environment:checking '/home/vboxuser/bumperbot_ws/install/bumperbot_description/bin'
[0.796s] INFO:colcon.colcon_core.shell:Creating package script '/home/vboxuser/bumperbot_ws/install/bumperbot_description/share/bumperbot_description/package.ps1'
[0.815s] INFO:colcon.colcon_core.shell:Creating package descriptor '/home/vboxuser/bumperbot_ws/install/bumperbot_description/share/bumperbot_description/package.dsv'
[0.816s] INFO:colcon.colcon_core.shell:Creating package script '/home/vboxuser/bumperbot_ws/install/bumperbot_description/share/bumperbot_description/package.sh'
[0.816s] INFO:colcon.colcon_core.shell:Creating package script '/home/vboxuser/bumperbot_ws/install/bumperbot_description/share/bumperbot_description/package.bash'
[0.819s] INFO:colcon.colcon_core.shell:Creating package script '/home/vboxuser/bumperbot_ws/install/bumperbot_description/share/bumperbot_description/package.zsh'
[0.821s] Level 1:colcon.colcon_core.environment:create_file_with_runtime_dependencies(/home/vboxuser/bumperbot_ws/install/bumperbot_description/share/colcon-core/packages/bumperbot_description)
[0.823s] Level 1:colcon.colcon_core.environment:create_environment_scripts_only(bumperbot_description)
[0.823s] Level 1:colcon.colcon_core.environment:checking '/home/vboxuser/bumperbot_ws/install/bumperbot_description' for CMake module files
[0.824s] Level 1:colcon.colcon_core.environment:checking '/home/vboxuser/bumperbot_ws/install/bumperbot_description' for CMake config files
[0.825s] Level 1:colcon.colcon_core.shell:create_environment_hook('bumperbot_description', 'cmake_prefix_path')
[0.825s] INFO:colcon.colcon_core.shell:Creating environment hook '/home/vboxuser/bumperbot_ws/install/bumperbot_description/share/bumperbot_description/hook/cmake_prefix_path.ps1'
[0.826s] DEBUG:colcon.colcon_core.event_handler.log_command:Invoked command in '/home/vboxuser/bumperbot_ws/build/bumperbot_localization' returned '0': CMAKE_PREFIX_PATH=${CMAKE_PREFIX_PATH}:/opt/ros/jazzy DEBUGINFOD_URLS=https://debuginfod.ubuntu.com /usr/bin/cmake --build /home/vboxuser/bumperbot_ws/build/bumperbot_localization -- -j7 -l7
[0.827s] INFO:colcon.colcon_core.shell:Creating environment descriptor '/home/vboxuser/bumperbot_ws/install/bumperbot_description/share/bumperbot_description/hook/cmake_prefix_path.dsv'
[0.828s] INFO:colcon.colcon_core.shell:Creating environment hook '/home/vboxuser/bumperbot_ws/install/bumperbot_description/share/bumperbot_description/hook/cmake_prefix_path.sh'
[0.829s] Level 1:colcon.colcon_core.environment:checking '/home/vboxuser/bumperbot_ws/install/bumperbot_description/bin'
[0.829s] Level 1:colcon.colcon_core.environment:checking '/home/vboxuser/bumperbot_ws/install/bumperbot_description/lib/pkgconfig/bumperbot_description.pc'
[0.829s] Level 1:colcon.colcon_core.environment:checking '/home/vboxuser/bumperbot_ws/install/bumperbot_description/lib/python3.12/site-packages'
[0.829s] Level 1:colcon.colcon_core.environment:checking '/home/vboxuser/bumperbot_ws/install/bumperbot_description/bin'
[0.830s] INFO:colcon.colcon_core.shell:Creating package script '/home/vboxuser/bumperbot_ws/install/bumperbot_description/share/bumperbot_description/package.ps1'
[0.830s] INFO:colcon.colcon_core.shell:Creating package descriptor '/home/vboxuser/bumperbot_ws/install/bumperbot_description/share/bumperbot_description/package.dsv'
[0.831s] INFO:colcon.colcon_core.shell:Creating package script '/home/vboxuser/bumperbot_ws/install/bumperbot_description/share/bumperbot_description/package.sh'
[0.832s] INFO:colcon.colcon_core.shell:Creating package script '/home/vboxuser/bumperbot_ws/install/bumperbot_description/share/bumperbot_description/package.bash'
[0.834s] INFO:colcon.colcon_core.shell:Creating package script '/home/vboxuser/bumperbot_ws/install/bumperbot_description/share/bumperbot_description/package.zsh'
[0.835s] Level 1:colcon.colcon_core.environment:create_file_with_runtime_dependencies(/home/vboxuser/bumperbot_ws/install/bumperbot_description/share/colcon-core/packages/bumperbot_description)
[0.851s] Level 1:colcon.colcon_core.environment:create_environment_scripts_only(bumperbot_localization)
[0.851s] Level 1:colcon.colcon_core.environment:checking '/home/vboxuser/bumperbot_ws/install/bumperbot_localization' for CMake module files
[0.853s] Level 1:colcon.colcon_core.environment:checking '/home/vboxuser/bumperbot_ws/install/bumperbot_localization' for CMake config files
[0.854s] DEBUG:colcon.colcon_core.event_handler.log_command:Invoking command in '/home/vboxuser/bumperbot_ws/build/bumperbot_localization': CMAKE_PREFIX_PATH=${CMAKE_PREFIX_PATH}:/opt/ros/jazzy DEBUGINFOD_URLS=https://debuginfod.ubuntu.com /usr/bin/cmake --install /home/vboxuser/bumperbot_ws/build/bumperbot_localization
[0.858s] Level 1:colcon.colcon_core.shell:create_environment_hook('bumperbot_localization', 'cmake_prefix_path')
[0.858s] INFO:colcon.colcon_core.shell:Creating environment hook '/home/vboxuser/bumperbot_ws/install/bumperbot_localization/share/bumperbot_localization/hook/cmake_prefix_path.ps1'
[0.860s] INFO:colcon.colcon_core.shell:Creating environment descriptor '/home/vboxuser/bumperbot_ws/install/bumperbot_localization/share/bumperbot_localization/hook/cmake_prefix_path.dsv'
[0.861s] INFO:colcon.colcon_core.shell:Creating environment hook '/home/vboxuser/bumperbot_ws/install/bumperbot_localization/share/bumperbot_localization/hook/cmake_prefix_path.sh'
[0.862s] Level 1:colcon.colcon_core.environment:checking '/home/vboxuser/bumperbot_ws/install/bumperbot_localization/lib'
[0.862s] Level 1:colcon.colcon_core.environment:checking '/home/vboxuser/bumperbot_ws/install/bumperbot_localization/bin'
[0.862s] Level 1:colcon.colcon_core.shell:create_environment_hook('bumperbot_localization', 'path')
[0.863s] INFO:colcon.colcon_core.shell:Creating environment hook '/home/vboxuser/bumperbot_ws/install/bumperbot_localization/share/bumperbot_localization/hook/path.ps1'
[0.864s] INFO:colcon.colcon_core.shell:Creating environment descriptor '/home/vboxuser/bumperbot_ws/install/bumperbot_localization/share/bumperbot_localization/hook/path.dsv'
[0.867s] INFO:colcon.colcon_core.shell:Creating environment hook '/home/vboxuser/bumperbot_ws/install/bumperbot_localization/share/bumperbot_localization/hook/path.sh'
[0.868s] Level 1:colcon.colcon_core.environment:checking '/home/vboxuser/bumperbot_ws/install/bumperbot_localization/lib/pkgconfig/bumperbot_localization.pc'
[0.868s] Level 1:colcon.colcon_core.environment:checking '/home/vboxuser/bumperbot_ws/install/bumperbot_localization/lib/python3.12/site-packages'
[0.868s] Level 1:colcon.colcon_core.shell:create_environment_hook('bumperbot_localization', 'pythonpath')
[0.868s] INFO:colcon.colcon_core.shell:Creating environment hook '/home/vboxuser/bumperbot_ws/install/bumperbot_localization/share/bumperbot_localization/hook/pythonpath.ps1'
[0.874s] INFO:colcon.colcon_core.shell:Creating environment descriptor '/home/vboxuser/bumperbot_ws/install/bumperbot_localization/share/bumperbot_localization/hook/pythonpath.dsv'
[0.876s] INFO:colcon.colcon_core.shell:Creating environment hook '/home/vboxuser/bumperbot_ws/install/bumperbot_localization/share/bumperbot_localization/hook/pythonpath.sh'
[0.877s] Level 1:colcon.colcon_core.environment:checking '/home/vboxuser/bumperbot_ws/install/bumperbot_localization/bin'
[0.878s] Level 1:colcon.colcon_core.shell:create_environment_hook('bumperbot_localization', 'pythonscriptspath')
[0.878s] INFO:colcon.colcon_core.shell:Creating environment hook '/home/vboxuser/bumperbot_ws/install/bumperbot_localization/share/bumperbot_localization/hook/pythonscriptspath.ps1'
[0.879s] INFO:colcon.colcon_core.shell:Creating environment descriptor '/home/vboxuser/bumperbot_ws/install/bumperbot_localization/share/bumperbot_localization/hook/pythonscriptspath.dsv'
[0.879s] DEBUG:colcon.colcon_core.event_handler.log_command:Invoked command in '/home/vboxuser/bumperbot_ws/build/bumperbot_firmware' returned '0': CMAKE_PREFIX_PATH=${CMAKE_PREFIX_PATH}:/opt/ros/jazzy DEBUGINFOD_URLS=https://debuginfod.ubuntu.com /usr/bin/cmake --build /home/vboxuser/bumperbot_ws/build/bumperbot_firmware -- -j7 -l7
[0.880s] INFO:colcon.colcon_core.shell:Creating environment hook '/home/vboxuser/bumperbot_ws/install/bumperbot_localization/share/bumperbot_localization/hook/pythonscriptspath.sh'
[0.881s] INFO:colcon.colcon_core.shell:Creating package script '/home/vboxuser/bumperbot_ws/install/bumperbot_localization/share/bumperbot_localization/package.ps1'
[0.884s] INFO:colcon.colcon_core.shell:Creating package descriptor '/home/vboxuser/bumperbot_ws/install/bumperbot_localization/share/bumperbot_localization/package.dsv'
[0.885s] INFO:colcon.colcon_core.shell:Creating package script '/home/vboxuser/bumperbot_ws/install/bumperbot_localization/share/bumperbot_localization/package.sh'
[0.886s] INFO:colcon.colcon_core.shell:Creating package script '/home/vboxuser/bumperbot_ws/install/bumperbot_localization/share/bumperbot_localization/package.bash'
[0.888s] INFO:colcon.colcon_core.shell:Creating package script '/home/vboxuser/bumperbot_ws/install/bumperbot_localization/share/bumperbot_localization/package.zsh'
[0.889s] Level 1:colcon.colcon_core.environment:create_file_with_runtime_dependencies(/home/vboxuser/bumperbot_ws/install/bumperbot_localization/share/colcon-core/packages/bumperbot_localization)
[0.890s] DEBUG:colcon.colcon_core.event_handler.log_command:Invoking command in '/home/vboxuser/bumperbot_ws/build/bumperbot_firmware': CMAKE_PREFIX_PATH=${CMAKE_PREFIX_PATH}:/opt/ros/jazzy DEBUGINFOD_URLS=https://debuginfod.ubuntu.com /usr/bin/cmake --install /home/vboxuser/bumperbot_ws/build/bumperbot_firmware
[0.890s] DEBUG:colcon.colcon_core.event_handler.log_command:Invoked command in '/home/vboxuser/bumperbot_ws/build/bumperbot_mapping' returned '0': CMAKE_PREFIX_PATH=${CMAKE_PREFIX_PATH}:/opt/ros/jazzy DEBUGINFOD_URLS=https://debuginfod.ubuntu.com /usr/bin/cmake --build /home/vboxuser/bumperbot_ws/build/bumperbot_mapping -- -j7 -l7
[0.891s] DEBUG:colcon.colcon_core.event_handler.log_command:Invoking command in '/home/vboxuser/bumperbot_ws/build/bumperbot_mapping': CMAKE_PREFIX_PATH=${CMAKE_PREFIX_PATH}:/opt/ros/jazzy DEBUGINFOD_URLS=https://debuginfod.ubuntu.com /usr/bin/cmake --install /home/vboxuser/bumperbot_ws/build/bumperbot_mapping
[0.892s] DEBUG:colcon.colcon_core.event_handler.log_command:Invoked command in '/home/vboxuser/bumperbot_ws/build/bumperbot_msgs' returned '0': CMAKE_PREFIX_PATH=${CMAKE_PREFIX_PATH}:/opt/ros/jazzy DEBUGINFOD_URLS=https://debuginfod.ubuntu.com /usr/bin/cmake --build /home/vboxuser/bumperbot_ws/build/bumperbot_msgs -- -j7 -l7
[0.892s] DEBUG:colcon.colcon_core.event_handler.log_command:Invoking command in '/home/vboxuser/bumperbot_ws/build/bumperbot_msgs': CMAKE_PREFIX_PATH=${CMAKE_PREFIX_PATH}:/opt/ros/jazzy DEBUGINFOD_URLS=https://debuginfod.ubuntu.com /usr/bin/cmake --install /home/vboxuser/bumperbot_ws/build/bumperbot_msgs
[0.892s] DEBUG:colcon.colcon_core.event_handler.log_command:Invoked command in '/home/vboxuser/bumperbot_ws/build/bumperbot_description' returned '0': CMAKE_PREFIX_PATH=${CMAKE_PREFIX_PATH}:/opt/ros/jazzy DEBUGINFOD_URLS=https://debuginfod.ubuntu.com /usr/bin/cmake --install /home/vboxuser/bumperbot_ws/build/bumperbot_description
[0.895s] Level 1:colcon.colcon_core.environment:create_environment_scripts_only(bumperbot_localization)
[0.895s] Level 1:colcon.colcon_core.environment:checking '/home/vboxuser/bumperbot_ws/install/bumperbot_localization' for CMake module files
[0.896s] Level 1:colcon.colcon_core.environment:checking '/home/vboxuser/bumperbot_ws/install/bumperbot_localization' for CMake config files
[0.896s] Level 1:colcon.colcon_core.shell:create_environment_hook('bumperbot_localization', 'cmake_prefix_path')
[0.896s] INFO:colcon.colcon_core.shell:Creating environment hook '/home/vboxuser/bumperbot_ws/install/bumperbot_localization/share/bumperbot_localization/hook/cmake_prefix_path.ps1'
[0.897s] INFO:colcon.colcon_core.shell:Creating environment descriptor '/home/vboxuser/bumperbot_ws/install/bumperbot_localization/share/bumperbot_localization/hook/cmake_prefix_path.dsv'
[0.898s] INFO:colcon.colcon_core.shell:Creating environment hook '/home/vboxuser/bumperbot_ws/install/bumperbot_localization/share/bumperbot_localization/hook/cmake_prefix_path.sh'
[0.899s] Level 1:colcon.colcon_core.environment:checking '/home/vboxuser/bumperbot_ws/install/bumperbot_localization/lib'
[0.899s] Level 1:colcon.colcon_core.environment:checking '/home/vboxuser/bumperbot_ws/install/bumperbot_localization/bin'
[0.899s] Level 1:colcon.colcon_core.shell:create_environment_hook('bumperbot_localization', 'path')
[0.899s] INFO:colcon.colcon_core.shell:Creating environment hook '/home/vboxuser/bumperbot_ws/install/bumperbot_localization/share/bumperbot_localization/hook/path.ps1'
[0.900s] INFO:colcon.colcon_core.shell:Creating environment descriptor '/home/vboxuser/bumperbot_ws/install/bumperbot_localization/share/bumperbot_localization/hook/path.dsv'
[0.901s] INFO:colcon.colcon_core.shell:Creating environment hook '/home/vboxuser/bumperbot_ws/install/bumperbot_localization/share/bumperbot_localization/hook/path.sh'
[0.904s] Level 1:colcon.colcon_core.environment:checking '/home/vboxuser/bumperbot_ws/install/bumperbot_localization/lib/pkgconfig/bumperbot_localization.pc'
[0.904s] Level 1:colcon.colcon_core.environment:checking '/home/vboxuser/bumperbot_ws/install/bumperbot_localization/lib/python3.12/site-packages'
[0.904s] Level 1:colcon.colcon_core.shell:create_environment_hook('bumperbot_localization', 'pythonpath')
[0.904s] INFO:colcon.colcon_core.shell:Creating environment hook '/home/vboxuser/bumperbot_ws/install/bumperbot_localization/share/bumperbot_localization/hook/pythonpath.ps1'
[0.905s] INFO:colcon.colcon_core.shell:Creating environment descriptor '/home/vboxuser/bumperbot_ws/install/bumperbot_localization/share/bumperbot_localization/hook/pythonpath.dsv'
[0.907s] INFO:colcon.colcon_core.shell:Creating environment hook '/home/vboxuser/bumperbot_ws/install/bumperbot_localization/share/bumperbot_localization/hook/pythonpath.sh'
[0.910s] Level 1:colcon.colcon_core.environment:checking '/home/vboxuser/bumperbot_ws/install/bumperbot_localization/bin'
[0.910s] Level 1:colcon.colcon_core.shell:create_environment_hook('bumperbot_localization', 'pythonscriptspath')
[0.910s] INFO:colcon.colcon_core.shell:Creating environment hook '/home/vboxuser/bumperbot_ws/install/bumperbot_localization/share/bumperbot_localization/hook/pythonscriptspath.ps1'
[0.911s] INFO:colcon.colcon_core.shell:Creating environment descriptor '/home/vboxuser/bumperbot_ws/install/bumperbot_localization/share/bumperbot_localization/hook/pythonscriptspath.dsv'
[0.912s] INFO:colcon.colcon_core.shell:Creating environment hook '/home/vboxuser/bumperbot_ws/install/bumperbot_localization/share/bumperbot_localization/hook/pythonscriptspath.sh'
[0.913s] INFO:colcon.colcon_core.shell:Creating package script '/home/vboxuser/bumperbot_ws/install/bumperbot_localization/share/bumperbot_localization/package.ps1'
[0.915s] DEBUG:colcon.colcon_core.event_handler.log_command:Invoked command in '/home/vboxuser/bumperbot_ws/build/bumperbot_utils' returned '0': CMAKE_PREFIX_PATH=${CMAKE_PREFIX_PATH}:/opt/ros/jazzy DEBUGINFOD_URLS=https://debuginfod.ubuntu.com /usr/bin/cmake --build /home/vboxuser/bumperbot_ws/build/bumperbot_utils -- -j7 -l7
[0.915s] DEBUG:colcon.colcon_core.event_handler.log_command:Invoking command in '/home/vboxuser/bumperbot_ws/build/bumperbot_utils': CMAKE_PREFIX_PATH=${CMAKE_PREFIX_PATH}:/opt/ros/jazzy DEBUGINFOD_URLS=https://debuginfod.ubuntu.com /usr/bin/cmake --install /home/vboxuser/bumperbot_ws/build/bumperbot_utils
[0.915s] DEBUG:colcon.colcon_core.event_handler.log_command:Invoked command in '/home/vboxuser/bumperbot_ws/build/bumperbot_localization' returned '0': CMAKE_PREFIX_PATH=${CMAKE_PREFIX_PATH}:/opt/ros/jazzy DEBUGINFOD_URLS=https://debuginfod.ubuntu.com /usr/bin/cmake --install /home/vboxuser/bumperbot_ws/build/bumperbot_localization
[0.916s] INFO:colcon.colcon_core.shell:Creating package descriptor '/home/vboxuser/bumperbot_ws/install/bumperbot_localization/share/bumperbot_localization/package.dsv'
[0.918s] INFO:colcon.colcon_core.shell:Creating package script '/home/vboxuser/bumperbot_ws/install/bumperbot_localization/share/bumperbot_localization/package.sh'
[0.919s] INFO:colcon.colcon_core.shell:Creating package script '/home/vboxuser/bumperbot_ws/install/bumperbot_localization/share/bumperbot_localization/package.bash'
[0.920s] INFO:colcon.colcon_core.shell:Creating package script '/home/vboxuser/bumperbot_ws/install/bumperbot_localization/share/bumperbot_localization/package.zsh'
[0.920s] Level 1:colcon.colcon_core.environment:create_file_with_runtime_dependencies(/home/vboxuser/bumperbot_ws/install/bumperbot_localization/share/colcon-core/packages/bumperbot_localization)
[0.922s] Level 1:colcon.colcon_core.environment:create_environment_scripts_only(bumperbot_controller)
[0.922s] Level 1:colcon.colcon_core.environment:checking '/home/vboxuser/bumperbot_ws/install/bumperbot_controller' for CMake module files
[0.922s] Level 1:colcon.colcon_core.environment:checking '/home/vboxuser/bumperbot_ws/install/bumperbot_controller' for CMake config files
[0.923s] Level 1:colcon.colcon_core.shell:create_environment_hook('bumperbot_controller', 'cmake_prefix_path')
[0.923s] INFO:colcon.colcon_core.shell:Creating environment hook '/home/vboxuser/bumperbot_ws/install/bumperbot_controller/share/bumperbot_controller/hook/cmake_prefix_path.ps1'
[0.924s] DEBUG:colcon.colcon_core.event_handler.log_command:Invoked command in '/home/vboxuser/bumperbot_ws/build/bumperbot_controller' returned '0': CMAKE_PREFIX_PATH=${CMAKE_PREFIX_PATH}:/opt/ros/jazzy DEBUGINFOD_URLS=https://debuginfod.ubuntu.com /usr/bin/cmake --install /home/vboxuser/bumperbot_ws/build/bumperbot_controller
[0.924s] INFO:colcon.colcon_core.shell:Creating environment descriptor '/home/vboxuser/bumperbot_ws/install/bumperbot_controller/share/bumperbot_controller/hook/cmake_prefix_path.dsv'
[0.925s] INFO:colcon.colcon_core.shell:Creating environment hook '/home/vboxuser/bumperbot_ws/install/bumperbot_controller/share/bumperbot_controller/hook/cmake_prefix_path.sh'
[0.925s] Level 1:colcon.colcon_core.environment:checking '/home/vboxuser/bumperbot_ws/install/bumperbot_controller/lib'
[0.925s] Level 1:colcon.colcon_core.environment:checking '/home/vboxuser/bumperbot_ws/install/bumperbot_controller/bin'
[0.926s] Level 1:colcon.colcon_core.environment:checking '/home/vboxuser/bumperbot_ws/install/bumperbot_controller/lib/pkgconfig/bumperbot_controller.pc'
[0.926s] Level 1:colcon.colcon_core.environment:checking '/home/vboxuser/bumperbot_ws/install/bumperbot_controller/lib/python3.12/site-packages'
[0.926s] Level 1:colcon.colcon_core.shell:create_environment_hook('bumperbot_controller', 'pythonpath')
[0.926s] INFO:colcon.colcon_core.shell:Creating environment hook '/home/vboxuser/bumperbot_ws/install/bumperbot_controller/share/bumperbot_controller/hook/pythonpath.ps1'
[0.926s] INFO:colcon.colcon_core.shell:Creating environment descriptor '/home/vboxuser/bumperbot_ws/install/bumperbot_controller/share/bumperbot_controller/hook/pythonpath.dsv'
[0.927s] INFO:colcon.colcon_core.shell:Creating environment hook '/home/vboxuser/bumperbot_ws/install/bumperbot_controller/share/bumperbot_controller/hook/pythonpath.sh'
[0.928s] Level 1:colcon.colcon_core.environment:checking '/home/vboxuser/bumperbot_ws/install/bumperbot_controller/bin'
[0.928s] INFO:colcon.colcon_core.shell:Creating package script '/home/vboxuser/bumperbot_ws/install/bumperbot_controller/share/bumperbot_controller/package.ps1'
[0.928s] INFO:colcon.colcon_core.shell:Creating package descriptor '/home/vboxuser/bumperbot_ws/install/bumperbot_controller/share/bumperbot_controller/package.dsv'
[0.929s] INFO:colcon.colcon_core.shell:Creating package script '/home/vboxuser/bumperbot_ws/install/bumperbot_controller/share/bumperbot_controller/package.sh'
[0.930s] INFO:colcon.colcon_core.shell:Creating package script '/home/vboxuser/bumperbot_ws/install/bumperbot_controller/share/bumperbot_controller/package.bash'
[0.930s] INFO:colcon.colcon_core.shell:Creating package script '/home/vboxuser/bumperbot_ws/install/bumperbot_controller/share/bumperbot_controller/package.zsh'
[0.930s] Level 1:colcon.colcon_core.environment:create_file_with_runtime_dependencies(/home/vboxuser/bumperbot_ws/install/bumperbot_controller/share/colcon-core/packages/bumperbot_controller)
[0.931s] Level 1:colcon.colcon_core.environment:create_environment_scripts_only(bumperbot_controller)
[0.931s] Level 1:colcon.colcon_core.environment:checking '/home/vboxuser/bumperbot_ws/install/bumperbot_controller' for CMake module files
[0.932s] Level 1:colcon.colcon_core.environment:checking '/home/vboxuser/bumperbot_ws/install/bumperbot_controller' for CMake config files
[0.932s] Level 1:colcon.colcon_core.shell:create_environment_hook('bumperbot_controller', 'cmake_prefix_path')
[0.932s] INFO:colcon.colcon_core.shell:Creating environment hook '/home/vboxuser/bumperbot_ws/install/bumperbot_controller/share/bumperbot_controller/hook/cmake_prefix_path.ps1'
[0.932s] INFO:colcon.colcon_core.shell:Creating environment descriptor '/home/vboxuser/bumperbot_ws/install/bumperbot_controller/share/bumperbot_controller/hook/cmake_prefix_path.dsv'
[0.933s] INFO:colcon.colcon_core.shell:Creating environment hook '/home/vboxuser/bumperbot_ws/install/bumperbot_controller/share/bumperbot_controller/hook/cmake_prefix_path.sh'
[0.934s] Level 1:colcon.colcon_core.environment:checking '/home/vboxuser/bumperbot_ws/install/bumperbot_controller/lib'
[0.934s] Level 1:colcon.colcon_core.environment:checking '/home/vboxuser/bumperbot_ws/install/bumperbot_controller/bin'
[0.934s] Level 1:colcon.colcon_core.environment:checking '/home/vboxuser/bumperbot_ws/install/bumperbot_controller/lib/pkgconfig/bumperbot_controller.pc'
[0.934s] Level 1:colcon.colcon_core.environment:checking '/home/vboxuser/bumperbot_ws/install/bumperbot_controller/lib/python3.12/site-packages'
[0.934s] Level 1:colcon.colcon_core.shell:create_environment_hook('bumperbot_controller', 'pythonpath')
[0.935s] INFO:colcon.colcon_core.shell:Creating environment hook '/home/vboxuser/bumperbot_ws/install/bumperbot_controller/share/bumperbot_controller/hook/pythonpath.ps1'
[0.935s] INFO:colcon.colcon_core.shell:Creating environment descriptor '/home/vboxuser/bumperbot_ws/install/bumperbot_controller/share/bumperbot_controller/hook/pythonpath.dsv'
[0.935s] INFO:colcon.colcon_core.shell:Creating environment hook '/home/vboxuser/bumperbot_ws/install/bumperbot_controller/share/bumperbot_controller/hook/pythonpath.sh'
[0.936s] Level 1:colcon.colcon_core.environment:checking '/home/vboxuser/bumperbot_ws/install/bumperbot_controller/bin'
[0.936s] INFO:colcon.colcon_core.shell:Creating package script '/home/vboxuser/bumperbot_ws/install/bumperbot_controller/share/bumperbot_controller/package.ps1'
[0.937s] INFO:colcon.colcon_core.shell:Creating package descriptor '/home/vboxuser/bumperbot_ws/install/bumperbot_controller/share/bumperbot_controller/package.dsv'
[0.940s] INFO:colcon.colcon_core.shell:Creating package script '/home/vboxuser/bumperbot_ws/install/bumperbot_controller/share/bumperbot_controller/package.sh'
[0.941s] INFO:colcon.colcon_core.shell:Creating package script '/home/vboxuser/bumperbot_ws/install/bumperbot_controller/share/bumperbot_controller/package.bash'
[0.942s] INFO:colcon.colcon_core.shell:Creating package script '/home/vboxuser/bumperbot_ws/install/bumperbot_controller/share/bumperbot_controller/package.zsh'
[0.942s] Level 1:colcon.colcon_core.environment:create_file_with_runtime_dependencies(/home/vboxuser/bumperbot_ws/install/bumperbot_controller/share/colcon-core/packages/bumperbot_controller)
[0.950s] Level 1:colcon.colcon_core.environment:create_environment_scripts_only(bumperbot_firmware)
[0.950s] Level 1:colcon.colcon_core.environment:checking '/home/vboxuser/bumperbot_ws/install/bumperbot_firmware' for CMake module files
[0.952s] DEBUG:colcon.colcon_core.event_handler.log_command:Invoked command in '/home/vboxuser/bumperbot_ws/build/bumperbot_firmware' returned '0': CMAKE_PREFIX_PATH=${CMAKE_PREFIX_PATH}:/opt/ros/jazzy DEBUGINFOD_URLS=https://debuginfod.ubuntu.com /usr/bin/cmake --install /home/vboxuser/bumperbot_ws/build/bumperbot_firmware
[0.954s] Level 1:colcon.colcon_core.environment:checking '/home/vboxuser/bumperbot_ws/install/bumperbot_firmware' for CMake config files
[0.954s] Level 1:colcon.colcon_core.shell:create_environment_hook('bumperbot_firmware', 'cmake_prefix_path')
[0.955s] INFO:colcon.colcon_core.shell:Creating environment hook '/home/vboxuser/bumperbot_ws/install/bumperbot_firmware/share/bumperbot_firmware/hook/cmake_prefix_path.ps1'
[0.955s] INFO:colcon.colcon_core.shell:Creating environment descriptor '/home/vboxuser/bumperbot_ws/install/bumperbot_firmware/share/bumperbot_firmware/hook/cmake_prefix_path.dsv'
[0.956s] INFO:colcon.colcon_core.shell:Creating environment hook '/home/vboxuser/bumperbot_ws/install/bumperbot_firmware/share/bumperbot_firmware/hook/cmake_prefix_path.sh'
[0.957s] Level 1:colcon.colcon_core.environment:checking '/home/vboxuser/bumperbot_ws/install/bumperbot_firmware/lib'
[0.957s] Level 1:colcon.colcon_core.shell:create_environment_hook('bumperbot_firmware', 'ld_library_path_lib')
[0.957s] INFO:colcon.colcon_core.shell:Creating environment hook '/home/vboxuser/bumperbot_ws/install/bumperbot_firmware/share/bumperbot_firmware/hook/ld_library_path_lib.ps1'
[0.957s] INFO:colcon.colcon_core.shell:Creating environment descriptor '/home/vboxuser/bumperbot_ws/install/bumperbot_firmware/share/bumperbot_firmware/hook/ld_library_path_lib.dsv'
[0.958s] INFO:colcon.colcon_core.shell:Creating environment hook '/home/vboxuser/bumperbot_ws/install/bumperbot_firmware/share/bumperbot_firmware/hook/ld_library_path_lib.sh'
[0.958s] Level 1:colcon.colcon_core.environment:checking '/home/vboxuser/bumperbot_ws/install/bumperbot_firmware/bin'
[0.958s] Level 1:colcon.colcon_core.environment:checking '/home/vboxuser/bumperbot_ws/install/bumperbot_firmware/lib/pkgconfig/bumperbot_firmware.pc'
[0.959s] Level 1:colcon.colcon_core.environment:checking '/home/vboxuser/bumperbot_ws/install/bumperbot_firmware/lib/python3.12/site-packages'
[0.959s] Level 1:colcon.colcon_core.shell:create_environment_hook('bumperbot_firmware', 'pythonpath')
[0.959s] INFO:colcon.colcon_core.shell:Creating environment hook '/home/vboxuser/bumperbot_ws/install/bumperbot_firmware/share/bumperbot_firmware/hook/pythonpath.ps1'
[0.959s] INFO:colcon.colcon_core.shell:Creating environment descriptor '/home/vboxuser/bumperbot_ws/install/bumperbot_firmware/share/bumperbot_firmware/hook/pythonpath.dsv'
[0.960s] INFO:colcon.colcon_core.shell:Creating environment hook '/home/vboxuser/bumperbot_ws/install/bumperbot_firmware/share/bumperbot_firmware/hook/pythonpath.sh'
[0.961s] Level 1:colcon.colcon_core.environment:checking '/home/vboxuser/bumperbot_ws/install/bumperbot_firmware/bin'
[0.961s] INFO:colcon.colcon_core.shell:Creating package script '/home/vboxuser/bumperbot_ws/install/bumperbot_firmware/share/bumperbot_firmware/package.ps1'
[0.962s] INFO:colcon.colcon_core.shell:Creating package descriptor '/home/vboxuser/bumperbot_ws/install/bumperbot_firmware/share/bumperbot_firmware/package.dsv'
[0.962s] INFO:colcon.colcon_core.shell:Creating package script '/home/vboxuser/bumperbot_ws/install/bumperbot_firmware/share/bumperbot_firmware/package.sh'
[0.963s] INFO:colcon.colcon_core.shell:Creating package script '/home/vboxuser/bumperbot_ws/install/bumperbot_firmware/share/bumperbot_firmware/package.bash'
[0.963s] INFO:colcon.colcon_core.shell:Creating package script '/home/vboxuser/bumperbot_ws/install/bumperbot_firmware/share/bumperbot_firmware/package.zsh'
[0.964s] Level 1:colcon.colcon_core.environment:create_file_with_runtime_dependencies(/home/vboxuser/bumperbot_ws/install/bumperbot_firmware/share/colcon-core/packages/bumperbot_firmware)
[0.964s] Level 1:colcon.colcon_core.environment:create_environment_scripts_only(bumperbot_firmware)
[0.964s] Level 1:colcon.colcon_core.environment:checking '/home/vboxuser/bumperbot_ws/install/bumperbot_firmware' for CMake module files
[0.965s] Level 1:colcon.colcon_core.environment:checking '/home/vboxuser/bumperbot_ws/install/bumperbot_firmware' for CMake config files
[0.965s] Level 1:colcon.colcon_core.shell:create_environment_hook('bumperbot_firmware', 'cmake_prefix_path')
[0.965s] INFO:colcon.colcon_core.shell:Creating environment hook '/home/vboxuser/bumperbot_ws/install/bumperbot_firmware/share/bumperbot_firmware/hook/cmake_prefix_path.ps1'
[0.965s] INFO:colcon.colcon_core.shell:Creating environment descriptor '/home/vboxuser/bumperbot_ws/install/bumperbot_firmware/share/bumperbot_firmware/hook/cmake_prefix_path.dsv'
[0.966s] INFO:colcon.colcon_core.shell:Creating environment hook '/home/vboxuser/bumperbot_ws/install/bumperbot_firmware/share/bumperbot_firmware/hook/cmake_prefix_path.sh'
[0.966s] Level 1:colcon.colcon_core.environment:checking '/home/vboxuser/bumperbot_ws/install/bumperbot_firmware/lib'
[0.966s] Level 1:colcon.colcon_core.shell:create_environment_hook('bumperbot_firmware', 'ld_library_path_lib')
[0.966s] INFO:colcon.colcon_core.shell:Creating environment hook '/home/vboxuser/bumperbot_ws/install/bumperbot_firmware/share/bumperbot_firmware/hook/ld_library_path_lib.ps1'
[0.967s] INFO:colcon.colcon_core.shell:Creating environment descriptor '/home/vboxuser/bumperbot_ws/install/bumperbot_firmware/share/bumperbot_firmware/hook/ld_library_path_lib.dsv'
[0.967s] INFO:colcon.colcon_core.shell:Creating environment hook '/home/vboxuser/bumperbot_ws/install/bumperbot_firmware/share/bumperbot_firmware/hook/ld_library_path_lib.sh'
[0.968s] Level 1:colcon.colcon_core.environment:checking '/home/vboxuser/bumperbot_ws/install/bumperbot_firmware/bin'
[0.968s] Level 1:colcon.colcon_core.environment:checking '/home/vboxuser/bumperbot_ws/install/bumperbot_firmware/lib/pkgconfig/bumperbot_firmware.pc'
[0.968s] Level 1:colcon.colcon_core.environment:checking '/home/vboxuser/bumperbot_ws/install/bumperbot_firmware/lib/python3.12/site-packages'
[0.968s] Level 1:colcon.colcon_core.shell:create_environment_hook('bumperbot_firmware', 'pythonpath')
[0.968s] INFO:colcon.colcon_core.shell:Creating environment hook '/home/vboxuser/bumperbot_ws/install/bumperbot_firmware/share/bumperbot_firmware/hook/pythonpath.ps1'
[0.969s] INFO:colcon.colcon_core.shell:Creating environment descriptor '/home/vboxuser/bumperbot_ws/install/bumperbot_firmware/share/bumperbot_firmware/hook/pythonpath.dsv'
[0.969s] INFO:colcon.colcon_core.shell:Creating environment hook '/home/vboxuser/bumperbot_ws/install/bumperbot_firmware/share/bumperbot_firmware/hook/pythonpath.sh'
[0.970s] Level 1:colcon.colcon_core.environment:checking '/home/vboxuser/bumperbot_ws/install/bumperbot_firmware/bin'
[0.970s] INFO:colcon.colcon_core.shell:Creating package script '/home/vboxuser/bumperbot_ws/install/bumperbot_firmware/share/bumperbot_firmware/package.ps1'
[0.970s] INFO:colcon.colcon_core.shell:Creating package descriptor '/home/vboxuser/bumperbot_ws/install/bumperbot_firmware/share/bumperbot_firmware/package.dsv'
[0.971s] INFO:colcon.colcon_core.shell:Creating package script '/home/vboxuser/bumperbot_ws/install/bumperbot_firmware/share/bumperbot_firmware/package.sh'
[0.971s] INFO:colcon.colcon_core.shell:Creating package script '/home/vboxuser/bumperbot_ws/install/bumperbot_firmware/share/bumperbot_firmware/package.bash'
[0.972s] INFO:colcon.colcon_core.shell:Creating package script '/home/vboxuser/bumperbot_ws/install/bumperbot_firmware/share/bumperbot_firmware/package.zsh'
[0.972s] Level 1:colcon.colcon_core.environment:create_file_with_runtime_dependencies(/home/vboxuser/bumperbot_ws/install/bumperbot_firmware/share/colcon-core/packages/bumperbot_firmware)
[0.973s] Level 1:colcon.colcon_core.environment:create_environment_scripts_only(bumperbot_mapping)
[0.973s] Level 1:colcon.colcon_core.environment:checking '/home/vboxuser/bumperbot_ws/install/bumperbot_mapping' for CMake module files
[0.975s] DEBUG:colcon.colcon_core.event_handler.log_command:Invoked command in '/home/vboxuser/bumperbot_ws/build/bumperbot_mapping' returned '0': CMAKE_PREFIX_PATH=${CMAKE_PREFIX_PATH}:/opt/ros/jazzy DEBUGINFOD_URLS=https://debuginfod.ubuntu.com /usr/bin/cmake --install /home/vboxuser/bumperbot_ws/build/bumperbot_mapping
[0.975s] Level 1:colcon.colcon_core.environment:checking '/home/vboxuser/bumperbot_ws/install/bumperbot_mapping' for CMake config files
[0.975s] Level 1:colcon.colcon_core.shell:create_environment_hook('bumperbot_mapping', 'cmake_prefix_path')
[0.975s] INFO:colcon.colcon_core.shell:Creating environment hook '/home/vboxuser/bumperbot_ws/install/bumperbot_mapping/share/bumperbot_mapping/hook/cmake_prefix_path.ps1'
[0.975s] INFO:colcon.colcon_core.shell:Creating environment descriptor '/home/vboxuser/bumperbot_ws/install/bumperbot_mapping/share/bumperbot_mapping/hook/cmake_prefix_path.dsv'
[0.976s] INFO:colcon.colcon_core.shell:Creating environment hook '/home/vboxuser/bumperbot_ws/install/bumperbot_mapping/share/bumperbot_mapping/hook/cmake_prefix_path.sh'
[0.977s] Level 1:colcon.colcon_core.environment:checking '/home/vboxuser/bumperbot_ws/install/bumperbot_mapping/lib'
[0.977s] Level 1:colcon.colcon_core.environment:checking '/home/vboxuser/bumperbot_ws/install/bumperbot_mapping/bin'
[0.977s] Level 1:colcon.colcon_core.environment:checking '/home/vboxuser/bumperbot_ws/install/bumperbot_mapping/lib/pkgconfig/bumperbot_mapping.pc'
[0.977s] Level 1:colcon.colcon_core.environment:checking '/home/vboxuser/bumperbot_ws/install/bumperbot_mapping/lib/python3.12/site-packages'
[0.977s] Level 1:colcon.colcon_core.shell:create_environment_hook('bumperbot_mapping', 'pythonpath')
[0.977s] INFO:colcon.colcon_core.shell:Creating environment hook '/home/vboxuser/bumperbot_ws/install/bumperbot_mapping/share/bumperbot_mapping/hook/pythonpath.ps1'
[0.977s] INFO:colcon.colcon_core.shell:Creating environment descriptor '/home/vboxuser/bumperbot_ws/install/bumperbot_mapping/share/bumperbot_mapping/hook/pythonpath.dsv'
[0.978s] INFO:colcon.colcon_core.shell:Creating environment hook '/home/vboxuser/bumperbot_ws/install/bumperbot_mapping/share/bumperbot_mapping/hook/pythonpath.sh'
[0.978s] Level 1:colcon.colcon_core.environment:checking '/home/vboxuser/bumperbot_ws/install/bumperbot_mapping/bin'
[0.979s] INFO:colcon.colcon_core.shell:Creating package script '/home/vboxuser/bumperbot_ws/install/bumperbot_mapping/share/bumperbot_mapping/package.ps1'
[0.979s] INFO:colcon.colcon_core.shell:Creating package descriptor '/home/vboxuser/bumperbot_ws/install/bumperbot_mapping/share/bumperbot_mapping/package.dsv'
[0.980s] INFO:colcon.colcon_core.shell:Creating package script '/home/vboxuser/bumperbot_ws/install/bumperbot_mapping/share/bumperbot_mapping/package.sh'
[0.980s] INFO:colcon.colcon_core.shell:Creating package script '/home/vboxuser/bumperbot_ws/install/bumperbot_mapping/share/bumperbot_mapping/package.bash'
[0.981s] INFO:colcon.colcon_core.shell:Creating package script '/home/vboxuser/bumperbot_ws/install/bumperbot_mapping/share/bumperbot_mapping/package.zsh'
[0.981s] Level 1:colcon.colcon_core.environment:create_file_with_runtime_dependencies(/home/vboxuser/bumperbot_ws/install/bumperbot_mapping/share/colcon-core/packages/bumperbot_mapping)
[0.981s] Level 1:colcon.colcon_core.environment:create_environment_scripts_only(bumperbot_mapping)
[0.982s] Level 1:colcon.colcon_core.environment:checking '/home/vboxuser/bumperbot_ws/install/bumperbot_mapping' for CMake module files
[0.982s] Level 1:colcon.colcon_core.environment:checking '/home/vboxuser/bumperbot_ws/install/bumperbot_mapping' for CMake config files
[0.982s] Level 1:colcon.colcon_core.shell:create_environment_hook('bumperbot_mapping', 'cmake_prefix_path')
[0.982s] INFO:colcon.colcon_core.shell:Creating environment hook '/home/vboxuser/bumperbot_ws/install/bumperbot_mapping/share/bumperbot_mapping/hook/cmake_prefix_path.ps1'
[0.983s] INFO:colcon.colcon_core.shell:Creating environment descriptor '/home/vboxuser/bumperbot_ws/install/bumperbot_mapping/share/bumperbot_mapping/hook/cmake_prefix_path.dsv'
[0.983s] INFO:colcon.colcon_core.shell:Creating environment hook '/home/vboxuser/bumperbot_ws/install/bumperbot_mapping/share/bumperbot_mapping/hook/cmake_prefix_path.sh'
[0.984s] Level 1:colcon.colcon_core.environment:checking '/home/vboxuser/bumperbot_ws/install/bumperbot_mapping/lib'
[0.984s] Level 1:colcon.colcon_core.environment:checking '/home/vboxuser/bumperbot_ws/install/bumperbot_mapping/bin'
[0.984s] Level 1:colcon.colcon_core.environment:checking '/home/vboxuser/bumperbot_ws/install/bumperbot_mapping/lib/pkgconfig/bumperbot_mapping.pc'
[0.984s] Level 1:colcon.colcon_core.environment:checking '/home/vboxuser/bumperbot_ws/install/bumperbot_mapping/lib/python3.12/site-packages'
[0.984s] Level 1:colcon.colcon_core.shell:create_environment_hook('bumperbot_mapping', 'pythonpath')
[0.985s] INFO:colcon.colcon_core.shell:Creating environment hook '/home/vboxuser/bumperbot_ws/install/bumperbot_mapping/share/bumperbot_mapping/hook/pythonpath.ps1'
[0.985s] INFO:colcon.colcon_core.shell:Creating environment descriptor '/home/vboxuser/bumperbot_ws/install/bumperbot_mapping/share/bumperbot_mapping/hook/pythonpath.dsv'
[0.985s] INFO:colcon.colcon_core.shell:Creating environment hook '/home/vboxuser/bumperbot_ws/install/bumperbot_mapping/share/bumperbot_mapping/hook/pythonpath.sh'
[0.986s] Level 1:colcon.colcon_core.environment:checking '/home/vboxuser/bumperbot_ws/install/bumperbot_mapping/bin'
[0.986s] INFO:colcon.colcon_core.shell:Creating package script '/home/vboxuser/bumperbot_ws/install/bumperbot_mapping/share/bumperbot_mapping/package.ps1'
[0.987s] INFO:colcon.colcon_core.shell:Creating package descriptor '/home/vboxuser/bumperbot_ws/install/bumperbot_mapping/share/bumperbot_mapping/package.dsv'
[0.987s] INFO:colcon.colcon_core.shell:Creating package script '/home/vboxuser/bumperbot_ws/install/bumperbot_mapping/share/bumperbot_mapping/package.sh'
[0.988s] INFO:colcon.colcon_core.shell:Creating package script '/home/vboxuser/bumperbot_ws/install/bumperbot_mapping/share/bumperbot_mapping/package.bash'
[0.988s] INFO:colcon.colcon_core.shell:Creating package script '/home/vboxuser/bumperbot_ws/install/bumperbot_mapping/share/bumperbot_mapping/package.zsh'
[0.989s] Level 1:colcon.colcon_core.environment:create_file_with_runtime_dependencies(/home/vboxuser/bumperbot_ws/install/bumperbot_mapping/share/colcon-core/packages/bumperbot_mapping)
[0.991s] INFO:colcon.colcon_ros.task.ament_cmake.build:Building ROS package in '/home/vboxuser/bumperbot_ws/src/bumperbot_bringup' with build type 'ament_cmake'
[0.991s] INFO:colcon.colcon_cmake.task.cmake.build:Building CMake package in '/home/vboxuser/bumperbot_ws/src/bumperbot_bringup'
[0.991s] INFO:colcon.colcon_core.shell:Skip shell extension 'powershell' for command environment: Not usable outside of PowerShell
[0.991s] DEBUG:colcon.colcon_core.shell:Skip shell extension 'dsv' for command environment
[0.994s] Level 1:colcon.colcon_core.environment:create_environment_scripts_only(bumperbot_utils)
[0.995s] Level 1:colcon.colcon_core.environment:checking '/home/vboxuser/bumperbot_ws/install/bumperbot_utils' for CMake module files
[0.995s] Level 1:colcon.colcon_core.environment:checking '/home/vboxuser/bumperbot_ws/install/bumperbot_utils' for CMake config files
[0.995s] Level 1:colcon.colcon_core.shell:create_environment_hook('bumperbot_utils', 'cmake_prefix_path')
[0.995s] INFO:colcon.colcon_core.shell:Creating environment hook '/home/vboxuser/bumperbot_ws/install/bumperbot_utils/share/bumperbot_utils/hook/cmake_prefix_path.ps1'
[0.998s] DEBUG:colcon.colcon_core.event_handler.log_command:Invoked command in '/home/vboxuser/bumperbot_ws/build/bumperbot_utils' returned '0': CMAKE_PREFIX_PATH=${CMAKE_PREFIX_PATH}:/opt/ros/jazzy DEBUGINFOD_URLS=https://debuginfod.ubuntu.com /usr/bin/cmake --install /home/vboxuser/bumperbot_ws/build/bumperbot_utils
[0.998s] INFO:colcon.colcon_core.shell:Creating environment descriptor '/home/vboxuser/bumperbot_ws/install/bumperbot_utils/share/bumperbot_utils/hook/cmake_prefix_path.dsv'
[0.999s] INFO:colcon.colcon_core.shell:Creating environment hook '/home/vboxuser/bumperbot_ws/install/bumperbot_utils/share/bumperbot_utils/hook/cmake_prefix_path.sh'
[1.000s] Level 1:colcon.colcon_core.environment:checking '/home/vboxuser/bumperbot_ws/install/bumperbot_utils/lib'
[1.000s] Level 1:colcon.colcon_core.environment:checking '/home/vboxuser/bumperbot_ws/install/bumperbot_utils/bin'
[1.000s] Level 1:colcon.colcon_core.environment:checking '/home/vboxuser/bumperbot_ws/install/bumperbot_utils/lib/pkgconfig/bumperbot_utils.pc'
[1.000s] Level 1:colcon.colcon_core.environment:checking '/home/vboxuser/bumperbot_ws/install/bumperbot_utils/lib/python3.12/site-packages'
[1.000s] Level 1:colcon.colcon_core.shell:create_environment_hook('bumperbot_utils', 'pythonpath')
[1.000s] INFO:colcon.colcon_core.shell:Creating environment hook '/home/vboxuser/bumperbot_ws/install/bumperbot_utils/share/bumperbot_utils/hook/pythonpath.ps1'
[1.001s] INFO:colcon.colcon_core.shell:Creating environment descriptor '/home/vboxuser/bumperbot_ws/install/bumperbot_utils/share/bumperbot_utils/hook/pythonpath.dsv'
[1.001s] INFO:colcon.colcon_core.shell:Creating environment hook '/home/vboxuser/bumperbot_ws/install/bumperbot_utils/share/bumperbot_utils/hook/pythonpath.sh'
[1.002s] Level 1:colcon.colcon_core.environment:checking '/home/vboxuser/bumperbot_ws/install/bumperbot_utils/bin'
[1.002s] INFO:colcon.colcon_core.shell:Creating package script '/home/vboxuser/bumperbot_ws/install/bumperbot_utils/share/bumperbot_utils/package.ps1'
[1.003s] INFO:colcon.colcon_core.shell:Creating package descriptor '/home/vboxuser/bumperbot_ws/install/bumperbot_utils/share/bumperbot_utils/package.dsv'
[1.003s] INFO:colcon.colcon_core.shell:Creating package script '/home/vboxuser/bumperbot_ws/install/bumperbot_utils/share/bumperbot_utils/package.sh'
[1.004s] INFO:colcon.colcon_core.shell:Creating package script '/home/vboxuser/bumperbot_ws/install/bumperbot_utils/share/bumperbot_utils/package.bash'
[1.004s] INFO:colcon.colcon_core.shell:Creating package script '/home/vboxuser/bumperbot_ws/install/bumperbot_utils/share/bumperbot_utils/package.zsh'
[1.005s] Level 1:colcon.colcon_core.environment:create_file_with_runtime_dependencies(/home/vboxuser/bumperbot_ws/install/bumperbot_utils/share/colcon-core/packages/bumperbot_utils)
[1.006s] Level 1:colcon.colcon_core.environment:create_environment_scripts_only(bumperbot_utils)
[1.006s] Level 1:colcon.colcon_core.environment:checking '/home/vboxuser/bumperbot_ws/install/bumperbot_utils' for CMake module files
[1.006s] Level 1:colcon.colcon_core.environment:checking '/home/vboxuser/bumperbot_ws/install/bumperbot_utils' for CMake config files
[1.006s] Level 1:colcon.colcon_core.shell:create_environment_hook('bumperbot_utils', 'cmake_prefix_path')
[1.006s] INFO:colcon.colcon_core.shell:Creating environment hook '/home/vboxuser/bumperbot_ws/install/bumperbot_utils/share/bumperbot_utils/hook/cmake_prefix_path.ps1'
[1.007s] INFO:colcon.colcon_core.shell:Creating environment descriptor '/home/vboxuser/bumperbot_ws/install/bumperbot_utils/share/bumperbot_utils/hook/cmake_prefix_path.dsv'
[1.007s] INFO:colcon.colcon_core.shell:Creating environment hook '/home/vboxuser/bumperbot_ws/install/bumperbot_utils/share/bumperbot_utils/hook/cmake_prefix_path.sh'
[1.008s] Level 1:colcon.colcon_core.environment:checking '/home/vboxuser/bumperbot_ws/install/bumperbot_utils/lib'
[1.008s] Level 1:colcon.colcon_core.environment:checking '/home/vboxuser/bumperbot_ws/install/bumperbot_utils/bin'
[1.008s] Level 1:colcon.colcon_core.environment:checking '/home/vboxuser/bumperbot_ws/install/bumperbot_utils/lib/pkgconfig/bumperbot_utils.pc'
[1.008s] Level 1:colcon.colcon_core.environment:checking '/home/vboxuser/bumperbot_ws/install/bumperbot_utils/lib/python3.12/site-packages'
[1.008s] Level 1:colcon.colcon_core.shell:create_environment_hook('bumperbot_utils', 'pythonpath')
[1.008s] INFO:colcon.colcon_core.shell:Creating environment hook '/home/vboxuser/bumperbot_ws/install/bumperbot_utils/share/bumperbot_utils/hook/pythonpath.ps1'
[1.008s] INFO:colcon.colcon_core.shell:Creating environment descriptor '/home/vboxuser/bumperbot_ws/install/bumperbot_utils/share/bumperbot_utils/hook/pythonpath.dsv'
[1.009s] INFO:colcon.colcon_core.shell:Creating environment hook '/home/vboxuser/bumperbot_ws/install/bumperbot_utils/share/bumperbot_utils/hook/pythonpath.sh'
[1.010s] Level 1:colcon.colcon_core.environment:checking '/home/vboxuser/bumperbot_ws/install/bumperbot_utils/bin'
[1.010s] INFO:colcon.colcon_core.shell:Creating package script '/home/vboxuser/bumperbot_ws/install/bumperbot_utils/share/bumperbot_utils/package.ps1'
[1.010s] INFO:colcon.colcon_core.shell:Creating package descriptor '/home/vboxuser/bumperbot_ws/install/bumperbot_utils/share/bumperbot_utils/package.dsv'
[1.011s] INFO:colcon.colcon_core.shell:Creating package script '/home/vboxuser/bumperbot_ws/install/bumperbot_utils/share/bumperbot_utils/package.sh'
[1.011s] INFO:colcon.colcon_core.shell:Creating package script '/home/vboxuser/bumperbot_ws/install/bumperbot_utils/share/bumperbot_utils/package.bash'
[1.012s] INFO:colcon.colcon_core.shell:Creating package script '/home/vboxuser/bumperbot_ws/install/bumperbot_utils/share/bumperbot_utils/package.zsh'
[1.012s] Level 1:colcon.colcon_core.environment:create_file_with_runtime_dependencies(/home/vboxuser/bumperbot_ws/install/bumperbot_utils/share/colcon-core/packages/bumperbot_utils)
[1.013s] Level 1:colcon.colcon_core.environment:create_environment_scripts_only(bumperbot_msgs)
[1.013s] Level 1:colcon.colcon_core.environment:checking '/home/vboxuser/bumperbot_ws/install/bumperbot_msgs' for CMake module files
[1.014s] DEBUG:colcon.colcon_core.event_handler.log_command:Invoked command in '/home/vboxuser/bumperbot_ws/build/bumperbot_msgs' returned '0': CMAKE_PREFIX_PATH=${CMAKE_PREFIX_PATH}:/opt/ros/jazzy DEBUGINFOD_URLS=https://debuginfod.ubuntu.com /usr/bin/cmake --install /home/vboxuser/bumperbot_ws/build/bumperbot_msgs
[1.015s] Level 1:colcon.colcon_core.environment:checking '/home/vboxuser/bumperbot_ws/install/bumperbot_msgs' for CMake config files
[1.015s] Level 1:colcon.colcon_core.shell:create_environment_hook('bumperbot_msgs', 'cmake_prefix_path')
[1.015s] INFO:colcon.colcon_core.shell:Creating environment hook '/home/vboxuser/bumperbot_ws/install/bumperbot_msgs/share/bumperbot_msgs/hook/cmake_prefix_path.ps1'
[1.016s] INFO:colcon.colcon_core.shell:Creating environment descriptor '/home/vboxuser/bumperbot_ws/install/bumperbot_msgs/share/bumperbot_msgs/hook/cmake_prefix_path.dsv'
[1.016s] INFO:colcon.colcon_core.shell:Creating environment hook '/home/vboxuser/bumperbot_ws/install/bumperbot_msgs/share/bumperbot_msgs/hook/cmake_prefix_path.sh'
[1.017s] Level 1:colcon.colcon_core.environment:checking '/home/vboxuser/bumperbot_ws/install/bumperbot_msgs/lib'
[1.017s] Level 1:colcon.colcon_core.shell:create_environment_hook('bumperbot_msgs', 'ld_library_path_lib')
[1.017s] INFO:colcon.colcon_core.shell:Creating environment hook '/home/vboxuser/bumperbot_ws/install/bumperbot_msgs/share/bumperbot_msgs/hook/ld_library_path_lib.ps1'
[1.017s] INFO:colcon.colcon_core.shell:Creating environment descriptor '/home/vboxuser/bumperbot_ws/install/bumperbot_msgs/share/bumperbot_msgs/hook/ld_library_path_lib.dsv'
[1.018s] INFO:colcon.colcon_core.shell:Creating environment hook '/home/vboxuser/bumperbot_ws/install/bumperbot_msgs/share/bumperbot_msgs/hook/ld_library_path_lib.sh'
[1.018s] Level 1:colcon.colcon_core.environment:checking '/home/vboxuser/bumperbot_ws/install/bumperbot_msgs/bin'
[1.019s] Level 1:colcon.colcon_core.environment:checking '/home/vboxuser/bumperbot_ws/install/bumperbot_msgs/lib/pkgconfig/bumperbot_msgs.pc'
[1.019s] Level 1:colcon.colcon_core.environment:checking '/home/vboxuser/bumperbot_ws/install/bumperbot_msgs/lib/python3.12/site-packages'
[1.019s] Level 1:colcon.colcon_core.shell:create_environment_hook('bumperbot_msgs', 'pythonpath')
[1.019s] INFO:colcon.colcon_core.shell:Creating environment hook '/home/vboxuser/bumperbot_ws/install/bumperbot_msgs/share/bumperbot_msgs/hook/pythonpath.ps1'
[1.020s] INFO:colcon.colcon_core.shell:Creating environment descriptor '/home/vboxuser/bumperbot_ws/install/bumperbot_msgs/share/bumperbot_msgs/hook/pythonpath.dsv'
[1.020s] INFO:colcon.colcon_core.shell:Creating environment hook '/home/vboxuser/bumperbot_ws/install/bumperbot_msgs/share/bumperbot_msgs/hook/pythonpath.sh'
[1.021s] Level 1:colcon.colcon_core.environment:checking '/home/vboxuser/bumperbot_ws/install/bumperbot_msgs/bin'
[1.021s] INFO:colcon.colcon_core.shell:Creating package script '/home/vboxuser/bumperbot_ws/install/bumperbot_msgs/share/bumperbot_msgs/package.ps1'
[1.022s] INFO:colcon.colcon_core.shell:Creating package descriptor '/home/vboxuser/bumperbot_ws/install/bumperbot_msgs/share/bumperbot_msgs/package.dsv'
[1.022s] INFO:colcon.colcon_core.shell:Creating package script '/home/vboxuser/bumperbot_ws/install/bumperbot_msgs/share/bumperbot_msgs/package.sh'
[1.023s] INFO:colcon.colcon_core.shell:Creating package script '/home/vboxuser/bumperbot_ws/install/bumperbot_msgs/share/bumperbot_msgs/package.bash'
[1.023s] INFO:colcon.colcon_core.shell:Creating package script '/home/vboxuser/bumperbot_ws/install/bumperbot_msgs/share/bumperbot_msgs/package.zsh'
[1.024s] Level 1:colcon.colcon_core.environment:create_file_with_runtime_dependencies(/home/vboxuser/bumperbot_ws/install/bumperbot_msgs/share/colcon-core/packages/bumperbot_msgs)
[1.025s] Level 1:colcon.colcon_core.environment:create_environment_scripts_only(bumperbot_msgs)
[1.025s] Level 1:colcon.colcon_core.environment:checking '/home/vboxuser/bumperbot_ws/install/bumperbot_msgs' for CMake module files
[1.025s] Level 1:colcon.colcon_core.environment:checking '/home/vboxuser/bumperbot_ws/install/bumperbot_msgs' for CMake config files
[1.025s] Level 1:colcon.colcon_core.shell:create_environment_hook('bumperbot_msgs', 'cmake_prefix_path')
[1.025s] INFO:colcon.colcon_core.shell:Creating environment hook '/home/vboxuser/bumperbot_ws/install/bumperbot_msgs/share/bumperbot_msgs/hook/cmake_prefix_path.ps1'
[1.026s] INFO:colcon.colcon_core.shell:Creating environment descriptor '/home/vboxuser/bumperbot_ws/install/bumperbot_msgs/share/bumperbot_msgs/hook/cmake_prefix_path.dsv'
[1.026s] INFO:colcon.colcon_core.shell:Creating environment hook '/home/vboxuser/bumperbot_ws/install/bumperbot_msgs/share/bumperbot_msgs/hook/cmake_prefix_path.sh'
[1.027s] Level 1:colcon.colcon_core.environment:checking '/home/vboxuser/bumperbot_ws/install/bumperbot_msgs/lib'
[1.027s] Level 1:colcon.colcon_core.shell:create_environment_hook('bumperbot_msgs', 'ld_library_path_lib')
[1.027s] INFO:colcon.colcon_core.shell:Creating environment hook '/home/vboxuser/bumperbot_ws/install/bumperbot_msgs/share/bumperbot_msgs/hook/ld_library_path_lib.ps1'
[1.028s] INFO:colcon.colcon_core.shell:Creating environment descriptor '/home/vboxuser/bumperbot_ws/install/bumperbot_msgs/share/bumperbot_msgs/hook/ld_library_path_lib.dsv'
[1.028s] INFO:colcon.colcon_core.shell:Creating environment hook '/home/vboxuser/bumperbot_ws/install/bumperbot_msgs/share/bumperbot_msgs/hook/ld_library_path_lib.sh'
[1.028s] Level 1:colcon.colcon_core.environment:checking '/home/vboxuser/bumperbot_ws/install/bumperbot_msgs/bin'
[1.029s] Level 1:colcon.colcon_core.environment:checking '/home/vboxuser/bumperbot_ws/install/bumperbot_msgs/lib/pkgconfig/bumperbot_msgs.pc'
[1.029s] Level 1:colcon.colcon_core.environment:checking '/home/vboxuser/bumperbot_ws/install/bumperbot_msgs/lib/python3.12/site-packages'
[1.029s] Level 1:colcon.colcon_core.shell:create_environment_hook('bumperbot_msgs', 'pythonpath')
[1.029s] INFO:colcon.colcon_core.shell:Creating environment hook '/home/vboxuser/bumperbot_ws/install/bumperbot_msgs/share/bumperbot_msgs/hook/pythonpath.ps1'
[1.029s] INFO:colcon.colcon_core.shell:Creating environment descriptor '/home/vboxuser/bumperbot_ws/install/bumperbot_msgs/share/bumperbot_msgs/hook/pythonpath.dsv'
[1.030s] INFO:colcon.colcon_core.shell:Creating environment hook '/home/vboxuser/bumperbot_ws/install/bumperbot_msgs/share/bumperbot_msgs/hook/pythonpath.sh'
[1.031s] Level 1:colcon.colcon_core.environment:checking '/home/vboxuser/bumperbot_ws/install/bumperbot_msgs/bin'
[1.031s] INFO:colcon.colcon_core.shell:Creating package script '/home/vboxuser/bumperbot_ws/install/bumperbot_msgs/share/bumperbot_msgs/package.ps1'
[1.031s] INFO:colcon.colcon_core.shell:Creating package descriptor '/home/vboxuser/bumperbot_ws/install/bumperbot_msgs/share/bumperbot_msgs/package.dsv'
[1.032s] INFO:colcon.colcon_core.shell:Creating package script '/home/vboxuser/bumperbot_ws/install/bumperbot_msgs/share/bumperbot_msgs/package.sh'
[1.033s] INFO:colcon.colcon_core.shell:Creating package script '/home/vboxuser/bumperbot_ws/install/bumperbot_msgs/share/bumperbot_msgs/package.bash'
[1.033s] INFO:colcon.colcon_core.shell:Creating package script '/home/vboxuser/bumperbot_ws/install/bumperbot_msgs/share/bumperbot_msgs/package.zsh'
[1.034s] Level 1:colcon.colcon_core.environment:create_file_with_runtime_dependencies(/home/vboxuser/bumperbot_ws/install/bumperbot_msgs/share/colcon-core/packages/bumperbot_msgs)
[1.034s] INFO:colcon.colcon_ros.task.ament_cmake.build:Building ROS package in '/home/vboxuser/bumperbot_ws/src/bumperbot_cpp_examples' with build type 'ament_cmake'
[1.034s] INFO:colcon.colcon_cmake.task.cmake.build:Building CMake package in '/home/vboxuser/bumperbot_ws/src/bumperbot_cpp_examples'
[1.035s] INFO:colcon.colcon_core.shell:Skip shell extension 'powershell' for command environment: Not usable outside of PowerShell
[1.035s] DEBUG:colcon.colcon_core.shell:Skip shell extension 'dsv' for command environment
[1.039s] INFO:colcon.colcon_ros.task.ament_python.build:Building ROS package in '/home/vboxuser/bumperbot_ws/src/bumperbot_py_examples' with build type 'ament_python'
[1.039s] Level 1:colcon.colcon_core.shell:create_environment_hook('bumperbot_py_examples', 'ament_prefix_path')
[1.039s] INFO:colcon.colcon_core.shell:Creating environment hook '/home/vboxuser/bumperbot_ws/install/bumperbot_py_examples/share/bumperbot_py_examples/hook/ament_prefix_path.ps1'
[1.039s] INFO:colcon.colcon_core.shell:Creating environment descriptor '/home/vboxuser/bumperbot_ws/install/bumperbot_py_examples/share/bumperbot_py_examples/hook/ament_prefix_path.dsv'
[1.040s] INFO:colcon.colcon_core.shell:Creating environment hook '/home/vboxuser/bumperbot_ws/install/bumperbot_py_examples/share/bumperbot_py_examples/hook/ament_prefix_path.sh'
[1.043s] INFO:colcon.colcon_core.shell:Skip shell extension 'powershell' for command environment: Not usable outside of PowerShell
[1.043s] DEBUG:colcon.colcon_core.shell:Skip shell extension 'dsv' for command environment
[1.050s] DEBUG:colcon.colcon_core.event_handler.log_command:Invoking command in '/home/vboxuser/bumperbot_ws/build/bumperbot_bringup': AMENT_PREFIX_PATH=/home/vboxuser/bumperbot_ws/install/bumperbot_mapping:/home/vboxuser/bumperbot_ws/install/bumperbot_localization:/home/vboxuser/bumperbot_ws/install/bumperbot_firmware:/home/vboxuser/bumperbot_ws/install/bumperbot_description:/home/vboxuser/bumperbot_ws/install/bumperbot_controller:${AMENT_PREFIX_PATH} CMAKE_PREFIX_PATH=/home/vboxuser/bumperbot_ws/install/bumperbot_mapping:/home/vboxuser/bumperbot_ws/install/bumperbot_localization:/home/vboxuser/bumperbot_ws/install/bumperbot_firmware:/home/vboxuser/bumperbot_ws/install/bumperbot_description:/home/vboxuser/bumperbot_ws/install/bumperbot_controller:/opt/ros/jazzy/opt/gz_sim_vendor:/opt/ros/jazzy/opt/gz_sensors_vendor:/opt/ros/jazzy/opt/gz_physics_vendor:/opt/ros/jazzy/opt/sdformat_vendor:/opt/ros/jazzy/opt/gz_gui_vendor:/opt/ros/jazzy/opt/gz_transport_vendor:/opt/ros/jazzy/opt/gz_rendering_vendor:/opt/ros/jazzy/opt/gz_plugin_vendor:/opt/ros/jazzy/opt/gz_fuel_tools_vendor:/opt/ros/jazzy/opt/gz_msgs_vendor:/opt/ros/jazzy/opt/gz_common_vendor:/opt/ros/jazzy/opt/gz_math_vendor:/opt/ros/jazzy/opt/gz_utils_vendor:/opt/ros/jazzy/opt/gz_tools_vendor:/opt/ros/jazzy/opt/gz_ogre_next_vendor:/opt/ros/jazzy/opt/gz_dartsim_vendor:/opt/ros/jazzy/opt/gz_cmake_vendor:/opt/ros/jazzy DEBUGINFOD_URLS=https://debuginfod.ubuntu.com LD_LIBRARY_PATH=/home/vboxuser/bumperbot_ws/install/bumperbot_firmware/lib:${LD_LIBRARY_PATH} PATH=/home/vboxuser/bumperbot_ws/install/bumperbot_localization/bin:${PATH} PYTHONPATH=/home/vboxuser/bumperbot_ws/install/bumperbot_mapping/lib/python3.12/site-packages:/home/vboxuser/bumperbot_ws/install/bumperbot_localization/lib/python3.12/site-packages:/home/vboxuser/bumperbot_ws/install/bumperbot_firmware/lib/python3.12/site-packages:/home/vboxuser/bumperbot_ws/install/bumperbot_controller/lib/python3.12/site-packages:${PYTHONPATH} /usr/bin/cmake --build /home/vboxuser/bumperbot_ws/build/bumperbot_bringup -- -j7 -l7
[1.053s] DEBUG:colcon.colcon_core.event_handler.log_command:Invoking command in '/home/vboxuser/bumperbot_ws/build/bumperbot_cpp_examples': AMENT_PREFIX_PATH=/home/vboxuser/bumperbot_ws/install/bumperbot_msgs:${AMENT_PREFIX_PATH} CMAKE_PREFIX_PATH=/home/vboxuser/bumperbot_ws/install/bumperbot_msgs:/opt/ros/jazzy/opt/gz_sim_vendor:/opt/ros/jazzy/opt/gz_sensors_vendor:/opt/ros/jazzy/opt/gz_physics_vendor:/opt/ros/jazzy/opt/sdformat_vendor:/opt/ros/jazzy/opt/gz_gui_vendor:/opt/ros/jazzy/opt/gz_transport_vendor:/opt/ros/jazzy/opt/gz_rendering_vendor:/opt/ros/jazzy/opt/gz_plugin_vendor:/opt/ros/jazzy/opt/gz_fuel_tools_vendor:/opt/ros/jazzy/opt/gz_msgs_vendor:/opt/ros/jazzy/opt/gz_common_vendor:/opt/ros/jazzy/opt/gz_math_vendor:/opt/ros/jazzy/opt/gz_utils_vendor:/opt/ros/jazzy/opt/gz_tools_vendor:/opt/ros/jazzy/opt/gz_ogre_next_vendor:/opt/ros/jazzy/opt/gz_dartsim_vendor:/opt/ros/jazzy/opt/gz_cmake_vendor:/opt/ros/jazzy DEBUGINFOD_URLS=https://debuginfod.ubuntu.com LD_LIBRARY_PATH=/home/vboxuser/bumperbot_ws/install/bumperbot_msgs/lib:${LD_LIBRARY_PATH} PYTHONPATH=/home/vboxuser/bumperbot_ws/install/bumperbot_msgs/lib/python3.12/site-packages:${PYTHONPATH} /usr/bin/cmake --build /home/vboxuser/bumperbot_ws/build/bumperbot_cpp_examples -- -j7 -l7
[1.235s] INFO:colcon.colcon_core.task.python.build:Building Python package in '/home/vboxuser/bumperbot_ws/src/bumperbot_py_examples'
[1.236s] INFO:colcon.colcon_core.shell:Skip shell extension 'powershell' for command environment: Not usable outside of PowerShell
[1.236s] DEBUG:colcon.colcon_core.shell:Skip shell extension 'dsv' for command environment
[1.241s] DEBUG:colcon.colcon_core.event_handler.log_command:Invoked command in '/home/vboxuser/bumperbot_ws/build/bumperbot_cpp_examples' returned '0': AMENT_PREFIX_PATH=/home/vboxuser/bumperbot_ws/install/bumperbot_msgs:${AMENT_PREFIX_PATH} CMAKE_PREFIX_PATH=/home/vboxuser/bumperbot_ws/install/bumperbot_msgs:/opt/ros/jazzy/opt/gz_sim_vendor:/opt/ros/jazzy/opt/gz_sensors_vendor:/opt/ros/jazzy/opt/gz_physics_vendor:/opt/ros/jazzy/opt/sdformat_vendor:/opt/ros/jazzy/opt/gz_gui_vendor:/opt/ros/jazzy/opt/gz_transport_vendor:/opt/ros/jazzy/opt/gz_rendering_vendor:/opt/ros/jazzy/opt/gz_plugin_vendor:/opt/ros/jazzy/opt/gz_fuel_tools_vendor:/opt/ros/jazzy/opt/gz_msgs_vendor:/opt/ros/jazzy/opt/gz_common_vendor:/opt/ros/jazzy/opt/gz_math_vendor:/opt/ros/jazzy/opt/gz_utils_vendor:/opt/ros/jazzy/opt/gz_tools_vendor:/opt/ros/jazzy/opt/gz_ogre_next_vendor:/opt/ros/jazzy/opt/gz_dartsim_vendor:/opt/ros/jazzy/opt/gz_cmake_vendor:/opt/ros/jazzy DEBUGINFOD_URLS=https://debuginfod.ubuntu.com LD_LIBRARY_PATH=/home/vboxuser/bumperbot_ws/install/bumperbot_msgs/lib:${LD_LIBRARY_PATH} PYTHONPATH=/home/vboxuser/bumperbot_ws/install/bumperbot_msgs/lib/python3.12/site-packages:${PYTHONPATH} /usr/bin/cmake --build /home/vboxuser/bumperbot_ws/build/bumperbot_cpp_examples -- -j7 -l7
[1.242s] DEBUG:colcon.colcon_core.event_handler.log_command:Invoking command in '/home/vboxuser/bumperbot_ws/build/bumperbot_cpp_examples': AMENT_PREFIX_PATH=/home/vboxuser/bumperbot_ws/install/bumperbot_msgs:${AMENT_PREFIX_PATH} CMAKE_PREFIX_PATH=/home/vboxuser/bumperbot_ws/install/bumperbot_msgs:/opt/ros/jazzy/opt/gz_sim_vendor:/opt/ros/jazzy/opt/gz_sensors_vendor:/opt/ros/jazzy/opt/gz_physics_vendor:/opt/ros/jazzy/opt/sdformat_vendor:/opt/ros/jazzy/opt/gz_gui_vendor:/opt/ros/jazzy/opt/gz_transport_vendor:/opt/ros/jazzy/opt/gz_rendering_vendor:/opt/ros/jazzy/opt/gz_plugin_vendor:/opt/ros/jazzy/opt/gz_fuel_tools_vendor:/opt/ros/jazzy/opt/gz_msgs_vendor:/opt/ros/jazzy/opt/gz_common_vendor:/opt/ros/jazzy/opt/gz_math_vendor:/opt/ros/jazzy/opt/gz_utils_vendor:/opt/ros/jazzy/opt/gz_tools_vendor:/opt/ros/jazzy/opt/gz_ogre_next_vendor:/opt/ros/jazzy/opt/gz_dartsim_vendor:/opt/ros/jazzy/opt/gz_cmake_vendor:/opt/ros/jazzy DEBUGINFOD_URLS=https://debuginfod.ubuntu.com LD_LIBRARY_PATH=/home/vboxuser/bumperbot_ws/install/bumperbot_msgs/lib:${LD_LIBRARY_PATH} PYTHONPATH=/home/vboxuser/bumperbot_ws/install/bumperbot_msgs/lib/python3.12/site-packages:${PYTHONPATH} /usr/bin/cmake --install /home/vboxuser/bumperbot_ws/build/bumperbot_cpp_examples
[1.243s] DEBUG:colcon.colcon_core.event_handler.log_command:Invoked command in '/home/vboxuser/bumperbot_ws/build/bumperbot_bringup' returned '0': AMENT_PREFIX_PATH=/home/vboxuser/bumperbot_ws/install/bumperbot_mapping:/home/vboxuser/bumperbot_ws/install/bumperbot_localization:/home/vboxuser/bumperbot_ws/install/bumperbot_firmware:/home/vboxuser/bumperbot_ws/install/bumperbot_description:/home/vboxuser/bumperbot_ws/install/bumperbot_controller:${AMENT_PREFIX_PATH} CMAKE_PREFIX_PATH=/home/vboxuser/bumperbot_ws/install/bumperbot_mapping:/home/vboxuser/bumperbot_ws/install/bumperbot_localization:/home/vboxuser/bumperbot_ws/install/bumperbot_firmware:/home/vboxuser/bumperbot_ws/install/bumperbot_description:/home/vboxuser/bumperbot_ws/install/bumperbot_controller:/opt/ros/jazzy/opt/gz_sim_vendor:/opt/ros/jazzy/opt/gz_sensors_vendor:/opt/ros/jazzy/opt/gz_physics_vendor:/opt/ros/jazzy/opt/sdformat_vendor:/opt/ros/jazzy/opt/gz_gui_vendor:/opt/ros/jazzy/opt/gz_transport_vendor:/opt/ros/jazzy/opt/gz_rendering_vendor:/opt/ros/jazzy/opt/gz_plugin_vendor:/opt/ros/jazzy/opt/gz_fuel_tools_vendor:/opt/ros/jazzy/opt/gz_msgs_vendor:/opt/ros/jazzy/opt/gz_common_vendor:/opt/ros/jazzy/opt/gz_math_vendor:/opt/ros/jazzy/opt/gz_utils_vendor:/opt/ros/jazzy/opt/gz_tools_vendor:/opt/ros/jazzy/opt/gz_ogre_next_vendor:/opt/ros/jazzy/opt/gz_dartsim_vendor:/opt/ros/jazzy/opt/gz_cmake_vendor:/opt/ros/jazzy DEBUGINFOD_URLS=https://debuginfod.ubuntu.com LD_LIBRARY_PATH=/home/vboxuser/bumperbot_ws/install/bumperbot_firmware/lib:${LD_LIBRARY_PATH} PATH=/home/vboxuser/bumperbot_ws/install/bumperbot_localization/bin:${PATH} PYTHONPATH=/home/vboxuser/bumperbot_ws/install/bumperbot_mapping/lib/python3.12/site-packages:/home/vboxuser/bumperbot_ws/install/bumperbot_localization/lib/python3.12/site-packages:/home/vboxuser/bumperbot_ws/install/bumperbot_firmware/lib/python3.12/site-packages:/home/vboxuser/bumperbot_ws/install/bumperbot_controller/lib/python3.12/site-packages:${PYTHONPATH} /usr/bin/cmake --build /home/vboxuser/bumperbot_ws/build/bumperbot_bringup -- -j7 -l7
[1.244s] DEBUG:colcon.colcon_core.event_handler.log_command:Invoking command in '/home/vboxuser/bumperbot_ws/build/bumperbot_bringup': AMENT_PREFIX_PATH=/home/vboxuser/bumperbot_ws/install/bumperbot_mapping:/home/vboxuser/bumperbot_ws/install/bumperbot_localization:/home/vboxuser/bumperbot_ws/install/bumperbot_firmware:/home/vboxuser/bumperbot_ws/install/bumperbot_description:/home/vboxuser/bumperbot_ws/install/bumperbot_controller:${AMENT_PREFIX_PATH} CMAKE_PREFIX_PATH=/home/vboxuser/bumperbot_ws/install/bumperbot_mapping:/home/vboxuser/bumperbot_ws/install/bumperbot_localization:/home/vboxuser/bumperbot_ws/install/bumperbot_firmware:/home/vboxuser/bumperbot_ws/install/bumperbot_description:/home/vboxuser/bumperbot_ws/install/bumperbot_controller:/opt/ros/jazzy/opt/gz_sim_vendor:/opt/ros/jazzy/opt/gz_sensors_vendor:/opt/ros/jazzy/opt/gz_physics_vendor:/opt/ros/jazzy/opt/sdformat_vendor:/opt/ros/jazzy/opt/gz_gui_vendor:/opt/ros/jazzy/opt/gz_transport_vendor:/opt/ros/jazzy/opt/gz_rendering_vendor:/opt/ros/jazzy/opt/gz_plugin_vendor:/opt/ros/jazzy/opt/gz_fuel_tools_vendor:/opt/ros/jazzy/opt/gz_msgs_vendor:/opt/ros/jazzy/opt/gz_common_vendor:/opt/ros/jazzy/opt/gz_math_vendor:/opt/ros/jazzy/opt/gz_utils_vendor:/opt/ros/jazzy/opt/gz_tools_vendor:/opt/ros/jazzy/opt/gz_ogre_next_vendor:/opt/ros/jazzy/opt/gz_dartsim_vendor:/opt/ros/jazzy/opt/gz_cmake_vendor:/opt/ros/jazzy DEBUGINFOD_URLS=https://debuginfod.ubuntu.com LD_LIBRARY_PATH=/home/vboxuser/bumperbot_ws/install/bumperbot_firmware/lib:${LD_LIBRARY_PATH} PATH=/home/vboxuser/bumperbot_ws/install/bumperbot_localization/bin:${PATH} PYTHONPATH=/home/vboxuser/bumperbot_ws/install/bumperbot_mapping/lib/python3.12/site-packages:/home/vboxuser/bumperbot_ws/install/bumperbot_localization/lib/python3.12/site-packages:/home/vboxuser/bumperbot_ws/install/bumperbot_firmware/lib/python3.12/site-packages:/home/vboxuser/bumperbot_ws/install/bumperbot_controller/lib/python3.12/site-packages:${PYTHONPATH} /usr/bin/cmake --install /home/vboxuser/bumperbot_ws/build/bumperbot_bringup
[1.257s] Level 1:colcon.colcon_core.environment:create_environment_scripts_only(bumperbot_bringup)
[1.258s] Level 1:colcon.colcon_core.environment:checking '/home/vboxuser/bumperbot_ws/install/bumperbot_bringup' for CMake module files
[1.262s] Level 1:colcon.colcon_core.environment:checking '/home/vboxuser/bumperbot_ws/install/bumperbot_bringup' for CMake config files
[1.263s] Level 1:colcon.colcon_core.shell:create_environment_hook('bumperbot_bringup', 'cmake_prefix_path')
[1.263s] INFO:colcon.colcon_core.shell:Creating environment hook '/home/vboxuser/bumperbot_ws/install/bumperbot_bringup/share/bumperbot_bringup/hook/cmake_prefix_path.ps1'
[1.264s] INFO:colcon.colcon_core.shell:Creating environment descriptor '/home/vboxuser/bumperbot_ws/install/bumperbot_bringup/share/bumperbot_bringup/hook/cmake_prefix_path.dsv'
[1.265s] INFO:colcon.colcon_core.shell:Creating environment hook '/home/vboxuser/bumperbot_ws/install/bumperbot_bringup/share/bumperbot_bringup/hook/cmake_prefix_path.sh'
[1.266s] DEBUG:colcon.colcon_core.event_handler.log_command:Invoked command in '/home/vboxuser/bumperbot_ws/build/bumperbot_bringup' returned '0': AMENT_PREFIX_PATH=/home/vboxuser/bumperbot_ws/install/bumperbot_mapping:/home/vboxuser/bumperbot_ws/install/bumperbot_localization:/home/vboxuser/bumperbot_ws/install/bumperbot_firmware:/home/vboxuser/bumperbot_ws/install/bumperbot_description:/home/vboxuser/bumperbot_ws/install/bumperbot_controller:${AMENT_PREFIX_PATH} CMAKE_PREFIX_PATH=/home/vboxuser/bumperbot_ws/install/bumperbot_mapping:/home/vboxuser/bumperbot_ws/install/bumperbot_localization:/home/vboxuser/bumperbot_ws/install/bumperbot_firmware:/home/vboxuser/bumperbot_ws/install/bumperbot_description:/home/vboxuser/bumperbot_ws/install/bumperbot_controller:/opt/ros/jazzy/opt/gz_sim_vendor:/opt/ros/jazzy/opt/gz_sensors_vendor:/opt/ros/jazzy/opt/gz_physics_vendor:/opt/ros/jazzy/opt/sdformat_vendor:/opt/ros/jazzy/opt/gz_gui_vendor:/opt/ros/jazzy/opt/gz_transport_vendor:/opt/ros/jazzy/opt/gz_rendering_vendor:/opt/ros/jazzy/opt/gz_plugin_vendor:/opt/ros/jazzy/opt/gz_fuel_tools_vendor:/opt/ros/jazzy/opt/gz_msgs_vendor:/opt/ros/jazzy/opt/gz_common_vendor:/opt/ros/jazzy/opt/gz_math_vendor:/opt/ros/jazzy/opt/gz_utils_vendor:/opt/ros/jazzy/opt/gz_tools_vendor:/opt/ros/jazzy/opt/gz_ogre_next_vendor:/opt/ros/jazzy/opt/gz_dartsim_vendor:/opt/ros/jazzy/opt/gz_cmake_vendor:/opt/ros/jazzy DEBUGINFOD_URLS=https://debuginfod.ubuntu.com LD_LIBRARY_PATH=/home/vboxuser/bumperbot_ws/install/bumperbot_firmware/lib:${LD_LIBRARY_PATH} PATH=/home/vboxuser/bumperbot_ws/install/bumperbot_localization/bin:${PATH} PYTHONPATH=/home/vboxuser/bumperbot_ws/install/bumperbot_mapping/lib/python3.12/site-packages:/home/vboxuser/bumperbot_ws/install/bumperbot_localization/lib/python3.12/site-packages:/home/vboxuser/bumperbot_ws/install/bumperbot_firmware/lib/python3.12/site-packages:/home/vboxuser/bumperbot_ws/install/bumperbot_controller/lib/python3.12/site-packages:${PYTHONPATH} /usr/bin/cmake --install /home/vboxuser/bumperbot_ws/build/bumperbot_bringup
[1.266s] Level 1:colcon.colcon_core.environment:checking '/home/vboxuser/bumperbot_ws/install/bumperbot_bringup/bin'
[1.266s] Level 1:colcon.colcon_core.environment:checking '/home/vboxuser/bumperbot_ws/install/bumperbot_bringup/lib/pkgconfig/bumperbot_bringup.pc'
[1.266s] Level 1:colcon.colcon_core.environment:checking '/home/vboxuser/bumperbot_ws/install/bumperbot_bringup/lib/python3.12/site-packages'
[1.266s] Level 1:colcon.colcon_core.environment:checking '/home/vboxuser/bumperbot_ws/install/bumperbot_bringup/bin'
[1.267s] INFO:colcon.colcon_core.shell:Creating package script '/home/vboxuser/bumperbot_ws/install/bumperbot_bringup/share/bumperbot_bringup/package.ps1'
[1.267s] INFO:colcon.colcon_core.shell:Creating package descriptor '/home/vboxuser/bumperbot_ws/install/bumperbot_bringup/share/bumperbot_bringup/package.dsv'
[1.267s] INFO:colcon.colcon_core.shell:Creating package script '/home/vboxuser/bumperbot_ws/install/bumperbot_bringup/share/bumperbot_bringup/package.sh'
[1.268s] INFO:colcon.colcon_core.shell:Creating package script '/home/vboxuser/bumperbot_ws/install/bumperbot_bringup/share/bumperbot_bringup/package.bash'
[1.268s] INFO:colcon.colcon_core.shell:Creating package script '/home/vboxuser/bumperbot_ws/install/bumperbot_bringup/share/bumperbot_bringup/package.zsh'
[1.269s] Level 1:colcon.colcon_core.environment:create_file_with_runtime_dependencies(/home/vboxuser/bumperbot_ws/install/bumperbot_bringup/share/colcon-core/packages/bumperbot_bringup)
[1.269s] Level 1:colcon.colcon_core.environment:create_environment_scripts_only(bumperbot_bringup)
[1.269s] Level 1:colcon.colcon_core.environment:checking '/home/vboxuser/bumperbot_ws/install/bumperbot_bringup' for CMake module files
[1.270s] Level 1:colcon.colcon_core.environment:checking '/home/vboxuser/bumperbot_ws/install/bumperbot_bringup' for CMake config files
[1.270s] Level 1:colcon.colcon_core.shell:create_environment_hook('bumperbot_bringup', 'cmake_prefix_path')
[1.270s] INFO:colcon.colcon_core.shell:Creating environment hook '/home/vboxuser/bumperbot_ws/install/bumperbot_bringup/share/bumperbot_bringup/hook/cmake_prefix_path.ps1'
[1.270s] INFO:colcon.colcon_core.shell:Creating environment descriptor '/home/vboxuser/bumperbot_ws/install/bumperbot_bringup/share/bumperbot_bringup/hook/cmake_prefix_path.dsv'
[1.270s] INFO:colcon.colcon_core.shell:Creating environment hook '/home/vboxuser/bumperbot_ws/install/bumperbot_bringup/share/bumperbot_bringup/hook/cmake_prefix_path.sh'
[1.271s] Level 1:colcon.colcon_core.environment:checking '/home/vboxuser/bumperbot_ws/install/bumperbot_bringup/bin'
[1.271s] Level 1:colcon.colcon_core.environment:checking '/home/vboxuser/bumperbot_ws/install/bumperbot_bringup/lib/pkgconfig/bumperbot_bringup.pc'
[1.272s] Level 1:colcon.colcon_core.environment:checking '/home/vboxuser/bumperbot_ws/install/bumperbot_bringup/lib/python3.12/site-packages'
[1.272s] Level 1:colcon.colcon_core.environment:checking '/home/vboxuser/bumperbot_ws/install/bumperbot_bringup/bin'
[1.272s] INFO:colcon.colcon_core.shell:Creating package script '/home/vboxuser/bumperbot_ws/install/bumperbot_bringup/share/bumperbot_bringup/package.ps1'
[1.272s] INFO:colcon.colcon_core.shell:Creating package descriptor '/home/vboxuser/bumperbot_ws/install/bumperbot_bringup/share/bumperbot_bringup/package.dsv'
[1.273s] INFO:colcon.colcon_core.shell:Creating package script '/home/vboxuser/bumperbot_ws/install/bumperbot_bringup/share/bumperbot_bringup/package.sh'
[1.273s] INFO:colcon.colcon_core.shell:Creating package script '/home/vboxuser/bumperbot_ws/install/bumperbot_bringup/share/bumperbot_bringup/package.bash'
[1.274s] INFO:colcon.colcon_core.shell:Creating package script '/home/vboxuser/bumperbot_ws/install/bumperbot_bringup/share/bumperbot_bringup/package.zsh'
[1.274s] Level 1:colcon.colcon_core.environment:create_file_with_runtime_dependencies(/home/vboxuser/bumperbot_ws/install/bumperbot_bringup/share/colcon-core/packages/bumperbot_bringup)
[1.275s] Level 1:colcon.colcon_core.environment:create_environment_scripts_only(bumperbot_cpp_examples)
[1.275s] Level 1:colcon.colcon_core.environment:checking '/home/vboxuser/bumperbot_ws/install/bumperbot_cpp_examples' for CMake module files
[1.276s] DEBUG:colcon.colcon_core.event_handler.log_command:Invoked command in '/home/vboxuser/bumperbot_ws/build/bumperbot_cpp_examples' returned '0': AMENT_PREFIX_PATH=/home/vboxuser/bumperbot_ws/install/bumperbot_msgs:${AMENT_PREFIX_PATH} CMAKE_PREFIX_PATH=/home/vboxuser/bumperbot_ws/install/bumperbot_msgs:/opt/ros/jazzy/opt/gz_sim_vendor:/opt/ros/jazzy/opt/gz_sensors_vendor:/opt/ros/jazzy/opt/gz_physics_vendor:/opt/ros/jazzy/opt/sdformat_vendor:/opt/ros/jazzy/opt/gz_gui_vendor:/opt/ros/jazzy/opt/gz_transport_vendor:/opt/ros/jazzy/opt/gz_rendering_vendor:/opt/ros/jazzy/opt/gz_plugin_vendor:/opt/ros/jazzy/opt/gz_fuel_tools_vendor:/opt/ros/jazzy/opt/gz_msgs_vendor:/opt/ros/jazzy/opt/gz_common_vendor:/opt/ros/jazzy/opt/gz_math_vendor:/opt/ros/jazzy/opt/gz_utils_vendor:/opt/ros/jazzy/opt/gz_tools_vendor:/opt/ros/jazzy/opt/gz_ogre_next_vendor:/opt/ros/jazzy/opt/gz_dartsim_vendor:/opt/ros/jazzy/opt/gz_cmake_vendor:/opt/ros/jazzy DEBUGINFOD_URLS=https://debuginfod.ubuntu.com LD_LIBRARY_PATH=/home/vboxuser/bumperbot_ws/install/bumperbot_msgs/lib:${LD_LIBRARY_PATH} PYTHONPATH=/home/vboxuser/bumperbot_ws/install/bumperbot_msgs/lib/python3.12/site-packages:${PYTHONPATH} /usr/bin/cmake --install /home/vboxuser/bumperbot_ws/build/bumperbot_cpp_examples
[1.277s] Level 1:colcon.colcon_core.environment:checking '/home/vboxuser/bumperbot_ws/install/bumperbot_cpp_examples' for CMake config files
[1.277s] Level 1:colcon.colcon_core.shell:create_environment_hook('bumperbot_cpp_examples', 'cmake_prefix_path')
[1.277s] INFO:colcon.colcon_core.shell:Creating environment hook '/home/vboxuser/bumperbot_ws/install/bumperbot_cpp_examples/share/bumperbot_cpp_examples/hook/cmake_prefix_path.ps1'
[1.277s] INFO:colcon.colcon_core.shell:Creating environment descriptor '/home/vboxuser/bumperbot_ws/install/bumperbot_cpp_examples/share/bumperbot_cpp_examples/hook/cmake_prefix_path.dsv'
[1.278s] INFO:colcon.colcon_core.shell:Creating environment hook '/home/vboxuser/bumperbot_ws/install/bumperbot_cpp_examples/share/bumperbot_cpp_examples/hook/cmake_prefix_path.sh'
[1.282s] Level 1:colcon.colcon_core.environment:checking '/home/vboxuser/bumperbot_ws/install/bumperbot_cpp_examples/lib'
[1.282s] Level 1:colcon.colcon_core.shell:create_environment_hook('bumperbot_cpp_examples', 'ld_library_path_lib')
[1.282s] INFO:colcon.colcon_core.shell:Creating environment hook '/home/vboxuser/bumperbot_ws/install/bumperbot_cpp_examples/share/bumperbot_cpp_examples/hook/ld_library_path_lib.ps1'
[1.283s] INFO:colcon.colcon_core.shell:Creating environment descriptor '/home/vboxuser/bumperbot_ws/install/bumperbot_cpp_examples/share/bumperbot_cpp_examples/hook/ld_library_path_lib.dsv'
[1.283s] INFO:colcon.colcon_core.shell:Creating environment hook '/home/vboxuser/bumperbot_ws/install/bumperbot_cpp_examples/share/bumperbot_cpp_examples/hook/ld_library_path_lib.sh'
[1.284s] Level 1:colcon.colcon_core.environment:checking '/home/vboxuser/bumperbot_ws/install/bumperbot_cpp_examples/bin'
[1.284s] Level 1:colcon.colcon_core.environment:checking '/home/vboxuser/bumperbot_ws/install/bumperbot_cpp_examples/lib/pkgconfig/bumperbot_cpp_examples.pc'
[1.285s] Level 1:colcon.colcon_core.environment:checking '/home/vboxuser/bumperbot_ws/install/bumperbot_cpp_examples/lib/python3.12/site-packages'
[1.285s] Level 1:colcon.colcon_core.environment:checking '/home/vboxuser/bumperbot_ws/install/bumperbot_cpp_examples/bin'
[1.285s] INFO:colcon.colcon_core.shell:Creating package script '/home/vboxuser/bumperbot_ws/install/bumperbot_cpp_examples/share/bumperbot_cpp_examples/package.ps1'
[1.286s] INFO:colcon.colcon_core.shell:Creating package descriptor '/home/vboxuser/bumperbot_ws/install/bumperbot_cpp_examples/share/bumperbot_cpp_examples/package.dsv'
[1.287s] INFO:colcon.colcon_core.shell:Creating package script '/home/vboxuser/bumperbot_ws/install/bumperbot_cpp_examples/share/bumperbot_cpp_examples/package.sh'
[1.288s] INFO:colcon.colcon_core.shell:Creating package script '/home/vboxuser/bumperbot_ws/install/bumperbot_cpp_examples/share/bumperbot_cpp_examples/package.bash'
[1.289s] INFO:colcon.colcon_core.shell:Creating package script '/home/vboxuser/bumperbot_ws/install/bumperbot_cpp_examples/share/bumperbot_cpp_examples/package.zsh'
[1.290s] Level 1:colcon.colcon_core.environment:create_file_with_runtime_dependencies(/home/vboxuser/bumperbot_ws/install/bumperbot_cpp_examples/share/colcon-core/packages/bumperbot_cpp_examples)
[1.291s] Level 1:colcon.colcon_core.environment:create_environment_scripts_only(bumperbot_cpp_examples)
[1.291s] Level 1:colcon.colcon_core.environment:checking '/home/vboxuser/bumperbot_ws/install/bumperbot_cpp_examples' for CMake module files
[1.291s] Level 1:colcon.colcon_core.environment:checking '/home/vboxuser/bumperbot_ws/install/bumperbot_cpp_examples' for CMake config files
[1.292s] Level 1:colcon.colcon_core.shell:create_environment_hook('bumperbot_cpp_examples', 'cmake_prefix_path')
[1.292s] INFO:colcon.colcon_core.shell:Creating environment hook '/home/vboxuser/bumperbot_ws/install/bumperbot_cpp_examples/share/bumperbot_cpp_examples/hook/cmake_prefix_path.ps1'
[1.292s] INFO:colcon.colcon_core.shell:Creating environment descriptor '/home/vboxuser/bumperbot_ws/install/bumperbot_cpp_examples/share/bumperbot_cpp_examples/hook/cmake_prefix_path.dsv'
[1.293s] INFO:colcon.colcon_core.shell:Creating environment hook '/home/vboxuser/bumperbot_ws/install/bumperbot_cpp_examples/share/bumperbot_cpp_examples/hook/cmake_prefix_path.sh'
[1.293s] Level 1:colcon.colcon_core.environment:checking '/home/vboxuser/bumperbot_ws/install/bumperbot_cpp_examples/lib'
[1.294s] Level 1:colcon.colcon_core.shell:create_environment_hook('bumperbot_cpp_examples', 'ld_library_path_lib')
[1.294s] INFO:colcon.colcon_core.shell:Creating environment hook '/home/vboxuser/bumperbot_ws/install/bumperbot_cpp_examples/share/bumperbot_cpp_examples/hook/ld_library_path_lib.ps1'
[1.294s] INFO:colcon.colcon_core.shell:Creating environment descriptor '/home/vboxuser/bumperbot_ws/install/bumperbot_cpp_examples/share/bumperbot_cpp_examples/hook/ld_library_path_lib.dsv'
[1.294s] INFO:colcon.colcon_core.shell:Creating environment hook '/home/vboxuser/bumperbot_ws/install/bumperbot_cpp_examples/share/bumperbot_cpp_examples/hook/ld_library_path_lib.sh'
[1.295s] Level 1:colcon.colcon_core.environment:checking '/home/vboxuser/bumperbot_ws/install/bumperbot_cpp_examples/bin'
[1.295s] Level 1:colcon.colcon_core.environment:checking '/home/vboxuser/bumperbot_ws/install/bumperbot_cpp_examples/lib/pkgconfig/bumperbot_cpp_examples.pc'
[1.295s] Level 1:colcon.colcon_core.environment:checking '/home/vboxuser/bumperbot_ws/install/bumperbot_cpp_examples/lib/python3.12/site-packages'
[1.295s] Level 1:colcon.colcon_core.environment:checking '/home/vboxuser/bumperbot_ws/install/bumperbot_cpp_examples/bin'
[1.298s] INFO:colcon.colcon_core.shell:Creating package script '/home/vboxuser/bumperbot_ws/install/bumperbot_cpp_examples/share/bumperbot_cpp_examples/package.ps1'
[1.299s] INFO:colcon.colcon_core.shell:Creating package descriptor '/home/vboxuser/bumperbot_ws/install/bumperbot_cpp_examples/share/bumperbot_cpp_examples/package.dsv'
[1.300s] INFO:colcon.colcon_core.shell:Creating package script '/home/vboxuser/bumperbot_ws/install/bumperbot_cpp_examples/share/bumperbot_cpp_examples/package.sh'
[1.300s] INFO:colcon.colcon_core.shell:Creating package script '/home/vboxuser/bumperbot_ws/install/bumperbot_cpp_examples/share/bumperbot_cpp_examples/package.bash'
[1.300s] INFO:colcon.colcon_core.shell:Creating package script '/home/vboxuser/bumperbot_ws/install/bumperbot_cpp_examples/share/bumperbot_cpp_examples/package.zsh'
[1.301s] Level 1:colcon.colcon_core.environment:create_file_with_runtime_dependencies(/home/vboxuser/bumperbot_ws/install/bumperbot_cpp_examples/share/colcon-core/packages/bumperbot_cpp_examples)
[1.637s] DEBUG:colcon.colcon_core.event_handler.log_command:Invoking command in '/home/vboxuser/bumperbot_ws/src/bumperbot_py_examples': AMENT_PREFIX_PATH=/home/vboxuser/bumperbot_ws/install/bumperbot_msgs:${AMENT_PREFIX_PATH} CMAKE_PREFIX_PATH=/home/vboxuser/bumperbot_ws/install/bumperbot_msgs:${CMAKE_PREFIX_PATH} DEBUGINFOD_URLS=https://debuginfod.ubuntu.com LD_LIBRARY_PATH=/home/vboxuser/bumperbot_ws/install/bumperbot_msgs/lib:${LD_LIBRARY_PATH} PYTHONPATH=/home/vboxuser/bumperbot_ws/build/bumperbot_py_examples/prefix_override:/usr/lib/python3/dist-packages/colcon_core/task/python/colcon_distutils_commands:/home/vboxuser/bumperbot_ws/install/bumperbot_py_examples/lib/python3.12/site-packages:/home/vboxuser/bumperbot_ws/install/bumperbot_msgs/lib/python3.12/site-packages:${PYTHONPATH} /usr/bin/python3 -W ignore:setup.py install is deprecated -W ignore:easy_install command is deprecated setup.py egg_info --egg-base ../../build/bumperbot_py_examples build --build-base /home/vboxuser/bumperbot_ws/build/bumperbot_py_examples/build install --record /home/vboxuser/bumperbot_ws/build/bumperbot_py_examples/install.log --single-version-externally-managed install_data
[2.011s] Level 1:colcon.colcon_core.environment:checking '/home/vboxuser/bumperbot_ws/install/bumperbot_py_examples' for CMake module files
[2.012s] DEBUG:colcon.colcon_core.event_handler.log_command:Invoked command in '/home/vboxuser/bumperbot_ws/src/bumperbot_py_examples' returned '0': AMENT_PREFIX_PATH=/home/vboxuser/bumperbot_ws/install/bumperbot_msgs:${AMENT_PREFIX_PATH} CMAKE_PREFIX_PATH=/home/vboxuser/bumperbot_ws/install/bumperbot_msgs:${CMAKE_PREFIX_PATH} DEBUGINFOD_URLS=https://debuginfod.ubuntu.com LD_LIBRARY_PATH=/home/vboxuser/bumperbot_ws/install/bumperbot_msgs/lib:${LD_LIBRARY_PATH} PYTHONPATH=/home/vboxuser/bumperbot_ws/build/bumperbot_py_examples/prefix_override:/usr/lib/python3/dist-packages/colcon_core/task/python/colcon_distutils_commands:/home/vboxuser/bumperbot_ws/install/bumperbot_py_examples/lib/python3.12/site-packages:/home/vboxuser/bumperbot_ws/install/bumperbot_msgs/lib/python3.12/site-packages:${PYTHONPATH} /usr/bin/python3 -W ignore:setup.py install is deprecated -W ignore:easy_install command is deprecated setup.py egg_info --egg-base ../../build/bumperbot_py_examples build --build-base /home/vboxuser/bumperbot_ws/build/bumperbot_py_examples/build install --record /home/vboxuser/bumperbot_ws/build/bumperbot_py_examples/install.log --single-version-externally-managed install_data
[2.013s] Level 1:colcon.colcon_core.environment:checking '/home/vboxuser/bumperbot_ws/install/bumperbot_py_examples' for CMake config files
[2.013s] Level 1:colcon.colcon_core.environment:checking '/home/vboxuser/bumperbot_ws/install/bumperbot_py_examples/lib'
[2.013s] Level 1:colcon.colcon_core.environment:checking '/home/vboxuser/bumperbot_ws/install/bumperbot_py_examples/bin'
[2.013s] Level 1:colcon.colcon_core.environment:checking '/home/vboxuser/bumperbot_ws/install/bumperbot_py_examples/lib/pkgconfig/bumperbot_py_examples.pc'
[2.014s] Level 1:colcon.colcon_core.environment:checking '/home/vboxuser/bumperbot_ws/install/bumperbot_py_examples/lib/python3.12/site-packages'
[2.014s] Level 1:colcon.colcon_core.shell:create_environment_hook('bumperbot_py_examples', 'pythonpath')
[2.014s] INFO:colcon.colcon_core.shell:Creating environment hook '/home/vboxuser/bumperbot_ws/install/bumperbot_py_examples/share/bumperbot_py_examples/hook/pythonpath.ps1'
[2.014s] INFO:colcon.colcon_core.shell:Creating environment descriptor '/home/vboxuser/bumperbot_ws/install/bumperbot_py_examples/share/bumperbot_py_examples/hook/pythonpath.dsv'
[2.014s] INFO:colcon.colcon_core.shell:Creating environment hook '/home/vboxuser/bumperbot_ws/install/bumperbot_py_examples/share/bumperbot_py_examples/hook/pythonpath.sh'
[2.016s] Level 1:colcon.colcon_core.environment:checking '/home/vboxuser/bumperbot_ws/install/bumperbot_py_examples/bin'
[2.016s] Level 1:colcon.colcon_core.environment:create_environment_scripts_only(bumperbot_py_examples)
[2.016s] INFO:colcon.colcon_core.shell:Creating package script '/home/vboxuser/bumperbot_ws/install/bumperbot_py_examples/share/bumperbot_py_examples/package.ps1'
[2.016s] INFO:colcon.colcon_core.shell:Creating package descriptor '/home/vboxuser/bumperbot_ws/install/bumperbot_py_examples/share/bumperbot_py_examples/package.dsv'
[2.017s] INFO:colcon.colcon_core.shell:Creating package script '/home/vboxuser/bumperbot_ws/install/bumperbot_py_examples/share/bumperbot_py_examples/package.sh'
[2.017s] INFO:colcon.colcon_core.shell:Creating package script '/home/vboxuser/bumperbot_ws/install/bumperbot_py_examples/share/bumperbot_py_examples/package.bash'
[2.018s] INFO:colcon.colcon_core.shell:Creating package script '/home/vboxuser/bumperbot_ws/install/bumperbot_py_examples/share/bumperbot_py_examples/package.zsh'
[2.018s] Level 1:colcon.colcon_core.environment:create_file_with_runtime_dependencies(/home/vboxuser/bumperbot_ws/install/bumperbot_py_examples/share/colcon-core/packages/bumperbot_py_examples)
[2.018s] DEBUG:colcon.colcon_parallel_executor.executor.parallel:closing loop
[2.018s] DEBUG:colcon.colcon_parallel_executor.executor.parallel:loop closed
[2.018s] DEBUG:colcon.colcon_parallel_executor.executor.parallel:run_until_complete finished with '0'
[2.018s] DEBUG:colcon.colcon_core.event_reactor:joining thread
[2.026s] INFO:colcon.colcon_core.plugin_system:Skipping extension 'colcon_notification.desktop_notification.terminal_notifier': Not used on non-Darwin systems
[2.026s] INFO:colcon.colcon_core.plugin_system:Skipping extension 'colcon_notification.desktop_notification.win32': Not used on non-Windows systems
[2.026s] INFO:colcon.colcon_notification.desktop_notification:Sending desktop notification using 'notify2'
[2.042s] DEBUG:colcon.colcon_core.event_reactor:joined thread
[2.042s] INFO:colcon.colcon_core.shell:Creating prefix script '/home/vboxuser/bumperbot_ws/install/local_setup.ps1'
[2.043s] INFO:colcon.colcon_core.shell:Creating prefix util module '/home/vboxuser/bumperbot_ws/install/_local_setup_util_ps1.py'
[2.044s] INFO:colcon.colcon_core.shell:Creating prefix chain script '/home/vboxuser/bumperbot_ws/install/setup.ps1'
[2.046s] INFO:colcon.colcon_core.shell:Creating prefix script '/home/vboxuser/bumperbot_ws/install/local_setup.sh'
[2.046s] INFO:colcon.colcon_core.shell:Creating prefix util module '/home/vboxuser/bumperbot_ws/install/_local_setup_util_sh.py'
[2.047s] INFO:colcon.colcon_core.shell:Creating prefix chain script '/home/vboxuser/bumperbot_ws/install/setup.sh'
[2.047s] INFO:colcon.colcon_core.shell:Creating prefix script '/home/vboxuser/bumperbot_ws/install/local_setup.bash'
[2.048s] INFO:colcon.colcon_core.shell:Creating prefix chain script '/home/vboxuser/bumperbot_ws/install/setup.bash'
[2.049s] INFO:colcon.colcon_core.shell:Creating prefix script '/home/vboxuser/bumperbot_ws/install/local_setup.zsh'
[2.049s] INFO:colcon.colcon_core.shell:Creating prefix chain script '/home/vboxuser/bumperbot_ws/install/setup.zsh'
